census_version,source_layer,source_feature_index,raw_state_name,raw_district_name,raw_state_code,raw_district_code,normalized_state_name,normalized_district_name,state_compare_key,district_compare_key,geometry_type,geometry_valid,geometry_area_native
Census 2001,data/external/datameet_districts/census_2001/2001_Dist.shp,0,Gujarat,Anand,24,15,GUJARAT,ANAND,GUJARAT,ANAND,MultiPolygon,True,0.3074705697462224
Census 2001,data/external/datameet_districts/census_2001/2001_Dist.shp,1,Andhra Pradesh,Anantapur,28,22,ANDHRA PRADESH,ANANTAPUR,ANDHRAPRADESH,ANANTAPUR,Polygon,True,1.6117325908899003
Census 2001,data/external/datameet_districts/census_2001/2001_Dist.shp,2,Jammu and Kashmir,Anantnag,01,06,JAMMU AND KASHMIR,ANANTNAG,JAMMUANDKASHMIR,ANANTNAG,Polygon,True,0.41362132164064713
Census 2001,data/external/datameet_districts/census_2001/2001_Dist.shp,3,Orissa,Anugul,21,15,ORISSA,ANUGUL,ORISSA,ANUGUL,Polygon,True,0.5522797665707376
Census 2001,data/external/datameet_districts/census_2001/2001_Dist.shp,4,Bihar,Araria,10,07,BIHAR,ARARIA,BIHAR,ARARIA,Polygon,True,0.25340724746616633
Census 2001,data/external/datameet_districts/census_2001/2001_Dist.shp,5,Tamil Nadu,Ariyalur,33,17,TAMIL NADU,ARIYALUR,TAMILNADU,ARIYALUR,Polygon,True,0.1615319570396049
Census 2001,data/external/datameet_districts/census_2001/2001_Dist.shp,6,Uttar Pradesh,Auraiya,09,32,UTTAR PRADESH,AURAIYA,UTTARPRADESH,AURAIYA,Polygon,True,0.18193634005107556
Census 2001,data/external/datameet_districts/census_2001/2001_Dist.shp,7,Bihar,Aurangabad,10,34,BIHAR,AURANGABAD,BIHAR,AURANGABAD,Polygon,True,0.2925543185067011
Census 2001,data/external/datameet_districts/census_2001/2001_Dist.shp,8,Maharashtra,Aurangabad,27,19,MAHARASHTRA,AURANGABAD,MAHARASHTRA,AURANGABAD,Polygon,True,0.8733205513229652
Census 2001,data/external/datameet_districts/census_2001/2001_Dist.shp,9,Uttar Pradesh,Azamgarh,09,61,UTTAR PRADESH,AZAMGARH,UTTARPRADESH,AZAMGARH,MultiPolygon,True,0.3517993140172031
Census 2001,data/external/datameet_districts/census_2001/2001_Dist.shp,10,Uttar Pradesh,Budaun,09,19,UTTAR PRADESH,BUDAUN,UTTARPRADESH,BUDAUN,Polygon,True,0.466325672944458
Census 2001,data/external/datameet_districts/census_2001/2001_Dist.shp,11,Jammu and Kashmir,Badgam,01,04,JAMMU AND KASHMIR,BADGAM,JAMMUANDKASHMIR,BADGAM,Polygon,True,0.12521129471526526
Census 2001,data/external/datameet_districts/census_2001/2001_Dist.shp,12,Karnataka,Bagalkot,29,02,KARNATAKA,BAGALKOT,KARNATAKA,BAGALKOT,Polygon,True,0.5553467382194459
Census 2001,data/external/datameet_districts/census_2001/2001_Dist.shp,13,Uttarakhand,Bageshwar,05,08,UTTARAKHAND,BAGESHWAR,UTTARAKHAND,BAGESHWAR,Polygon,True,0.21341531707113315
Census 2001,data/external/datameet_districts/census_2001/2001_Dist.shp,14,Andhra Pradesh,Adilabad,28,01,ANDHRA PRADESH,ADILABAD,ANDHRAPRADESH,ADILABAD,Polygon,True,1.3784256635097367
Census 2001,data/external/datameet_districts/census_2001/2001_Dist.shp,15,Uttar Pradesh,Agra,09,15,UTTAR PRADESH,AGRA,UTTARPRADESH,AGRA,Polygon,True,0.36619547060413343
Census 2001,data/external/datameet_districts/census_2001/2001_Dist.shp,16,Gujarat,Ahmadabad,24,07,GUJARAT,AHMADABAD,GUJARAT,AHMADABAD,MultiPolygon,True,0.7595725162167614
Census 2001,data/external/datameet_districts/census_2001/2001_Dist.shp,17,Maharashtra,Ahmadnagar,27,26,MAHARASHTRA,AHMADNAGAR,MAHARASHTRA,AHMADNAGAR,Polygon,True,1.4650252736934608
Census 2001,data/external/datameet_districts/census_2001/2001_Dist.shp,18,Mizoram,Aizawl,15,03,MIZORAM,AIZAWL,MIZORAM,AIZAWL,Polygon,True,0.3306573221259349
Census 2001,data/external/datameet_districts/census_2001/2001_Dist.shp,19,Rajasthan,Ajmer,08,21,RAJASTHAN,AJMER,RAJASTHAN,AJMER,MultiPolygon,True,0.7698108708873123
Census 2001,data/external/datameet_districts/census_2001/2001_Dist.shp,20,Maharashtra,Akola,27,05,MAHARASHTRA,AKOLA,MAHARASHTRA,AKOLA,Polygon,True,0.4689361176584303
Census 2001,data/external/datameet_districts/census_2001/2001_Dist.shp,21,Kerala,Alappuzha,32,11,KERALA,ALAPPUZHA,KERALA,ALAPPUZHA,Polygon,True,0.11697287982964881
Census 2001,data/external/datameet_districts/census_2001/2001_Dist.shp,22,Uttar Pradesh,Aligarh,09,12,UTTAR PRADESH,ALIGARH,UTTARPRADESH,ALIGARH,Polygon,True,0.34322157648046187
Census 2001,data/external/datameet_districts/census_2001/2001_Dist.shp,23,Uttar Pradesh,Allahabad,09,45,UTTAR PRADESH,ALLAHABAD,UTTARPRADESH,ALLAHABAD,Polygon,True,0.46764990248405364
Census 2001,data/external/datameet_districts/census_2001/2001_Dist.shp,24,Uttarakhand,Almora,05,09,UTTARAKHAND,ALMORA,UTTARAKHAND,ALMORA,Polygon,True,0.28934607762303954
Census 2001,data/external/datameet_districts/census_2001/2001_Dist.shp,25,Haryana,Ambala,06,02,HARYANA,AMBALA,HARYANA,AMBALA,MultiPolygon,True,0.16740395865882948
Census 2001,data/external/datameet_districts/census_2001/2001_Dist.shp,26,Uttar Pradesh,Ambedkar Nagar,09,48,UTTAR PRADESH,AMBEDKAR NAGAR,UTTARPRADESH,AMBEDKARNAGAR,Polygon,True,0.20948141135662454
Census 2001,data/external/datameet_districts/census_2001/2001_Dist.shp,27,Maharashtra,Amravati,27,07,MAHARASHTRA,AMRAVATI,MAHARASHTRA,AMRAVATI,Polygon,True,1.061811840591091
Census 2001,data/external/datameet_districts/census_2001/2001_Dist.shp,28,Gujarat,Amreli,24,13,GUJARAT,AMRELI,GUJARAT,AMRELI,MultiPolygon,True,0.5876581441736756
Census 2001,data/external/datameet_districts/census_2001/2001_Dist.shp,29,Punjab,Amritsar,03,02,PUNJAB,AMRITSAR,PUNJAB,AMRITSAR,Polygon,True,0.47985740899656354
Census 2001,data/external/datameet_districts/census_2001/2001_Dist.shp,30,Karnataka,Bangalore,29,20,KARNATAKA,BANGALORE,KARNATAKA,BANGALORE,Polygon,True,0.1818325755240738
Census 2001,data/external/datameet_districts/census_2001/2001_Dist.shp,31,Bihar,Banka,10,23,BIHAR,BANKA,BIHAR,BANKA,Polygon,True,0.27686212349488076
Census 2001,data/external/datameet_districts/census_2001/2001_Dist.shp,32,Rajasthan,Banswara,08,28,RAJASTHAN,BANSWARA,RAJASTHAN,BANSWARA,Polygon,True,0.4468739991998535
Census 2001,data/external/datameet_districts/census_2001/2001_Dist.shp,33,Jammu and Kashmir,Baramula,01,02,JAMMU AND KASHMIR,BARAMULA,JAMMUANDKASHMIR,BARAMULA,Polygon,True,0.39894080590104775
Census 2001,data/external/datameet_districts/census_2001/2001_Dist.shp,34,West Bengal,Barddhaman,19,09,WEST BENGAL,BARDDHAMAN,WESTBENGAL,BARDDHAMAN,Polygon,True,0.6207191722542393
Census 2001,data/external/datameet_districts/census_2001/2001_Dist.shp,35,Uttar Pradesh,Bareilly,09,20,UTTAR PRADESH,BAREILLY,UTTARPRADESH,BAREILLY,Polygon,True,0.34867363943826524
Census 2001,data/external/datameet_districts/census_2001/2001_Dist.shp,36,Rajasthan,Barmer,08,17,RAJASTHAN,BARMER,RAJASTHAN,BARMER,Polygon,True,2.5567520411011997
Census 2001,data/external/datameet_districts/census_2001/2001_Dist.shp,37,Assam,Barpeta,18,05,ASSAM,BARPETA,ASSAM,BARPETA,Polygon,True,0.29259501991985926
Census 2001,data/external/datameet_districts/census_2001/2001_Dist.shp,38,Orissa,Bhadrak,21,09,ORISSA,BHADRAK,ORISSA,BHADRAK,Polygon,True,0.21536548965504473
Census 2001,data/external/datameet_districts/census_2001/2001_Dist.shp,39,Bihar,Bhagalpur,10,22,BIHAR,BHAGALPUR,BIHAR,BHAGALPUR,Polygon,True,0.2278294984299033
Census 2001,data/external/datameet_districts/census_2001/2001_Dist.shp,40,Gujarat,Bhavnagar,24,14,GUJARAT,BHAVNAGAR,GUJARAT,BHAVNAGAR,MultiPolygon,True,0.8318169426520832
Census 2001,data/external/datameet_districts/census_2001/2001_Dist.shp,41,Rajasthan,Bhilwara,08,24,RAJASTHAN,BHILWARA,RAJASTHAN,BHILWARA,Polygon,True,0.9393083698637472
Census 2001,data/external/datameet_districts/census_2001/2001_Dist.shp,42,Madhya Pradesh,Bhind,23,03,MADHYA PRADESH,BHIND,MADHYAPRADESH,BHIND,MultiPolygon,True,0.4042138956228799
Census 2001,data/external/datameet_districts/census_2001/2001_Dist.shp,43,Madhya Pradesh,Bhopal,23,32,MADHYA PRADESH,BHOPAL,MADHYAPRADESH,BHOPAL,Polygon,True,0.24074057319191486
Census 2001,data/external/datameet_districts/census_2001/2001_Dist.shp,44,Maharashtra,Bid,27,27,MAHARASHTRA,BID,MAHARASHTRA,BID,Polygon,True,0.9473104496712241
Census 2001,data/external/datameet_districts/census_2001/2001_Dist.shp,45,Karnataka,Bidar,29,05,KARNATAKA,BIDAR,KARNATAKA,BIDAR,MultiPolygon,True,0.4645242366264194
Census 2001,data/external/datameet_districts/census_2001/2001_Dist.shp,46,Karnataka,Bijapur,29,03,KARNATAKA,BIJAPUR,KARNATAKA,BIJAPUR,Polygon,True,0.8907617651102241
Census 2001,data/external/datameet_districts/census_2001/2001_Dist.shp,47,Uttar Pradesh,Bijnor,09,03,UTTAR PRADESH,BIJNOR,UTTARPRADESH,BIJNOR,Polygon,True,0.4013366356203051
Census 2001,data/external/datameet_districts/census_2001/2001_Dist.shp,48,Rajasthan,Bikaner,08,03,RAJASTHAN,BIKANER,RAJASTHAN,BIKANER,Polygon,True,2.492700375076116
Census 2001,data/external/datameet_districts/census_2001/2001_Dist.shp,49,Himachal Pradesh,Bilaspur,02,08,HIMACHAL PRADESH,BILASPUR,HIMACHALPRADESH,BILASPUR,Polygon,True,0.11074408578155603
Census 2001,data/external/datameet_districts/census_2001/2001_Dist.shp,50,West Bengal,Birbhum,19,08,WEST BENGAL,BIRBHUM,WESTBENGAL,BIRBHUM,Polygon,True,0.4032418951364534
Census 2001,data/external/datameet_districts/census_2001/2001_Dist.shp,51,Manipur,Bishnupur,14,04,MANIPUR,BISHNUPUR,MANIPUR,BISHNUPUR,Polygon,True,0.04280197017573627
Census 2001,data/external/datameet_districts/census_2001/2001_Dist.shp,52,Jharkhand,Bokaro,20,13,JHARKHAND,BOKARO,JHARKHAND,BOKARO,Polygon,True,0.2475131264147734
Census 2001,data/external/datameet_districts/census_2001/2001_Dist.shp,53,Punjab,Firozpur,03,11,PUNJAB,FIROZPUR,PUNJAB,FIROZPUR,Polygon,True,0.5507890130950011
Census 2001,data/external/datameet_districts/census_2001/2001_Dist.shp,54,Madhya Pradesh,Barwani,23,28,MADHYA PRADESH,BARWANI,MADHYAPRADESH,BARWANI,Polygon,True,0.47473538954521277
Census 2001,data/external/datameet_districts/census_2001/2001_Dist.shp,55,Chhattisgarh,Bastar,22,15,CHHATTISGARH,BASTAR,CHHATTISGARH,BASTAR,Polygon,True,1.257711397271024
Census 2001,data/external/datameet_districts/census_2001/2001_Dist.shp,56,Uttar Pradesh,Basti,09,55,UTTAR PRADESH,BASTI,UTTARPRADESH,BASTI,Polygon,True,0.2617335059582166
Census 2001,data/external/datameet_districts/census_2001/2001_Dist.shp,57,Punjab,Bathinda,03,14,PUNJAB,BATHINDA,PUNJAB,BATHINDA,Polygon,True,0.3156016211832047
Census 2001,data/external/datameet_districts/census_2001/2001_Dist.shp,58,Orissa,Baudh,21,22,ORISSA,BAUDH,ORISSA,BAUDH,Polygon,True,0.2701079651351837
Census 2001,data/external/datameet_districts/census_2001/2001_Dist.shp,59,Bihar,Begusarai,10,20,BIHAR,BEGUSARAI,BIHAR,BEGUSARAI,Polygon,True,0.17384050387473263
Census 2001,data/external/datameet_districts/census_2001/2001_Dist.shp,60,Karnataka,Belgaum,29,01,KARNATAKA,BELGAUM,KARNATAKA,BELGAUM,MultiPolygon,True,1.1317390417037811
Census 2001,data/external/datameet_districts/census_2001/2001_Dist.shp,61,Karnataka,Bellary,29,12,KARNATAKA,BELLARY,KARNATAKA,BELLARY,Polygon,True,0.7098942354207979
Census 2001,data/external/datameet_districts/census_2001/2001_Dist.shp,62,Madhya Pradesh,Betul,23,35,MADHYA PRADESH,BETUL,MADHYAPRADESH,BETUL,MultiPolygon,True,0.879535561900516
Census 2001,data/external/datameet_districts/census_2001/2001_Dist.shp,63,Maharashtra,Bhandara,27,10,MAHARASHTRA,BHANDARA,MAHARASHTRA,BHANDARA,Polygon,True,0.33551868410204133
Census 2001,data/external/datameet_districts/census_2001/2001_Dist.shp,64,Rajasthan,Bharatpur,08,07,RAJASTHAN,BHARATPUR,RAJASTHAN,BHARATPUR,Polygon,True,0.46069276904972817
Census 2001,data/external/datameet_districts/census_2001/2001_Dist.shp,65,Uttar Pradesh,Baghpat,09,08,UTTAR PRADESH,BAGHPAT,UTTARPRADESH,BAGHPAT,Polygon,True,0.12310427917005082
Census 2001,data/external/datameet_districts/census_2001/2001_Dist.shp,66,Uttar Pradesh,Bahraich,09,50,UTTAR PRADESH,BAHRAICH,UTTARPRADESH,BAHRAICH,Polygon,True,0.3959142424925863
Census 2001,data/external/datameet_districts/census_2001/2001_Dist.shp,67,Madhya Pradesh,Balaghat,23,45,MADHYA PRADESH,BALAGHAT,MADHYAPRADESH,BALAGHAT,Polygon,True,0.8075772976063172
Census 2001,data/external/datameet_districts/census_2001/2001_Dist.shp,68,Orissa,Balangir,21,24,ORISSA,BALANGIR,ORISSA,BALANGIR,Polygon,True,0.5686628612804485
Census 2001,data/external/datameet_districts/census_2001/2001_Dist.shp,69,Orissa,Baleshwar,21,08,ORISSA,BALESHWAR,ORISSA,BALESHWAR,MultiPolygon,True,0.33781250270277285
Census 2001,data/external/datameet_districts/census_2001/2001_Dist.shp,70,Uttar Pradesh,Ballia,09,63,UTTAR PRADESH,BALLIA,UTTARPRADESH,BALLIA,Polygon,True,0.2705788396714842
Census 2001,data/external/datameet_districts/census_2001/2001_Dist.shp,71,Uttar Pradesh,Balrampur,09,52,UTTAR PRADESH,BALRAMPUR,UTTARPRADESH,BALRAMPUR,MultiPolygon,True,0.30352241182339446
Census 2001,data/external/datameet_districts/census_2001/2001_Dist.shp,72,Gujarat,Banas Kantha,24,02,GUJARAT,BANAS KANTHA,GUJARAT,BANASKANTHA,Polygon,True,0.947775469819566
Census 2001,data/external/datameet_districts/census_2001/2001_Dist.shp,73,Uttar Pradesh,Banda,09,40,UTTAR PRADESH,BANDA,UTTARPRADESH,BANDA,MultiPolygon,True,0.406829712819733
Census 2001,data/external/datameet_districts/census_2001/2001_Dist.shp,74,Karnataka,Bangalore Rural,29,21,KARNATAKA,BANGALORE RURAL,KARNATAKA,BANGALORERURAL,MultiPolygon,True,0.48493792359463195
Census 2001,data/external/datameet_districts/census_2001/2001_Dist.shp,75,West Bengal,Bankura,19,13,WEST BENGAL,BANKURA,WESTBENGAL,BANKURA,Polygon,True,0.6126316493896347
Census 2001,data/external/datameet_districts/census_2001/2001_Dist.shp,76,Uttar Pradesh,Barabanki,09,46,UTTAR PRADESH,BARABANKI,UTTARPRADESH,BARABANKI,Polygon,True,0.402555217299883
Census 2001,data/external/datameet_districts/census_2001/2001_Dist.shp,77,Orissa,Bargarh,21,01,ORISSA,BARGARH,ORISSA,BARGARH,Polygon,True,0.5040774906338248
Census 2001,data/external/datameet_districts/census_2001/2001_Dist.shp,78,Assam,Bongaigaon,18,04,ASSAM,BONGAIGAON,ASSAM,BONGAIGAON,Polygon,True,0.15981526215623296
Census 2001,data/external/datameet_districts/census_2001/2001_Dist.shp,79,Maharashtra,Buldana,27,04,MAHARASHTRA,BULDANA,MAHARASHTRA,BULDANA,Polygon,True,0.8444257136252306
Census 2001,data/external/datameet_districts/census_2001/2001_Dist.shp,80,Rajasthan,Bundi,08,23,RAJASTHAN,BUNDI,RAJASTHAN,BUNDI,Polygon,True,0.5010646549332743
Census 2001,data/external/datameet_districts/census_2001/2001_Dist.shp,81,Assam,Cachar,18,21,ASSAM,CACHAR,ASSAM,CACHAR,Polygon,True,0.3379108477330907
Census 2001,data/external/datameet_districts/census_2001/2001_Dist.shp,82,Himachal Pradesh,Chamba,02,01,HIMACHAL PRADESH,CHAMBA,HIMACHALPRADESH,CHAMBA,Polygon,True,0.6224537216785333
Census 2001,data/external/datameet_districts/census_2001/2001_Dist.shp,83,Uttarakhand,Chamoli,05,02,UTTARAKHAND,CHAMOLI,UTTARAKHAND,CHAMOLI,Polygon,True,0.7363905667996539
Census 2001,data/external/datameet_districts/census_2001/2001_Dist.shp,84,Karnataka,Chamarajanagar,29,27,KARNATAKA,CHAMARAJANAGAR,KARNATAKA,CHAMARAJANAGAR,Polygon,True,0.4704050776441468
Census 2001,data/external/datameet_districts/census_2001/2001_Dist.shp,85,Maharashtra,Chandrapur,27,13,MAHARASHTRA,CHANDRAPUR,MAHARASHTRA,CHANDRAPUR,Polygon,True,0.9764498533981653
Census 2001,data/external/datameet_districts/census_2001/2001_Dist.shp,86,Arunanchal Pradesh,Changlang,12,12,ARUNANCHAL PRADESH,CHANGLANG,ARUNANCHALPRADESH,CHANGLANG,Polygon,True,0.45969345626404856
Census 2001,data/external/datameet_districts/census_2001/2001_Dist.shp,87,Madhya Pradesh,Chhatarpur,23,09,MADHYA PRADESH,CHHATARPUR,MADHYAPRADESH,CHHATARPUR,Polygon,True,0.7745170442934217
Census 2001,data/external/datameet_districts/census_2001/2001_Dist.shp,88,Madhya Pradesh,Chhindwara,23,43,MADHYA PRADESH,CHHINDWARA,MADHYAPRADESH,CHHINDWARA,Polygon,True,1.0332278499189365
Census 2001,data/external/datameet_districts/census_2001/2001_Dist.shp,89,Karnataka,Chikmagalur,29,17,KARNATAKA,CHIKMAGALUR,KARNATAKA,CHIKMAGALUR,Polygon,True,0.6021289166632933
Census 2001,data/external/datameet_districts/census_2001/2001_Dist.shp,90,Karnataka,Chitradurga,29,13,KARNATAKA,CHITRADURGA,KARNATAKA,CHITRADURGA,Polygon,True,0.7074154009078529
Census 2001,data/external/datameet_districts/census_2001/2001_Dist.shp,91,Uttar Pradesh,Chitrakoot,09,41,UTTAR PRADESH,CHITRAKOOT,UTTARPRADESH,CHITRAKOOT,Polygon,True,0.27606005118697424
Census 2001,data/external/datameet_districts/census_2001/2001_Dist.shp,92,Rajasthan,Chittaurgarh,08,29,RAJASTHAN,CHITTAURGARH,RAJASTHAN,CHITTAURGARH,MultiPolygon,True,0.9591462497519442
Census 2001,data/external/datameet_districts/census_2001/2001_Dist.shp,93,Andhra Pradesh,Chittoor,28,23,ANDHRA PRADESH,CHITTOOR,ANDHRAPRADESH,CHITTOOR,Polygon,True,1.266676614355907
Census 2001,data/external/datameet_districts/census_2001/2001_Dist.shp,94,Uttarakhand,Champawat,05,10,UTTARAKHAND,CHAMPAWAT,UTTARAKHAND,CHAMPAWAT,Polygon,True,0.1532210289979079
Census 2001,data/external/datameet_districts/census_2001/2001_Dist.shp,95,Mizoram,Champhai,15,04,MIZORAM,CHAMPHAI,MIZORAM,CHAMPHAI,Polygon,True,0.2962631345182708
Census 2001,data/external/datameet_districts/census_2001/2001_Dist.shp,96,Uttar Pradesh,Chandauli,09,66,UTTAR PRADESH,CHANDAULI,UTTARPRADESH,CHANDAULI,Polygon,True,0.22670570761758055
Census 2001,data/external/datameet_districts/census_2001/2001_Dist.shp,97,Manipur,Chandel,14,09,MANIPUR,CHANDEL,MANIPUR,CHANDEL,Polygon,True,0.28300948883121085
Census 2001,data/external/datameet_districts/census_2001/2001_Dist.shp,98,Chandigarh,Chandigarh,04,01,CHANDIGARH,CHANDIGARH,CHANDIGARH,CHANDIGARH,Polygon,True,0.011142972225293684
Census 2001,data/external/datameet_districts/census_2001/2001_Dist.shp,99,Rajasthan,Churu,08,04,RAJASTHAN,CHURU,RAJASTHAN,CHURU,Polygon,True,1.5635740987975884
Census 2001,data/external/datameet_districts/census_2001/2001_Dist.shp,100,Tamil Nadu,Coimbatore,33,12,TAMIL NADU,COIMBATORE,TAMILNADU,COIMBATORE,Polygon,True,0.6141199069453058
Census 2001,data/external/datameet_districts/census_2001/2001_Dist.shp,101,Tamil Nadu,Cuddalore,33,18,TAMIL NADU,CUDDALORE,TAMILNADU,CUDDALORE,MultiPolygon,True,0.3067397993644142
Census 2001,data/external/datameet_districts/census_2001/2001_Dist.shp,102,Bihar,Saran,10,17,BIHAR,SARAN,BIHAR,SARAN,Polygon,True,0.23797885195631005
Census 2001,data/external/datameet_districts/census_2001/2001_Dist.shp,103,Manipur,Churachandpur,14,03,MANIPUR,CHURACHANDPUR,MANIPUR,CHURACHANDPUR,Polygon,True,0.4071666189307254
Census 2001,data/external/datameet_districts/census_2001/2001_Dist.shp,104,Uttarakhand,Dehradun,05,05,UTTARAKHAND,DEHRADUN,UTTARAKHAND,DEHRADUN,Polygon,True,0.28843873430176203
Census 2001,data/external/datameet_districts/census_2001/2001_Dist.shp,105,Madhya Pradesh,Dewas,23,23,MADHYA PRADESH,DEWAS,MADHYAPRADESH,DEWAS,Polygon,True,0.6123743834207982
Census 2001,data/external/datameet_districts/census_2001/2001_Dist.shp,106,Kerala,Kasaragod,32,01,KERALA,KASARAGOD,KERALA,KASARAGOD,Polygon,True,0.16334966191857825
Census 2001,data/external/datameet_districts/census_2001/2001_Dist.shp,107,Bihar,Katihar,10,10,BIHAR,KATIHAR,BIHAR,KATIHAR,Polygon,True,0.2746075749843091
Census 2001,data/external/datameet_districts/census_2001/2001_Dist.shp,108,Madhya Pradesh,Katni,23,38,MADHYA PRADESH,KATNI,MADHYAPRADESH,KATNI,Polygon,True,0.44835052567712813
Census 2001,data/external/datameet_districts/census_2001/2001_Dist.shp,109,Orissa,Kendrapara,21,10,ORISSA,KENDRAPARA,ORISSA,KENDRAPARA,Polygon,True,0.21267595148614757
Census 2001,data/external/datameet_districts/census_2001/2001_Dist.shp,110,Orissa,Kendujhar,21,06,ORISSA,KENDUJHAR,ORISSA,KENDUJHAR,Polygon,True,0.7238114442301337
Census 2001,data/external/datameet_districts/census_2001/2001_Dist.shp,111,Madhya Pradesh,Datia,23,05,MADHYA PRADESH,DATIA,MADHYAPRADESH,DATIA,Polygon,True,0.16984502407501456
Census 2001,data/external/datameet_districts/census_2001/2001_Dist.shp,112,Orissa,Debagarh,21,04,ORISSA,DEBAGARH,ORISSA,DEBAGARH,Polygon,True,0.24481067907910103
Census 2001,data/external/datameet_districts/census_2001/2001_Dist.shp,113,Uttar Pradesh,Deoria,09,60,UTTAR PRADESH,DEORIA,UTTARPRADESH,DEORIA,Polygon,True,0.23109140945828274
Census 2001,data/external/datameet_districts/census_2001/2001_Dist.shp,114,Jharkhand,Deoghar,20,07,JHARKHAND,DEOGHAR,JHARKHAND,DEOGHAR,Polygon,True,0.21671078680475367
Census 2001,data/external/datameet_districts/census_2001/2001_Dist.shp,115,Andhra Pradesh,Cuddapah,28,20,ANDHRA PRADESH,CUDDAPAH,ANDHRAPRADESH,CUDDAPAH,Polygon,True,1.270412444485868
Census 2001,data/external/datameet_districts/census_2001/2001_Dist.shp,116,Orissa,Cuttack,21,12,ORISSA,CUTTACK,ORISSA,CUTTACK,MultiPolygon,True,0.34289687181350315
Census 2001,data/external/datameet_districts/census_2001/2001_Dist.shp,117,Dadara & Nagar Havelli,Dadra & Nagar Haveli,26,01,DADARA & NAGAR HAVELLI,DADRA & NAGAR HAVELI,DADARANAGARHAVELLI,DADRANAGARHAVELI,Polygon,True,0.04264306665652658
Census 2001,data/external/datameet_districts/census_2001/2001_Dist.shp,118,Gujarat,Dohad,24,18,GUJARAT,DOHAD,GUJARAT,DOHAD,Polygon,True,0.4610001001549059
Census 2001,data/external/datameet_districts/census_2001/2001_Dist.shp,119,West Bengal,Dakshin Dinajpur,19,05,WEST BENGAL,DAKSHIN DINAJPUR,WESTBENGAL,DAKSHINDINAJPUR,Polygon,True,0.19447724864991747
Census 2001,data/external/datameet_districts/census_2001/2001_Dist.shp,120,Karnataka,Dakshina Kannada,29,24,KARNATAKA,DAKSHINA KANNADA,KARNATAKA,DAKSHINAKANNADA,MultiPolygon,True,0.38218851597393727
Census 2001,data/external/datameet_districts/census_2001/2001_Dist.shp,121,Daman & Diu,Daman,25,02,DAMAN & DIU,DAMAN,DAMANDIU,DAMAN,Polygon,True,0.006364576776343456
Census 2001,data/external/datameet_districts/census_2001/2001_Dist.shp,122,Madhya Pradesh,Damoh,23,12,MADHYA PRADESH,DAMOH,MADHYAPRADESH,DAMOH,Polygon,True,0.6514043034141543
Census 2001,data/external/datameet_districts/census_2001/2001_Dist.shp,123,Chhattisgarh,Dantewada,22,16,CHHATTISGARH,DANTEWADA,CHHATTISGARH,DANTEWADA,Polygon,True,1.5121074796514942
Census 2001,data/external/datameet_districts/census_2001/2001_Dist.shp,124,Bihar,Darbhanga,10,13,BIHAR,DARBHANGA,BIHAR,DARBHANGA,Polygon,True,0.2063167386354583
Census 2001,data/external/datameet_districts/census_2001/2001_Dist.shp,125,West Bengal,Darjiling,19,01,WEST BENGAL,DARJILING,WESTBENGAL,DARJILING,Polygon,True,0.2900246952659001
Census 2001,data/external/datameet_districts/census_2001/2001_Dist.shp,126,Assam,Darrang,18,08,ASSAM,DARRANG,ASSAM,DARRANG,Polygon,True,0.3231145018566158
Census 2001,data/external/datameet_districts/census_2001/2001_Dist.shp,127,Jammu and Kashmir,Data Not Available,99,99,JAMMU AND KASHMIR,DATA NOT AVAILABLE,JAMMUANDKASHMIR,DATANOTAVAILABLE,Polygon,True,8.531478666515152
Census 2001,data/external/datameet_districts/census_2001/2001_Dist.shp,128,Rajasthan,Dausa,08,11,RAJASTHAN,DAUSA,RAJASTHAN,DAUSA,Polygon,True,0.3153332281744998
Census 2001,data/external/datameet_districts/census_2001/2001_Dist.shp,129,Karnataka,Davanagere,29,14,KARNATAKA,DAVANAGERE,KARNATAKA,DAVANAGERE,Polygon,True,0.49838282642648796
Census 2001,data/external/datameet_districts/census_2001/2001_Dist.shp,130,Tripura,Dhalai,16,03,TRIPURA,DHALAI,TRIPURA,DHALAI,Polygon,True,0.19981735988121302
Census 2001,data/external/datameet_districts/census_2001/2001_Dist.shp,131,Chhattisgarh,Dhamtari,22,13,CHHATTISGARH,DHAMTARI,CHHATTISGARH,DHAMTARI,MultiPolygon,True,0.35152222842363046
Census 2001,data/external/datameet_districts/census_2001/2001_Dist.shp,132,Jharkhand,Dhanbad,20,12,JHARKHAND,DHANBAD,JHARKHAND,DHANBAD,Polygon,True,0.18870149853048376
Census 2001,data/external/datameet_districts/census_2001/2001_Dist.shp,133,Madhya Pradesh,Dhar,23,25,MADHYA PRADESH,DHAR,MADHYAPRADESH,DHAR,Polygon,True,0.71535139502861
Census 2001,data/external/datameet_districts/census_2001/2001_Dist.shp,134,Tamil Nadu,Dharmapuri,33,05,TAMIL NADU,DHARMAPURI,TAMILNADU,DHARMAPURI,Polygon,True,0.8028310512662011
Census 2001,data/external/datameet_districts/census_2001/2001_Dist.shp,135,Karnataka,Dharwad,29,09,KARNATAKA,DHARWAD,KARNATAKA,DHARWAD,Polygon,True,0.35992601430160454
Census 2001,data/external/datameet_districts/census_2001/2001_Dist.shp,136,Rajasthan,Dhaulpur,08,08,RAJASTHAN,DHAULPUR,RAJASTHAN,DHAULPUR,Polygon,True,0.27453413285834843
Census 2001,data/external/datameet_districts/census_2001/2001_Dist.shp,137,Assam,Dhemaji,18,13,ASSAM,DHEMAJI,ASSAM,DHEMAJI,Polygon,True,0.23820296304825345
Census 2001,data/external/datameet_districts/census_2001/2001_Dist.shp,138,Orissa,Dhenkanal,21,14,ORISSA,DHENKANAL,ORISSA,DHENKANAL,MultiPolygon,True,0.3878721686293217
Census 2001,data/external/datameet_districts/census_2001/2001_Dist.shp,139,Assam,Dhubri,18,02,ASSAM,DHUBRI,ASSAM,DHUBRI,MultiPolygon,True,0.25260079021958337
Census 2001,data/external/datameet_districts/census_2001/2001_Dist.shp,140,Maharashtra,Dhule,27,02,MAHARASHTRA,DHULE,MAHARASHTRA,DHULE,Polygon,True,0.6246329025813981
Census 2001,data/external/datameet_districts/census_2001/2001_Dist.shp,141,Arunanchal Pradesh,Dibang Valley,12,10,ARUNANCHAL PRADESH,DIBANG VALLEY,ARUNANCHALPRADESH,DIBANGVALLEY,Polygon,True,1.2096827992129202
Census 2001,data/external/datameet_districts/census_2001/2001_Dist.shp,142,Assam,Dibrugarh,18,15,ASSAM,DIBRUGARH,ASSAM,DIBRUGARH,Polygon,True,0.3097438514939376
Census 2001,data/external/datameet_districts/census_2001/2001_Dist.shp,143,Tamil Nadu,Dindigul,33,13,TAMIL NADU,DINDIGUL,TAMILNADU,DINDIGUL,Polygon,True,0.5012128279037964
Census 2001,data/external/datameet_districts/census_2001/2001_Dist.shp,144,Daman & Diu,Diu,25,01,DAMAN & DIU,DIU,DAMANDIU,DIU,MultiPolygon,True,0.003092107056043476
Census 2001,data/external/datameet_districts/census_2001/2001_Dist.shp,145,Jammu and Kashmir,Doda,01,09,JAMMU AND KASHMIR,DODA,JAMMUANDKASHMIR,DODA,Polygon,True,1.1446919720489275
Census 2001,data/external/datameet_districts/census_2001/2001_Dist.shp,146,Jharkhand,Dumka,20,11,JHARKHAND,DUMKA,JHARKHAND,DUMKA,Polygon,True,0.4948285434628134
Census 2001,data/external/datameet_districts/census_2001/2001_Dist.shp,147,Chhattisgarh,Durg,22,10,CHHATTISGARH,DURG,CHHATTISGARH,DURG,Polygon,True,0.7479712724033506
Census 2001,data/external/datameet_districts/census_2001/2001_Dist.shp,148,Rajasthan,Dungarpur,08,27,RAJASTHAN,DUNGARPUR,RAJASTHAN,DUNGARPUR,Polygon,True,0.33529156267309523
Census 2001,data/external/datameet_districts/census_2001/2001_Dist.shp,149,Sikkim,East,11,04,SIKKIM,EAST,SIKKIM,EAST,Polygon,True,0.08592832106043982
Census 2001,data/external/datameet_districts/census_2001/2001_Dist.shp,150,Meghalaya,East Garo Hills,17,02,MEGHALAYA,EAST GARO HILLS,MEGHALAYA,EASTGAROHILLS,Polygon,True,0.26365818134433483
Census 2001,data/external/datameet_districts/census_2001/2001_Dist.shp,151,Andhra Pradesh,East Godavari,28,14,ANDHRA PRADESH,EAST GODAVARI,ANDHRAPRADESH,EASTGODAVARI,Polygon,True,0.9210684558448695
Census 2001,data/external/datameet_districts/census_2001/2001_Dist.shp,152,Madhya Pradesh,East Nimar,23,29,MADHYA PRADESH,EAST NIMAR,MADHYAPRADESH,EASTNIMAR,Polygon,True,0.9298344943128974
Census 2001,data/external/datameet_districts/census_2001/2001_Dist.shp,153,Tamil Nadu,Erode,33,10,TAMIL NADU,ERODE,TAMILNADU,ERODE,Polygon,True,0.6786258024166737
Census 2001,data/external/datameet_districts/census_2001/2001_Dist.shp,154,Uttar Pradesh,Etah,09,17,UTTAR PRADESH,ETAH,UTTARPRADESH,ETAH,Polygon,True,0.4095345890745934
Census 2001,data/external/datameet_districts/census_2001/2001_Dist.shp,155,Arunanchal Pradesh,East Kameng,12,03,ARUNANCHAL PRADESH,EAST KAMENG,ARUNANCHALPRADESH,EASTKAMENG,MultiPolygon,True,0.5480037386043342
Census 2001,data/external/datameet_districts/census_2001/2001_Dist.shp,156,Meghalaya,East Khasi Hills,17,06,MEGHALAYA,EAST KHASI HILLS,MEGHALAYA,EASTKHASIHILLS,Polygon,True,0.2515789250463919
Census 2001,data/external/datameet_districts/census_2001/2001_Dist.shp,157,Gujarat,Junagadh,24,12,GUJARAT,JUNAGADH,GUJARAT,JUNAGADH,MultiPolygon,True,0.7200559022868406
Census 2001,data/external/datameet_districts/census_2001/2001_Dist.shp,158,Gujarat,Kachchh,24,01,GUJARAT,KACHCHH,GUJARAT,KACHCHH,MultiPolygon,True,3.727826772929679
Census 2001,data/external/datameet_districts/census_2001/2001_Dist.shp,159,Orissa,Kalahandi,21,26,ORISSA,KALAHANDI,ORISSA,KALAHANDI,Polygon,True,0.6812439965094396
Census 2001,data/external/datameet_districts/census_2001/2001_Dist.shp,160,Assam,Kamrup,18,06,ASSAM,KAMRUP,ASSAM,KAMRUP,Polygon,True,0.3913856271127683
Census 2001,data/external/datameet_districts/census_2001/2001_Dist.shp,161,Chhattisgarh,Kanker,22,14,CHHATTISGARH,KANKER,CHHATTISGARH,KANKER,Polygon,True,0.5875199377866421
Census 2001,data/external/datameet_districts/census_2001/2001_Dist.shp,162,Kerala,Kannur,32,02,KERALA,KANNUR,KERALA,KANNUR,Polygon,True,0.2447202183421322
Census 2001,data/external/datameet_districts/census_2001/2001_Dist.shp,163,Uttar Pradesh,Kanpur Dehat,09,33,UTTAR PRADESH,KANPUR DEHAT,UTTARPRADESH,KANPURDEHAT,Polygon,True,0.45539350977403875
Census 2001,data/external/datameet_districts/census_2001/2001_Dist.shp,164,Rajasthan,Karauli,08,09,RAJASTHAN,KARAULI,RAJASTHAN,KARAULI,Polygon,True,0.4472914604718959
Census 2001,data/external/datameet_districts/census_2001/2001_Dist.shp,165,Assam,Karbi Anglong,18,19,ASSAM,KARBI ANGLONG,ASSAM,KARBIANGLONG,MultiPolygon,True,0.9400594123993116
Census 2001,data/external/datameet_districts/census_2001/2001_Dist.shp,166,Andhra Pradesh,Karimnagar,28,03,ANDHRA PRADESH,KARIMNAGAR,ANDHRAPRADESH,KARIMNAGAR,Polygon,True,1.0180555339506734
Census 2001,data/external/datameet_districts/census_2001/2001_Dist.shp,167,Arunanchal Pradesh,East Siang,12,08,ARUNANCHAL PRADESH,EAST SIANG,ARUNANCHALPRADESH,EASTSIANG,Polygon,True,0.34354294881761055
Census 2001,data/external/datameet_districts/census_2001/2001_Dist.shp,168,Kerala,Ernakulam,32,08,KERALA,ERNAKULAM,KERALA,ERNAKULAM,Polygon,True,0.19882009322150448
Census 2001,data/external/datameet_districts/census_2001/2001_Dist.shp,169,Uttar Pradesh,Etawah,09,31,UTTAR PRADESH,ETAWAH,UTTARPRADESH,ETAWAH,Polygon,True,0.21099399222745815
Census 2001,data/external/datameet_districts/census_2001/2001_Dist.shp,170,Uttar Pradesh,Faizabad,09,47,UTTAR PRADESH,FAIZABAD,UTTARPRADESH,FAIZABAD,Polygon,True,0.19017470930041805
Census 2001,data/external/datameet_districts/census_2001/2001_Dist.shp,171,Gujarat,Gandhinagar,24,06,GUJARAT,GANDHINAGAR,GUJARAT,GANDHINAGAR,Polygon,True,0.056938626854508574
Census 2001,data/external/datameet_districts/census_2001/2001_Dist.shp,172,Orissa,Ganjam,21,19,ORISSA,GANJAM,ORISSA,GANJAM,Polygon,True,0.7301146265456991
Census 2001,data/external/datameet_districts/census_2001/2001_Dist.shp,173,Maharashtra,Gadchiroli,27,12,MAHARASHTRA,GADCHIROLI,MAHARASHTRA,GADCHIROLI,Polygon,True,1.245526353505218
Census 2001,data/external/datameet_districts/census_2001/2001_Dist.shp,174,Uttarakhand,Garhwal,05,06,UTTARAKHAND,GARHWAL,UTTARAKHAND,GARHWAL,Polygon,True,0.5100138090802484
Census 2001,data/external/datameet_districts/census_2001/2001_Dist.shp,175,Uttar Pradesh,Ghazipur,09,65,UTTAR PRADESH,GHAZIPUR,UTTARPRADESH,GHAZIPUR,Polygon,True,0.3039576269582099
Census 2001,data/external/datameet_districts/census_2001/2001_Dist.shp,176,Jharkhand,Giridih,20,06,JHARKHAND,GIRIDIH,JHARKHAND,GIRIDIH,Polygon,True,0.44511989247217276
Census 2001,data/external/datameet_districts/census_2001/2001_Dist.shp,177,Assam,Goalpara,18,03,ASSAM,GOALPARA,ASSAM,GOALPARA,Polygon,True,0.18139561186345834
Census 2001,data/external/datameet_districts/census_2001/2001_Dist.shp,178,Jharkhand,Godda,20,08,JHARKHAND,GODDA,JHARKHAND,GODDA,Polygon,True,0.19990007992572195
Census 2001,data/external/datameet_districts/census_2001/2001_Dist.shp,179,Assam,Golaghat,18,18,ASSAM,GOLAGHAT,ASSAM,GOLAGHAT,Polygon,True,0.3191087053528353
Census 2001,data/external/datameet_districts/census_2001/2001_Dist.shp,180,Uttar Pradesh,Gonda,09,53,UTTAR PRADESH,GONDA,UTTARPRADESH,GONDA,Polygon,True,0.3672583220780912
Census 2001,data/external/datameet_districts/census_2001/2001_Dist.shp,181,Maharashtra,Gondiya,27,11,MAHARASHTRA,GONDIYA,MAHARASHTRA,GONDIYA,Polygon,True,0.47581123100318934
Census 2001,data/external/datameet_districts/census_2001/2001_Dist.shp,182,Uttar Pradesh,Gorakhpur,09,58,UTTAR PRADESH,GORAKHPUR,UTTARPRADESH,GORAKHPUR,Polygon,True,0.3047982489367116
Census 2001,data/external/datameet_districts/census_2001/2001_Dist.shp,183,Karnataka,Gulbarga,29,04,KARNATAKA,GULBARGA,KARNATAKA,GULBARGA,Polygon,True,1.379326373921437
Census 2001,data/external/datameet_districts/census_2001/2001_Dist.shp,184,Jharkhand,Gumla,20,16,JHARKHAND,GUMLA,JHARKHAND,GUMLA,Polygon,True,0.8041971926368008
Census 2001,data/external/datameet_districts/census_2001/2001_Dist.shp,185,Madhya Pradesh,Guna,23,07,MADHYA PRADESH,GUNA,MADHYAPRADESH,GUNA,Polygon,True,0.9829777526512478
Census 2001,data/external/datameet_districts/census_2001/2001_Dist.shp,186,Andhra Pradesh,Guntur,28,17,ANDHRA PRADESH,GUNTUR,ANDHRAPRADESH,GUNTUR,Polygon,True,0.966571499597393
Census 2001,data/external/datameet_districts/census_2001/2001_Dist.shp,187,Bihar,Gopalganj,10,15,BIHAR,GOPALGANJ,BIHAR,GOPALGANJ,Polygon,True,0.1844870635328443
Census 2001,data/external/datameet_districts/census_2001/2001_Dist.shp,188,Punjab,Gurdaspur,03,01,PUNJAB,GURDASPUR,PUNJAB,GURDASPUR,Polygon,True,0.34550240567583224
Census 2001,data/external/datameet_districts/census_2001/2001_Dist.shp,189,Haryana,Gurgaon,06,18,HARYANA,GURGAON,HARYANA,GURGAON,Polygon,True,0.28694148697277666
Census 2001,data/external/datameet_districts/census_2001/2001_Dist.shp,190,Madhya Pradesh,Gwalior,23,04,MADHYA PRADESH,GWALIOR,MADHYAPRADESH,GWALIOR,MultiPolygon,True,0.4705730824355136
Census 2001,data/external/datameet_districts/census_2001/2001_Dist.shp,191,Haryana,Faridabad,06,19,HARYANA,FARIDABAD,HARYANA,FARIDABAD,Polygon,True,0.16036005560929967
Census 2001,data/external/datameet_districts/census_2001/2001_Dist.shp,192,Punjab,Faridkot,03,13,PUNJAB,FARIDKOT,PUNJAB,FARIDKOT,Polygon,True,0.13647501036042878
Census 2001,data/external/datameet_districts/census_2001/2001_Dist.shp,193,Uttar Pradesh,Farrukhabad,09,29,UTTAR PRADESH,FARRUKHABAD,UTTARPRADESH,FARRUKHABAD,Polygon,True,0.1994283370987543
Census 2001,data/external/datameet_districts/census_2001/2001_Dist.shp,194,Haryana,Fatehabad,06,10,HARYANA,FATEHABAD,HARYANA,FATEHABAD,Polygon,True,0.22384537886403344
Census 2001,data/external/datameet_districts/census_2001/2001_Dist.shp,195,Punjab,Fatehgarh Sahib,03,08,PUNJAB,FATEHGARH SAHIB,PUNJAB,FATEHGARHSAHIB,Polygon,True,0.08869712656645562
Census 2001,data/external/datameet_districts/census_2001/2001_Dist.shp,196,Uttar Pradesh,Fatehpur,09,42,UTTAR PRADESH,FATEHPUR,UTTARPRADESH,FATEHPUR,Polygon,True,0.3760144367411157
Census 2001,data/external/datameet_districts/census_2001/2001_Dist.shp,197,Uttar Pradesh,Firozabad,09,16,UTTAR PRADESH,FIROZABAD,UTTARPRADESH,FIROZABAD,Polygon,True,0.21883482134965052
Census 2001,data/external/datameet_districts/census_2001/2001_Dist.shp,198,Karnataka,Gadag,29,08,KARNATAKA,GADAG,KARNATAKA,GADAG,Polygon,True,0.39104713722610085
Census 2001,data/external/datameet_districts/census_2001/2001_Dist.shp,199,Orissa,Gajapati,21,20,ORISSA,GAJAPATI,ORISSA,GAJAPATI,Polygon,True,0.34847527737622
Census 2001,data/external/datameet_districts/census_2001/2001_Dist.shp,200,Assam,Hailakandi,18,23,ASSAM,HAILAKANDI,ASSAM,HAILAKANDI,Polygon,True,0.11863943273749067
Census 2001,data/external/datameet_districts/census_2001/2001_Dist.shp,201,Himachal Pradesh,Hamirpur,02,06,HIMACHAL PRADESH,HAMIRPUR,HIMACHALPRADESH,HAMIRPUR,Polygon,True,0.10684791490835413
Census 2001,data/external/datameet_districts/census_2001/2001_Dist.shp,202,Uttar Pradesh,Hamirpur,09,38,UTTAR PRADESH,HAMIRPUR,UTTARPRADESH,HAMIRPUR,Polygon,True,0.3833531989983389
Census 2001,data/external/datameet_districts/census_2001/2001_Dist.shp,203,West Bengal,Haora,19,16,WEST BENGAL,HAORA,WESTBENGAL,HAORA,MultiPolygon,True,0.12702189112771797
Census 2001,data/external/datameet_districts/census_2001/2001_Dist.shp,204,Madhya Pradesh,Harda,23,36,MADHYA PRADESH,HARDA,MADHYAPRADESH,HARDA,Polygon,True,0.29060417146498746
Census 2001,data/external/datameet_districts/census_2001/2001_Dist.shp,205,Uttar Pradesh,Hardoi,09,25,UTTAR PRADESH,HARDOI,UTTARPRADESH,HARDOI,Polygon,True,0.5480855348857272
Census 2001,data/external/datameet_districts/census_2001/2001_Dist.shp,206,Uttarakhand,Hardwar,05,13,UTTARAKHAND,HARDWAR,UTTARAKHAND,HARDWAR,Polygon,True,0.22302474755390686
Census 2001,data/external/datameet_districts/census_2001/2001_Dist.shp,207,Karnataka,Hassan,29,23,KARNATAKA,HASSAN,KARNATAKA,HASSAN,Polygon,True,0.5676285457777036
Census 2001,data/external/datameet_districts/census_2001/2001_Dist.shp,208,Uttar Pradesh,Hathras,09,13,UTTAR PRADESH,HATHRAS,UTTARPRADESH,HATHRAS,Polygon,True,0.16163414931108327
Census 2001,data/external/datameet_districts/census_2001/2001_Dist.shp,209,Karnataka,Haveri,29,11,KARNATAKA,HAVERI,KARNATAKA,HAVERI,Polygon,True,0.40372496047817485
Census 2001,data/external/datameet_districts/census_2001/2001_Dist.shp,210,Maharashtra,Hingoli,27,16,MAHARASHTRA,HINGOLI,MAHARASHTRA,HINGOLI,Polygon,True,0.4039108164184926
Census 2001,data/external/datameet_districts/census_2001/2001_Dist.shp,211,Madhya Pradesh,Hoshangabad,23,37,MADHYA PRADESH,HOSHANGABAD,MADHYAPRADESH,HOSHANGABAD,Polygon,True,0.589365411840084
Census 2001,data/external/datameet_districts/census_2001/2001_Dist.shp,212,West Bengal,Hugli,19,12,WEST BENGAL,HUGLI,WESTBENGAL,HUGLI,Polygon,True,0.27672106466281104
Census 2001,data/external/datameet_districts/census_2001/2001_Dist.shp,213,Haryana,Hisar,06,12,HARYANA,HISAR,HARYANA,HISAR,Polygon,True,0.3671190453943754
Census 2001,data/external/datameet_districts/census_2001/2001_Dist.shp,214,Punjab,Hoshiarpur,03,05,PUNJAB,HOSHIARPUR,PUNJAB,HOSHIARPUR,Polygon,True,0.320040608618404
Census 2001,data/external/datameet_districts/census_2001/2001_Dist.shp,215,Andhra Pradesh,Hyderabad,28,05,ANDHRA PRADESH,HYDERABAD,ANDHRAPRADESH,HYDERABAD,Polygon,True,0.015139931739742688
Census 2001,data/external/datameet_districts/census_2001/2001_Dist.shp,216,Kerala,Idukki,32,09,KERALA,IDUKKI,KERALA,IDUKKI,Polygon,True,0.4127472327917413
Census 2001,data/external/datameet_districts/census_2001/2001_Dist.shp,217,Madhya Pradesh,Indore,23,26,MADHYA PRADESH,INDORE,MADHYAPRADESH,INDORE,Polygon,True,0.3441091660447351
Census 2001,data/external/datameet_districts/census_2001/2001_Dist.shp,218,Madhya Pradesh,Jabalpur,23,39,MADHYA PRADESH,JABALPUR,MADHYAPRADESH,JABALPUR,Polygon,True,0.45059693316376825
Census 2001,data/external/datameet_districts/census_2001/2001_Dist.shp,219,Rajasthan,Jaipur,08,12,RAJASTHAN,JAIPUR,RAJASTHAN,JAIPUR,Polygon,True,1.024163813379997
Census 2001,data/external/datameet_districts/census_2001/2001_Dist.shp,220,Rajasthan,Jaisalmer,08,16,RAJASTHAN,JAISALMER,RAJASTHAN,JAISALMER,Polygon,True,3.497934200441182
Census 2001,data/external/datameet_districts/census_2001/2001_Dist.shp,221,Orissa,Jajapur,21,13,ORISSA,JAJAPUR,ORISSA,JAJAPUR,Polygon,True,0.25130440874817933
Census 2001,data/external/datameet_districts/census_2001/2001_Dist.shp,222,Manipur,Imphal East,14,07,MANIPUR,IMPHAL EAST,MANIPUR,IMPHALEAST,Polygon,True,0.08220130149885467
Census 2001,data/external/datameet_districts/census_2001/2001_Dist.shp,223,Manipur,Imphal West,14,06,MANIPUR,IMPHAL WEST,MANIPUR,IMPHALWEST,Polygon,True,0.026804853375895877
Census 2001,data/external/datameet_districts/census_2001/2001_Dist.shp,224,Orissa,Jagatsinghapur,21,11,ORISSA,JAGATSINGHAPUR,ORISSA,JAGATSINGHAPUR,Polygon,True,0.15026651145872566
Census 2001,data/external/datameet_districts/census_2001/2001_Dist.shp,225,Meghalaya,Jaintia Hills,17,07,MEGHALAYA,JAINTIA HILLS,MEGHALAYA,JAINTIAHILLS,Polygon,True,0.3405480499899216
Census 2001,data/external/datameet_districts/census_2001/2001_Dist.shp,226,Uttar Pradesh,Jalaun,09,35,UTTAR PRADESH,JALAUN,UTTARPRADESH,JALAUN,Polygon,True,0.41247603068488586
Census 2001,data/external/datameet_districts/census_2001/2001_Dist.shp,227,Maharashtra,Jalgaon,27,03,MAHARASHTRA,JALGAON,MAHARASHTRA,JALGAON,Polygon,True,1.0221787482947464
Census 2001,data/external/datameet_districts/census_2001/2001_Dist.shp,228,Maharashtra,Jalna,27,18,MAHARASHTRA,JALNA,MAHARASHTRA,JALNA,Polygon,True,0.6699806169579291
Census 2001,data/external/datameet_districts/census_2001/2001_Dist.shp,229,Rajasthan,Jalor,08,18,RAJASTHAN,JALOR,RAJASTHAN,JALOR,Polygon,True,0.9604736281522279
Census 2001,data/external/datameet_districts/census_2001/2001_Dist.shp,230,West Bengal,Jalpaiguri,19,02,WEST BENGAL,JALPAIGURI,WESTBENGAL,JALPAIGURI,Polygon,True,0.5640987927035457
Census 2001,data/external/datameet_districts/census_2001/2001_Dist.shp,231,Gujarat,Jamnagar,24,10,GUJARAT,JAMNAGAR,GUJARAT,JAMNAGAR,MultiPolygon,True,0.9551006655534923
Census 2001,data/external/datameet_districts/census_2001/2001_Dist.shp,232,Punjab,Jalandhar,03,04,PUNJAB,JALANDHAR,PUNJAB,JALANDHAR,Polygon,True,0.24663203300044453
Census 2001,data/external/datameet_districts/census_2001/2001_Dist.shp,233,Jammu and Kashmir,Jammu,01,13,JAMMU AND KASHMIR,JAMMU,JAMMUANDKASHMIR,JAMMU,Polygon,True,0.27525080792974127
Census 2001,data/external/datameet_districts/census_2001/2001_Dist.shp,234,Chhattisgarh,Jashpur,22,03,CHHATTISGARH,JASHPUR,CHHATTISGARH,JASHPUR,Polygon,True,0.5105084142702944
Census 2001,data/external/datameet_districts/census_2001/2001_Dist.shp,235,Bihar,Jamui,10,37,BIHAR,JAMUI,BIHAR,JAMUI,Polygon,True,0.2720378328158252
Census 2001,data/external/datameet_districts/census_2001/2001_Dist.shp,236,Uttar Pradesh,Jaunpur,09,64,UTTAR PRADESH,JAUNPUR,UTTARPRADESH,JAUNPUR,Polygon,True,0.36275490870639615
Census 2001,data/external/datameet_districts/census_2001/2001_Dist.shp,237,Madhya Pradesh,Jhabua,23,24,MADHYA PRADESH,JHABUA,MADHYAPRADESH,JHABUA,MultiPolygon,True,0.5952449990002519
Census 2001,data/external/datameet_districts/census_2001/2001_Dist.shp,238,Rajasthan,Jhalawar,08,32,RAJASTHAN,JHALAWAR,RAJASTHAN,JHALAWAR,Polygon,True,0.5565323649729067
Census 2001,data/external/datameet_districts/census_2001/2001_Dist.shp,239,Uttar Pradesh,Jhansi,09,36,UTTAR PRADESH,JHANSI,UTTARPRADESH,JHANSI,Polygon,True,0.45794457801585403
Census 2001,data/external/datameet_districts/census_2001/2001_Dist.shp,240,Orissa,Jharsuguda,21,02,ORISSA,JHARSUGUDA,ORISSA,JHARSUGUDA,Polygon,True,0.18476592649200754
Census 2001,data/external/datameet_districts/census_2001/2001_Dist.shp,241,Rajasthan,Jhunjhunun,08,05,RAJASTHAN,JHUNJHUNUN,RAJASTHAN,JHUNJHUNUN,Polygon,True,0.5438278456281644
Census 2001,data/external/datameet_districts/census_2001/2001_Dist.shp,242,Haryana,Jind,06,09,HARYANA,JIND,HARYANA,JIND,MultiPolygon,True,0.29956097792077313
Census 2001,data/external/datameet_districts/census_2001/2001_Dist.shp,243,Rajasthan,Jodhpur,08,15,RAJASTHAN,JODHPUR,RAJASTHAN,JODHPUR,Polygon,True,2.074811680180528
Census 2001,data/external/datameet_districts/census_2001/2001_Dist.shp,244,Assam,Jorhat,18,17,ASSAM,JORHAT,ASSAM,JORHAT,Polygon,True,0.2575984797406867
Census 2001,data/external/datameet_districts/census_2001/2001_Dist.shp,245,Uttar Pradesh,Jyotiba Phule Nagar,09,06,UTTAR PRADESH,JYOTIBA PHULE NAGAR,UTTARPRADESH,JYOTIBAPHULENAGAR,Polygon,True,0.21006660947226277
Census 2001,data/external/datameet_districts/census_2001/2001_Dist.shp,246,Haryana,Kaithal,06,05,HARYANA,KAITHAL,HARYANA,KAITHAL,Polygon,True,0.17173577622091152
Census 2001,data/external/datameet_districts/census_2001/2001_Dist.shp,247,Himachal Pradesh,Kangra,02,02,HIMACHAL PRADESH,KANGRA,HIMACHALPRADESH,KANGRA,Polygon,True,0.5463370449606445
Census 2001,data/external/datameet_districts/census_2001/2001_Dist.shp,248,Uttar Pradesh,Kannauj,09,30,UTTAR PRADESH,KANNAUJ,UTTARPRADESH,KANNAUJ,Polygon,True,0.18867217702314393
Census 2001,data/external/datameet_districts/census_2001/2001_Dist.shp,249,Tamil Nadu,Kanniyakumari,33,30,TAMIL NADU,KANNIYAKUMARI,TAMILNADU,KANNIYAKUMARI,Polygon,True,0.13868755875804564
Census 2001,data/external/datameet_districts/census_2001/2001_Dist.shp,250,Uttar Pradesh,Kanpur Nagar,09,34,UTTAR PRADESH,KANPUR NAGAR,UTTARPRADESH,KANPURNAGAR,Polygon,True,0.09569496719165907
Census 2001,data/external/datameet_districts/census_2001/2001_Dist.shp,251,Punjab,Kapurthala,03,03,PUNJAB,KAPURTHALA,PUNJAB,KAPURTHALA,MultiPolygon,True,0.1574723095136249
Census 2001,data/external/datameet_districts/census_2001/2001_Dist.shp,252,Jammu and Kashmir,Kargil,01,08,JAMMU AND KASHMIR,KARGIL,JAMMUANDKASHMIR,KARGIL,Polygon,True,1.4525854824898452
Census 2001,data/external/datameet_districts/census_2001/2001_Dist.shp,253,Assam,Karimganj,18,22,ASSAM,KARIMGANJ,ASSAM,KARIMGANJ,Polygon,True,0.16656502872854267
Census 2001,data/external/datameet_districts/census_2001/2001_Dist.shp,254,Haryana,Karnal,06,06,HARYANA,KARNAL,HARYANA,KARNAL,Polygon,True,0.2412334410612875
Census 2001,data/external/datameet_districts/census_2001/2001_Dist.shp,255,Tamil Nadu,Karur,33,14,TAMIL NADU,KARUR,TAMILNADU,KARUR,Polygon,True,0.23929842284539699
Census 2001,data/external/datameet_districts/census_2001/2001_Dist.shp,256,Jammu and Kashmir,Kathua,01,14,JAMMU AND KASHMIR,KATHUA,JAMMUANDKASHMIR,KATHUA,Polygon,True,0.2385960637776668
Census 2001,data/external/datameet_districts/census_2001/2001_Dist.shp,257,Uttar Pradesh,Kaushambi,09,44,UTTAR PRADESH,KAUSHAMBI,UTTARPRADESH,KAUSHAMBI,Polygon,True,0.18216259395325204
Census 2001,data/external/datameet_districts/census_2001/2001_Dist.shp,258,Andhra Pradesh,Khammam,28,10,ANDHRA PRADESH,KHAMMAM,ANDHRAPRADESH,KHAMMAM,Polygon,True,1.3684114772569544
Census 2001,data/external/datameet_districts/census_2001/2001_Dist.shp,259,Uttar Pradesh,Kheri,09,23,UTTAR PRADESH,KHERI,UTTARPRADESH,KHERI,Polygon,True,0.7080619083752719
Census 2001,data/external/datameet_districts/census_2001/2001_Dist.shp,260,Orissa,Khordha,21,17,ORISSA,KHORDHA,ORISSA,KHORDHA,Polygon,True,0.23738646928967325
Census 2001,data/external/datameet_districts/census_2001/2001_Dist.shp,261,Himachal Pradesh,Kinnaur,02,12,HIMACHAL PRADESH,KINNAUR,HIMACHALPRADESH,KINNAUR,Polygon,True,0.6143805511626816
Census 2001,data/external/datameet_districts/census_2001/2001_Dist.shp,262,Bihar,Kishanganj,10,08,BIHAR,KISHANGANJ,BIHAR,KISHANGANJ,Polygon,True,0.17470441935190695
Census 2001,data/external/datameet_districts/census_2001/2001_Dist.shp,263,West Bengal,Koch Bihar,19,03,WEST BENGAL,KOCH BIHAR,WESTBENGAL,KOCHBIHAR,MultiPolygon,True,0.3078920308345982
Census 2001,data/external/datameet_districts/census_2001/2001_Dist.shp,264,Karnataka,Kodagu,29,25,KARNATAKA,KODAGU,KARNATAKA,KODAGU,Polygon,True,0.34168439534774775
Census 2001,data/external/datameet_districts/census_2001/2001_Dist.shp,265,Karnataka,Kolar,29,19,KARNATAKA,KOLAR,KARNATAKA,KOLAR,Polygon,True,0.6846005739641452
Census 2001,data/external/datameet_districts/census_2001/2001_Dist.shp,266,Mizoram,Kolasib,15,02,MIZORAM,KOLASIB,MIZORAM,KOLASIB,Polygon,True,0.11970828597101967
Census 2001,data/external/datameet_districts/census_2001/2001_Dist.shp,267,Andhra Pradesh,Medak,28,04,ANDHRA PRADESH,MEDAK,ANDHRAPRADESH,MEDAK,Polygon,True,0.8322282371377426
Census 2001,data/external/datameet_districts/census_2001/2001_Dist.shp,268,Uttar Pradesh,Mirzapur,09,69,UTTAR PRADESH,MIRZAPUR,UTTARPRADESH,MIRZAPUR,Polygon,True,0.4034765378235193
Census 2001,data/external/datameet_districts/census_2001/2001_Dist.shp,269,Uttar Pradesh,Moradabad,09,04,UTTAR PRADESH,MORADABAD,UTTARPRADESH,MORADABAD,Polygon,True,0.33498182519291403
Census 2001,data/external/datameet_districts/census_2001/2001_Dist.shp,270,West Bengal,Murshidabad,19,07,WEST BENGAL,MURSHIDABAD,WESTBENGAL,MURSHIDABAD,Polygon,True,0.47415891904556295
Census 2001,data/external/datameet_districts/census_2001/2001_Dist.shp,271,Uttar Pradesh,Muzaffarnagar,09,02,UTTAR PRADESH,MUZAFFARNAGAR,UTTARPRADESH,MUZAFFARNAGAR,Polygon,True,0.3769239199241191
Census 2001,data/external/datameet_districts/census_2001/2001_Dist.shp,272,Bihar,Muzaffarpur,10,14,BIHAR,MUZAFFARPUR,BIHAR,MUZAFFARPUR,Polygon,True,0.2872639403096493
Census 2001,data/external/datameet_districts/census_2001/2001_Dist.shp,273,Mizoram,Mamit,15,01,MIZORAM,MAMIT,MIZORAM,MAMIT,Polygon,True,0.26874512770046743
Census 2001,data/external/datameet_districts/census_2001/2001_Dist.shp,274,Madhya Pradesh,Mandsaur,23,19,MADHYA PRADESH,MANDSAUR,MADHYAPRADESH,MANDSAUR,Polygon,True,0.5013468183372386
Census 2001,data/external/datameet_districts/census_2001/2001_Dist.shp,275,Karnataka,Mandya,29,22,KARNATAKA,MANDYA,KARNATAKA,MANDYA,MultiPolygon,True,0.41158366089096343
Census 2001,data/external/datameet_districts/census_2001/2001_Dist.shp,276,Orissa,Mayurbhanj,21,07,ORISSA,MAYURBHANJ,ORISSA,MAYURBHANJ,Polygon,True,0.9109984458095496
Census 2001,data/external/datameet_districts/census_2001/2001_Dist.shp,277,Jharkhand,Purbi Singhbhum,20,18,JHARKHAND,PURBI SINGHBHUM,JHARKHAND,PURBISINGHBHUM,Polygon,True,0.3134207128299604
Census 2001,data/external/datameet_districts/census_2001/2001_Dist.shp,278,Orissa,Puri,21,18,ORISSA,PURI,ORISSA,PURI,Polygon,True,0.306420425842886
Census 2001,data/external/datameet_districts/census_2001/2001_Dist.shp,279,Bihar,Purnia,10,09,BIHAR,PURNIA,BIHAR,PURNIA,Polygon,True,0.2917535067666781
Census 2001,data/external/datameet_districts/census_2001/2001_Dist.shp,280,West Bengal,Puruliya,19,14,WEST BENGAL,PURULIYA,WESTBENGAL,PURULIYA,Polygon,True,0.5509578981786836
Census 2001,data/external/datameet_districts/census_2001/2001_Dist.shp,281,Uttar Pradesh,Rae Bareli,09,28,UTTAR PRADESH,RAE BARELI,UTTARPRADESH,RAEBARELI,Polygon,True,0.4171630914618874
Census 2001,data/external/datameet_districts/census_2001/2001_Dist.shp,282,Madhya Pradesh,Tikamgarh,23,08,MADHYA PRADESH,TIKAMGARH,MADHYAPRADESH,TIKAMGARH,Polygon,True,0.45307088341019347
Census 2001,data/external/datameet_districts/census_2001/2001_Dist.shp,283,Maharashtra,Kolhapur,27,34,MAHARASHTRA,KOLHAPUR,MAHARASHTRA,KOLHAPUR,Polygon,True,0.6491118915577275
Census 2001,data/external/datameet_districts/census_2001/2001_Dist.shp,284,West Bengal,Kolkata,19,17,WEST BENGAL,KOLKATA,WESTBENGAL,KOLKATA,Polygon,True,0.008023744532117646
Census 2001,data/external/datameet_districts/census_2001/2001_Dist.shp,285,Bihar,Khagaria,10,21,BIHAR,KHAGARIA,BIHAR,KHAGARIA,Polygon,True,0.13370953499088242
Census 2001,data/external/datameet_districts/census_2001/2001_Dist.shp,286,Karnataka,Koppal,29,07,KARNATAKA,KOPPAL,KARNATAKA,KOPPAL,Polygon,True,0.46918452292707014
Census 2001,data/external/datameet_districts/census_2001/2001_Dist.shp,287,Orissa,Koraput,21,29,ORISSA,KORAPUT,ORISSA,KORAPUT,Polygon,True,0.7457221728911806
Census 2001,data/external/datameet_districts/census_2001/2001_Dist.shp,288,Chhattisgarh,Koriya,22,01,CHHATTISGARH,KORIYA,CHHATTISGARH,KORIYA,Polygon,True,0.5867093117437338
Census 2001,data/external/datameet_districts/census_2001/2001_Dist.shp,289,Rajasthan,Kota,08,30,RAJASTHAN,KOTA,RAJASTHAN,KOTA,Polygon,True,0.4932634434609737
Census 2001,data/external/datameet_districts/census_2001/2001_Dist.shp,290,Andhra Pradesh,Krishna,28,16,ANDHRA PRADESH,KRISHNA,ANDHRAPRADESH,KRISHNA,MultiPolygon,True,0.7246082080275715
Census 2001,data/external/datameet_districts/census_2001/2001_Dist.shp,291,Andhra Pradesh,Kurnool,28,21,ANDHRA PRADESH,KURNOOL,ANDHRAPRADESH,KURNOOL,Polygon,True,1.501264855425586
Census 2001,data/external/datameet_districts/census_2001/2001_Dist.shp,292,Uttar Pradesh,Kushinagar,09,59,UTTAR PRADESH,KUSHINAGAR,UTTARPRADESH,KUSHINAGAR,Polygon,True,0.2620532491640826
Census 2001,data/external/datameet_districts/census_2001/2001_Dist.shp,293,Jammu and Kashmir,Leh (Ladakh),01,07,JAMMU AND KASHMIR,LEH (LADAKH),JAMMUANDKASHMIR,LEHLADAKH,Polygon,True,7.86541544367304
Census 2001,data/external/datameet_districts/census_2001/2001_Dist.shp,294,Himachal Pradesh,Lahul & Spiti,02,03,HIMACHAL PRADESH,LAHUL & SPITI,HIMACHALPRADESH,LAHULSPITI,Polygon,True,1.3271647660528634
Census 2001,data/external/datameet_districts/census_2001/2001_Dist.shp,295,Maharashtra,Latur,27,28,MAHARASHTRA,LATUR,MAHARASHTRA,LATUR,Polygon,True,0.5771151570266477
Census 2001,data/external/datameet_districts/census_2001/2001_Dist.shp,296,Arunanchal Pradesh,Lohit,12,11,ARUNANCHAL PRADESH,LOHIT,ARUNANCHALPRADESH,LOHIT,Polygon,True,0.9546327577280515
Census 2001,data/external/datameet_districts/census_2001/2001_Dist.shp,297,Uttar Pradesh,Lucknow,09,27,UTTAR PRADESH,LUCKNOW,UTTARPRADESH,LUCKNOW,Polygon,True,0.2305556628520045
Census 2001,data/external/datameet_districts/census_2001/2001_Dist.shp,298,Gujarat,Kheda,24,16,GUJARAT,KHEDA,GUJARAT,KHEDA,Polygon,True,0.30007596417041926
Census 2001,data/external/datameet_districts/census_2001/2001_Dist.shp,299,Assam,Kokrajhar,18,01,ASSAM,KOKRAJHAR,ASSAM,KOKRAJHAR,Polygon,True,0.33438269520991887
Census 2001,data/external/datameet_districts/census_2001/2001_Dist.shp,300,Punjab,Ludhiana,03,09,PUNJAB,LUDHIANA,PUNJAB,LUDHIANA,Polygon,True,0.3567328753105131
Census 2001,data/external/datameet_districts/census_2001/2001_Dist.shp,301,Kerala,Kollam,32,13,KERALA,KOLLAM,KERALA,KOLLAM,Polygon,True,0.20449033973867586
Census 2001,data/external/datameet_districts/census_2001/2001_Dist.shp,302,Kerala,Kottayam,32,10,KERALA,KOTTAYAM,KERALA,KOTTAYAM,Polygon,True,0.18210163792348566
Census 2001,data/external/datameet_districts/census_2001/2001_Dist.shp,303,Kerala,Kozhikode,32,04,KERALA,KOZHIKODE,KERALA,KOZHIKODE,Polygon,True,0.1931817229025744
Census 2001,data/external/datameet_districts/census_2001/2001_Dist.shp,304,Himachal Pradesh,Kullu,02,04,HIMACHAL PRADESH,KULLU,HIMACHALPRADESH,KULLU,Polygon,True,0.5254609820869437
Census 2001,data/external/datameet_districts/census_2001/2001_Dist.shp,305,Jammu and Kashmir,Kupwara,01,01,JAMMU AND KASHMIR,KUPWARA,JAMMUANDKASHMIR,KUPWARA,Polygon,True,0.19722581006771167
Census 2001,data/external/datameet_districts/census_2001/2001_Dist.shp,306,Mizoram,Lunglei,15,06,MIZORAM,LUNGLEI,MIZORAM,LUNGLEI,Polygon,True,0.397721636393783
Census 2001,data/external/datameet_districts/census_2001/2001_Dist.shp,307,Bihar,Madhubani,10,05,BIHAR,MADHUBANI,BIHAR,MADHUBANI,Polygon,True,0.31104843706523944
Census 2001,data/external/datameet_districts/census_2001/2001_Dist.shp,308,Tamil Nadu,Madurai,33,24,TAMIL NADU,MADURAI,TAMILNADU,MADURAI,Polygon,True,0.3047148050599769
Census 2001,data/external/datameet_districts/census_2001/2001_Dist.shp,309,Chhattisgarh,Mahasamund,22,12,CHHATTISGARH,MAHASAMUND,CHHATTISGARH,MAHASAMUND,Polygon,True,0.4116106144211659
Census 2001,data/external/datameet_districts/census_2001/2001_Dist.shp,310,Haryana,Kurukshetra,06,04,HARYANA,KURUKSHETRA,HARYANA,KURUKSHETRA,Polygon,True,0.1719810086428595
Census 2001,data/external/datameet_districts/census_2001/2001_Dist.shp,311,Assam,Lakhimpur,18,12,ASSAM,LAKHIMPUR,ASSAM,LAKHIMPUR,Polygon,True,0.26266948060788486
Census 2001,data/external/datameet_districts/census_2001/2001_Dist.shp,312,Bihar,Lakhisarai,10,25,BIHAR,LAKHISARAI,BIHAR,LAKHISARAI,Polygon,True,0.1133237151282073
Census 2001,data/external/datameet_districts/census_2001/2001_Dist.shp,313,Uttar Pradesh,Lalitpur,09,37,UTTAR PRADESH,LALITPUR,UTTARPRADESH,LALITPUR,Polygon,True,0.4501802001641862
Census 2001,data/external/datameet_districts/census_2001/2001_Dist.shp,314,Mizoram,Lawngtlai,15,07,MIZORAM,LAWNGTLAI,MIZORAM,LAWNGTLAI,Polygon,True,0.1751032669066035
Census 2001,data/external/datameet_districts/census_2001/2001_Dist.shp,315,Jharkhand,Lohardaga,20,15,JHARKHAND,LOHARDAGA,JHARKHAND,LOHARDAGA,Polygon,True,0.13230824522478019
Census 2001,data/external/datameet_districts/census_2001/2001_Dist.shp,316,Arunanchal Pradesh,Lower Subansiri,12,05,ARUNANCHAL PRADESH,LOWER SUBANSIRI,ARUNANCHALPRADESH,LOWERSUBANSIRI,Polygon,True,0.8491854163975006
Census 2001,data/external/datameet_districts/census_2001/2001_Dist.shp,317,Bihar,Madhepura,10,11,BIHAR,MADHEPURA,BIHAR,MADHEPURA,Polygon,True,0.16524370197450425
Census 2001,data/external/datameet_districts/census_2001/2001_Dist.shp,318,Uttar Pradesh,Mahrajganj,09,57,UTTAR PRADESH,MAHRAJGANJ,UTTARPRADESH,MAHRAJGANJ,Polygon,True,0.2640312238669621
Census 2001,data/external/datameet_districts/census_2001/2001_Dist.shp,319,Andhra Pradesh,Mahbubnagar,28,07,ANDHRA PRADESH,MAHBUBNAGAR,ANDHRAPRADESH,MAHBUBNAGAR,Polygon,True,1.5559837817322841
Census 2001,data/external/datameet_districts/census_2001/2001_Dist.shp,320,Gujarat,Mahesana,24,04,GUJARAT,MAHESANA,GUJARAT,MAHESANA,Polygon,True,0.4761179337661145
Census 2001,data/external/datameet_districts/census_2001/2001_Dist.shp,321,Uttar Pradesh,Mahoba,09,39,UTTAR PRADESH,MAHOBA,UTTARPRADESH,MAHOBA,MultiPolygon,True,0.25751995404143013
Census 2001,data/external/datameet_districts/census_2001/2001_Dist.shp,322,West Bengal,Maldah,19,06,WEST BENGAL,MALDAH,WESTBENGAL,MALDAH,Polygon,True,0.3221150218393051
Census 2001,data/external/datameet_districts/census_2001/2001_Dist.shp,323,Uttar Pradesh,Mainpuri,09,18,UTTAR PRADESH,MAINPURI,UTTARPRADESH,MAINPURI,Polygon,True,0.24586956662462178
Census 2001,data/external/datameet_districts/census_2001/2001_Dist.shp,324,Kerala,Malappuram,32,05,KERALA,MALAPPURAM,KERALA,MALAPPURAM,Polygon,True,0.29500507748294297
Census 2001,data/external/datameet_districts/census_2001/2001_Dist.shp,325,Jammu and Kashmir,Punch,01,11,JAMMU AND KASHMIR,PUNCH,JAMMUANDKASHMIR,PUNCH,Polygon,True,0.23315736642542076
Census 2001,data/external/datameet_districts/census_2001/2001_Dist.shp,326,Maharashtra,Pune,27,25,MAHARASHTRA,PUNE,MAHARASHTRA,PUNE,Polygon,True,1.339949770648721
Census 2001,data/external/datameet_districts/census_2001/2001_Dist.shp,327,Bihar,Purba Champaran,10,02,BIHAR,PURBA CHAMPARAN,BIHAR,PURBACHAMPARAN,Polygon,True,0.3606107021751505
Census 2001,data/external/datameet_districts/census_2001/2001_Dist.shp,328,Orissa,Malkangiri,21,30,ORISSA,MALKANGIRI,ORISSA,MALKANGIRI,Polygon,True,0.4972282674095947
Census 2001,data/external/datameet_districts/census_2001/2001_Dist.shp,329,Himachal Pradesh,Mandi,02,05,HIMACHAL PRADESH,MANDI,HIMACHALPRADESH,MANDI,Polygon,True,0.3760107323839452
Census 2001,data/external/datameet_districts/census_2001/2001_Dist.shp,330,Karnataka,Mysore,29,26,KARNATAKA,MYSORE,KARNATAKA,MYSORE,Polygon,True,0.5239793114334382
Census 2001,data/external/datameet_districts/census_2001/2001_Dist.shp,331,Orissa,Nabarangapur,21,28,ORISSA,NABARANGAPUR,ORISSA,NABARANGAPUR,Polygon,True,0.45616890729053394
Census 2001,data/external/datameet_districts/census_2001/2001_Dist.shp,332,West Bengal,Nadia,19,10,WEST BENGAL,NADIA,WESTBENGAL,NADIA,MultiPolygon,True,0.3463789491816018
Census 2001,data/external/datameet_districts/census_2001/2001_Dist.shp,333,Assam,Nagaon,18,10,ASSAM,NAGAON,ASSAM,NAGAON,Polygon,True,0.36078621921936743
Census 2001,data/external/datameet_districts/census_2001/2001_Dist.shp,334,Rajasthan,Nagaur,08,14,RAJASTHAN,NAGAUR,RAJASTHAN,NAGAUR,Polygon,True,1.606514004099141
Census 2001,data/external/datameet_districts/census_2001/2001_Dist.shp,335,Maharashtra,Nagpur,27,09,MAHARASHTRA,NAGPUR,MAHARASHTRA,NAGPUR,Polygon,True,0.8631244495720827
Census 2001,data/external/datameet_districts/census_2001/2001_Dist.shp,336,Uttarakhand,Nainital,05,11,UTTARAKHAND,NAINITAL,UTTARAKHAND,NAINITAL,Polygon,True,0.38453498110154
Census 2001,data/external/datameet_districts/census_2001/2001_Dist.shp,337,Punjab,Mansa,03,15,PUNJAB,MANSA,PUNJAB,MANSA,Polygon,True,0.20654167336824242
Census 2001,data/external/datameet_districts/census_2001/2001_Dist.shp,338,Assam,Marigaon,18,09,ASSAM,MARIGAON,ASSAM,MARIGAON,Polygon,True,0.13970613457487005
Census 2001,data/external/datameet_districts/census_2001/2001_Dist.shp,339,Uttar Pradesh,Mathura,09,14,UTTAR PRADESH,MATHURA,UTTARPRADESH,MATHURA,Polygon,True,0.3065925326110712
Census 2001,data/external/datameet_districts/census_2001/2001_Dist.shp,340,Uttar Pradesh,Mau,09,62,UTTAR PRADESH,MAU,UTTARPRADESH,MAU,Polygon,True,0.18616545286616343
Census 2001,data/external/datameet_districts/census_2001/2001_Dist.shp,341,Uttar Pradesh,Meerut,09,07,UTTAR PRADESH,MEERUT,UTTARPRADESH,MEERUT,Polygon,True,0.24203202281970393
Census 2001,data/external/datameet_districts/census_2001/2001_Dist.shp,342,Punjab,Moga,03,10,PUNJAB,MOGA,PUNJAB,MOGA,Polygon,True,0.15962506894019424
Census 2001,data/external/datameet_districts/census_2001/2001_Dist.shp,343,Nagaland,Mokokchung,13,03,NAGALAND,MOKOKCHUNG,NAGALAND,MOKOKCHUNG,Polygon,True,0.14535734322376426
Census 2001,data/external/datameet_districts/census_2001/2001_Dist.shp,344,Nagaland,Mon,13,01,NAGALAND,MON,NAGALAND,MON,Polygon,True,0.16704796521954507
Census 2001,data/external/datameet_districts/census_2001/2001_Dist.shp,345,Punjab,Muktsar,03,12,PUNJAB,MUKTSAR,PUNJAB,MUKTSAR,Polygon,True,0.24422312047025044
Census 2001,data/external/datameet_districts/census_2001/2001_Dist.shp,346,Maharashtra,Mumbai,27,23,MAHARASHTRA,MUMBAI,MAHARASHTRA,MUMBAI,Polygon,True,0.012803863245530159
Census 2001,data/external/datameet_districts/census_2001/2001_Dist.shp,347,Maharashtra,Mumbai (Suburban),27,22,MAHARASHTRA,MUMBAI (SUBURBAN),MAHARASHTRA,MUMBAISUBURBAN,Polygon,True,0.038865529699441695
Census 2001,data/external/datameet_districts/census_2001/2001_Dist.shp,348,Bihar,Munger,10,24,BIHAR,MUNGER,BIHAR,MUNGER,Polygon,True,0.1281436429768761
Census 2001,data/external/datameet_districts/census_2001/2001_Dist.shp,349,Bihar,Nalanda,10,27,BIHAR,NALANDA,BIHAR,NALANDA,Polygon,True,0.20903041663158256
Census 2001,data/external/datameet_districts/census_2001/2001_Dist.shp,350,Assam,Nalbari,18,07,ASSAM,NALBARI,ASSAM,NALBARI,Polygon,True,0.20443870517924953
Census 2001,data/external/datameet_districts/census_2001/2001_Dist.shp,351,Andhra Pradesh,Nalgonda,28,08,ANDHRA PRADESH,NALGONDA,ANDHRAPRADESH,NALGONDA,Polygon,True,1.1960264501853826
Census 2001,data/external/datameet_districts/census_2001/2001_Dist.shp,352,Tamil Nadu,Namakkal,33,09,TAMIL NADU,NAMAKKAL,TAMILNADU,NAMAKKAL,Polygon,True,0.28206671468577665
Census 2001,data/external/datameet_districts/census_2001/2001_Dist.shp,353,Maharashtra,Nanded,27,15,MAHARASHTRA,NANDED,MAHARASHTRA,NANDED,Polygon,True,0.9097685518648682
Census 2001,data/external/datameet_districts/census_2001/2001_Dist.shp,354,Maharashtra,Nandurbar,27,01,MAHARASHTRA,NANDURBAR,MAHARASHTRA,NANDURBAR,Polygon,True,0.5145393201931049
Census 2001,data/external/datameet_districts/census_2001/2001_Dist.shp,355,Gujarat,Narmada,24,20,GUJARAT,NARMADA,GUJARAT,NARMADA,Polygon,True,0.22487489696419724
Census 2001,data/external/datameet_districts/census_2001/2001_Dist.shp,356,Madhya Pradesh,Narsimhapur,23,40,MADHYA PRADESH,NARSIMHAPUR,MADHYAPRADESH,NARSIMHAPUR,Polygon,True,0.45284251744677256
Census 2001,data/external/datameet_districts/census_2001/2001_Dist.shp,357,Maharashtra,Nashik,27,20,MAHARASHTRA,NASHIK,MAHARASHTRA,NASHIK,Polygon,True,1.3451230339178144
Census 2001,data/external/datameet_districts/census_2001/2001_Dist.shp,358,Andhra Pradesh,Nellore,28,19,ANDHRA PRADESH,NELLORE,ANDHRAPRADESH,NELLORE,Polygon,True,1.099944174725766
Census 2001,data/external/datameet_districts/census_2001/2001_Dist.shp,359,Madhya Pradesh,Neemuch,23,18,MADHYA PRADESH,NEEMUCH,MADHYAPRADESH,NEEMUCH,Polygon,True,0.3709775834349747
Census 2001,data/external/datameet_districts/census_2001/2001_Dist.shp,360,Sikkim,North,11,01,SIKKIM,NORTH,SIKKIM,NORTH,Polygon,True,0.3900118895936034
Census 2001,data/external/datameet_districts/census_2001/2001_Dist.shp,361,West Bengal,North Twenty Four Parganas,19,11,WEST BENGAL,NORTH TWENTY FOUR PARGANAS,WESTBENGAL,NORTHTWENTYFOURPARGANAS,MultiPolygon,True,0.5090637844273669
Census 2001,data/external/datameet_districts/census_2001/2001_Dist.shp,362,Assam,North Cachar Hills,18,20,ASSAM,NORTH CACHAR HILLS,ASSAM,NORTHCACHARHILLS,Polygon,True,0.4399750769812994
Census 2001,data/external/datameet_districts/census_2001/2001_Dist.shp,363,Gujarat,Navsari,24,24,GUJARAT,NAVSARI,GUJARAT,NAVSARI,Polygon,True,0.1931437755141518
Census 2001,data/external/datameet_districts/census_2001/2001_Dist.shp,364,Bihar,Nawada,10,36,BIHAR,NAWADA,BIHAR,NAWADA,Polygon,True,0.22157199404994327
Census 2001,data/external/datameet_districts/census_2001/2001_Dist.shp,365,Punjab,Nawanshahr,03,06,PUNJAB,NAWANSHAHR,PUNJAB,NAWANSHAHR,Polygon,True,0.12300260264003329
Census 2001,data/external/datameet_districts/census_2001/2001_Dist.shp,366,Orissa,Nayagarh,21,16,ORISSA,NAYAGARH,ORISSA,NAYAGARH,Polygon,True,0.336127637328836
Census 2001,data/external/datameet_districts/census_2001/2001_Dist.shp,367,Tamil Nadu,The Nilgiris,33,11,TAMIL NADU,THE NILGIRIS,TAMILNADU,THENILGIRIS,Polygon,True,0.21162471737777455
Census 2001,data/external/datameet_districts/census_2001/2001_Dist.shp,368,Andhra Pradesh,Nizamabad,28,02,ANDHRA PRADESH,NIZAMABAD,ANDHRAPRADESH,NIZAMABAD,Polygon,True,0.6769030192070216
Census 2001,data/external/datameet_districts/census_2001/2001_Dist.shp,369,Maharashtra,Osmanabad,27,29,MAHARASHTRA,OSMANABAD,MAHARASHTRA,OSMANABAD,Polygon,True,0.6460778785107953
Census 2001,data/external/datameet_districts/census_2001/2001_Dist.shp,370,Jharkhand,Pakaur,20,10,JHARKHAND,PAKAUR,JHARKHAND,PAKAUR,Polygon,True,0.16164765954608443
Census 2001,data/external/datameet_districts/census_2001/2001_Dist.shp,371,Kerala,Palakkad,32,06,KERALA,PALAKKAD,KERALA,PALAKKAD,Polygon,True,0.3709913803017621
Census 2001,data/external/datameet_districts/census_2001/2001_Dist.shp,372,Rajasthan,Pali,08,20,RAJASTHAN,PALI,RAJASTHAN,PALI,Polygon,True,1.1112574661337187
Census 2001,data/external/datameet_districts/census_2001/2001_Dist.shp,373,Goa,North Goa,30,01,GOA,NORTH GOA,GOA,NORTHGOA,Polygon,True,0.14156435011777574
Census 2001,data/external/datameet_districts/census_2001/2001_Dist.shp,374,Tripura,North Tripura,16,04,TRIPURA,NORTH TRIPURA,TRIPURA,NORTHTRIPURA,Polygon,True,0.18165567602134106
Census 2001,data/external/datameet_districts/census_2001/2001_Dist.shp,375,Orissa,Nuapada,21,25,ORISSA,NUAPADA,ORISSA,NUAPADA,Polygon,True,0.33446419676633876
Census 2001,data/external/datameet_districts/census_2001/2001_Dist.shp,376,Haryana,Panchkula,06,01,HARYANA,PANCHKULA,HARYANA,PANCHKULA,Polygon,True,0.06957892492712686
Census 2001,data/external/datameet_districts/census_2001/2001_Dist.shp,377,Gujarat,Panch Mahals,24,17,GUJARAT,PANCH MAHALS,GUJARAT,PANCHMAHALS,Polygon,True,0.3216660701331206
Census 2001,data/external/datameet_districts/census_2001/2001_Dist.shp,378,Haryana,Panipat,06,07,HARYANA,PANIPAT,HARYANA,PANIPAT,Polygon,True,0.11393650589974617
Census 2001,data/external/datameet_districts/census_2001/2001_Dist.shp,379,Madhya Pradesh,Panna,23,10,MADHYA PRADESH,PANNA,MADHYAPRADESH,PANNA,MultiPolygon,True,0.6317511533659451
Census 2001,data/external/datameet_districts/census_2001/2001_Dist.shp,380,Maharashtra,Parbhani,27,17,MAHARASHTRA,PARBHANI,MAHARASHTRA,PARBHANI,Polygon,True,0.5447170137753485
Census 2001,data/external/datameet_districts/census_2001/2001_Dist.shp,381,Bihar,Pashchim Champaran,10,01,BIHAR,PASHCHIM CHAMPARAN,BIHAR,PASHCHIMCHAMPARAN,Polygon,True,0.47752024557177436
Census 2001,data/external/datameet_districts/census_2001/2001_Dist.shp,382,West Bengal,Medinipur,19,15,WEST BENGAL,MEDINIPUR,WESTBENGAL,MEDINIPUR,MultiPolygon,True,1.1762170836282835
Census 2001,data/external/datameet_districts/census_2001/2001_Dist.shp,383,Jharkhand,Pashchimi Singhbhum,20,17,JHARKHAND,PASHCHIMI SINGHBHUM,JHARKHAND,PASHCHIMISINGHBHUM,Polygon,True,0.8656690559238908
Census 2001,data/external/datameet_districts/census_2001/2001_Dist.shp,384,Gujarat,Patan,24,03,GUJARAT,PATAN,GUJARAT,PATAN,Polygon,True,0.491601979321947
Census 2001,data/external/datameet_districts/census_2001/2001_Dist.shp,385,Punjab,Patiala,03,17,PUNJAB,PATIALA,PUNJAB,PATIALA,MultiPolygon,True,0.34920388099399735
Census 2001,data/external/datameet_districts/census_2001/2001_Dist.shp,386,Arunanchal Pradesh,Papum Pare,12,04,ARUNANCHAL PRADESH,PAPUM PARE,ARUNANCHALPRADESH,PAPUMPARE,Polygon,True,0.344635918622378
Census 2001,data/external/datameet_districts/census_2001/2001_Dist.shp,387,Bihar,Patna,10,28,BIHAR,PATNA,BIHAR,PATNA,MultiPolygon,True,0.28750727718005803
Census 2001,data/external/datameet_districts/census_2001/2001_Dist.shp,388,Kerala,Pathanamthitta,32,12,KERALA,PATHANAMTHITTA,KERALA,PATHANAMTHITTA,Polygon,True,0.21760517374827137
Census 2001,data/external/datameet_districts/census_2001/2001_Dist.shp,389,Tamil Nadu,Perambalur,33,16,TAMIL NADU,PERAMBALUR,TAMILNADU,PERAMBALUR,Polygon,True,0.14520608315591385
Census 2001,data/external/datameet_districts/census_2001/2001_Dist.shp,390,Nagaland,Phek,13,08,NAGALAND,PHEK,NAGALAND,PHEK,Polygon,True,0.18444775923791243
Census 2001,data/external/datameet_districts/census_2001/2001_Dist.shp,391,Orissa,Kandhamal,21,21,ORISSA,KANDHAMAL,ORISSA,KANDHAMAL,Polygon,True,0.695027294236267
Census 2001,data/external/datameet_districts/census_2001/2001_Dist.shp,392,Uttar Pradesh,Pilibhit,09,21,UTTAR PRADESH,PILIBHIT,UTTARPRADESH,PILIBHIT,Polygon,True,0.33123644615924275
Census 2001,data/external/datameet_districts/census_2001/2001_Dist.shp,393,Uttarakhand,Pithoragarh,05,07,UTTARAKHAND,PITHORAGARH,UTTARAKHAND,PITHORAGARH,Polygon,True,0.6780247073813189
Census 2001,data/external/datameet_districts/census_2001/2001_Dist.shp,394,Puducherry,Pondicherry,34,02,PUDUCHERRY,PONDICHERRY,PUDUCHERRY,PONDICHERRY,MultiPolygon,True,0.024896184673470788
Census 2001,data/external/datameet_districts/census_2001/2001_Dist.shp,395,Gujarat,Porbandar,24,11,GUJARAT,PORBANDAR,GUJARAT,PORBANDAR,Polygon,True,0.1996231374329339
Census 2001,data/external/datameet_districts/census_2001/2001_Dist.shp,396,Andhra Pradesh,Prakasam,28,18,ANDHRA PRADESH,PRAKASAM,ANDHRAPRADESH,PRAKASAM,Polygon,True,1.4927575321707032
Census 2001,data/external/datameet_districts/census_2001/2001_Dist.shp,397,Uttar Pradesh,Pratapgarh,09,43,UTTAR PRADESH,PRATAPGARH,UTTARPRADESH,PRATAPGARH,Polygon,True,0.3343956750655363
Census 2001,data/external/datameet_districts/census_2001/2001_Dist.shp,398,Tamil Nadu,Pudukkottai,33,22,TAMIL NADU,PUDUKKOTTAI,TAMILNADU,PUDUKKOTTAI,MultiPolygon,True,0.38450923521482566
Census 2001,data/external/datameet_districts/census_2001/2001_Dist.shp,399,Jammu and Kashmir,Pulwama,01,05,JAMMU AND KASHMIR,PULWAMA,JAMMUANDKASHMIR,PULWAMA,Polygon,True,0.14303687559055114
Census 2001,data/external/datameet_districts/census_2001/2001_Dist.shp,400,Karnataka,Raichur,29,06,KARNATAKA,RAICHUR,KARNATAKA,RAICHUR,Polygon,True,0.7137449991406214
Census 2001,data/external/datameet_districts/census_2001/2001_Dist.shp,401,Chhattisgarh,Raigarh,22,04,CHHATTISGARH,RAIGARH,CHHATTISGARH,RAIGARH,MultiPolygon,True,0.6199636275531146
Census 2001,data/external/datameet_districts/census_2001/2001_Dist.shp,402,Chhattisgarh,Raipur,22,11,CHHATTISGARH,RAIPUR,CHHATTISGARH,RAIPUR,Polygon,True,1.081528591466162
Census 2001,data/external/datameet_districts/census_2001/2001_Dist.shp,403,Madhya Pradesh,Raisen,23,34,MADHYA PRADESH,RAISEN,MADHYAPRADESH,RAISEN,Polygon,True,0.749675476812038
Census 2001,data/external/datameet_districts/census_2001/2001_Dist.shp,404,Chhattisgarh,Rajnandgaon,22,09,CHHATTISGARH,RAJNANDGAON,CHHATTISGARH,RAJNANDGAON,Polygon,True,0.699882164506198
Census 2001,data/external/datameet_districts/census_2001/2001_Dist.shp,405,Rajasthan,Rajsamand,08,25,RAJASTHAN,RAJSAMAND,RAJASTHAN,RAJSAMAND,MultiPolygon,True,0.4302090011427865
Census 2001,data/external/datameet_districts/census_2001/2001_Dist.shp,406,Jammu and Kashmir,Rajauri,01,12,JAMMU AND KASHMIR,RAJAURI,JAMMUANDKASHMIR,RAJAURI,Polygon,True,0.186792324641762
Census 2001,data/external/datameet_districts/census_2001/2001_Dist.shp,407,Madhya Pradesh,Rajgarh,23,30,MADHYA PRADESH,RAJGARH,MADHYAPRADESH,RAJGARH,Polygon,True,0.5430624689324561
Census 2001,data/external/datameet_districts/census_2001/2001_Dist.shp,408,Gujarat,Rajkot,24,09,GUJARAT,RAJKOT,GUJARAT,RAJKOT,Polygon,True,0.98111261238401
Census 2001,data/external/datameet_districts/census_2001/2001_Dist.shp,409,Tamil Nadu,Ramanathapuram,33,27,TAMIL NADU,RAMANATHAPURAM,TAMILNADU,RAMANATHAPURAM,Polygon,True,0.3250090761343032
Census 2001,data/external/datameet_districts/census_2001/2001_Dist.shp,410,Uttar Pradesh,Rampur,09,05,UTTAR PRADESH,RAMPUR,UTTARPRADESH,RAMPUR,Polygon,True,0.2377341405559874
Census 2001,data/external/datameet_districts/census_2001/2001_Dist.shp,411,Mizoram,Saiha,15,08,MIZORAM,SAIHA,MIZORAM,SAIHA,Polygon,True,0.17299996118316327
Census 2001,data/external/datameet_districts/census_2001/2001_Dist.shp,412,Tamil Nadu,Salem,33,08,TAMIL NADU,SALEM,TAMILNADU,SALEM,Polygon,True,0.43264037705234293
Census 2001,data/external/datameet_districts/census_2001/2001_Dist.shp,413,Bihar,Samastipur,10,19,BIHAR,SAMASTIPUR,BIHAR,SAMASTIPUR,Polygon,True,0.2611080151048071
Census 2001,data/external/datameet_districts/census_2001/2001_Dist.shp,414,Orissa,Sambalpur,21,03,ORISSA,SAMBALPUR,ORISSA,SAMBALPUR,Polygon,True,0.586061640328522
Census 2001,data/external/datameet_districts/census_2001/2001_Dist.shp,415,Maharashtra,Sangli,27,35,MAHARASHTRA,SANGLI,MAHARASHTRA,SANGLI,Polygon,True,0.7270371509740655
Census 2001,data/external/datameet_districts/census_2001/2001_Dist.shp,416,Punjab,Sangrur,03,16,PUNJAB,SANGRUR,PUNJAB,SANGRUR,Polygon,True,0.47663908054257226
Census 2001,data/external/datameet_districts/census_2001/2001_Dist.shp,417,Uttar Pradesh,Sant Ravidas Nagar Bhadohi,09,68,UTTAR PRADESH,SANT RAVIDAS NAGAR BHADOHI,UTTARPRADESH,SANTRAVIDASNAGARBHADOHI,Polygon,True,0.09040675879558153
Census 2001,data/external/datameet_districts/census_2001/2001_Dist.shp,418,Maharashtra,Satara,27,31,MAHARASHTRA,SATARA,MAHARASHTRA,SATARA,Polygon,True,0.8947430600846019
Census 2001,data/external/datameet_districts/census_2001/2001_Dist.shp,419,Madhya Pradesh,Satna,23,13,MADHYA PRADESH,SATNA,MADHYAPRADESH,SATNA,Polygon,True,0.6680241472780449
Census 2001,data/external/datameet_districts/census_2001/2001_Dist.shp,420,Uttar Pradesh,Sant Kabir Nagar,09,56,UTTAR PRADESH,SANT KABIR NAGAR,UTTARPRADESH,SANTKABIRNAGAR,Polygon,True,0.14512441634140077
Census 2001,data/external/datameet_districts/census_2001/2001_Dist.shp,421,Rajasthan,Sawai Madhopur,08,10,RAJASTHAN,SAWAI MADHOPUR,RAJASTHAN,SAWAIMADHOPUR,Polygon,True,0.454965312450217
Census 2001,data/external/datameet_districts/census_2001/2001_Dist.shp,422,Madhya Pradesh,Sehore,23,33,MADHYA PRADESH,SEHORE,MADHYAPRADESH,SEHORE,Polygon,True,0.5785097839089014
Census 2001,data/external/datameet_districts/census_2001/2001_Dist.shp,423,Manipur,Senapati (Excl. 3 sub-divisions),14,01,MANIPUR,SENAPATI (EXCL. 3 SUB-DIVISIONS),MANIPUR,SENAPATIEXCL3SUBDIVISIONS,Polygon,True,0.311927149309033
Census 2001,data/external/datameet_districts/census_2001/2001_Dist.shp,424,Madhya Pradesh,Seoni,23,44,MADHYA PRADESH,SEONI,MADHYAPRADESH,SEONI,Polygon,True,0.7671744868033956
Census 2001,data/external/datameet_districts/census_2001/2001_Dist.shp,425,Mizoram,Serchhip,15,05,MIZORAM,SERCHHIP,MIZORAM,SERCHHIP,Polygon,True,0.10161370168886025
Census 2001,data/external/datameet_districts/census_2001/2001_Dist.shp,426,Uttar Pradesh,Shahjahanpur,09,22,UTTAR PRADESH,SHAHJAHANPUR,UTTARPRADESH,SHAHJAHANPUR,Polygon,True,0.42677979905167257
Census 2001,data/external/datameet_districts/census_2001/2001_Dist.shp,427,Madhya Pradesh,Shajapur,23,22,MADHYA PRADESH,SHAJAPUR,MADHYAPRADESH,SHAJAPUR,Polygon,True,0.5572315000942978
Census 2001,data/external/datameet_districts/census_2001/2001_Dist.shp,428,Bihar,Sheikhpura,10,26,BIHAR,SHEIKHPURA,BIHAR,SHEIKHPURA,Polygon,True,0.05716858511287637
Census 2001,data/external/datameet_districts/census_2001/2001_Dist.shp,429,Bihar,Sheohar,10,03,BIHAR,SHEOHAR,BIHAR,SHEOHAR,Polygon,True,0.02609492307007553
Census 2001,data/external/datameet_districts/census_2001/2001_Dist.shp,430,Himachal Pradesh,Shimla,02,11,HIMACHAL PRADESH,SHIMLA,HIMACHALPRADESH,SHIMLA,Polygon,True,0.4863976419857665
Census 2001,data/external/datameet_districts/census_2001/2001_Dist.shp,431,Karnataka,Shimoga,29,15,KARNATAKA,SHIMOGA,KARNATAKA,SHIMOGA,Polygon,True,0.7066254722609953
Census 2001,data/external/datameet_districts/census_2001/2001_Dist.shp,432,Madhya Pradesh,Shivpuri,23,06,MADHYA PRADESH,SHIVPURI,MADHYAPRADESH,SHIVPURI,Polygon,True,0.9362324841361527
Census 2001,data/external/datameet_districts/census_2001/2001_Dist.shp,433,Uttar Pradesh,Shrawasti,09,51,UTTAR PRADESH,SHRAWASTI,UTTARPRADESH,SHRAWASTI,Polygon,True,0.229070707066563
Census 2001,data/external/datameet_districts/census_2001/2001_Dist.shp,434,Jharkhand,Ranchi,20,14,JHARKHAND,RANCHI,JHARKHAND,RANCHI,Polygon,True,0.673955082409316
Census 2001,data/external/datameet_districts/census_2001/2001_Dist.shp,435,Andhra Pradesh,Rangareddi,28,06,ANDHRA PRADESH,RANGAREDDI,ANDHRAPRADESH,RANGAREDDI,Polygon,True,0.6417892949996667
Census 2001,data/external/datameet_districts/census_2001/2001_Dist.shp,436,Madhya Pradesh,Ratlam,23,20,MADHYA PRADESH,RATLAM,MADHYAPRADESH,RATLAM,Polygon,True,0.42659074733916935
Census 2001,data/external/datameet_districts/census_2001/2001_Dist.shp,437,Maharashtra,Ratnagiri,27,32,MAHARASHTRA,RATNAGIRI,MAHARASHTRA,RATNAGIRI,MultiPolygon,True,0.702037230450548
Census 2001,data/external/datameet_districts/census_2001/2001_Dist.shp,438,Orissa,Rayagada,21,27,ORISSA,RAYAGADA,ORISSA,RAYAGADA,Polygon,True,0.6332096973695834
Census 2001,data/external/datameet_districts/census_2001/2001_Dist.shp,439,Maharashtra,Raigarh,27,24,MAHARASHTRA,RAIGARH,MAHARASHTRA,RAIGARH,Polygon,True,0.6123086570505543
Census 2001,data/external/datameet_districts/census_2001/2001_Dist.shp,440,Madhya Pradesh,Rewa,23,14,MADHYA PRADESH,REWA,MADHYAPRADESH,REWA,Polygon,True,0.5630324323637024
Census 2001,data/external/datameet_districts/census_2001/2001_Dist.shp,441,Meghalaya,Ri Bhoi,17,05,MEGHALAYA,RI BHOI,MEGHALAYA,RIBHOI,Polygon,True,0.21795828923811833
Census 2001,data/external/datameet_districts/census_2001/2001_Dist.shp,442,Haryana,Rohtak,06,14,HARYANA,ROHTAK,HARYANA,ROHTAK,Polygon,True,0.15874211909236802
Census 2001,data/external/datameet_districts/census_2001/2001_Dist.shp,443,Uttarakhand,Rudraprayag,05,03,UTTARAKHAND,RUDRAPRAYAG,UTTARAKHAND,RUDRAPRAYAG,Polygon,True,0.1727110988918735
Census 2001,data/external/datameet_districts/census_2001/2001_Dist.shp,444,Punjab,Rupnagar,03,07,PUNJAB,RUPNAGAR,PUNJAB,RUPNAGAR,Polygon,True,0.19798667664057976
Census 2001,data/external/datameet_districts/census_2001/2001_Dist.shp,445,Gujarat,Sabar Kantha,24,05,GUJARAT,SABAR KANTHA,GUJARAT,SABARKANTHA,Polygon,True,0.6572595277441358
Census 2001,data/external/datameet_districts/census_2001/2001_Dist.shp,446,Madhya Pradesh,Sagar,23,11,MADHYA PRADESH,SAGAR,MADHYAPRADESH,SAGAR,Polygon,True,0.9087511396112011
Census 2001,data/external/datameet_districts/census_2001/2001_Dist.shp,447,Uttar Pradesh,Saharanpur,09,01,UTTAR PRADESH,SAHARANPUR,UTTARPRADESH,SAHARANPUR,Polygon,True,0.34809258701658924
Census 2001,data/external/datameet_districts/census_2001/2001_Dist.shp,448,Bihar,Saharsa,10,12,BIHAR,SAHARSA,BIHAR,SAHARSA,Polygon,True,0.15181261601988838
Census 2001,data/external/datameet_districts/census_2001/2001_Dist.shp,449,Jharkhand,Sahibganj,20,09,JHARKHAND,SAHIBGANJ,JHARKHAND,SAHIBGANJ,Polygon,True,0.1960963980113389
Census 2001,data/external/datameet_districts/census_2001/2001_Dist.shp,450,Himachal Pradesh,Sirmaur,02,10,HIMACHAL PRADESH,SIRMAUR,HIMACHALPRADESH,SIRMAUR,Polygon,True,0.2647333013632042
Census 2001,data/external/datameet_districts/census_2001/2001_Dist.shp,451,Rajasthan,Sirohi,08,19,RAJASTHAN,SIROHI,RAJASTHAN,SIROHI,MultiPolygon,True,0.46049495219991904
Census 2001,data/external/datameet_districts/census_2001/2001_Dist.shp,452,Haryana,Sirsa,06,11,HARYANA,SIRSA,HARYANA,SIRSA,Polygon,True,0.39489307831190495
Census 2001,data/external/datameet_districts/census_2001/2001_Dist.shp,453,Bihar,Sitamarhi,10,04,BIHAR,SITAMARHI,BIHAR,SITAMARHI,Polygon,True,0.21114997880414843
Census 2001,data/external/datameet_districts/census_2001/2001_Dist.shp,454,Uttar Pradesh,Sitapur,09,24,UTTAR PRADESH,SITAPUR,UTTARPRADESH,SITAPUR,Polygon,True,0.5279395543416363
Census 2001,data/external/datameet_districts/census_2001/2001_Dist.shp,455,Tamil Nadu,Sivaganga,33,23,TAMIL NADU,SIVAGANGA,TAMILNADU,SIVAGANGA,Polygon,True,0.35066936017095607
Census 2001,data/external/datameet_districts/census_2001/2001_Dist.shp,456,Bihar,Siwan,10,16,BIHAR,SIWAN,BIHAR,SIWAN,Polygon,True,0.20067391220126055
Census 2001,data/external/datameet_districts/census_2001/2001_Dist.shp,457,Tripura,South Tripura,16,02,TRIPURA,SOUTH TRIPURA,TRIPURA,SOUTHTRIPURA,Polygon,True,0.277645651636869
Census 2001,data/external/datameet_districts/census_2001/2001_Dist.shp,458,Jammu and Kashmir,Srinagar,01,03,JAMMU AND KASHMIR,SRINAGAR,JAMMUANDKASHMIR,SRINAGAR,Polygon,True,0.20045165187161157
Census 2001,data/external/datameet_districts/census_2001/2001_Dist.shp,459,Uttar Pradesh,Sultanpur,09,49,UTTAR PRADESH,SULTANPUR,UTTARPRADESH,SULTANPUR,Polygon,True,0.3990748060555044
Census 2001,data/external/datameet_districts/census_2001/2001_Dist.shp,460,Orissa,Sundargarh,21,05,ORISSA,SUNDARGARH,ORISSA,SUNDARGARH,Polygon,True,0.8503514260175489
Census 2001,data/external/datameet_districts/census_2001/2001_Dist.shp,461,Bihar,Supaul,10,06,BIHAR,SUPAUL,BIHAR,SUPAUL,Polygon,True,0.21662983260549604
Census 2001,data/external/datameet_districts/census_2001/2001_Dist.shp,462,Gujarat,Surendranagar,24,08,GUJARAT,SURENDRANAGAR,GUJARAT,SURENDRANAGAR,Polygon,True,0.9236867980382553
Census 2001,data/external/datameet_districts/census_2001/2001_Dist.shp,463,Chhattisgarh,Surguja,22,02,CHHATTISGARH,SURGUJA,CHHATTISGARH,SURGUJA,Polygon,True,1.3890396389610686
Census 2001,data/external/datameet_districts/census_2001/2001_Dist.shp,464,Manipur,Tamenglong,14,02,MANIPUR,TAMENGLONG,MANIPUR,TAMENGLONG,Polygon,True,0.3748373142399662
Census 2001,data/external/datameet_districts/census_2001/2001_Dist.shp,465,Arunanchal Pradesh,Tawang,12,01,ARUNANCHAL PRADESH,TAWANG,ARUNANCHALPRADESH,TAWANG,Polygon,True,0.21562393140055303
Census 2001,data/external/datameet_districts/census_2001/2001_Dist.shp,466,Uttarakhand,Tehri Garhwal,05,04,UTTARAKHAND,TEHRI GARHWAL,UTTARAKHAND,TEHRIGARHWAL,Polygon,True,0.3634158890916275
Census 2001,data/external/datameet_districts/census_2001/2001_Dist.shp,467,Maharashtra,Thane,27,21,MAHARASHTRA,THANE,MAHARASHTRA,THANE,MultiPolygon,True,0.8199166569014511
Census 2001,data/external/datameet_districts/census_2001/2001_Dist.shp,468,Tamil Nadu,Tiruchirappalli,33,15,TAMIL NADU,TIRUCHIRAPPALLI,TAMILNADU,TIRUCHIRAPPALLI,Polygon,True,0.37297055468735957
Census 2001,data/external/datameet_districts/census_2001/2001_Dist.shp,469,Tamil Nadu,Tirunelveli,33,29,TAMIL NADU,TIRUNELVELI,TAMILNADU,TIRUNELVELI,Polygon,True,0.5588566162269976
Census 2001,data/external/datameet_districts/census_2001/2001_Dist.shp,470,Tamil Nadu,Tiruvannamalai,33,06,TAMIL NADU,TIRUVANNAMALAI,TAMILNADU,TIRUVANNAMALAI,Polygon,True,0.5142908019274909
Census 2001,data/external/datameet_districts/census_2001/2001_Dist.shp,471,Rajasthan,Tonk,08,22,RAJASTHAN,TONK,RAJASTHAN,TONK,Polygon,True,0.6544670950793577
Census 2001,data/external/datameet_districts/census_2001/2001_Dist.shp,472,Kerala,Thrissur,32,07,KERALA,THRISSUR,KERALA,THRISSUR,Polygon,True,0.24994358935122404
Census 2001,data/external/datameet_districts/census_2001/2001_Dist.shp,473,Nagaland,Tuensang,13,02,NAGALAND,TUENSANG,NAGALAND,TUENSANG,Polygon,True,0.37755110990729096
Census 2001,data/external/datameet_districts/census_2001/2001_Dist.shp,474,Karnataka,Tumkur,29,18,KARNATAKA,TUMKUR,KARNATAKA,TUMKUR,MultiPolygon,True,0.8863304097613395
Census 2001,data/external/datameet_districts/census_2001/2001_Dist.shp,475,Tamil Nadu,Thoothukkudi,33,28,TAMIL NADU,THOOTHUKKUDI,TAMILNADU,THOOTHUKKUDI,MultiPolygon,True,0.3807961624802997
Census 2001,data/external/datameet_districts/census_2001/2001_Dist.shp,476,Uttarakhand,Udham Singh Nagar,05,12,UTTARAKHAND,UDHAM SINGH NAGAR,UTTARAKHAND,UDHAMSINGHNAGAR,Polygon,True,0.2549851331184791
Census 2001,data/external/datameet_districts/census_2001/2001_Dist.shp,477,Tamil Nadu,Theni,33,25,TAMIL NADU,THENI,TAMILNADU,THENI,Polygon,True,0.2352302517535993
Census 2001,data/external/datameet_districts/census_2001/2001_Dist.shp,478,Gujarat,The Dangs,24,23,GUJARAT,THE DANGS,GUJARAT,THEDANGS,MultiPolygon,True,0.15301263252495034
Census 2001,data/external/datameet_districts/census_2001/2001_Dist.shp,479,Himachal Pradesh,Solan,02,09,HIMACHAL PRADESH,SOLAN,HIMACHALPRADESH,SOLAN,Polygon,True,0.1851074420151077
Census 2001,data/external/datameet_districts/census_2001/2001_Dist.shp,480,Maharashtra,Solapur,27,30,MAHARASHTRA,SOLAPUR,MAHARASHTRA,SOLAPUR,Polygon,True,1.2700705198739453
Census 2001,data/external/datameet_districts/census_2001/2001_Dist.shp,481,Orissa,Sonapur,21,23,ORISSA,SONAPUR,ORISSA,SONAPUR,Polygon,True,0.20461285025231643
Census 2001,data/external/datameet_districts/census_2001/2001_Dist.shp,482,Uttar Pradesh,Sonbhadra,09,70,UTTAR PRADESH,SONBHADRA,UTTARPRADESH,SONBHADRA,Polygon,True,0.6035751287728492
Census 2001,data/external/datameet_districts/census_2001/2001_Dist.shp,483,Haryana,Sonipat,06,08,HARYANA,SONIPAT,HARYANA,SONIPAT,Polygon,True,0.20533598929512
Census 2001,data/external/datameet_districts/census_2001/2001_Dist.shp,484,Assam,Sonitpur,18,11,ASSAM,SONITPUR,ASSAM,SONITPUR,Polygon,True,0.4796694252300911
Census 2001,data/external/datameet_districts/census_2001/2001_Dist.shp,485,Sikkim,South,11,03,SIKKIM,SOUTH,SIKKIM,SOUTH,Polygon,True,0.06663510128422298
Census 2001,data/external/datameet_districts/census_2001/2001_Dist.shp,486,West Bengal,South  Twenty Four Parganas,19,18,WEST BENGAL,SOUTH TWENTY FOUR PARGANAS,WESTBENGAL,SOUTHTWENTYFOURPARGANAS,MultiPolygon,True,0.48795072162844266
Census 2001,data/external/datameet_districts/census_2001/2001_Dist.shp,487,Meghalaya,South Garo Hills,17,03,MEGHALAYA,SOUTH GARO HILLS,MEGHALAYA,SOUTHGAROHILLS,Polygon,True,0.17233714115405913
Census 2001,data/external/datameet_districts/census_2001/2001_Dist.shp,488,Goa,South Goa,30,02,GOA,SOUTH GOA,GOA,SOUTHGOA,MultiPolygon,True,0.16392713783386073
Census 2001,data/external/datameet_districts/census_2001/2001_Dist.shp,489,Andhra Pradesh,Srikakulam,28,11,ANDHRA PRADESH,SRIKAKULAM,ANDHRAPRADESH,SRIKAKULAM,Polygon,True,0.5410784875516923
Census 2001,data/external/datameet_districts/census_2001/2001_Dist.shp,490,Assam,Sibsagar,18,16,ASSAM,SIBSAGAR,ASSAM,SIBSAGAR,Polygon,True,0.23958781772538967
Census 2001,data/external/datameet_districts/census_2001/2001_Dist.shp,491,Uttar Pradesh,Siddharthnagar,09,54,UTTAR PRADESH,SIDDHARTHNAGAR,UTTARPRADESH,SIDDHARTHNAGAR,Polygon,True,0.25812018335800896
Census 2001,data/external/datameet_districts/census_2001/2001_Dist.shp,492,Madhya Pradesh,Sidhi,23,17,MADHYA PRADESH,SIDHI,MADHYAPRADESH,SIDHI,Polygon,True,0.9380916507829037
Census 2001,data/external/datameet_districts/census_2001/2001_Dist.shp,493,Rajasthan,Sikar,08,13,RAJASTHAN,SIKAR,RAJASTHAN,SIKAR,Polygon,True,0.7036178436223886
Census 2001,data/external/datameet_districts/census_2001/2001_Dist.shp,494,Maharashtra,Sindhudurg,27,33,MAHARASHTRA,SINDHUDURG,MAHARASHTRA,SINDHUDURG,MultiPolygon,True,0.4284804990422999
Census 2001,data/external/datameet_districts/census_2001/2001_Dist.shp,495,Kerala,Thiruvananthapuram,32,14,KERALA,THIRUVANANTHAPURAM,KERALA,THIRUVANANTHAPURAM,Polygon,True,0.17901268114346747
Census 2001,data/external/datameet_districts/census_2001/2001_Dist.shp,496,Manipur,Thoubal,14,05,MANIPUR,THOUBAL,MANIPUR,THOUBAL,Polygon,True,0.0635667201150444
Census 2001,data/external/datameet_districts/census_2001/2001_Dist.shp,497,Assam,Tinsukia,18,14,ASSAM,TINSUKIA,ASSAM,TINSUKIA,Polygon,True,0.3468074098418791
Census 2001,data/external/datameet_districts/census_2001/2001_Dist.shp,498,Arunanchal Pradesh,Tirap,12,13,ARUNANCHAL PRADESH,TIRAP,ARUNANCHALPRADESH,TIRAP,Polygon,True,0.18457478560936552
Census 2001,data/external/datameet_districts/census_2001/2001_Dist.shp,499,Meghalaya,West Garo Hills,17,01,MEGHALAYA,WEST GARO HILLS,MEGHALAYA,WESTGAROHILLS,Polygon,True,0.3006057690287853
Census 2001,data/external/datameet_districts/census_2001/2001_Dist.shp,500,Andhra Pradesh,West Godavari,28,15,ANDHRA PRADESH,WEST GODAVARI,ANDHRAPRADESH,WESTGODAVARI,Polygon,True,0.6588864343568502
Census 2001,data/external/datameet_districts/census_2001/2001_Dist.shp,501,Arunanchal Pradesh,West Kameng,12,02,ARUNANCHAL PRADESH,WEST KAMENG,ARUNANCHALPRADESH,WESTKAMENG,Polygon,True,0.48011257212539354
Census 2001,data/external/datameet_districts/census_2001/2001_Dist.shp,502,Meghalaya,West Khasi Hills,17,04,MEGHALAYA,WEST KHASI HILLS,MEGHALAYA,WESTKHASIHILLS,Polygon,True,0.469442346432345
Census 2001,data/external/datameet_districts/census_2001/2001_Dist.shp,503,Arunanchal Pradesh,West Siang,12,07,ARUNANCHAL PRADESH,WEST SIANG,ARUNANCHALPRADESH,WESTSIANG,Polygon,True,0.7305251623249883
Census 2001,data/external/datameet_districts/census_2001/2001_Dist.shp,504,Jammu and Kashmir,Udhampur,01,10,JAMMU AND KASHMIR,UDHAMPUR,JAMMUANDKASHMIR,UDHAMPUR,Polygon,True,0.4521025827621858
Census 2001,data/external/datameet_districts/census_2001/2001_Dist.shp,505,Karnataka,Udupi,29,16,KARNATAKA,UDUPI,KARNATAKA,UDUPI,Polygon,True,0.3227714859232479
Census 2001,data/external/datameet_districts/census_2001/2001_Dist.shp,506,Madhya Pradesh,Ujjain,23,21,MADHYA PRADESH,UJJAIN,MADHYAPRADESH,UJJAIN,Polygon,True,0.5378789275959965
Census 2001,data/external/datameet_districts/census_2001/2001_Dist.shp,507,Manipur,Ukhrul,14,08,MANIPUR,UKHRUL,MANIPUR,UKHRUL,Polygon,True,0.3985143676985464
Census 2001,data/external/datameet_districts/census_2001/2001_Dist.shp,508,Himachal Pradesh,Una,02,07,HIMACHAL PRADESH,UNA,HIMACHALPRADESH,UNA,Polygon,True,0.14637252446794086
Census 2001,data/external/datameet_districts/census_2001/2001_Dist.shp,509,Uttar Pradesh,Unnao,09,26,UTTAR PRADESH,UNNAO,UTTARPRADESH,UNNAO,Polygon,True,0.4166402319035789
Census 2001,data/external/datameet_districts/census_2001/2001_Dist.shp,510,Karnataka,Uttara Kannada,29,10,KARNATAKA,UTTARA KANNADA,KARNATAKA,UTTARAKANNADA,MultiPolygon,True,0.8555923060464129
Census 2001,data/external/datameet_districts/census_2001/2001_Dist.shp,511,Arunanchal Pradesh,Upper Siang,12,09,ARUNANCHAL PRADESH,UPPER SIANG,ARUNANCHALPRADESH,UPPERSIANG,Polygon,True,0.6256322332183181
Census 2001,data/external/datameet_districts/census_2001/2001_Dist.shp,512,Arunanchal Pradesh,Upper Subansiri,12,06,ARUNANCHAL PRADESH,UPPER SUBANSIRI,ARUNANCHALPRADESH,UPPERSUBANSIRI,Polygon,True,0.5902267029499604
Census 2001,data/external/datameet_districts/census_2001/2001_Dist.shp,513,Uttarakhand,Uttarkashi,05,01,UTTARAKHAND,UTTARKASHI,UTTARAKHAND,UTTARKASHI,Polygon,True,0.7605567012096123
Census 2001,data/external/datameet_districts/census_2001/2001_Dist.shp,514,Gujarat,Vadodara,24,19,GUJARAT,VADODARA,GUJARAT,VADODARA,MultiPolygon,True,0.6800703513049163
Census 2001,data/external/datameet_districts/census_2001/2001_Dist.shp,515,Gujarat,Valsad,24,25,GUJARAT,VALSAD,GUJARAT,VALSAD,Polygon,True,0.2596460722735177
Census 2001,data/external/datameet_districts/census_2001/2001_Dist.shp,516,Uttar Pradesh,Varanasi,09,67,UTTAR PRADESH,VARANASI,UTTARPRADESH,VARANASI,Polygon,True,0.13899237330387423
Census 2001,data/external/datameet_districts/census_2001/2001_Dist.shp,517,Tamil Nadu,Vellore,33,04,TAMIL NADU,VELLORE,TAMILNADU,VELLORE,Polygon,True,0.5054087949210052
Census 2001,data/external/datameet_districts/census_2001/2001_Dist.shp,518,Madhya Pradesh,Vidisha,23,31,MADHYA PRADESH,VIDISHA,MADHYAPRADESH,VIDISHA,Polygon,True,0.6478164358433891
Census 2001,data/external/datameet_districts/census_2001/2001_Dist.shp,519,Tamil Nadu,Viluppuram,33,07,TAMIL NADU,VILUPPURAM,TAMILNADU,VILUPPURAM,Polygon,True,0.596513200068953
Census 2001,data/external/datameet_districts/census_2001/2001_Dist.shp,520,Tamil Nadu,Virudhunagar,33,26,TAMIL NADU,VIRUDHUNAGAR,TAMILNADU,VIRUDHUNAGAR,MultiPolygon,True,0.361117095095117
Census 2001,data/external/datameet_districts/census_2001/2001_Dist.shp,521,Bihar,Vaishali,10,18,BIHAR,VAISHALI,BIHAR,VAISHALI,Polygon,True,0.18032515600381657
Census 2001,data/external/datameet_districts/census_2001/2001_Dist.shp,522,Andhra Pradesh,Visakhapatnam,28,13,ANDHRA PRADESH,VISAKHAPATNAM,ANDHRAPRADESH,VISAKHAPATNAM,Polygon,True,0.9747894241459045
Census 2001,data/external/datameet_districts/census_2001/2001_Dist.shp,523,Andhra Pradesh,Vizianagaram,28,12,ANDHRA PRADESH,VIZIANAGARAM,ANDHRAPRADESH,VIZIANAGARAM,Polygon,True,0.478519180112816
Census 2001,data/external/datameet_districts/census_2001/2001_Dist.shp,524,Andhra Pradesh,Warangal,28,09,ANDHRA PRADESH,WARANGAL,ANDHRAPRADESH,WARANGAL,MultiPolygon,True,1.092245296532726
Census 2001,data/external/datameet_districts/census_2001/2001_Dist.shp,525,Maharashtra,Wardha,27,08,MAHARASHTRA,WARDHA,MAHARASHTRA,WARDHA,Polygon,True,0.5473822935261758
Census 2001,data/external/datameet_districts/census_2001/2001_Dist.shp,526,Maharashtra,Washim,27,06,MAHARASHTRA,WASHIM,MAHARASHTRA,WASHIM,Polygon,True,0.4491924857581085
Census 2001,data/external/datameet_districts/census_2001/2001_Dist.shp,527,Kerala,Wayanad,32,03,KERALA,WAYANAD,KERALA,WAYANAD,Polygon,True,0.1766077746069173
Census 2001,data/external/datameet_districts/census_2001/2001_Dist.shp,528,Sikkim,West,11,02,SIKKIM,WEST,SIKKIM,WEST,Polygon,True,0.10945477695509222
Census 2001,data/external/datameet_districts/census_2001/2001_Dist.shp,529,West Bengal,Uttar Dinajpur,19,04,WEST BENGAL,UTTAR DINAJPUR,WESTBENGAL,UTTARDINAJPUR,Polygon,True,0.290578065070714
Census 2001,data/external/datameet_districts/census_2001/2001_Dist.shp,530,Madhya Pradesh,West Nimar,23,27,MADHYA PRADESH,WEST NIMAR,MADHYAPRADESH,WESTNIMAR,Polygon,True,0.7043111801289653
Census 2001,data/external/datameet_districts/census_2001/2001_Dist.shp,531,Tripura,West Tripura,16,01,TRIPURA,WEST TRIPURA,TRIPURA,WESTTRIPURA,Polygon,True,0.26553134348933716
Census 2001,data/external/datameet_districts/census_2001/2001_Dist.shp,532,Nagaland,Wokha,13,05,NAGALAND,WOKHA,NAGALAND,WOKHA,Polygon,True,0.14684247106285656
Census 2001,data/external/datameet_districts/census_2001/2001_Dist.shp,533,Haryana,Yamunanagar,06,03,HARYANA,YAMUNANAGAR,HARYANA,YAMUNANAGAR,Polygon,True,0.12251433881250486
Census 2001,data/external/datameet_districts/census_2001/2001_Dist.shp,534,Puducherry,Yanam,34,01,PUDUCHERRY,YANAM,PUDUCHERRY,YANAM,Polygon,True,0.0032047507628784407
Census 2001,data/external/datameet_districts/census_2001/2001_Dist.shp,535,Maharashtra,Yavatmal,27,14,MAHARASHTRA,YAVATMAL,MAHARASHTRA,YAVATMAL,Polygon,True,1.168585188089397
Census 2001,data/external/datameet_districts/census_2001/2001_Dist.shp,536,Nagaland,Zunheboto,13,04,NAGALAND,ZUNHEBOTO,NAGALAND,ZUNHEBOTO,Polygon,True,0.1136307227964361
Census 2001,data/external/datameet_districts/census_2001/2001_Dist.shp,537,Delhi  & NCR,Central,07,06,DELHI & NCR,CENTRAL,DELHINCR,CENTRAL,Polygon,True,0.00139360514078094
Census 2001,data/external/datameet_districts/census_2001/2001_Dist.shp,538,Delhi  & NCR,East,07,04,DELHI & NCR,EAST,DELHINCR,EAST,Polygon,True,0.0060222723485194325
Census 2001,data/external/datameet_districts/census_2001/2001_Dist.shp,539,Delhi  & NCR,New Delhi,07,05,DELHI & NCR,NEW DELHI,DELHINCR,NEWDELHI,Polygon,True,0.0035520312287240056
Census 2001,data/external/datameet_districts/census_2001/2001_Dist.shp,540,Delhi  & NCR,North,07,02,DELHI & NCR,NORTH,DELHINCR,NORTH,Polygon,True,0.0063788640824329395
Census 2001,data/external/datameet_districts/census_2001/2001_Dist.shp,541,Delhi  & NCR,North East,07,03,DELHI & NCR,NORTH EAST,DELHINCR,NORTHEAST,Polygon,True,0.005773576462149358
Census 2001,data/external/datameet_districts/census_2001/2001_Dist.shp,542,Haryana,Jhajjar,06,15,HARYANA,JHAJJAR,HARYANA,JHAJJAR,Polygon,True,0.19906181078656554
Census 2001,data/external/datameet_districts/census_2001/2001_Dist.shp,543,Haryana,Mahendragarh,06,16,HARYANA,MAHENDRAGARH,HARYANA,MAHENDRAGARH,Polygon,True,0.15738511500949398
Census 2001,data/external/datameet_districts/census_2001/2001_Dist.shp,544,Haryana,Rewari,06,17,HARYANA,REWARI,HARYANA,REWARI,Polygon,True,0.11562979590773234
Census 2001,data/external/datameet_districts/census_2001/2001_Dist.shp,545,Madhya Pradesh,Morena,23,02,MADHYA PRADESH,MORENA,MADHYAPRADESH,MORENA,Polygon,True,0.4510090843217167
Census 2001,data/external/datameet_districts/census_2001/2001_Dist.shp,546,Madhya Pradesh,Sheopur,23,01,MADHYA PRADESH,SHEOPUR,MADHYAPRADESH,SHEOPUR,Polygon,True,0.5887842256807406
Census 2001,data/external/datameet_districts/census_2001/2001_Dist.shp,547,Rajasthan,Alwar,08,06,RAJASTHAN,ALWAR,RAJASTHAN,ALWAR,MultiPolygon,True,0.7593090268414264
Census 2001,data/external/datameet_districts/census_2001/2001_Dist.shp,548,Jharkhand,Garhwa,20,01,JHARKHAND,GARHWA,JHARKHAND,GARHWA,Polygon,True,0.3642924401550325
Census 2001,data/external/datameet_districts/census_2001/2001_Dist.shp,549,Jharkhand,Palamu,20,02,JHARKHAND,PALAMU,JHARKHAND,PALAMU,Polygon,True,0.7694979877152658
Census 2001,data/external/datameet_districts/census_2001/2001_Dist.shp,550,Jharkhand,Chatra,20,03,JHARKHAND,CHATRA,JHARKHAND,CHATRA,MultiPolygon,True,0.3334193395422274
Census 2001,data/external/datameet_districts/census_2001/2001_Dist.shp,551,Jharkhand,Hazaribagh,20,04,JHARKHAND,HAZARIBAGH,JHARKHAND,HAZARIBAGH,Polygon,True,0.4392868408208947
Census 2001,data/external/datameet_districts/census_2001/2001_Dist.shp,552,Jharkhand,Kodarma,20,05,JHARKHAND,KODARMA,JHARKHAND,KODARMA,Polygon,True,0.22387803361814781
Census 2001,data/external/datameet_districts/census_2001/2001_Dist.shp,553,Bihar,Kaimur (Bhabua),10,31,BIHAR,KAIMUR (BHABUA),BIHAR,KAIMURBHABUA,Polygon,True,0.2992263881906695
Census 2001,data/external/datameet_districts/census_2001/2001_Dist.shp,554,Rajasthan,Udaipur,08,26,RAJASTHAN,UDAIPUR,RAJASTHAN,UDAIPUR,Polygon,True,1.118116261950872
Census 2001,data/external/datameet_districts/census_2001/2001_Dist.shp,555,Bihar,Gaya,10,35,BIHAR,GAYA,BIHAR,GAYA,MultiPolygon,True,0.4427091134869555
Census 2001,data/external/datameet_districts/census_2001/2001_Dist.shp,556,Bihar,Bhojpur,10,29,BIHAR,BHOJPUR,BIHAR,BHOJPUR,Polygon,True,0.21278643335229838
Census 2001,data/external/datameet_districts/census_2001/2001_Dist.shp,557,Bihar,Buxar,10,30,BIHAR,BUXAR,BIHAR,BUXAR,Polygon,True,0.15331581945732276
Census 2001,data/external/datameet_districts/census_2001/2001_Dist.shp,558,Delhi  & NCR,North West,07,01,DELHI & NCR,NORTH WEST,DELHINCR,NORTHWEST,Polygon,True,0.040938679992283546
Census 2001,data/external/datameet_districts/census_2001/2001_Dist.shp,559,Delhi  & NCR,South,07,09,DELHI & NCR,SOUTH,DELHINCR,SOUTH,Polygon,True,0.02338807543046511
Census 2001,data/external/datameet_districts/census_2001/2001_Dist.shp,560,Delhi  & NCR,South West,07,08,DELHI & NCR,SOUTH WEST,DELHINCR,SOUTHWEST,Polygon,True,0.04007286657156073
Census 2001,data/external/datameet_districts/census_2001/2001_Dist.shp,561,Delhi  & NCR,West,07,07,DELHI & NCR,WEST,DELHINCR,WEST,Polygon,True,0.011270900343773937
Census 2001,data/external/datameet_districts/census_2001/2001_Dist.shp,562,Nagaland,Dimapur,13,06,NAGALAND,DIMAPUR,NAGALAND,DIMAPUR,Polygon,True,0.0730089174726831
Census 2001,data/external/datameet_districts/census_2001/2001_Dist.shp,563,Nagaland,Kohima,13,07,NAGALAND,KOHIMA,NAGALAND,KOHIMA,Polygon,True,0.289411730901479
Census 2001,data/external/datameet_districts/census_2001/2001_Dist.shp,564,Bihar,Jehanabad,10,33,BIHAR,JEHANABAD,BIHAR,JEHANABAD,Polygon,True,0.14284703068686724
Census 2001,data/external/datameet_districts/census_2001/2001_Dist.shp,565,Chhattisgarh,Bilaspur,22,07,CHHATTISGARH,BILASPUR,CHHATTISGARH,BILASPUR,Polygon,True,0.7309645130682297
Census 2001,data/external/datameet_districts/census_2001/2001_Dist.shp,566,Uttar Pradesh,Bulandshahr,09,11,UTTAR PRADESH,BULANDSHAHR,UTTARPRADESH,BULANDSHAHR,Polygon,True,0.32768444831848115
Census 2001,data/external/datameet_districts/census_2001/2001_Dist.shp,567,Uttar Pradesh,Gautam Buddha Nagar,09,10,UTTAR PRADESH,GAUTAM BUDDHA NAGAR,UTTARPRADESH,GAUTAMBUDDHANAGAR,Polygon,True,0.1297519946216943
Census 2001,data/external/datameet_districts/census_2001/2001_Dist.shp,568,Uttar Pradesh,Ghaziabad,09,09,UTTAR PRADESH,GHAZIABAD,UTTARPRADESH,GHAZIABAD,Polygon,True,0.18266142510261685
Census 2001,data/external/datameet_districts/census_2001/2001_Dist.shp,569,Haryana,Bhiwani,06,13,HARYANA,BHIWANI,HARYANA,BHIWANI,Polygon,True,0.46592946019815495
Census 2001,data/external/datameet_districts/census_2001/2001_Dist.shp,570,Bihar,Rohtas,10,32,BIHAR,ROHTAS,BIHAR,ROHTAS,Polygon,True,0.34536918270033173
Census 2001,data/external/datameet_districts/census_2001/2001_Dist.shp,571,Chhattisgarh,Janjgir - Champa,22,06,CHHATTISGARH,JANJGIR - CHAMPA,CHHATTISGARH,JANJGIRCHAMPA,Polygon,True,0.33810721738675903
Census 2001,data/external/datameet_districts/census_2001/2001_Dist.shp,572,Chhattisgarh,Korba,22,05,CHHATTISGARH,KORBA,CHHATTISGARH,KORBA,Polygon,True,0.5778858000697469
Census 2001,data/external/datameet_districts/census_2001/2001_Dist.shp,573,Madhya Pradesh,Dindori,23,41,MADHYA PRADESH,DINDORI,MADHYAPRADESH,DINDORI,Polygon,True,0.5019238611436967
Census 2001,data/external/datameet_districts/census_2001/2001_Dist.shp,574,Madhya Pradesh,Mandla,23,42,MADHYA PRADESH,MANDLA,MADHYAPRADESH,MANDLA,Polygon,True,0.6629174344650816
Census 2001,data/external/datameet_districts/census_2001/2001_Dist.shp,575,Madhya Pradesh,Shahdol,23,16,MADHYA PRADESH,SHAHDOL,MADHYAPRADESH,SHAHDOL,Polygon,True,0.8363332569755922
Census 2001,data/external/datameet_districts/census_2001/2001_Dist.shp,576,Madhya Pradesh,Umaria,23,15,MADHYA PRADESH,UMARIA,MADHYAPRADESH,UMARIA,Polygon,True,0.40579297857520474
Census 2001,data/external/datameet_districts/census_2001/2001_Dist.shp,577,Chhattisgarh,Kawardha,22,08,CHHATTISGARH,KAWARDHA,CHHATTISGARH,KAWARDHA,Polygon,True,0.3692956082727059
Census 2001,data/external/datameet_districts/census_2001/2001_Dist.shp,578,Rajasthan,Ganganagar,08,01,RAJASTHAN,GANGANAGAR,RAJASTHAN,GANGANAGAR,Polygon,True,0.9930625799411347
Census 2001,data/external/datameet_districts/census_2001/2001_Dist.shp,579,Rajasthan,Hanumangarh,08,02,RAJASTHAN,HANUMANGARH,RAJASTHAN,HANUMANGARH,Polygon,True,0.9219137544813035
Census 2001,data/external/datameet_districts/census_2001/2001_Dist.shp,580,Tamil Nadu,Chennai,33,02,TAMIL NADU,CHENNAI,TAMILNADU,CHENNAI,Polygon,True,0.010709424551990532
Census 2001,data/external/datameet_districts/census_2001/2001_Dist.shp,581,Tamil Nadu,Kancheepuram,33,03,TAMIL NADU,KANCHEEPURAM,TAMILNADU,KANCHEEPURAM,Polygon,True,0.38484630653080876
Census 2001,data/external/datameet_districts/census_2001/2001_Dist.shp,582,Tamil Nadu,Thiruvallur,33,01,TAMIL NADU,THIRUVALLUR,TAMILNADU,THIRUVALLUR,MultiPolygon,True,0.2716895129027431
Census 2001,data/external/datameet_districts/census_2001/2001_Dist.shp,583,Tamil Nadu,Thanjavur,33,21,TAMIL NADU,THANJAVUR,TAMILNADU,THANJAVUR,Polygon,True,0.2804428259222975
Census 2001,data/external/datameet_districts/census_2001/2001_Dist.shp,584,Tamil Nadu,Thiruvarur,33,20,TAMIL NADU,THIRUVARUR,TAMILNADU,THIRUVARUR,Polygon,True,0.18781009697093753
Census 2001,data/external/datameet_districts/census_2001/2001_Dist.shp,585,Tamil Nadu,Nagapattinam,33,19,TAMIL NADU,NAGAPATTINAM,TAMILNADU,NAGAPATTINAM,MultiPolygon,True,0.20560670889935118
Census 2001,data/external/datameet_districts/census_2001/2001_Dist.shp,586,Puducherry,Karaikal,34,04,PUDUCHERRY,KARAIKAL,PUDUCHERRY,KARAIKAL,Polygon,True,0.012675914799971155
Census 2001,data/external/datameet_districts/census_2001/2001_Dist.shp,587,Puducherry,Mahe,34,03,PUDUCHERRY,MAHE,PUDUCHERRY,MAHE,MultiPolygon,True,0.0008168714456716394
Census 2001,data/external/datameet_districts/census_2001/2001_Dist.shp,588,Rajasthan,Baran,08,31,RAJASTHAN,BARAN,RAJASTHAN,BARAN,Polygon,True,0.6098939724494897
Census 2001,data/external/datameet_districts/census_2001/2001_Dist.shp,589,Gujarat,Bharuch,24,21,GUJARAT,BHARUCH,GUJARAT,BHARUCH,MultiPolygon,True,0.46122099405040745
Census 2001,data/external/datameet_districts/census_2001/2001_Dist.shp,590,Gujarat,Surat,24,22,GUJARAT,SURAT,GUJARAT,SURAT,MultiPolygon,True,0.6514074426269422
Census 2001,data/external/datameet_districts/census_2001/2001_Dist.shp,591,Andaman & Nicobar Island,Nicobars,35,02,ANDAMAN & NICOBAR ISLAND,NICOBARS,ANDAMANNICOBARISLAND,NICOBARS,MultiPolygon,True,0.1393078367100056
Census 2001,data/external/datameet_districts/census_2001/2001_Dist.shp,592,Andaman & Nicobar Island,Andamans,35,01,ANDAMAN & NICOBAR ISLAND,ANDAMANS,ANDAMANNICOBARISLAND,ANDAMANS,MultiPolygon,True,0.4818316936194298
Census 2001,data/external/datameet_districts/census_2001/2001_Dist.shp,593,Lakshadweep,Lakshadweep,31,01,LAKSHADWEEP,LAKSHADWEEP,LAKSHADWEEP,LAKSHADWEEP,MultiPolygon,True,0.05486741575358829
Census 2011,data/external/datameet_districts/census_2011/2011_Dist.shp,0,Andhra Pradesh,Adilabad,28,1,ANDHRA PRADESH,ADILABAD,ANDHRAPRADESH,ADILABAD,Polygon,True,1.3784256635097367
Census 2011,data/external/datameet_districts/census_2011/2011_Dist.shp,1,Uttar Pradesh,Agra,9,15,UTTAR PRADESH,AGRA,UTTARPRADESH,AGRA,Polygon,True,0.36619547070456054
Census 2011,data/external/datameet_districts/census_2011/2011_Dist.shp,2,Gujarat,Ahmadabad,24,7,GUJARAT,AHMADABAD,GUJARAT,AHMADABAD,MultiPolygon,True,0.7047059359051452
Census 2011,data/external/datameet_districts/census_2011/2011_Dist.shp,3,Maharashtra,Ahmadnagar,27,26,MAHARASHTRA,AHMADNAGAR,MAHARASHTRA,AHMADNAGAR,Polygon,True,1.4650252736934608
Census 2011,data/external/datameet_districts/census_2011/2011_Dist.shp,4,Mizoram,Aizawl,15,3,MIZORAM,AIZAWL,MIZORAM,AIZAWL,Polygon,True,0.3306573221259351
Census 2011,data/external/datameet_districts/census_2011/2011_Dist.shp,5,Rajasthan,Ajmer,8,21,RAJASTHAN,AJMER,RAJASTHAN,AJMER,MultiPolygon,True,0.7698108708873123
Census 2011,data/external/datameet_districts/census_2011/2011_Dist.shp,6,Maharashtra,Akola,27,5,MAHARASHTRA,AKOLA,MAHARASHTRA,AKOLA,Polygon,True,0.4689361176584303
Census 2011,data/external/datameet_districts/census_2011/2011_Dist.shp,7,Kerala,Alappuzha,32,11,KERALA,ALAPPUZHA,KERALA,ALAPPUZHA,Polygon,True,0.11697287982964881
Census 2011,data/external/datameet_districts/census_2011/2011_Dist.shp,8,Uttar Pradesh,Aligarh,9,12,UTTAR PRADESH,ALIGARH,UTTARPRADESH,ALIGARH,Polygon,True,0.3432215764032118
Census 2011,data/external/datameet_districts/census_2011/2011_Dist.shp,9,Madhya Pradesh,Alirajpur,23,48,MADHYA PRADESH,ALIRAJPUR,MADHYAPRADESH,ALIRAJPUR,Polygon,True,0.29281616791936643
Census 2011,data/external/datameet_districts/census_2011/2011_Dist.shp,10,Uttar Pradesh,Allahabad,9,44,UTTAR PRADESH,ALLAHABAD,UTTARPRADESH,ALLAHABAD,Polygon,True,0.4676499024840673
Census 2011,data/external/datameet_districts/census_2011/2011_Dist.shp,11,Uttarakhand,Almora,5,9,UTTARAKHAND,ALMORA,UTTARAKHAND,ALMORA,Polygon,True,0.28934607762303954
Census 2011,data/external/datameet_districts/census_2011/2011_Dist.shp,12,Rajasthan,Alwar,8,6,RAJASTHAN,ALWAR,RAJASTHAN,ALWAR,MultiPolygon,True,0.7593090268414264
Census 2011,data/external/datameet_districts/census_2011/2011_Dist.shp,13,Haryana,Ambala,6,2,HARYANA,AMBALA,HARYANA,AMBALA,MultiPolygon,True,0.14186937996157462
Census 2011,data/external/datameet_districts/census_2011/2011_Dist.shp,14,Uttar Pradesh,Ambedkar Nagar,9,47,UTTAR PRADESH,AMBEDKAR NAGAR,UTTARPRADESH,AMBEDKARNAGAR,Polygon,True,0.20948141135662454
Census 2011,data/external/datameet_districts/census_2011/2011_Dist.shp,15,Maharashtra,Amravati,27,7,MAHARASHTRA,AMRAVATI,MAHARASHTRA,AMRAVATI,Polygon,True,1.061811840591091
Census 2011,data/external/datameet_districts/census_2011/2011_Dist.shp,16,Gujarat,Amreli,24,13,GUJARAT,AMRELI,GUJARAT,AMRELI,MultiPolygon,True,0.6889432403936133
Census 2011,data/external/datameet_districts/census_2011/2011_Dist.shp,17,Punjab,Amritsar,3,15,PUNJAB,AMRITSAR,PUNJAB,AMRITSAR,Polygon,True,0.25305577834713283
Census 2011,data/external/datameet_districts/census_2011/2011_Dist.shp,18,Gujarat,Anand,24,15,GUJARAT,ANAND,GUJARAT,ANAND,MultiPolygon,True,0.2558956546256657
Census 2011,data/external/datameet_districts/census_2011/2011_Dist.shp,19,Andhra Pradesh,Anantapur,28,22,ANDHRA PRADESH,ANANTAPUR,ANDHRAPRADESH,ANANTAPUR,Polygon,True,1.6117325908899003
Census 2011,data/external/datameet_districts/census_2011/2011_Dist.shp,20,Jammu & Kashmir,Anantnag,1,14,JAMMU & KASHMIR,ANANTNAG,JAMMUKASHMIR,ANANTNAG,Polygon,True,0.3062180490035008
Census 2011,data/external/datameet_districts/census_2011/2011_Dist.shp,21,Arunanchal Pradesh,Anjaw,12,16,ARUNANCHAL PRADESH,ANJAW,ARUNANCHALPRADESH,ANJAW,Polygon,True,0.5978646637673181
Census 2011,data/external/datameet_districts/census_2011/2011_Dist.shp,22,Odisha,Anugul,21,15,ODISHA,ANUGUL,ODISHA,ANUGUL,Polygon,True,0.5522797665707376
Census 2011,data/external/datameet_districts/census_2011/2011_Dist.shp,23,Madhya Pradesh,Anuppur,23,44,MADHYA PRADESH,ANUPPUR,MADHYAPRADESH,ANUPPUR,Polygon,True,0.3332632150582315
Census 2011,data/external/datameet_districts/census_2011/2011_Dist.shp,24,Bihar,Araria,10,7,BIHAR,ARARIA,BIHAR,ARARIA,Polygon,True,0.25340724746616633
Census 2011,data/external/datameet_districts/census_2011/2011_Dist.shp,25,Tamil Nadu,Ariyalur,33,15,TAMIL NADU,ARIYALUR,TAMILNADU,ARIYALUR,Polygon,True,0.16153195724774633
Census 2011,data/external/datameet_districts/census_2011/2011_Dist.shp,26,Madhya Pradesh,Ashoknagar,23,42,MADHYA PRADESH,ASHOKNAGAR,MADHYAPRADESH,ASHOKNAGAR,Polygon,True,0.42136221671104457
Census 2011,data/external/datameet_districts/census_2011/2011_Dist.shp,27,Uttar Pradesh,Auraiya,9,31,UTTAR PRADESH,AURAIYA,UTTARPRADESH,AURAIYA,Polygon,True,0.18193634005107556
Census 2011,data/external/datameet_districts/census_2011/2011_Dist.shp,28,Bihar,Aurangabad,10,33,BIHAR,AURANGABAD,BIHAR,AURANGABAD,Polygon,True,0.2925543187408305
Census 2011,data/external/datameet_districts/census_2011/2011_Dist.shp,29,Maharashtra,Aurangabad,27,19,MAHARASHTRA,AURANGABAD,MAHARASHTRA,AURANGABAD,Polygon,True,0.8733205513229652
Census 2011,data/external/datameet_districts/census_2011/2011_Dist.shp,30,Uttar Pradesh,Azamgarh,9,60,UTTAR PRADESH,AZAMGARH,UTTARPRADESH,AZAMGARH,MultiPolygon,True,0.3851764884941411
Census 2011,data/external/datameet_districts/census_2011/2011_Dist.shp,31,Jammu & Kashmir,Badgam,1,2,JAMMU & KASHMIR,BADGAM,JAMMUKASHMIR,BADGAM,Polygon,True,0.1252112903070805
Census 2011,data/external/datameet_districts/census_2011/2011_Dist.shp,32,Karnataka,Bagalkot,29,2,KARNATAKA,BAGALKOT,KARNATAKA,BAGALKOT,Polygon,True,0.5553467382194459
Census 2011,data/external/datameet_districts/census_2011/2011_Dist.shp,33,Uttarakhand,Bageshwar,5,8,UTTARAKHAND,BAGESHWAR,UTTARAKHAND,BAGESHWAR,Polygon,True,0.21341531707113315
Census 2011,data/external/datameet_districts/census_2011/2011_Dist.shp,34,Uttar Pradesh,Baghpat,9,8,UTTAR PRADESH,BAGHPAT,UTTARPRADESH,BAGHPAT,Polygon,True,0.1231042791863548
Census 2011,data/external/datameet_districts/census_2011/2011_Dist.shp,35,Uttar Pradesh,Bahraich,9,49,UTTAR PRADESH,BAHRAICH,UTTARPRADESH,BAHRAICH,Polygon,True,0.3959142424925863
Census 2011,data/external/datameet_districts/census_2011/2011_Dist.shp,36,Assam,Baksa,18,25,ASSAM,BAKSA,ASSAM,BAKSA,Polygon,True,0.21495938088295283
Census 2011,data/external/datameet_districts/census_2011/2011_Dist.shp,37,Madhya Pradesh,Balaghat,23,40,MADHYA PRADESH,BALAGHAT,MADHYAPRADESH,BALAGHAT,Polygon,True,0.8075772976063172
Census 2011,data/external/datameet_districts/census_2011/2011_Dist.shp,38,Odisha,Balangir,21,24,ODISHA,BALANGIR,ODISHA,BALANGIR,Polygon,True,0.5686628612804485
Census 2011,data/external/datameet_districts/census_2011/2011_Dist.shp,39,Odisha,Baleshwar,21,8,ODISHA,BALESHWAR,ODISHA,BALESHWAR,MultiPolygon,True,0.33781250270277285
Census 2011,data/external/datameet_districts/census_2011/2011_Dist.shp,40,Uttar Pradesh,Ballia,9,62,UTTAR PRADESH,BALLIA,UTTARPRADESH,BALLIA,Polygon,True,0.27057883967364965
Census 2011,data/external/datameet_districts/census_2011/2011_Dist.shp,41,Uttar Pradesh,Balrampur,9,51,UTTAR PRADESH,BALRAMPUR,UTTARPRADESH,BALRAMPUR,MultiPolygon,True,0.30352241182339446
Census 2011,data/external/datameet_districts/census_2011/2011_Dist.shp,42,Gujarat,Banas Kantha,24,2,GUJARAT,BANAS KANTHA,GUJARAT,BANASKANTHA,Polygon,True,0.947775469819566
Census 2011,data/external/datameet_districts/census_2011/2011_Dist.shp,43,Uttar Pradesh,Banda,9,39,UTTAR PRADESH,BANDA,UTTARPRADESH,BANDA,MultiPolygon,True,0.4068297127943297
Census 2011,data/external/datameet_districts/census_2011/2011_Dist.shp,44,Jammu & Kashmir,Bandipore,1,9,JAMMU & KASHMIR,BANDIPORE,JAMMUKASHMIR,BANDIPORE,Polygon,True,0.2255604701560809
Census 2011,data/external/datameet_districts/census_2011/2011_Dist.shp,45,Karnataka,Bangalore Rural,29,29,KARNATAKA,BANGALORE RURAL,KARNATAKA,BANGALORERURAL,MultiPolygon,True,0.192308197091785
Census 2011,data/external/datameet_districts/census_2011/2011_Dist.shp,46,Karnataka,Bangalore,29,18,KARNATAKA,BANGALORE,KARNATAKA,BANGALORE,Polygon,True,0.18183257526536498
Census 2011,data/external/datameet_districts/census_2011/2011_Dist.shp,47,Bihar,Banka,10,23,BIHAR,BANKA,BIHAR,BANKA,Polygon,True,0.27686212349488076
Census 2011,data/external/datameet_districts/census_2011/2011_Dist.shp,48,West Bengal,Bankura,19,13,WEST BENGAL,BANKURA,WESTBENGAL,BANKURA,Polygon,True,0.6126316493896347
Census 2011,data/external/datameet_districts/census_2011/2011_Dist.shp,49,Rajasthan,Banswara,8,27,RAJASTHAN,BANSWARA,RAJASTHAN,BANSWARA,Polygon,True,0.39826198874369306
Census 2011,data/external/datameet_districts/census_2011/2011_Dist.shp,50,Uttar Pradesh,Bara Banki,9,45,UTTAR PRADESH,BARA BANKI,UTTARPRADESH,BARABANKI,Polygon,True,0.34468990209642597
Census 2011,data/external/datameet_districts/census_2011/2011_Dist.shp,51,Odisha,Bargarh,21,1,ODISHA,BARGARH,ODISHA,BARGARH,Polygon,True,0.5040774906338248
Census 2011,data/external/datameet_districts/census_2011/2011_Dist.shp,52,Jammu & Kashmir,Baramula,1,8,JAMMU & KASHMIR,BARAMULA,JAMMUKASHMIR,BARAMULA,Polygon,True,0.1733803241931609
Census 2011,data/external/datameet_districts/census_2011/2011_Dist.shp,53,Rajasthan,Baran,8,30,RAJASTHAN,BARAN,RAJASTHAN,BARAN,Polygon,True,0.6098939724494905
Census 2011,data/external/datameet_districts/census_2011/2011_Dist.shp,54,West Bengal,Barddhaman,19,9,WEST BENGAL,BARDDHAMAN,WESTBENGAL,BARDDHAMAN,Polygon,True,0.6207191722542393
Census 2011,data/external/datameet_districts/census_2011/2011_Dist.shp,55,Uttar Pradesh,Bareilly,9,19,UTTAR PRADESH,BAREILLY,UTTARPRADESH,BAREILLY,Polygon,True,0.34867363943826524
Census 2011,data/external/datameet_districts/census_2011/2011_Dist.shp,56,Rajasthan,Barmer,8,17,RAJASTHAN,BARMER,RAJASTHAN,BARMER,Polygon,True,2.5567520411011997
Census 2011,data/external/datameet_districts/census_2011/2011_Dist.shp,57,Punjab,Barnala,3,20,PUNJAB,BARNALA,PUNJAB,BARNALA,Polygon,True,0.13942342619661155
Census 2011,data/external/datameet_districts/census_2011/2011_Dist.shp,58,Assam,Barpeta,18,4,ASSAM,BARPETA,ASSAM,BARPETA,Polygon,True,0.20891491671009385
Census 2011,data/external/datameet_districts/census_2011/2011_Dist.shp,59,Madhya Pradesh,Barwani,23,24,MADHYA PRADESH,BARWANI,MADHYAPRADESH,BARWANI,Polygon,True,0.47473538954035777
Census 2011,data/external/datameet_districts/census_2011/2011_Dist.shp,60,Chhattisgarh,Bastar,22,15,CHHATTISGARH,BASTAR,CHHATTISGARH,BASTAR,Polygon,True,0.8899264149614144
Census 2011,data/external/datameet_districts/census_2011/2011_Dist.shp,61,Uttar Pradesh,Basti,9,54,UTTAR PRADESH,BASTI,UTTARPRADESH,BASTI,Polygon,True,0.2617335059582166
Census 2011,data/external/datameet_districts/census_2011/2011_Dist.shp,62,Punjab,Bathinda,3,12,PUNJAB,BATHINDA,PUNJAB,BATHINDA,Polygon,True,0.31560162139785464
Census 2011,data/external/datameet_districts/census_2011/2011_Dist.shp,63,Odisha,Bauda,21,22,ODISHA,BAUDA,ODISHA,BAUDA,Polygon,True,0.2701079651351837
Census 2011,data/external/datameet_districts/census_2011/2011_Dist.shp,64,Bihar,Begusarai,10,20,BIHAR,BEGUSARAI,BIHAR,BEGUSARAI,Polygon,True,0.17384050387473263
Census 2011,data/external/datameet_districts/census_2011/2011_Dist.shp,65,Karnataka,Belgaum,29,1,KARNATAKA,BELGAUM,KARNATAKA,BELGAUM,MultiPolygon,True,1.1317390417037811
Census 2011,data/external/datameet_districts/census_2011/2011_Dist.shp,66,Karnataka,Bellary,29,11,KARNATAKA,BELLARY,KARNATAKA,BELLARY,Polygon,True,0.7098942354207979
Census 2011,data/external/datameet_districts/census_2011/2011_Dist.shp,67,Madhya Pradesh,Betul,23,30,MADHYA PRADESH,BETUL,MADHYAPRADESH,BETUL,MultiPolygon,True,0.879535561900516
Census 2011,data/external/datameet_districts/census_2011/2011_Dist.shp,68,Odisha,Bhadrak,21,9,ODISHA,BHADRAK,ODISHA,BHADRAK,Polygon,True,0.21536548965504473
Census 2011,data/external/datameet_districts/census_2011/2011_Dist.shp,69,Bihar,Bhagalpur,10,22,BIHAR,BHAGALPUR,BIHAR,BHAGALPUR,Polygon,True,0.2278294984299033
Census 2011,data/external/datameet_districts/census_2011/2011_Dist.shp,70,Maharashtra,Bhandara,27,10,MAHARASHTRA,BHANDARA,MAHARASHTRA,BHANDARA,Polygon,True,0.33551868410204133
Census 2011,data/external/datameet_districts/census_2011/2011_Dist.shp,71,Rajasthan,Bharatpur,8,7,RAJASTHAN,BHARATPUR,RAJASTHAN,BHARATPUR,Polygon,True,0.46069276905411294
Census 2011,data/external/datameet_districts/census_2011/2011_Dist.shp,72,Gujarat,Bharuch,24,21,GUJARAT,BHARUCH,GUJARAT,BHARUCH,MultiPolygon,True,0.4610720543688976
Census 2011,data/external/datameet_districts/census_2011/2011_Dist.shp,73,Gujarat,Bhavnagar,24,14,GUJARAT,BHAVNAGAR,GUJARAT,BHAVNAGAR,MultiPolygon,True,0.7305318464321462
Census 2011,data/external/datameet_districts/census_2011/2011_Dist.shp,74,Rajasthan,Bhilwara,8,24,RAJASTHAN,BHILWARA,RAJASTHAN,BHILWARA,Polygon,True,0.9393083693657713
Census 2011,data/external/datameet_districts/census_2011/2011_Dist.shp,75,Madhya Pradesh,Bhind,23,3,MADHYA PRADESH,BHIND,MADHYAPRADESH,BHIND,MultiPolygon,True,0.4042138956228799
Census 2011,data/external/datameet_districts/census_2011/2011_Dist.shp,76,Haryana,Bhiwani,6,13,HARYANA,BHIWANI,HARYANA,BHIWANI,Polygon,True,0.4270349477948443
Census 2011,data/external/datameet_districts/census_2011/2011_Dist.shp,77,Bihar,Bhojpur,10,29,BIHAR,BHOJPUR,BIHAR,BHOJPUR,Polygon,True,0.21278643335229838
Census 2011,data/external/datameet_districts/census_2011/2011_Dist.shp,78,Madhya Pradesh,Bhopal,23,27,MADHYA PRADESH,BHOPAL,MADHYAPRADESH,BHOPAL,Polygon,True,0.24074057319191486
Census 2011,data/external/datameet_districts/census_2011/2011_Dist.shp,79,Maharashtra,Bid,27,27,MAHARASHTRA,BID,MAHARASHTRA,BID,Polygon,True,0.9473104496712241
Census 2011,data/external/datameet_districts/census_2011/2011_Dist.shp,80,Karnataka,Bidar,29,4,KARNATAKA,BIDAR,KARNATAKA,BIDAR,MultiPolygon,True,0.4645242361593702
Census 2011,data/external/datameet_districts/census_2011/2011_Dist.shp,81,Chhattisgarh,Bijapur,22,18,CHHATTISGARH,BIJAPUR,CHHATTISGARH,BIJAPUR,Polygon,True,0.7528542058313609
Census 2011,data/external/datameet_districts/census_2011/2011_Dist.shp,82,Karnataka,Bijapur,29,3,KARNATAKA,BIJAPUR,KARNATAKA,BIJAPUR,Polygon,True,0.8907617659070496
Census 2011,data/external/datameet_districts/census_2011/2011_Dist.shp,83,Uttar Pradesh,Bijnor,9,3,UTTAR PRADESH,BIJNOR,UTTARPRADESH,BIJNOR,Polygon,True,0.4013366356203051
Census 2011,data/external/datameet_districts/census_2011/2011_Dist.shp,84,Rajasthan,Bikaner,8,3,RAJASTHAN,BIKANER,RAJASTHAN,BIKANER,Polygon,True,2.7773884629662464
Census 2011,data/external/datameet_districts/census_2011/2011_Dist.shp,85,Chhattisgarh,Bilaspur,22,7,CHHATTISGARH,BILASPUR,CHHATTISGARH,BILASPUR,Polygon,True,0.730964513066012
Census 2011,data/external/datameet_districts/census_2011/2011_Dist.shp,86,Himachal Pradesh,Bilaspur,2,8,HIMACHAL PRADESH,BILASPUR,HIMACHALPRADESH,BILASPUR,Polygon,True,0.11074408556456586
Census 2011,data/external/datameet_districts/census_2011/2011_Dist.shp,87,West Bengal,Birbhum,19,8,WEST BENGAL,BIRBHUM,WESTBENGAL,BIRBHUM,Polygon,True,0.4032418951364534
Census 2011,data/external/datameet_districts/census_2011/2011_Dist.shp,88,Manipur,Bishnupur,14,4,MANIPUR,BISHNUPUR,MANIPUR,BISHNUPUR,Polygon,True,0.04280197017573627
Census 2011,data/external/datameet_districts/census_2011/2011_Dist.shp,89,Jharkhand,Bokaro,20,10,JHARKHAND,BOKARO,JHARKHAND,BOKARO,Polygon,True,0.2475131264168134
Census 2011,data/external/datameet_districts/census_2011/2011_Dist.shp,90,Assam,Bongaigaon,18,20,ASSAM,BONGAIGAON,ASSAM,BONGAIGAON,Polygon,True,0.09516815736026664
Census 2011,data/external/datameet_districts/census_2011/2011_Dist.shp,91,Uttar Pradesh,Budaun,9,18,UTTAR PRADESH,BUDAUN,UTTARPRADESH,BUDAUN,Polygon,True,0.4663256725004215
Census 2011,data/external/datameet_districts/census_2011/2011_Dist.shp,92,Uttar Pradesh,Bulandshahr,9,11,UTTAR PRADESH,BULANDSHAHR,UTTARPRADESH,BULANDSHAHR,Polygon,True,0.3276844471194986
Census 2011,data/external/datameet_districts/census_2011/2011_Dist.shp,93,Maharashtra,Buldana,27,4,MAHARASHTRA,BULDANA,MAHARASHTRA,BULDANA,Polygon,True,0.8444257136252306
Census 2011,data/external/datameet_districts/census_2011/2011_Dist.shp,94,Rajasthan,Bundi,8,23,RAJASTHAN,BUNDI,RAJASTHAN,BUNDI,Polygon,True,0.5010646549332743
Census 2011,data/external/datameet_districts/census_2011/2011_Dist.shp,95,Madhya Pradesh,Burhanpur,23,50,MADHYA PRADESH,BURHANPUR,MADHYAPRADESH,BURHANPUR,Polygon,True,0.278772077996194
Census 2011,data/external/datameet_districts/census_2011/2011_Dist.shp,96,Bihar,Buxar,10,30,BIHAR,BUXAR,BIHAR,BUXAR,Polygon,True,0.15331582307904068
Census 2011,data/external/datameet_districts/census_2011/2011_Dist.shp,97,Assam,Cachar,18,17,ASSAM,CACHAR,ASSAM,CACHAR,Polygon,True,0.3379108477177372
Census 2011,data/external/datameet_districts/census_2011/2011_Dist.shp,98,NCT of Delhi,Central,7,6,NCT OF DELHI,CENTRAL,NCTOFDELHI,CENTRAL,Polygon,True,0.00139360514078094
Census 2011,data/external/datameet_districts/census_2011/2011_Dist.shp,99,Himachal Pradesh,Chamba,2,1,HIMACHAL PRADESH,CHAMBA,HIMACHALPRADESH,CHAMBA,Polygon,True,0.6224538635273622
Census 2011,data/external/datameet_districts/census_2011/2011_Dist.shp,100,Uttarakhand,Chamoli,5,2,UTTARAKHAND,CHAMOLI,UTTARAKHAND,CHAMOLI,Polygon,True,0.7363905667996539
Census 2011,data/external/datameet_districts/census_2011/2011_Dist.shp,101,Uttarakhand,Champawat,5,10,UTTARAKHAND,CHAMPAWAT,UTTARAKHAND,CHAMPAWAT,Polygon,True,0.1532210289979079
Census 2011,data/external/datameet_districts/census_2011/2011_Dist.shp,102,Mizoram,Champhai,15,4,MIZORAM,CHAMPHAI,MIZORAM,CHAMPHAI,Polygon,True,0.2962631345182708
Census 2011,data/external/datameet_districts/census_2011/2011_Dist.shp,103,Karnataka,Chamrajnagar,29,24,KARNATAKA,CHAMRAJNAGAR,KARNATAKA,CHAMRAJNAGAR,Polygon,True,0.47040507766321243
Census 2011,data/external/datameet_districts/census_2011/2011_Dist.shp,104,Uttar Pradesh,Chandauli,9,65,UTTAR PRADESH,CHANDAULI,UTTARPRADESH,CHANDAULI,Polygon,True,0.22670570761758055
Census 2011,data/external/datameet_districts/census_2011/2011_Dist.shp,105,Manipur,Chandel,14,9,MANIPUR,CHANDEL,MANIPUR,CHANDEL,Polygon,True,0.28300948883121085
Census 2011,data/external/datameet_districts/census_2011/2011_Dist.shp,106,Chandigarh,Chandigarh,4,1,CHANDIGARH,CHANDIGARH,CHANDIGARH,CHANDIGARH,Polygon,True,0.011142972142855687
Census 2011,data/external/datameet_districts/census_2011/2011_Dist.shp,107,Maharashtra,Chandrapur,27,13,MAHARASHTRA,CHANDRAPUR,MAHARASHTRA,CHANDRAPUR,Polygon,True,0.9764498533981653
Census 2011,data/external/datameet_districts/census_2011/2011_Dist.shp,108,Arunanchal Pradesh,Changlang,12,9,ARUNANCHAL PRADESH,CHANGLANG,ARUNANCHALPRADESH,CHANGLANG,Polygon,True,0.45969345626404856
Census 2011,data/external/datameet_districts/census_2011/2011_Dist.shp,109,Jharkhand,Chatra,20,2,JHARKHAND,CHATRA,JHARKHAND,CHATRA,MultiPolygon,True,0.3334193395422365
Census 2011,data/external/datameet_districts/census_2011/2011_Dist.shp,110,Tamil Nadu,Chennai,33,2,TAMIL NADU,CHENNAI,TAMILNADU,CHENNAI,Polygon,True,0.010709424551990532
Census 2011,data/external/datameet_districts/census_2011/2011_Dist.shp,111,Madhya Pradesh,Chhatarpur,23,8,MADHYA PRADESH,CHHATARPUR,MADHYAPRADESH,CHHATARPUR,Polygon,True,0.774517044283878
Census 2011,data/external/datameet_districts/census_2011/2011_Dist.shp,112,Madhya Pradesh,Chhindwara,23,38,MADHYA PRADESH,CHHINDWARA,MADHYAPRADESH,CHHINDWARA,Polygon,True,1.0332278499189365
Census 2011,data/external/datameet_districts/census_2011/2011_Dist.shp,113,Karnataka,Chikkaballapura,29,28,KARNATAKA,CHIKKABALLAPURA,KARNATAKA,CHIKKABALLAPURA,Polygon,True,0.3523112606362927
Census 2011,data/external/datameet_districts/census_2011/2011_Dist.shp,114,Karnataka,Chikmagalur,29,16,KARNATAKA,CHIKMAGALUR,KARNATAKA,CHIKMAGALUR,Polygon,True,0.6021289166632933
Census 2011,data/external/datameet_districts/census_2011/2011_Dist.shp,115,Assam,Chirang,18,21,ASSAM,CHIRANG,ASSAM,CHIRANG,Polygon,True,0.15687973104969147
Census 2011,data/external/datameet_districts/census_2011/2011_Dist.shp,116,Karnataka,Chitradurga,29,12,KARNATAKA,CHITRADURGA,KARNATAKA,CHITRADURGA,Polygon,True,0.7074154009078529
Census 2011,data/external/datameet_districts/census_2011/2011_Dist.shp,117,Uttar Pradesh,Chitrakoot,9,40,UTTAR PRADESH,CHITRAKOOT,UTTARPRADESH,CHITRAKOOT,Polygon,True,0.2760600511937664
Census 2011,data/external/datameet_districts/census_2011/2011_Dist.shp,118,Rajasthan,Chittaurgarh,8,28,RAJASTHAN,CHITTAURGARH,RAJASTHAN,CHITTAURGARH,MultiPolygon,True,0.6827627040134784
Census 2011,data/external/datameet_districts/census_2011/2011_Dist.shp,119,Andhra Pradesh,Chittoor,28,23,ANDHRA PRADESH,CHITTOOR,ANDHRAPRADESH,CHITTOOR,Polygon,True,1.2666766142319081
Census 2011,data/external/datameet_districts/census_2011/2011_Dist.shp,120,Manipur,Churachandpur,14,3,MANIPUR,CHURACHANDPUR,MANIPUR,CHURACHANDPUR,Polygon,True,0.4071666189307255
Census 2011,data/external/datameet_districts/census_2011/2011_Dist.shp,121,Rajasthan,Churu,8,4,RAJASTHAN,CHURU,RAJASTHAN,CHURU,Polygon,True,1.278886400185335
Census 2011,data/external/datameet_districts/census_2011/2011_Dist.shp,122,Tamil Nadu,Coimbatore,33,31,TAMIL NADU,COIMBATORE,TAMILNADU,COIMBATORE,Polygon,True,0.38486498030262734
Census 2011,data/external/datameet_districts/census_2011/2011_Dist.shp,123,Tamil Nadu,Cuddalore,33,16,TAMIL NADU,CUDDALORE,TAMILNADU,CUDDALORE,MultiPolygon,False,0.3067398127759749
Census 2011,data/external/datameet_districts/census_2011/2011_Dist.shp,124,Andhra Pradesh,Y.s.r.,28,20,ANDHRA PRADESH,Y.S.R.,ANDHRAPRADESH,YSR,Polygon,True,1.270412444485868
Census 2011,data/external/datameet_districts/census_2011/2011_Dist.shp,125,Odisha,Cuttack,21,12,ODISHA,CUTTACK,ODISHA,CUTTACK,MultiPolygon,True,0.34110799515167967
Census 2011,data/external/datameet_districts/census_2011/2011_Dist.shp,126,Dadara & Nagar Havelli,Dadra & Nagar Haveli,26,1,DADARA & NAGAR HAVELLI,DADRA & NAGAR HAVELI,DADARANAGARHAVELLI,DADRANAGARHAVELI,Polygon,True,0.04264306665652658
Census 2011,data/external/datameet_districts/census_2011/2011_Dist.shp,127,Chhattisgarh,Dakshin Bastar Dantewada,22,17,CHHATTISGARH,DAKSHIN BASTAR DANTEWADA,CHHATTISGARH,DAKSHINBASTARDANTEWADA,Polygon,True,0.7591463247132186
Census 2011,data/external/datameet_districts/census_2011/2011_Dist.shp,128,West Bengal,Dakshin Dinajpur,19,5,WEST BENGAL,DAKSHIN DINAJPUR,WESTBENGAL,DAKSHINDINAJPUR,Polygon,True,0.19447724864991747
Census 2011,data/external/datameet_districts/census_2011/2011_Dist.shp,129,Karnataka,Dakshina Kannada,29,21,KARNATAKA,DAKSHINA KANNADA,KARNATAKA,DAKSHINAKANNADA,MultiPolygon,True,0.38218851597393727
Census 2011,data/external/datameet_districts/census_2011/2011_Dist.shp,130,Daman & Diu,Daman,25,2,DAMAN & DIU,DAMAN,DAMANDIU,DAMAN,Polygon,True,0.006364576776343456
Census 2011,data/external/datameet_districts/census_2011/2011_Dist.shp,131,Madhya Pradesh,Damoh,23,11,MADHYA PRADESH,DAMOH,MADHYAPRADESH,DAMOH,Polygon,True,0.6514043034141543
Census 2011,data/external/datameet_districts/census_2011/2011_Dist.shp,132,Bihar,Darbhanga,10,13,BIHAR,DARBHANGA,BIHAR,DARBHANGA,Polygon,True,0.2063167386354583
Census 2011,data/external/datameet_districts/census_2011/2011_Dist.shp,133,West Bengal,Darjiling,19,1,WEST BENGAL,DARJILING,WESTBENGAL,DARJILING,Polygon,True,0.2900246952659001
Census 2011,data/external/datameet_districts/census_2011/2011_Dist.shp,134,Assam,Darrang,18,26,ASSAM,DARRANG,ASSAM,DARRANG,Polygon,True,0.14589269284306014
Census 2011,data/external/datameet_districts/census_2011/2011_Dist.shp,135,Jammu & Kashmir,Data Not Available,99,99,JAMMU & KASHMIR,DATA NOT AVAILABLE,JAMMUKASHMIR,DATANOTAVAILABLE,Polygon,True,8.531478666515168
Census 2011,data/external/datameet_districts/census_2011/2011_Dist.shp,136,Madhya Pradesh,Datia,23,5,MADHYA PRADESH,DATIA,MADHYAPRADESH,DATIA,Polygon,True,0.16984502407501456
Census 2011,data/external/datameet_districts/census_2011/2011_Dist.shp,137,Karnataka,Davanagere,29,13,KARNATAKA,DAVANAGERE,KARNATAKA,DAVANAGERE,Polygon,True,0.49838282642648796
Census 2011,data/external/datameet_districts/census_2011/2011_Dist.shp,138,Odisha,Debagarh,21,4,ODISHA,DEBAGARH,ODISHA,DEBAGARH,Polygon,True,0.24481067907910103
Census 2011,data/external/datameet_districts/census_2011/2011_Dist.shp,139,Uttarakhand,Dehradun,5,5,UTTARAKHAND,DEHRADUN,UTTARAKHAND,DEHRADUN,Polygon,True,0.28843873430176203
Census 2011,data/external/datameet_districts/census_2011/2011_Dist.shp,140,Jharkhand,Deoghar,20,5,JHARKHAND,DEOGHAR,JHARKHAND,DEOGHAR,Polygon,True,0.21671078680475367
Census 2011,data/external/datameet_districts/census_2011/2011_Dist.shp,141,Uttar Pradesh,Deoria,9,59,UTTAR PRADESH,DEORIA,UTTARPRADESH,DEORIA,Polygon,True,0.23109140945828274
Census 2011,data/external/datameet_districts/census_2011/2011_Dist.shp,142,Madhya Pradesh,Dewas,23,20,MADHYA PRADESH,DEWAS,MADHYAPRADESH,DEWAS,Polygon,True,0.6123743834207982
Census 2011,data/external/datameet_districts/census_2011/2011_Dist.shp,143,Tripura,Dhalai,16,3,TRIPURA,DHALAI,TRIPURA,DHALAI,Polygon,True,0.19981735988121302
Census 2011,data/external/datameet_districts/census_2011/2011_Dist.shp,144,Chhattisgarh,Dhamtari,22,13,CHHATTISGARH,DHAMTARI,CHHATTISGARH,DHAMTARI,MultiPolygon,True,0.35152222832281194
Census 2011,data/external/datameet_districts/census_2011/2011_Dist.shp,145,Jharkhand,Dhanbad,20,9,JHARKHAND,DHANBAD,JHARKHAND,DHANBAD,Polygon,True,0.18870149853048376
Census 2011,data/external/datameet_districts/census_2011/2011_Dist.shp,146,Madhya Pradesh,Dhar,23,21,MADHYA PRADESH,DHAR,MADHYAPRADESH,DHAR,Polygon,True,0.7153513953883278
Census 2011,data/external/datameet_districts/census_2011/2011_Dist.shp,147,Tamil Nadu,Dharmapuri,33,29,TAMIL NADU,DHARMAPURI,TAMILNADU,DHARMAPURI,Polygon,True,0.37514559027671096
Census 2011,data/external/datameet_districts/census_2011/2011_Dist.shp,148,Karnataka,Dharwad,29,8,KARNATAKA,DHARWAD,KARNATAKA,DHARWAD,Polygon,True,0.35992601430160454
Census 2011,data/external/datameet_districts/census_2011/2011_Dist.shp,149,Rajasthan,Dhaulpur,8,8,RAJASTHAN,DHAULPUR,RAJASTHAN,DHAULPUR,Polygon,True,0.27453413285834843
Census 2011,data/external/datameet_districts/census_2011/2011_Dist.shp,150,Assam,Dhemaji,18,9,ASSAM,DHEMAJI,ASSAM,DHEMAJI,Polygon,True,0.23820296681983244
Census 2011,data/external/datameet_districts/census_2011/2011_Dist.shp,151,Odisha,Dhenkanal,21,14,ODISHA,DHENKANAL,ODISHA,DHENKANAL,MultiPolygon,True,0.3878721686293217
Census 2011,data/external/datameet_districts/census_2011/2011_Dist.shp,152,Assam,Dhubri,18,2,ASSAM,DHUBRI,ASSAM,DHUBRI,MultiPolygon,True,0.207222053974075
Census 2011,data/external/datameet_districts/census_2011/2011_Dist.shp,153,Maharashtra,Dhule,27,2,MAHARASHTRA,DHULE,MAHARASHTRA,DHULE,Polygon,True,0.6246329025482393
Census 2011,data/external/datameet_districts/census_2011/2011_Dist.shp,154,Arunanchal Pradesh,Dibang Valley,12,13,ARUNANCHAL PRADESH,DIBANG VALLEY,ARUNANCHALPRADESH,DIBANGVALLEY,Polygon,True,0.6859821564573473
Census 2011,data/external/datameet_districts/census_2011/2011_Dist.shp,155,Assam,Dibrugarh,18,11,ASSAM,DIBRUGARH,ASSAM,DIBRUGARH,Polygon,True,0.3097438514939376
Census 2011,data/external/datameet_districts/census_2011/2011_Dist.shp,156,Tamil Nadu,Dindigul,33,11,TAMIL NADU,DINDIGUL,TAMILNADU,DINDIGUL,Polygon,True,0.5012128279037964
Census 2011,data/external/datameet_districts/census_2011/2011_Dist.shp,157,Madhya Pradesh,Dindori,23,36,MADHYA PRADESH,DINDORI,MADHYAPRADESH,DINDORI,Polygon,True,0.5019238610812934
Census 2011,data/external/datameet_districts/census_2011/2011_Dist.shp,158,Daman & Diu,Diu,25,1,DAMAN & DIU,DIU,DAMANDIU,DIU,MultiPolygon,True,0.003092107056043476
Census 2011,data/external/datameet_districts/census_2011/2011_Dist.shp,159,Jammu & Kashmir,Doda,1,16,JAMMU & KASHMIR,DODA,JAMMUKASHMIR,DODA,Polygon,True,0.2008678808424911
Census 2011,data/external/datameet_districts/census_2011/2011_Dist.shp,160,Gujarat,Dohad,24,18,GUJARAT,DOHAD,GUJARAT,DOHAD,Polygon,True,0.31636244474996006
Census 2011,data/external/datameet_districts/census_2011/2011_Dist.shp,161,Jharkhand,Dumka,20,17,JHARKHAND,DUMKA,JHARKHAND,DUMKA,Polygon,True,0.3350499387124147
Census 2011,data/external/datameet_districts/census_2011/2011_Dist.shp,162,Rajasthan,Dungarpur,8,26,RAJASTHAN,DUNGARPUR,RAJASTHAN,DUNGARPUR,Polygon,True,0.3352915628593892
Census 2011,data/external/datameet_districts/census_2011/2011_Dist.shp,163,Chhattisgarh,Durg,22,10,CHHATTISGARH,DURG,CHHATTISGARH,DURG,Polygon,True,0.7479712724650189
Census 2011,data/external/datameet_districts/census_2011/2011_Dist.shp,164,Nagaland,Dimapur,13,5,NAGALAND,DIMAPUR,NAGALAND,DIMAPUR,Polygon,True,0.0730089174726831
Census 2011,data/external/datameet_districts/census_2011/2011_Dist.shp,165,NCT of Delhi,East,7,4,NCT OF DELHI,EAST,NCTOFDELHI,EAST,Polygon,True,0.0060222723485194325
Census 2011,data/external/datameet_districts/census_2011/2011_Dist.shp,166,Sikkim,East,11,4,SIKKIM,EAST,SIKKIM,EAST,Polygon,True,0.08592832106043982
Census 2011,data/external/datameet_districts/census_2011/2011_Dist.shp,167,Meghalaya,East Garo Hills,17,2,MEGHALAYA,EAST GARO HILLS,MEGHALAYA,EASTGAROHILLS,Polygon,True,0.2636581813762896
Census 2011,data/external/datameet_districts/census_2011/2011_Dist.shp,168,Andhra Pradesh,East Godavari,28,14,ANDHRA PRADESH,EAST GODAVARI,ANDHRAPRADESH,EASTGODAVARI,Polygon,True,0.9210684564120944
Census 2011,data/external/datameet_districts/census_2011/2011_Dist.shp,169,Arunanchal Pradesh,East Kameng,12,3,ARUNANCHAL PRADESH,EAST KAMENG,ARUNANCHALPRADESH,EASTKAMENG,MultiPolygon,True,0.5480037386043342
Census 2011,data/external/datameet_districts/census_2011/2011_Dist.shp,170,Meghalaya,East Khasi Hills,17,6,MEGHALAYA,EAST KHASI HILLS,MEGHALAYA,EASTKHASIHILLS,Polygon,True,0.2515789250463919
Census 2011,data/external/datameet_districts/census_2011/2011_Dist.shp,171,Madhya Pradesh,East Nimar,23,49,MADHYA PRADESH,EAST NIMAR,MADHYAPRADESH,EASTNIMAR,Polygon,True,0.6510624163167029
Census 2011,data/external/datameet_districts/census_2011/2011_Dist.shp,172,Arunanchal Pradesh,East Siang,12,7,ARUNANCHAL PRADESH,EAST SIANG,ARUNANCHALPRADESH,EASTSIANG,Polygon,True,0.34354294881761055
Census 2011,data/external/datameet_districts/census_2011/2011_Dist.shp,173,Kerala,Ernakulam,32,8,KERALA,ERNAKULAM,KERALA,ERNAKULAM,Polygon,True,0.19882009322150448
Census 2011,data/external/datameet_districts/census_2011/2011_Dist.shp,174,Tamil Nadu,Erode,33,9,TAMIL NADU,ERODE,TAMILNADU,ERODE,Polygon,True,0.47759042932498663
Census 2011,data/external/datameet_districts/census_2011/2011_Dist.shp,175,Uttar Pradesh,Etah,9,70,UTTAR PRADESH,ETAH,UTTARPRADESH,ETAH,Polygon,True,0.22952783733308693
Census 2011,data/external/datameet_districts/census_2011/2011_Dist.shp,176,Uttar Pradesh,Etawah,9,30,UTTAR PRADESH,ETAWAH,UTTARPRADESH,ETAWAH,Polygon,True,0.21099399222745815
Census 2011,data/external/datameet_districts/census_2011/2011_Dist.shp,177,Uttar Pradesh,Faizabad,9,46,UTTAR PRADESH,FAIZABAD,UTTARPRADESH,FAIZABAD,Polygon,True,0.24804002468975966
Census 2011,data/external/datameet_districts/census_2011/2011_Dist.shp,178,Haryana,Faridabad,6,20,HARYANA,FARIDABAD,HARYANA,FARIDABAD,Polygon,True,0.07738555177951896
Census 2011,data/external/datameet_districts/census_2011/2011_Dist.shp,179,Punjab,Faridkot,3,11,PUNJAB,FARIDKOT,PUNJAB,FARIDKOT,Polygon,True,0.13647501036042878
Census 2011,data/external/datameet_districts/census_2011/2011_Dist.shp,180,Uttar Pradesh,Farrukhabad,9,28,UTTAR PRADESH,FARRUKHABAD,UTTARPRADESH,FARRUKHABAD,Polygon,True,0.1994283368759472
Census 2011,data/external/datameet_districts/census_2011/2011_Dist.shp,181,Haryana,Fatehabad,6,10,HARYANA,FATEHABAD,HARYANA,FATEHABAD,Polygon,True,0.22384537897442966
Census 2011,data/external/datameet_districts/census_2011/2011_Dist.shp,182,Punjab,Fatehgarh Sahib,3,6,PUNJAB,FATEHGARH SAHIB,PUNJAB,FATEHGARHSAHIB,Polygon,True,0.10753636859132013
Census 2011,data/external/datameet_districts/census_2011/2011_Dist.shp,183,Uttar Pradesh,Fatehpur,9,41,UTTAR PRADESH,FATEHPUR,UTTARPRADESH,FATEHPUR,Polygon,True,0.37601443674111573
Census 2011,data/external/datameet_districts/census_2011/2011_Dist.shp,184,Uttar Pradesh,Firozabad,9,16,UTTAR PRADESH,FIROZABAD,UTTARPRADESH,FIROZABAD,Polygon,True,0.21883482153165842
Census 2011,data/external/datameet_districts/census_2011/2011_Dist.shp,185,Punjab,Firozpur,3,9,PUNJAB,FIROZPUR,PUNJAB,FIROZPUR,Polygon,True,0.4893129748241782
Census 2011,data/external/datameet_districts/census_2011/2011_Dist.shp,186,Karnataka,Gadag,29,7,KARNATAKA,GADAG,KARNATAKA,GADAG,Polygon,True,0.39104713722610085
Census 2011,data/external/datameet_districts/census_2011/2011_Dist.shp,187,Odisha,Gajapati,21,20,ODISHA,GAJAPATI,ODISHA,GAJAPATI,Polygon,True,0.34847527737622
Census 2011,data/external/datameet_districts/census_2011/2011_Dist.shp,188,Jammu & Kashmir,Ganderbal,1,11,JAMMU & KASHMIR,GANDERBAL,JAMMUKASHMIR,GANDERBAL,Polygon,True,0.10475786226151756
Census 2011,data/external/datameet_districts/census_2011/2011_Dist.shp,189,Gujarat,Gandhinagar,24,6,GUJARAT,GANDHINAGAR,GUJARAT,GANDHINAGAR,Polygon,True,0.18858010470834446
Census 2011,data/external/datameet_districts/census_2011/2011_Dist.shp,190,Rajasthan,Ganganagar,8,1,RAJASTHAN,GANGANAGAR,RAJASTHAN,GANGANAGAR,Polygon,True,0.9930625799411347
Census 2011,data/external/datameet_districts/census_2011/2011_Dist.shp,191,Odisha,Ganjam,21,19,ODISHA,GANJAM,ODISHA,GANJAM,Polygon,True,0.7301146265456991
Census 2011,data/external/datameet_districts/census_2011/2011_Dist.shp,192,Maharashtra,Garhchiroli,27,12,MAHARASHTRA,GARHCHIROLI,MAHARASHTRA,GARHCHIROLI,Polygon,True,1.2455263538524577
Census 2011,data/external/datameet_districts/census_2011/2011_Dist.shp,193,Jharkhand,Garhwa,20,1,JHARKHAND,GARHWA,JHARKHAND,GARHWA,Polygon,True,0.3642924401550325
Census 2011,data/external/datameet_districts/census_2011/2011_Dist.shp,194,Uttarakhand,Garhwal,5,6,UTTARAKHAND,GARHWAL,UTTARAKHAND,GARHWAL,Polygon,True,0.5100138090802484
Census 2011,data/external/datameet_districts/census_2011/2011_Dist.shp,195,Uttar Pradesh,Gautam Buddha Nagar,9,10,UTTAR PRADESH,GAUTAM BUDDHA NAGAR,UTTARPRADESH,GAUTAMBUDDHANAGAR,Polygon,True,0.12975198932825618
Census 2011,data/external/datameet_districts/census_2011/2011_Dist.shp,196,Bihar,Gaya,10,34,BIHAR,GAYA,BIHAR,GAYA,MultiPolygon,True,0.44270911349016634
Census 2011,data/external/datameet_districts/census_2011/2011_Dist.shp,197,Uttar Pradesh,Ghaziabad,9,9,UTTAR PRADESH,GHAZIABAD,UTTARPRADESH,GHAZIABAD,Polygon,True,0.1826614316024711
Census 2011,data/external/datameet_districts/census_2011/2011_Dist.shp,198,Uttar Pradesh,Ghazipur,9,64,UTTAR PRADESH,GHAZIPUR,UTTARPRADESH,GHAZIPUR,Polygon,True,0.3039576269582099
Census 2011,data/external/datameet_districts/census_2011/2011_Dist.shp,199,Jharkhand,Giridih,20,4,JHARKHAND,GIRIDIH,JHARKHAND,GIRIDIH,Polygon,True,0.44511989247367845
Census 2011,data/external/datameet_districts/census_2011/2011_Dist.shp,200,Assam,Goalpara,18,3,ASSAM,GOALPARA,ASSAM,GOALPARA,Polygon,True,0.18139561232391221
Census 2011,data/external/datameet_districts/census_2011/2011_Dist.shp,201,Jharkhand,Godda,20,6,JHARKHAND,GODDA,JHARKHAND,GODDA,Polygon,True,0.19990007992572195
Census 2011,data/external/datameet_districts/census_2011/2011_Dist.shp,202,Assam,Golaghat,18,14,ASSAM,GOLAGHAT,ASSAM,GOLAGHAT,Polygon,True,0.30459303024634604
Census 2011,data/external/datameet_districts/census_2011/2011_Dist.shp,203,Uttar Pradesh,Gonda,9,52,UTTAR PRADESH,GONDA,UTTARPRADESH,GONDA,Polygon,True,0.3672583220780912
Census 2011,data/external/datameet_districts/census_2011/2011_Dist.shp,204,Maharashtra,Gondiya,27,11,MAHARASHTRA,GONDIYA,MAHARASHTRA,GONDIYA,Polygon,True,0.47581123100318934
Census 2011,data/external/datameet_districts/census_2011/2011_Dist.shp,205,Bihar,Gopalganj,10,15,BIHAR,GOPALGANJ,BIHAR,GOPALGANJ,Polygon,True,0.1844870635328443
Census 2011,data/external/datameet_districts/census_2011/2011_Dist.shp,206,Uttar Pradesh,Gorakhpur,9,57,UTTAR PRADESH,GORAKHPUR,UTTARPRADESH,GORAKHPUR,Polygon,True,0.3047982489367116
Census 2011,data/external/datameet_districts/census_2011/2011_Dist.shp,207,Karnataka,Gulbarga,29,25,KARNATAKA,GULBARGA,KARNATAKA,GULBARGA,Polygon,True,0.9318242425115776
Census 2011,data/external/datameet_districts/census_2011/2011_Dist.shp,208,Jharkhand,Gumla,20,21,JHARKHAND,GUMLA,JHARKHAND,GUMLA,Polygon,True,0.47197241194127043
Census 2011,data/external/datameet_districts/census_2011/2011_Dist.shp,209,Madhya Pradesh,Guna,23,41,MADHYA PRADESH,GUNA,MADHYAPRADESH,GUNA,Polygon,True,0.5616155359402049
Census 2011,data/external/datameet_districts/census_2011/2011_Dist.shp,210,Andhra Pradesh,Guntur,28,17,ANDHRA PRADESH,GUNTUR,ANDHRAPRADESH,GUNTUR,Polygon,True,0.966571499597393
Census 2011,data/external/datameet_districts/census_2011/2011_Dist.shp,211,Punjab,Gurdaspur,3,1,PUNJAB,GURDASPUR,PUNJAB,GURDASPUR,Polygon,True,0.3455024069882173
Census 2011,data/external/datameet_districts/census_2011/2011_Dist.shp,212,Haryana,Gurgaon,6,18,HARYANA,GURGAON,HARYANA,GURGAON,Polygon,True,0.113887846672611
Census 2011,data/external/datameet_districts/census_2011/2011_Dist.shp,213,Madhya Pradesh,Gwalior,23,4,MADHYA PRADESH,GWALIOR,MADHYAPRADESH,GWALIOR,MultiPolygon,True,0.4705730824355136
Census 2011,data/external/datameet_districts/census_2011/2011_Dist.shp,214,Assam,Hailakandi,18,19,ASSAM,HAILAKANDI,ASSAM,HAILAKANDI,Polygon,True,0.11863943275583475
Census 2011,data/external/datameet_districts/census_2011/2011_Dist.shp,215,Himachal Pradesh,Hamirpur,2,6,HIMACHAL PRADESH,HAMIRPUR,HIMACHALPRADESH,HAMIRPUR,Polygon,True,0.10684791490835413
Census 2011,data/external/datameet_districts/census_2011/2011_Dist.shp,216,Uttar Pradesh,Hamirpur,9,37,UTTAR PRADESH,HAMIRPUR,UTTARPRADESH,HAMIRPUR,Polygon,True,0.38335319898744963
Census 2011,data/external/datameet_districts/census_2011/2011_Dist.shp,217,Rajasthan,Hanumangarh,8,2,RAJASTHAN,HANUMANGARH,RAJASTHAN,HANUMANGARH,Polygon,True,0.9219137544813035
Census 2011,data/external/datameet_districts/census_2011/2011_Dist.shp,218,West Bengal,Haora,19,15,WEST BENGAL,HAORA,WESTBENGAL,HAORA,MultiPolygon,True,0.12702189112771797
Census 2011,data/external/datameet_districts/census_2011/2011_Dist.shp,219,Madhya Pradesh,Harda,23,31,MADHYA PRADESH,HARDA,MADHYAPRADESH,HARDA,Polygon,True,0.29060417146498746
Census 2011,data/external/datameet_districts/census_2011/2011_Dist.shp,220,Uttar Pradesh,Hardoi,9,24,UTTAR PRADESH,HARDOI,UTTARPRADESH,HARDOI,Polygon,True,0.5480855348857272
Census 2011,data/external/datameet_districts/census_2011/2011_Dist.shp,221,Uttarakhand,Hardwar,5,13,UTTARAKHAND,HARDWAR,UTTARAKHAND,HARDWAR,Polygon,True,0.22302474755390686
Census 2011,data/external/datameet_districts/census_2011/2011_Dist.shp,222,Karnataka,Hassan,29,20,KARNATAKA,HASSAN,KARNATAKA,HASSAN,Polygon,True,0.5676285457777036
Census 2011,data/external/datameet_districts/census_2011/2011_Dist.shp,223,Uttar Pradesh,Mahamaya Nagar,9,13,UTTAR PRADESH,MAHAMAYA NAGAR,UTTARPRADESH,MAHAMAYANAGAR,Polygon,True,0.16163414948597013
Census 2011,data/external/datameet_districts/census_2011/2011_Dist.shp,224,Karnataka,Haveri,29,10,KARNATAKA,HAVERI,KARNATAKA,HAVERI,Polygon,True,0.40372496047817485
Census 2011,data/external/datameet_districts/census_2011/2011_Dist.shp,225,Jharkhand,Hazaribagh,20,15,JHARKHAND,HAZARIBAGH,JHARKHAND,HAZARIBAGH,Polygon,True,0.3195569126081326
Census 2011,data/external/datameet_districts/census_2011/2011_Dist.shp,226,Maharashtra,Hingoli,27,16,MAHARASHTRA,HINGOLI,MAHARASHTRA,HINGOLI,Polygon,True,0.4039108164184926
Census 2011,data/external/datameet_districts/census_2011/2011_Dist.shp,227,Haryana,Hisar,6,12,HARYANA,HISAR,HARYANA,HISAR,Polygon,True,0.38978050840831885
Census 2011,data/external/datameet_districts/census_2011/2011_Dist.shp,228,Madhya Pradesh,Hoshangabad,23,32,MADHYA PRADESH,HOSHANGABAD,MADHYAPRADESH,HOSHANGABAD,Polygon,True,0.589365411840084
Census 2011,data/external/datameet_districts/census_2011/2011_Dist.shp,229,Punjab,Hoshiarpur,3,4,PUNJAB,HOSHIARPUR,PUNJAB,HOSHIARPUR,Polygon,True,0.32004060866676554
Census 2011,data/external/datameet_districts/census_2011/2011_Dist.shp,230,West Bengal,Hugli,19,12,WEST BENGAL,HUGLI,WESTBENGAL,HUGLI,Polygon,True,0.27672106466281104
Census 2011,data/external/datameet_districts/census_2011/2011_Dist.shp,231,Andhra Pradesh,Hyderabad,28,5,ANDHRA PRADESH,HYDERABAD,ANDHRAPRADESH,HYDERABAD,Polygon,True,0.015139931739742688
Census 2011,data/external/datameet_districts/census_2011/2011_Dist.shp,232,Kerala,Idukki,32,9,KERALA,IDUKKI,KERALA,IDUKKI,Polygon,True,0.41274723280489467
Census 2011,data/external/datameet_districts/census_2011/2011_Dist.shp,233,Manipur,Imphal East,14,7,MANIPUR,IMPHAL EAST,MANIPUR,IMPHALEAST,Polygon,True,0.08220130149885467
Census 2011,data/external/datameet_districts/census_2011/2011_Dist.shp,234,Manipur,Imphal West,14,6,MANIPUR,IMPHAL WEST,MANIPUR,IMPHALWEST,Polygon,True,0.026804853372475613
Census 2011,data/external/datameet_districts/census_2011/2011_Dist.shp,235,Madhya Pradesh,Indore,23,22,MADHYA PRADESH,INDORE,MADHYAPRADESH,INDORE,Polygon,True,0.3441091660447351
Census 2011,data/external/datameet_districts/census_2011/2011_Dist.shp,236,Madhya Pradesh,Jabalpur,23,34,MADHYA PRADESH,JABALPUR,MADHYAPRADESH,JABALPUR,Polygon,True,0.45059693315598026
Census 2011,data/external/datameet_districts/census_2011/2011_Dist.shp,237,Odisha,Jagatsinghapur,21,11,ODISHA,JAGATSINGHAPUR,ODISHA,JAGATSINGHAPUR,Polygon,True,0.15026651145872566
Census 2011,data/external/datameet_districts/census_2011/2011_Dist.shp,238,Meghalaya,Jaintia Hills,17,7,MEGHALAYA,JAINTIA HILLS,MEGHALAYA,JAINTIAHILLS,Polygon,True,0.34054804998992155
Census 2011,data/external/datameet_districts/census_2011/2011_Dist.shp,239,Rajasthan,Jaipur,8,12,RAJASTHAN,JAIPUR,RAJASTHAN,JAIPUR,Polygon,True,1.024163813379997
Census 2011,data/external/datameet_districts/census_2011/2011_Dist.shp,240,Rajasthan,Jaisalmer,8,16,RAJASTHAN,JAISALMER,RAJASTHAN,JAISALMER,Polygon,True,3.497934200441182
Census 2011,data/external/datameet_districts/census_2011/2011_Dist.shp,241,Odisha,Jajapur,21,13,ODISHA,JAJAPUR,ODISHA,JAJAPUR,Polygon,True,0.25130440874817933
Census 2011,data/external/datameet_districts/census_2011/2011_Dist.shp,242,Punjab,Jalandhar,3,3,PUNJAB,JALANDHAR,PUNJAB,JALANDHAR,Polygon,True,0.24663203300044453
Census 2011,data/external/datameet_districts/census_2011/2011_Dist.shp,243,Uttar Pradesh,Jalaun,9,34,UTTAR PRADESH,JALAUN,UTTARPRADESH,JALAUN,Polygon,True,0.41247603068488586
Census 2011,data/external/datameet_districts/census_2011/2011_Dist.shp,244,Maharashtra,Jalgaon,27,3,MAHARASHTRA,JALGAON,MAHARASHTRA,JALGAON,Polygon,True,1.0221787482947464
Census 2011,data/external/datameet_districts/census_2011/2011_Dist.shp,245,Maharashtra,Jalna,27,18,MAHARASHTRA,JALNA,MAHARASHTRA,JALNA,Polygon,True,0.6699806169579291
Census 2011,data/external/datameet_districts/census_2011/2011_Dist.shp,246,Rajasthan,Jalor,8,18,RAJASTHAN,JALOR,RAJASTHAN,JALOR,Polygon,True,0.9604736281522279
Census 2011,data/external/datameet_districts/census_2011/2011_Dist.shp,247,West Bengal,Jalpaiguri,19,2,WEST BENGAL,JALPAIGURI,WESTBENGAL,JALPAIGURI,Polygon,True,0.5640987928446698
Census 2011,data/external/datameet_districts/census_2011/2011_Dist.shp,248,Jammu & Kashmir,Jammu,1,21,JAMMU & KASHMIR,JAMMU,JAMMUKASHMIR,JAMMU,Polygon,True,0.1932040626803391
Census 2011,data/external/datameet_districts/census_2011/2011_Dist.shp,249,Gujarat,Jamnagar,24,10,GUJARAT,JAMNAGAR,GUJARAT,JAMNAGAR,MultiPolygon,True,0.9551006655534923
Census 2011,data/external/datameet_districts/census_2011/2011_Dist.shp,250,Jharkhand,Jamtara,20,18,JHARKHAND,JAMTARA,JHARKHAND,JAMTARA,Polygon,True,0.15977860475039976
Census 2011,data/external/datameet_districts/census_2011/2011_Dist.shp,251,Bihar,Jamui,10,36,BIHAR,JAMUI,BIHAR,JAMUI,Polygon,True,0.2720378328158252
Census 2011,data/external/datameet_districts/census_2011/2011_Dist.shp,252,Chhattisgarh,Janjgir-champa,22,6,CHHATTISGARH,JANJGIR-CHAMPA,CHHATTISGARH,JANJGIRCHAMPA,Polygon,True,0.33810721757263124
Census 2011,data/external/datameet_districts/census_2011/2011_Dist.shp,253,Chhattisgarh,Jashpur,22,3,CHHATTISGARH,JASHPUR,CHHATTISGARH,JASHPUR,Polygon,True,0.5105084142702944
Census 2011,data/external/datameet_districts/census_2011/2011_Dist.shp,254,Uttar Pradesh,Jaunpur,9,63,UTTAR PRADESH,JAUNPUR,UTTARPRADESH,JAUNPUR,Polygon,True,0.36275490870639615
Census 2011,data/external/datameet_districts/census_2011/2011_Dist.shp,255,Madhya Pradesh,Jhabua,23,47,MADHYA PRADESH,JHABUA,MADHYAPRADESH,JHABUA,MultiPolygon,True,0.302428830502531
Census 2011,data/external/datameet_districts/census_2011/2011_Dist.shp,256,Haryana,Jhajjar,6,15,HARYANA,JHAJJAR,HARYANA,JHAJJAR,Polygon,True,0.17877514193616012
Census 2011,data/external/datameet_districts/census_2011/2011_Dist.shp,257,Rajasthan,Jhalawar,8,31,RAJASTHAN,JHALAWAR,RAJASTHAN,JHALAWAR,Polygon,True,0.5565323649729067
Census 2011,data/external/datameet_districts/census_2011/2011_Dist.shp,258,Uttar Pradesh,Jhansi,9,35,UTTAR PRADESH,JHANSI,UTTARPRADESH,JHANSI,Polygon,True,0.4549279231708138
Census 2011,data/external/datameet_districts/census_2011/2011_Dist.shp,259,Odisha,Jharsuguda,21,2,ODISHA,JHARSUGUDA,ODISHA,JHARSUGUDA,Polygon,True,0.18476592649200754
Census 2011,data/external/datameet_districts/census_2011/2011_Dist.shp,260,Rajasthan,Jhunjhunun,8,5,RAJASTHAN,JHUNJHUNUN,RAJASTHAN,JHUNJHUNUN,Polygon,True,0.5438278456281918
Census 2011,data/external/datameet_districts/census_2011/2011_Dist.shp,261,Rajasthan,Jodhpur,8,15,RAJASTHAN,JODHPUR,RAJASTHAN,JODHPUR,Polygon,True,2.074811680180528
Census 2011,data/external/datameet_districts/census_2011/2011_Dist.shp,262,Assam,Jorhat,18,13,ASSAM,JORHAT,ASSAM,JORHAT,Polygon,True,0.2721141548908075
Census 2011,data/external/datameet_districts/census_2011/2011_Dist.shp,263,Gujarat,Junagadh,24,12,GUJARAT,JUNAGADH,GUJARAT,JUNAGADH,MultiPolygon,True,0.7200559022868406
Census 2011,data/external/datameet_districts/census_2011/2011_Dist.shp,264,Uttar Pradesh,Jyotiba Phule Nagar,9,6,UTTAR PRADESH,JYOTIBA PHULE NAGAR,UTTARPRADESH,JYOTIBAPHULENAGAR,Polygon,True,0.2100666183235324
Census 2011,data/external/datameet_districts/census_2011/2011_Dist.shp,265,Gujarat,Kachchh,24,1,GUJARAT,KACHCHH,GUJARAT,KACHCHH,MultiPolygon,True,3.727826773140465
Census 2011,data/external/datameet_districts/census_2011/2011_Dist.shp,266,Bihar,Kaimur (bhabua),10,31,BIHAR,KAIMUR (BHABUA),BIHAR,KAIMURBHABUA,Polygon,True,0.2992263881906695
Census 2011,data/external/datameet_districts/census_2011/2011_Dist.shp,267,Haryana,Kaithal,6,5,HARYANA,KAITHAL,HARYANA,KAITHAL,MultiPolygon,True,0.21464573383679553
Census 2011,data/external/datameet_districts/census_2011/2011_Dist.shp,268,Odisha,Kalahandi,21,26,ODISHA,KALAHANDI,ODISHA,KALAHANDI,Polygon,True,0.6812439965094396
Census 2011,data/external/datameet_districts/census_2011/2011_Dist.shp,269,Assam,Kamrup,18,22,ASSAM,KAMRUP,ASSAM,KAMRUP,Polygon,True,0.2622859857884465
Census 2011,data/external/datameet_districts/census_2011/2011_Dist.shp,270,Assam,Kamrup Metropolitan,18,23,ASSAM,KAMRUP METROPOLITAN,ASSAM,KAMRUPMETROPOLITAN,Polygon,True,0.1089575301175002
Census 2011,data/external/datameet_districts/census_2011/2011_Dist.shp,271,Tamil Nadu,Kancheepuram,33,3,TAMIL NADU,KANCHEEPURAM,TAMILNADU,KANCHEEPURAM,Polygon,True,0.38484630653080876
Census 2011,data/external/datameet_districts/census_2011/2011_Dist.shp,272,Odisha,Kandhamal,21,21,ODISHA,KANDHAMAL,ODISHA,KANDHAMAL,Polygon,True,0.6950272782287735
Census 2011,data/external/datameet_districts/census_2011/2011_Dist.shp,273,Himachal Pradesh,Kangra,2,2,HIMACHAL PRADESH,KANGRA,HIMACHALPRADESH,KANGRA,Polygon,True,0.5463370449606438
Census 2011,data/external/datameet_districts/census_2011/2011_Dist.shp,274,Chhattisgarh,Uttar Bastar Kanker,22,14,CHHATTISGARH,UTTAR BASTAR KANKER,CHHATTISGARH,UTTARBASTARKANKER,Polygon,True,0.5875199395291267
Census 2011,data/external/datameet_districts/census_2011/2011_Dist.shp,275,Uttar Pradesh,Kannauj,9,29,UTTAR PRADESH,KANNAUJ,UTTARPRADESH,KANNAUJ,Polygon,True,0.18867217702314393
Census 2011,data/external/datameet_districts/census_2011/2011_Dist.shp,276,Tamil Nadu,Kanniyakumari,33,28,TAMIL NADU,KANNIYAKUMARI,TAMILNADU,KANNIYAKUMARI,Polygon,True,0.13868755875804564
Census 2011,data/external/datameet_districts/census_2011/2011_Dist.shp,277,Kerala,Kannur,32,2,KERALA,KANNUR,KERALA,KANNUR,Polygon,True,0.24472021715502104
Census 2011,data/external/datameet_districts/census_2011/2011_Dist.shp,278,Uttar Pradesh,Kanpur Dehat,9,32,UTTAR PRADESH,KANPUR DEHAT,UTTARPRADESH,KANPURDEHAT,Polygon,True,0.2907193297067995
Census 2011,data/external/datameet_districts/census_2011/2011_Dist.shp,279,Uttar Pradesh,Kanpur Nagar,9,33,UTTAR PRADESH,KANPUR NAGAR,UTTARPRADESH,KANPURNAGAR,Polygon,True,0.26036914726343535
Census 2011,data/external/datameet_districts/census_2011/2011_Dist.shp,280,Uttar Pradesh,Kansiram Nagar,9,71,UTTAR PRADESH,KANSIRAM NAGAR,UTTARPRADESH,KANSIRAMNAGAR,Polygon,True,0.18000675191283458
Census 2011,data/external/datameet_districts/census_2011/2011_Dist.shp,281,Punjab,Kapurthala,3,2,PUNJAB,KAPURTHALA,PUNJAB,KAPURTHALA,MultiPolygon,True,0.15747230951229954
Census 2011,data/external/datameet_districts/census_2011/2011_Dist.shp,282,Assam,Karbi Anglong,18,15,ASSAM,KARBI ANGLONG,ASSAM,KARBIANGLONG,MultiPolygon,True,0.9400594123993116
Census 2011,data/external/datameet_districts/census_2011/2011_Dist.shp,283,Jammu & Kashmir,Kargil,1,4,JAMMU & KASHMIR,KARGIL,JAMMUKASHMIR,KARGIL,Polygon,True,1.4525854824898452
Census 2011,data/external/datameet_districts/census_2011/2011_Dist.shp,284,Assam,Karimganj,18,18,ASSAM,KARIMGANJ,ASSAM,KARIMGANJ,Polygon,True,0.16656502872854248
Census 2011,data/external/datameet_districts/census_2011/2011_Dist.shp,285,Andhra Pradesh,Karimnagar,28,3,ANDHRA PRADESH,KARIMNAGAR,ANDHRAPRADESH,KARIMNAGAR,Polygon,True,1.0180555340570425
Census 2011,data/external/datameet_districts/census_2011/2011_Dist.shp,286,Haryana,Karnal,6,6,HARYANA,KARNAL,HARYANA,KARNAL,Polygon,True,0.24602554140031982
Census 2011,data/external/datameet_districts/census_2011/2011_Dist.shp,287,Tamil Nadu,Karur,33,12,TAMIL NADU,KARUR,TAMILNADU,KARUR,Polygon,True,0.23929842279158686
Census 2011,data/external/datameet_districts/census_2011/2011_Dist.shp,288,Kerala,Kasaragod,32,1,KERALA,KASARAGOD,KERALA,KASARAGOD,Polygon,True,0.16334966191857825
Census 2011,data/external/datameet_districts/census_2011/2011_Dist.shp,289,Jammu & Kashmir,Kathua,1,7,JAMMU & KASHMIR,KATHUA,JAMMUKASHMIR,KATHUA,Polygon,True,0.22632218934070436
Census 2011,data/external/datameet_districts/census_2011/2011_Dist.shp,290,Bihar,Katihar,10,10,BIHAR,KATIHAR,BIHAR,KATIHAR,Polygon,True,0.2746075749843195
Census 2011,data/external/datameet_districts/census_2011/2011_Dist.shp,291,Madhya Pradesh,Katni,23,33,MADHYA PRADESH,KATNI,MADHYAPRADESH,KATNI,Polygon,True,0.44835052567712813
Census 2011,data/external/datameet_districts/census_2011/2011_Dist.shp,292,Uttar Pradesh,Kaushambi,9,43,UTTAR PRADESH,KAUSHAMBI,UTTARPRADESH,KAUSHAMBI,Polygon,True,0.18216259395325204
Census 2011,data/external/datameet_districts/census_2011/2011_Dist.shp,293,Odisha,Kendrapara,21,10,ODISHA,KENDRAPARA,ODISHA,KENDRAPARA,MultiPolygon,True,0.2144648281479712
Census 2011,data/external/datameet_districts/census_2011/2011_Dist.shp,294,Odisha,Kendujhar,21,6,ODISHA,KENDUJHAR,ODISHA,KENDUJHAR,Polygon,True,0.7238114442301337
Census 2011,data/external/datameet_districts/census_2011/2011_Dist.shp,295,Bihar,Khagaria,10,21,BIHAR,KHAGARIA,BIHAR,KHAGARIA,Polygon,True,0.13370953499088242
Census 2011,data/external/datameet_districts/census_2011/2011_Dist.shp,296,Andhra Pradesh,Khammam,28,10,ANDHRA PRADESH,KHAMMAM,ANDHRAPRADESH,KHAMMAM,Polygon,True,1.3684114780931846
Census 2011,data/external/datameet_districts/census_2011/2011_Dist.shp,297,Gujarat,Kheda,24,16,GUJARAT,KHEDA,GUJARAT,KHEDA,Polygon,True,0.3516508792919441
Census 2011,data/external/datameet_districts/census_2011/2011_Dist.shp,298,Uttar Pradesh,Kheri,9,22,UTTAR PRADESH,KHERI,UTTARPRADESH,KHERI,Polygon,True,0.7080619083752719
Census 2011,data/external/datameet_districts/census_2011/2011_Dist.shp,299,Odisha,Khordha,21,17,ODISHA,KHORDHA,ODISHA,KHORDHA,Polygon,True,0.23738646928967325
Census 2011,data/external/datameet_districts/census_2011/2011_Dist.shp,300,Jharkhand,Khunti,20,20,JHARKHAND,KHUNTI,JHARKHAND,KHUNTI,Polygon,True,0.2383870149558781
Census 2011,data/external/datameet_districts/census_2011/2011_Dist.shp,301,Himachal Pradesh,Kinnaur,2,12,HIMACHAL PRADESH,KINNAUR,HIMACHALPRADESH,KINNAUR,Polygon,True,0.6143805511626808
Census 2011,data/external/datameet_districts/census_2011/2011_Dist.shp,302,Nagaland,Kiphire,13,9,NAGALAND,KIPHIRE,NAGALAND,KIPHIRE,Polygon,True,0.10343803981698414
Census 2011,data/external/datameet_districts/census_2011/2011_Dist.shp,303,Bihar,Kishanganj,10,8,BIHAR,KISHANGANJ,BIHAR,KISHANGANJ,Polygon,True,0.17470441935190695
Census 2011,data/external/datameet_districts/census_2011/2011_Dist.shp,304,Jammu & Kashmir,Kishtwar,1,18,JAMMU & KASHMIR,KISHTWAR,JAMMUKASHMIR,KISHTWAR,Polygon,True,0.8361357049603501
Census 2011,data/external/datameet_districts/census_2011/2011_Dist.shp,305,West Bengal,Koch Bihar,19,3,WEST BENGAL,KOCH BIHAR,WESTBENGAL,KOCHBIHAR,MultiPolygon,True,0.30789203086067707
Census 2011,data/external/datameet_districts/census_2011/2011_Dist.shp,306,Karnataka,Kodagu,29,22,KARNATAKA,KODAGU,KARNATAKA,KODAGU,Polygon,True,0.34168439534774775
Census 2011,data/external/datameet_districts/census_2011/2011_Dist.shp,307,Jharkhand,Kodarma,20,3,JHARKHAND,KODARMA,JHARKHAND,KODARMA,Polygon,True,0.22387803361814781
Census 2011,data/external/datameet_districts/census_2011/2011_Dist.shp,308,Nagaland,Kohima,13,10,NAGALAND,KOHIMA,NAGALAND,KOHIMA,Polygon,True,0.1329729702471635
Census 2011,data/external/datameet_districts/census_2011/2011_Dist.shp,309,Assam,Kokrajhar,18,1,ASSAM,KOKRAJHAR,ASSAM,KOKRAJHAR,Polygon,True,0.28752880706886935
Census 2011,data/external/datameet_districts/census_2011/2011_Dist.shp,310,Karnataka,Kolar,29,27,KARNATAKA,KOLAR,KARNATAKA,KOLAR,Polygon,True,0.3322893131270202
Census 2011,data/external/datameet_districts/census_2011/2011_Dist.shp,311,Mizoram,Kolasib,15,2,MIZORAM,KOLASIB,MIZORAM,KOLASIB,Polygon,True,0.1197082859710197
Census 2011,data/external/datameet_districts/census_2011/2011_Dist.shp,312,Maharashtra,Kolhapur,27,34,MAHARASHTRA,KOLHAPUR,MAHARASHTRA,KOLHAPUR,Polygon,True,0.6491118915577275
Census 2011,data/external/datameet_districts/census_2011/2011_Dist.shp,313,West Bengal,Kolkata,19,16,WEST BENGAL,KOLKATA,WESTBENGAL,KOLKATA,Polygon,True,0.008023744532117646
Census 2011,data/external/datameet_districts/census_2011/2011_Dist.shp,314,Kerala,Kollam,32,13,KERALA,KOLLAM,KERALA,KOLLAM,Polygon,True,0.20449033973867586
Census 2011,data/external/datameet_districts/census_2011/2011_Dist.shp,315,Karnataka,Koppal,29,6,KARNATAKA,KOPPAL,KARNATAKA,KOPPAL,Polygon,True,0.46918452292707014
Census 2011,data/external/datameet_districts/census_2011/2011_Dist.shp,316,Odisha,Koraput,21,29,ODISHA,KORAPUT,ODISHA,KORAPUT,Polygon,True,0.7458005634737377
Census 2011,data/external/datameet_districts/census_2011/2011_Dist.shp,317,Chhattisgarh,Korba,22,5,CHHATTISGARH,KORBA,CHHATTISGARH,KORBA,Polygon,True,0.5778858000720629
Census 2011,data/external/datameet_districts/census_2011/2011_Dist.shp,318,Chhattisgarh,Koriya,22,1,CHHATTISGARH,KORIYA,CHHATTISGARH,KORIYA,Polygon,True,0.5867093122547247
Census 2011,data/external/datameet_districts/census_2011/2011_Dist.shp,319,Rajasthan,Kota,8,29,RAJASTHAN,KOTA,RAJASTHAN,KOTA,Polygon,True,0.4932634434609737
Census 2011,data/external/datameet_districts/census_2011/2011_Dist.shp,320,Kerala,Kottayam,32,10,KERALA,KOTTAYAM,KERALA,KOTTAYAM,Polygon,True,0.18210163792348566
Census 2011,data/external/datameet_districts/census_2011/2011_Dist.shp,321,Kerala,Kozhikode,32,4,KERALA,KOZHIKODE,KERALA,KOZHIKODE,Polygon,True,0.1931817229025744
Census 2011,data/external/datameet_districts/census_2011/2011_Dist.shp,322,Andhra Pradesh,Krishna,28,16,ANDHRA PRADESH,KRISHNA,ANDHRAPRADESH,KRISHNA,MultiPolygon,True,0.7246082080275715
Census 2011,data/external/datameet_districts/census_2011/2011_Dist.shp,323,Tamil Nadu,Krishnagiri,33,30,TAMIL NADU,KRISHNAGIRI,TAMILNADU,KRISHNAGIRI,Polygon,True,0.42768546163389626
Census 2011,data/external/datameet_districts/census_2011/2011_Dist.shp,324,Jammu & Kashmir,Kulgam,1,15,JAMMU & KASHMIR,KULGAM,JAMMUKASHMIR,KULGAM,Polygon,True,0.12907868284294707
Census 2011,data/external/datameet_districts/census_2011/2011_Dist.shp,325,Himachal Pradesh,Kullu,2,4,HIMACHAL PRADESH,KULLU,HIMACHALPRADESH,KULLU,Polygon,True,0.5254609820869449
Census 2011,data/external/datameet_districts/census_2011/2011_Dist.shp,326,Jammu & Kashmir,Kupwara,1,1,JAMMU & KASHMIR,KUPWARA,JAMMUKASHMIR,KUPWARA,Polygon,True,0.19722580904316622
Census 2011,data/external/datameet_districts/census_2011/2011_Dist.shp,327,Andhra Pradesh,Kurnool,28,21,ANDHRA PRADESH,KURNOOL,ANDHRAPRADESH,KURNOOL,Polygon,True,1.501264855425586
Census 2011,data/external/datameet_districts/census_2011/2011_Dist.shp,328,Haryana,Kurukshetra,6,4,HARYANA,KURUKSHETRA,HARYANA,KURUKSHETRA,Polygon,True,0.14682590740606907
Census 2011,data/external/datameet_districts/census_2011/2011_Dist.shp,329,Arunanchal Pradesh,Kurung Kumey,12,12,ARUNANCHAL PRADESH,KURUNG KUMEY,ARUNANCHALPRADESH,KURUNGKUMEY,Polygon,True,0.6225140596882625
Census 2011,data/external/datameet_districts/census_2011/2011_Dist.shp,330,Uttar Pradesh,Kushinagar,9,58,UTTAR PRADESH,KUSHINAGAR,UTTARPRADESH,KUSHINAGAR,Polygon,True,0.2620532491640826
Census 2011,data/external/datameet_districts/census_2011/2011_Dist.shp,331,Himachal Pradesh,Lahul & Spiti,2,3,HIMACHAL PRADESH,LAHUL & SPITI,HIMACHALPRADESH,LAHULSPITI,Polygon,True,1.3271647225073686
Census 2011,data/external/datameet_districts/census_2011/2011_Dist.shp,332,Assam,Lakhimpur,18,8,ASSAM,LAKHIMPUR,ASSAM,LAKHIMPUR,Polygon,True,0.2626694768363058
Census 2011,data/external/datameet_districts/census_2011/2011_Dist.shp,333,Bihar,Lakhisarai,10,25,BIHAR,LAKHISARAI,BIHAR,LAKHISARAI,Polygon,True,0.1133237151282073
Census 2011,data/external/datameet_districts/census_2011/2011_Dist.shp,334,Uttar Pradesh,Lalitpur,9,36,UTTAR PRADESH,LALITPUR,UTTARPRADESH,LALITPUR,Polygon,True,0.4501802001641862
Census 2011,data/external/datameet_districts/census_2011/2011_Dist.shp,335,Jharkhand,Latehar,20,14,JHARKHAND,LATEHAR,JHARKHAND,LATEHAR,Polygon,True,0.37692825828397336
Census 2011,data/external/datameet_districts/census_2011/2011_Dist.shp,336,Maharashtra,Latur,27,28,MAHARASHTRA,LATUR,MAHARASHTRA,LATUR,Polygon,True,0.5771151570266477
Census 2011,data/external/datameet_districts/census_2011/2011_Dist.shp,337,Mizoram,Lawangtlai,15,7,MIZORAM,LAWANGTLAI,MIZORAM,LAWANGTLAI,Polygon,True,0.1751032669066035
Census 2011,data/external/datameet_districts/census_2011/2011_Dist.shp,338,Jammu & Kashmir,Leh (ladakh),1,3,JAMMU & KASHMIR,LEH (LADAKH),JAMMUKASHMIR,LEHLADAKH,Polygon,True,7.865415497947371
Census 2011,data/external/datameet_districts/census_2011/2011_Dist.shp,339,Jharkhand,Lohardaga,20,11,JHARKHAND,LOHARDAGA,JHARKHAND,LOHARDAGA,Polygon,True,0.13230824534505567
Census 2011,data/external/datameet_districts/census_2011/2011_Dist.shp,340,Arunanchal Pradesh,Lohit,12,15,ARUNANCHAL PRADESH,LOHIT,ARUNANCHALPRADESH,LOHIT,Polygon,True,0.3567680939607334
Census 2011,data/external/datameet_districts/census_2011/2011_Dist.shp,341,Nagaland,Longleng,13,8,NAGALAND,LONGLENG,NAGALAND,LONGLENG,Polygon,True,0.05112718162268481
Census 2011,data/external/datameet_districts/census_2011/2011_Dist.shp,342,Arunanchal Pradesh,Lower Dibang Valley,12,14,ARUNANCHAL PRADESH,LOWER DIBANG VALLEY,ARUNANCHALPRADESH,LOWERDIBANGVALLEY,Polygon,True,0.5237006419490557
Census 2011,data/external/datameet_districts/census_2011/2011_Dist.shp,343,Arunanchal Pradesh,Lower Subansiri,12,11,ARUNANCHAL PRADESH,LOWER SUBANSIRI,ARUNANCHALPRADESH,LOWERSUBANSIRI,Polygon,True,0.22667135670923758
Census 2011,data/external/datameet_districts/census_2011/2011_Dist.shp,344,Uttar Pradesh,Lucknow,9,26,UTTAR PRADESH,LUCKNOW,UTTARPRADESH,LUCKNOW,Polygon,True,0.2305556628520045
Census 2011,data/external/datameet_districts/census_2011/2011_Dist.shp,345,Punjab,Ludhiana,3,7,PUNJAB,LUDHIANA,PUNJAB,LUDHIANA,Polygon,True,0.3378938763831546
Census 2011,data/external/datameet_districts/census_2011/2011_Dist.shp,346,Mizoram,Lunglei,15,6,MIZORAM,LUNGLEI,MIZORAM,LUNGLEI,Polygon,True,0.397721636393783
Census 2011,data/external/datameet_districts/census_2011/2011_Dist.shp,347,Bihar,Madhepura,10,11,BIHAR,MADHEPURA,BIHAR,MADHEPURA,Polygon,True,0.16524370197450425
Census 2011,data/external/datameet_districts/census_2011/2011_Dist.shp,348,Bihar,Madhubani,10,5,BIHAR,MADHUBANI,BIHAR,MADHUBANI,Polygon,True,0.31104843706523944
Census 2011,data/external/datameet_districts/census_2011/2011_Dist.shp,349,Tamil Nadu,Madurai,33,22,TAMIL NADU,MADURAI,TAMILNADU,MADURAI,Polygon,True,0.3047148050586673
Census 2011,data/external/datameet_districts/census_2011/2011_Dist.shp,350,Uttar Pradesh,Maharajganj,9,56,UTTAR PRADESH,MAHARAJGANJ,UTTARPRADESH,MAHARAJGANJ,Polygon,True,0.2640312238669621
Census 2011,data/external/datameet_districts/census_2011/2011_Dist.shp,351,Chhattisgarh,Mahasamund,22,12,CHHATTISGARH,MAHASAMUND,CHHATTISGARH,MAHASAMUND,Polygon,True,0.4116106144211659
Census 2011,data/external/datameet_districts/census_2011/2011_Dist.shp,352,Andhra Pradesh,Mahbubnagar,28,7,ANDHRA PRADESH,MAHBUBNAGAR,ANDHRAPRADESH,MAHBUBNAGAR,Polygon,True,1.555983781448362
Census 2011,data/external/datameet_districts/census_2011/2011_Dist.shp,353,Puducherry,Mahe,34,3,PUDUCHERRY,MAHE,PUDUCHERRY,MAHE,MultiPolygon,True,0.000816872618116626
Census 2011,data/external/datameet_districts/census_2011/2011_Dist.shp,354,Haryana,Mahendragarh,6,16,HARYANA,MAHENDRAGARH,HARYANA,MAHENDRAGARH,Polygon,True,0.1773103085884115
Census 2011,data/external/datameet_districts/census_2011/2011_Dist.shp,355,Gujarat,Mahesana,24,4,GUJARAT,MAHESANA,GUJARAT,MAHESANA,Polygon,True,0.3905413246884653
Census 2011,data/external/datameet_districts/census_2011/2011_Dist.shp,356,Uttar Pradesh,Mahoba,9,38,UTTAR PRADESH,MAHOBA,UTTARPRADESH,MAHOBA,MultiPolygon,True,0.25751995403540207
Census 2011,data/external/datameet_districts/census_2011/2011_Dist.shp,357,Uttar Pradesh,Mainpuri,9,17,UTTAR PRADESH,MAINPURI,UTTARPRADESH,MAINPURI,Polygon,True,0.24586956684098502
Census 2011,data/external/datameet_districts/census_2011/2011_Dist.shp,358,Kerala,Malappuram,32,5,KERALA,MALAPPURAM,KERALA,MALAPPURAM,Polygon,True,0.29500507748294297
Census 2011,data/external/datameet_districts/census_2011/2011_Dist.shp,359,West Bengal,Maldah,19,6,WEST BENGAL,MALDAH,WESTBENGAL,MALDAH,Polygon,True,0.3221150218393051
Census 2011,data/external/datameet_districts/census_2011/2011_Dist.shp,360,Odisha,Malkangiri,21,30,ODISHA,MALKANGIRI,ODISHA,MALKANGIRI,Polygon,True,0.4972282672738799
Census 2011,data/external/datameet_districts/census_2011/2011_Dist.shp,361,Mizoram,Mamit,15,1,MIZORAM,MAMIT,MIZORAM,MAMIT,Polygon,True,0.26874512770046743
Census 2011,data/external/datameet_districts/census_2011/2011_Dist.shp,362,Himachal Pradesh,Mandi,2,5,HIMACHAL PRADESH,MANDI,HIMACHALPRADESH,MANDI,Polygon,True,0.3760107323839452
Census 2011,data/external/datameet_districts/census_2011/2011_Dist.shp,363,Madhya Pradesh,Mandla,23,37,MADHYA PRADESH,MANDLA,MADHYAPRADESH,MANDLA,Polygon,True,0.6629174344898905
Census 2011,data/external/datameet_districts/census_2011/2011_Dist.shp,364,Madhya Pradesh,Mandsaur,23,16,MADHYA PRADESH,MANDSAUR,MADHYAPRADESH,MANDSAUR,Polygon,True,0.5013468180826369
Census 2011,data/external/datameet_districts/census_2011/2011_Dist.shp,365,Karnataka,Mandya,29,19,KARNATAKA,MANDYA,KARNATAKA,MANDYA,MultiPolygon,True,0.41158366089096343
Census 2011,data/external/datameet_districts/census_2011/2011_Dist.shp,366,Punjab,Mansa,3,13,PUNJAB,MANSA,PUNJAB,MANSA,Polygon,True,0.2065416762074312
Census 2011,data/external/datameet_districts/census_2011/2011_Dist.shp,367,Assam,Marigaon,18,5,ASSAM,MARIGAON,ASSAM,MARIGAON,Polygon,True,0.1397061344758339
Census 2011,data/external/datameet_districts/census_2011/2011_Dist.shp,368,Uttar Pradesh,Mathura,9,14,UTTAR PRADESH,MATHURA,UTTARPRADESH,MATHURA,Polygon,True,0.3065925326262821
Census 2011,data/external/datameet_districts/census_2011/2011_Dist.shp,369,Uttar Pradesh,Mau,9,61,UTTAR PRADESH,MAU,UTTARPRADESH,MAU,Polygon,True,0.15278827838922526
Census 2011,data/external/datameet_districts/census_2011/2011_Dist.shp,370,Odisha,Mayurbhanj,21,7,ODISHA,MAYURBHANJ,ODISHA,MAYURBHANJ,Polygon,True,0.9109984458095496
Census 2011,data/external/datameet_districts/census_2011/2011_Dist.shp,371,Andhra Pradesh,Medak,28,4,ANDHRA PRADESH,MEDAK,ANDHRAPRADESH,MEDAK,Polygon,True,0.8322282369862103
Census 2011,data/external/datameet_districts/census_2011/2011_Dist.shp,372,Uttar Pradesh,Meerut,9,7,UTTAR PRADESH,MEERUT,UTTARPRADESH,MEERUT,Polygon,True,0.24203202281970393
Census 2011,data/external/datameet_districts/census_2011/2011_Dist.shp,373,Haryana,Mewat,6,19,HARYANA,MEWAT,HARYANA,MEWAT,Polygon,True,0.13456342000737231
Census 2011,data/external/datameet_districts/census_2011/2011_Dist.shp,374,Uttar Pradesh,Mirzapur,9,68,UTTAR PRADESH,MIRZAPUR,UTTARPRADESH,MIRZAPUR,Polygon,True,0.40347653773894926
Census 2011,data/external/datameet_districts/census_2011/2011_Dist.shp,375,Punjab,Moga,3,8,PUNJAB,MOGA,PUNJAB,MOGA,Polygon,True,0.2211011071163149
Census 2011,data/external/datameet_districts/census_2011/2011_Dist.shp,376,Nagaland,Mokokchung,13,2,NAGALAND,MOKOKCHUNG,NAGALAND,MOKOKCHUNG,Polygon,True,0.14535734478254939
Census 2011,data/external/datameet_districts/census_2011/2011_Dist.shp,377,Nagaland,Mon,13,1,NAGALAND,MON,NAGALAND,MON,Polygon,True,0.1670479644720851
Census 2011,data/external/datameet_districts/census_2011/2011_Dist.shp,378,Uttar Pradesh,Moradabad,9,4,UTTAR PRADESH,MORADABAD,UTTARPRADESH,MORADABAD,Polygon,True,0.33498182519291403
Census 2011,data/external/datameet_districts/census_2011/2011_Dist.shp,379,Madhya Pradesh,Morena,23,2,MADHYA PRADESH,MORENA,MADHYAPRADESH,MORENA,Polygon,True,0.451009084328432
Census 2011,data/external/datameet_districts/census_2011/2011_Dist.shp,380,Punjab,Muktsar,3,10,PUNJAB,MUKTSAR,PUNJAB,MUKTSAR,Polygon,True,0.24422312047025044
Census 2011,data/external/datameet_districts/census_2011/2011_Dist.shp,381,Maharashtra,Mumbai,27,23,MAHARASHTRA,MUMBAI,MAHARASHTRA,MUMBAI,Polygon,True,0.012803863245530159
Census 2011,data/external/datameet_districts/census_2011/2011_Dist.shp,382,Maharashtra,Mumbai Suburban,27,22,MAHARASHTRA,MUMBAI SUBURBAN,MAHARASHTRA,MUMBAISUBURBAN,Polygon,True,0.038865529699441695
Census 2011,data/external/datameet_districts/census_2011/2011_Dist.shp,383,Bihar,Munger,10,24,BIHAR,MUNGER,BIHAR,MUNGER,Polygon,True,0.1281436429768761
Census 2011,data/external/datameet_districts/census_2011/2011_Dist.shp,384,West Bengal,Murshidabad,19,7,WEST BENGAL,MURSHIDABAD,WESTBENGAL,MURSHIDABAD,Polygon,True,0.47415891904556295
Census 2011,data/external/datameet_districts/census_2011/2011_Dist.shp,385,Uttar Pradesh,Muzaffarnagar,9,2,UTTAR PRADESH,MUZAFFARNAGAR,UTTARPRADESH,MUZAFFARNAGAR,Polygon,True,0.3769239199241191
Census 2011,data/external/datameet_districts/census_2011/2011_Dist.shp,386,Bihar,Muzaffarpur,10,14,BIHAR,MUZAFFARPUR,BIHAR,MUZAFFARPUR,Polygon,True,0.2872639403096493
Census 2011,data/external/datameet_districts/census_2011/2011_Dist.shp,387,Karnataka,Mysore,29,23,KARNATAKA,MYSORE,KARNATAKA,MYSORE,Polygon,True,0.5239793114334382
Census 2011,data/external/datameet_districts/census_2011/2011_Dist.shp,388,Odisha,Nabarangapur,21,28,ODISHA,NABARANGAPUR,ODISHA,NABARANGAPUR,Polygon,True,0.45616890680657934
Census 2011,data/external/datameet_districts/census_2011/2011_Dist.shp,389,West Bengal,Nadia,19,10,WEST BENGAL,NADIA,WESTBENGAL,NADIA,MultiPolygon,True,0.3463789491816018
Census 2011,data/external/datameet_districts/census_2011/2011_Dist.shp,390,Assam,Nagaon,18,6,ASSAM,NAGAON,ASSAM,NAGAON,Polygon,True,0.36078621921936743
Census 2011,data/external/datameet_districts/census_2011/2011_Dist.shp,391,Rajasthan,Nagaur,8,14,RAJASTHAN,NAGAUR,RAJASTHAN,NAGAUR,Polygon,True,1.6065136148218098
Census 2011,data/external/datameet_districts/census_2011/2011_Dist.shp,392,Maharashtra,Nagpur,27,9,MAHARASHTRA,NAGPUR,MAHARASHTRA,NAGPUR,Polygon,True,0.8631244495720827
Census 2011,data/external/datameet_districts/census_2011/2011_Dist.shp,393,Uttarakhand,Nainital,5,11,UTTARAKHAND,NAINITAL,UTTARAKHAND,NAINITAL,Polygon,True,0.38453498110154
Census 2011,data/external/datameet_districts/census_2011/2011_Dist.shp,394,Bihar,Nalanda,10,27,BIHAR,NALANDA,BIHAR,NALANDA,Polygon,True,0.2090304166337204
Census 2011,data/external/datameet_districts/census_2011/2011_Dist.shp,395,Assam,Nalbari,18,24,ASSAM,NALBARI,ASSAM,NALBARI,Polygon,True,0.09330153792000057
Census 2011,data/external/datameet_districts/census_2011/2011_Dist.shp,396,Andhra Pradesh,Nalgonda,28,8,ANDHRA PRADESH,NALGONDA,ANDHRAPRADESH,NALGONDA,Polygon,True,1.1960264501853826
Census 2011,data/external/datameet_districts/census_2011/2011_Dist.shp,397,Tamil Nadu,Namakkal,33,8,TAMIL NADU,NAMAKKAL,TAMILNADU,NAMAKKAL,Polygon,True,0.28206671468577665
Census 2011,data/external/datameet_districts/census_2011/2011_Dist.shp,398,Maharashtra,Nanded,27,15,MAHARASHTRA,NANDED,MAHARASHTRA,NANDED,Polygon,True,0.9097685518648682
Census 2011,data/external/datameet_districts/census_2011/2011_Dist.shp,399,Maharashtra,Nandurbar,27,1,MAHARASHTRA,NANDURBAR,MAHARASHTRA,NANDURBAR,Polygon,True,0.5145393202414198
Census 2011,data/external/datameet_districts/census_2011/2011_Dist.shp,400,Chhattisgarh,Narayanpur,22,16,CHHATTISGARH,NARAYANPUR,CHHATTISGARH,NARAYANPUR,Polygon,True,0.36789192940839
Census 2011,data/external/datameet_districts/census_2011/2011_Dist.shp,401,Gujarat,Narmada,24,20,GUJARAT,NARMADA,GUJARAT,NARMADA,Polygon,True,0.2465343046017101
Census 2011,data/external/datameet_districts/census_2011/2011_Dist.shp,402,Madhya Pradesh,Narsimhapur,23,35,MADHYA PRADESH,NARSIMHAPUR,MADHYAPRADESH,NARSIMHAPUR,Polygon,True,0.45284251744677256
Census 2011,data/external/datameet_districts/census_2011/2011_Dist.shp,403,Maharashtra,Nashik,27,20,MAHARASHTRA,NASHIK,MAHARASHTRA,NASHIK,Polygon,True,1.3451230339178144
Census 2011,data/external/datameet_districts/census_2011/2011_Dist.shp,404,Gujarat,Navsari,24,23,GUJARAT,NAVSARI,GUJARAT,NAVSARI,Polygon,True,0.19314377596933205
Census 2011,data/external/datameet_districts/census_2011/2011_Dist.shp,405,Bihar,Nawada,10,35,BIHAR,NAWADA,BIHAR,NAWADA,Polygon,True,0.22157199404994327
Census 2011,data/external/datameet_districts/census_2011/2011_Dist.shp,406,Odisha,Nayagarh,21,16,ODISHA,NAYAGARH,ODISHA,NAYAGARH,Polygon,True,0.336127637328836
Census 2011,data/external/datameet_districts/census_2011/2011_Dist.shp,407,Madhya Pradesh,Neemuch,23,15,MADHYA PRADESH,NEEMUCH,MADHYAPRADESH,NEEMUCH,Polygon,True,0.3709775830652459
Census 2011,data/external/datameet_districts/census_2011/2011_Dist.shp,408,Andhra Pradesh,Sri Potti Sriramulu Nellore,28,19,ANDHRA PRADESH,SRI POTTI SRIRAMULU NELLORE,ANDHRAPRADESH,SRIPOTTISRIRAMULUNELLORE,Polygon,True,1.0999441747257663
Census 2011,data/external/datameet_districts/census_2011/2011_Dist.shp,409,NCT of Delhi,New Delhi,7,5,NCT OF DELHI,NEW DELHI,NCTOFDELHI,NEWDELHI,Polygon,True,0.0035520312287240056
Census 2011,data/external/datameet_districts/census_2011/2011_Dist.shp,410,Andhra Pradesh,Nizamabad,28,2,ANDHRA PRADESH,NIZAMABAD,ANDHRAPRADESH,NIZAMABAD,Polygon,True,0.6769030192070216
Census 2011,data/external/datameet_districts/census_2011/2011_Dist.shp,411,NCT of Delhi,North,7,2,NCT OF DELHI,NORTH,NCTOFDELHI,NORTH,Polygon,True,0.0063788640824329395
Census 2011,data/external/datameet_districts/census_2011/2011_Dist.shp,412,Sikkim,North,11,1,SIKKIM,NORTH,SIKKIM,NORTH,Polygon,True,0.3900118895936034
Census 2011,data/external/datameet_districts/census_2011/2011_Dist.shp,413,West Bengal,North 24 Parganas,19,11,WEST BENGAL,NORTH 24 PARGANAS,WESTBENGAL,NORTH24PARGANAS,MultiPolygon,True,0.5090637844273669
Census 2011,data/external/datameet_districts/census_2011/2011_Dist.shp,414,Assam,Dima Hasao,18,16,ASSAM,DIMA HASAO,ASSAM,DIMAHASAO,Polygon,True,0.4399750769817299
Census 2011,data/external/datameet_districts/census_2011/2011_Dist.shp,415,NCT of Delhi,North East,7,3,NCT OF DELHI,NORTH EAST,NCTOFDELHI,NORTHEAST,Polygon,True,0.005773576461332195
Census 2011,data/external/datameet_districts/census_2011/2011_Dist.shp,416,Goa,North Goa,30,1,GOA,NORTH GOA,GOA,NORTHGOA,Polygon,True,0.14156435011777574
Census 2011,data/external/datameet_districts/census_2011/2011_Dist.shp,417,Tripura,North Tripura,16,4,TRIPURA,NORTH TRIPURA,TRIPURA,NORTHTRIPURA,Polygon,True,0.1816556760213409
Census 2011,data/external/datameet_districts/census_2011/2011_Dist.shp,418,NCT of Delhi,North West,7,1,NCT OF DELHI,NORTH WEST,NCTOFDELHI,NORTHWEST,Polygon,True,0.040938679992283525
Census 2011,data/external/datameet_districts/census_2011/2011_Dist.shp,419,Odisha,Nuapada,21,25,ODISHA,NUAPADA,ODISHA,NUAPADA,Polygon,True,0.33446419676633876
Census 2011,data/external/datameet_districts/census_2011/2011_Dist.shp,420,Maharashtra,Osmanabad,27,29,MAHARASHTRA,OSMANABAD,MAHARASHTRA,OSMANABAD,Polygon,True,0.6460778783748788
Census 2011,data/external/datameet_districts/census_2011/2011_Dist.shp,421,Jharkhand,Pakur,20,8,JHARKHAND,PAKUR,JHARKHAND,PAKUR,Polygon,True,0.16164765954608443
Census 2011,data/external/datameet_districts/census_2011/2011_Dist.shp,422,Kerala,Palakkad,32,6,KERALA,PALAKKAD,KERALA,PALAKKAD,Polygon,True,0.3709913803017621
Census 2011,data/external/datameet_districts/census_2011/2011_Dist.shp,423,Jharkhand,Palamu,20,13,JHARKHAND,PALAMU,JHARKHAND,PALAMU,Polygon,True,0.3925697295679866
Census 2011,data/external/datameet_districts/census_2011/2011_Dist.shp,424,Rajasthan,Pali,8,20,RAJASTHAN,PALI,RAJASTHAN,PALI,Polygon,True,1.1112574660912922
Census 2011,data/external/datameet_districts/census_2011/2011_Dist.shp,425,Haryana,Palwal,6,21,HARYANA,PALWAL,HARYANA,PALWAL,Polygon,True,0.12146472422485938
Census 2011,data/external/datameet_districts/census_2011/2011_Dist.shp,426,Gujarat,Panch Mahals,24,17,GUJARAT,PANCH MAHALS,GUJARAT,PANCHMAHALS,Polygon,True,0.4663037287052722
Census 2011,data/external/datameet_districts/census_2011/2011_Dist.shp,427,Haryana,Panchkula,6,1,HARYANA,PANCHKULA,HARYANA,PANCHKULA,Polygon,True,0.07991340015510648
Census 2011,data/external/datameet_districts/census_2011/2011_Dist.shp,428,Haryana,Panipat,6,7,HARYANA,PANIPAT,HARYANA,PANIPAT,Polygon,True,0.11393670735784961
Census 2011,data/external/datameet_districts/census_2011/2011_Dist.shp,429,Madhya Pradesh,Panna,23,9,MADHYA PRADESH,PANNA,MADHYAPRADESH,PANNA,MultiPolygon,True,0.6317511534216543
Census 2011,data/external/datameet_districts/census_2011/2011_Dist.shp,430,Arunanchal Pradesh,Papum Pare,12,4,ARUNANCHAL PRADESH,PAPUM PARE,ARUNANCHALPRADESH,PAPUMPARE,Polygon,True,0.344635918622378
Census 2011,data/external/datameet_districts/census_2011/2011_Dist.shp,431,Maharashtra,Parbhani,27,17,MAHARASHTRA,PARBHANI,MAHARASHTRA,PARBHANI,Polygon,True,0.5447170137753485
Census 2011,data/external/datameet_districts/census_2011/2011_Dist.shp,432,Bihar,Pashchim Champaran,10,1,BIHAR,PASHCHIM CHAMPARAN,BIHAR,PASHCHIMCHAMPARAN,Polygon,True,0.47752024557177436
Census 2011,data/external/datameet_districts/census_2011/2011_Dist.shp,433,West Bengal,Pashchim Medinipur,19,18,WEST BENGAL,PASHCHIM MEDINIPUR,WESTBENGAL,PASHCHIMMEDINIPUR,Polygon,True,0.8224118551164311
Census 2011,data/external/datameet_districts/census_2011/2011_Dist.shp,434,Jharkhand,Pashchimi Singhbhum,20,23,JHARKHAND,PASHCHIMI SINGHBHUM,JHARKHAND,PASHCHIMISINGHBHUM,Polygon,True,0.6327732983422788
Census 2011,data/external/datameet_districts/census_2011/2011_Dist.shp,435,Gujarat,Patan,24,3,GUJARAT,PATAN,GUJARAT,PATAN,Polygon,True,0.5004036906448551
Census 2011,data/external/datameet_districts/census_2011/2011_Dist.shp,436,Kerala,Pathanamthitta,32,12,KERALA,PATHANAMTHITTA,KERALA,PATHANAMTHITTA,Polygon,True,0.21760517374827137
Census 2011,data/external/datameet_districts/census_2011/2011_Dist.shp,437,Punjab,Patiala,3,14,PUNJAB,PATIALA,PUNJAB,PATIALA,MultiPolygon,True,0.31215252052005193
Census 2011,data/external/datameet_districts/census_2011/2011_Dist.shp,438,Bihar,Patna,10,28,BIHAR,PATNA,BIHAR,PATNA,MultiPolygon,True,0.287507277187844
Census 2011,data/external/datameet_districts/census_2011/2011_Dist.shp,439,Tamil Nadu,Perambalur,33,14,TAMIL NADU,PERAMBALUR,TAMILNADU,PERAMBALUR,Polygon,True,0.14520608360482548
Census 2011,data/external/datameet_districts/census_2011/2011_Dist.shp,440,Nagaland,Peren,13,11,NAGALAND,PEREN,NAGALAND,PEREN,Polygon,True,0.1564387606543153
Census 2011,data/external/datameet_districts/census_2011/2011_Dist.shp,441,Nagaland,Phek,13,6,NAGALAND,PHEK,NAGALAND,PHEK,Polygon,True,0.18444775937095484
Census 2011,data/external/datameet_districts/census_2011/2011_Dist.shp,442,Uttar Pradesh,Pilibhit,9,20,UTTAR PRADESH,PILIBHIT,UTTARPRADESH,PILIBHIT,Polygon,True,0.33123644615924275
Census 2011,data/external/datameet_districts/census_2011/2011_Dist.shp,443,Uttarakhand,Pithoragarh,5,7,UTTARAKHAND,PITHORAGARH,UTTARAKHAND,PITHORAGARH,Polygon,True,0.6780247073813189
Census 2011,data/external/datameet_districts/census_2011/2011_Dist.shp,444,Gujarat,Porbandar,24,11,GUJARAT,PORBANDAR,GUJARAT,PORBANDAR,Polygon,True,0.1996231374329339
Census 2011,data/external/datameet_districts/census_2011/2011_Dist.shp,445,Andhra Pradesh,Prakasam,28,18,ANDHRA PRADESH,PRAKASAM,ANDHRAPRADESH,PRAKASAM,Polygon,True,1.4927575321707032
Census 2011,data/external/datameet_districts/census_2011/2011_Dist.shp,446,Rajasthan,Pratapgarh,8,33,RAJASTHAN,PRATAPGARH,RAJASTHAN,PRATAPGARH,Polygon,True,0.3822990273197489
Census 2011,data/external/datameet_districts/census_2011/2011_Dist.shp,447,Uttar Pradesh,Pratapgarh,9,42,UTTAR PRADESH,PRATAPGARH,UTTARPRADESH,PRATAPGARH,Polygon,True,0.3343956750655363
Census 2011,data/external/datameet_districts/census_2011/2011_Dist.shp,448,Tamil Nadu,Pudukkottai,33,20,TAMIL NADU,PUDUKKOTTAI,TAMILNADU,PUDUKKOTTAI,MultiPolygon,True,0.38450923521482566
Census 2011,data/external/datameet_districts/census_2011/2011_Dist.shp,449,Jammu & Kashmir,Pulwama,1,12,JAMMU & KASHMIR,PULWAMA,JAMMUKASHMIR,PULWAMA,Polygon,True,0.059791202313793645
Census 2011,data/external/datameet_districts/census_2011/2011_Dist.shp,450,Jammu & Kashmir,Punch,1,5,JAMMU & KASHMIR,PUNCH,JAMMUKASHMIR,PUNCH,Polygon,True,0.23315736642542076
Census 2011,data/external/datameet_districts/census_2011/2011_Dist.shp,451,Maharashtra,Pune,27,25,MAHARASHTRA,PUNE,MAHARASHTRA,PUNE,Polygon,True,1.339949770648721
Census 2011,data/external/datameet_districts/census_2011/2011_Dist.shp,452,Bihar,Purba Champaran,10,2,BIHAR,PURBA CHAMPARAN,BIHAR,PURBACHAMPARAN,Polygon,True,0.3606107021751505
Census 2011,data/external/datameet_districts/census_2011/2011_Dist.shp,453,West Bengal,Purba Medinipur,19,19,WEST BENGAL,PURBA MEDINIPUR,WESTBENGAL,PURBAMEDINIPUR,MultiPolygon,True,0.3538052285118513
Census 2011,data/external/datameet_districts/census_2011/2011_Dist.shp,454,Jharkhand,Purbi Singhbhum,20,12,JHARKHAND,PURBI SINGHBHUM,JHARKHAND,PURBISINGHBHUM,Polygon,True,0.3134207128299604
Census 2011,data/external/datameet_districts/census_2011/2011_Dist.shp,455,Odisha,Puri,21,18,ODISHA,PURI,ODISHA,PURI,Polygon,True,0.306420425842886
Census 2011,data/external/datameet_districts/census_2011/2011_Dist.shp,456,Bihar,Purnia,10,9,BIHAR,PURNIA,BIHAR,PURNIA,Polygon,True,0.2917535067666781
Census 2011,data/external/datameet_districts/census_2011/2011_Dist.shp,457,West Bengal,Puruliya,19,14,WEST BENGAL,PURULIYA,WESTBENGAL,PURULIYA,Polygon,True,0.550957898045914
Census 2011,data/external/datameet_districts/census_2011/2011_Dist.shp,458,Uttar Pradesh,Rae Bareli,9,27,UTTAR PRADESH,RAE BARELI,UTTARPRADESH,RAEBARELI,Polygon,True,0.4171630914618874
Census 2011,data/external/datameet_districts/census_2011/2011_Dist.shp,459,Karnataka,Raichur,29,5,KARNATAKA,RAICHUR,KARNATAKA,RAICHUR,Polygon,True,0.7137449995063674
Census 2011,data/external/datameet_districts/census_2011/2011_Dist.shp,460,Chhattisgarh,Raigarh,22,4,CHHATTISGARH,RAIGARH,CHHATTISGARH,RAIGARH,MultiPolygon,True,0.6199636275531146
Census 2011,data/external/datameet_districts/census_2011/2011_Dist.shp,461,Maharashtra,Raigarh,27,24,MAHARASHTRA,RAIGARH,MAHARASHTRA,RAIGARH,Polygon,True,0.6123086570505543
Census 2011,data/external/datameet_districts/census_2011/2011_Dist.shp,462,Chhattisgarh,Raipur,22,11,CHHATTISGARH,RAIPUR,CHHATTISGARH,RAIPUR,Polygon,True,1.081528591439141
Census 2011,data/external/datameet_districts/census_2011/2011_Dist.shp,463,Madhya Pradesh,Raisen,23,29,MADHYA PRADESH,RAISEN,MADHYAPRADESH,RAISEN,Polygon,True,0.749675476812038
Census 2011,data/external/datameet_districts/census_2011/2011_Dist.shp,464,Jammu & Kashmir,Rajouri,1,6,JAMMU & KASHMIR,RAJOURI,JAMMUKASHMIR,RAJOURI,Polygon,True,0.186792324641762
Census 2011,data/external/datameet_districts/census_2011/2011_Dist.shp,465,Madhya Pradesh,Rajgarh,23,25,MADHYA PRADESH,RAJGARH,MADHYAPRADESH,RAJGARH,Polygon,True,0.5430624689324561
Census 2011,data/external/datameet_districts/census_2011/2011_Dist.shp,466,Gujarat,Rajkot,24,9,GUJARAT,RAJKOT,GUJARAT,RAJKOT,Polygon,True,0.98111261238401
Census 2011,data/external/datameet_districts/census_2011/2011_Dist.shp,467,Chhattisgarh,Rajnandgaon,22,9,CHHATTISGARH,RAJNANDGAON,CHHATTISGARH,RAJNANDGAON,Polygon,True,0.699882164506198
Census 2011,data/external/datameet_districts/census_2011/2011_Dist.shp,468,Rajasthan,Rajsamand,8,25,RAJASTHAN,RAJSAMAND,RAJASTHAN,RAJSAMAND,MultiPolygon,True,0.43020900074060214
Census 2011,data/external/datameet_districts/census_2011/2011_Dist.shp,469,Karnataka,Ramanagara,29,30,KARNATAKA,RAMANAGARA,KARNATAKA,RAMANAGARA,Polygon,True,0.2926297270872515
Census 2011,data/external/datameet_districts/census_2011/2011_Dist.shp,470,Tamil Nadu,Ramanathapuram,33,25,TAMIL NADU,RAMANATHAPURAM,TAMILNADU,RAMANATHAPURAM,Polygon,True,0.3250094104609598
Census 2011,data/external/datameet_districts/census_2011/2011_Dist.shp,471,Jammu & Kashmir,Ramban,1,17,JAMMU & KASHMIR,RAMBAN,JAMMUKASHMIR,RAMBAN,Polygon,True,0.10768818220089683
Census 2011,data/external/datameet_districts/census_2011/2011_Dist.shp,472,Jharkhand,Ramgarh,20,16,JHARKHAND,RAMGARH,JHARKHAND,RAMGARH,Polygon,True,0.11972990799907854
Census 2011,data/external/datameet_districts/census_2011/2011_Dist.shp,473,Uttar Pradesh,Rampur,9,5,UTTAR PRADESH,RAMPUR,UTTARPRADESH,RAMPUR,Polygon,True,0.2377341405559874
Census 2011,data/external/datameet_districts/census_2011/2011_Dist.shp,474,Jharkhand,Ranchi,20,19,JHARKHAND,RANCHI,JHARKHAND,RANCHI,Polygon,True,0.4355680648928402
Census 2011,data/external/datameet_districts/census_2011/2011_Dist.shp,475,Andhra Pradesh,Rangareddy,28,6,ANDHRA PRADESH,RANGAREDDY,ANDHRAPRADESH,RANGAREDDY,Polygon,True,0.6417892949684024
Census 2011,data/external/datameet_districts/census_2011/2011_Dist.shp,476,Madhya Pradesh,Ratlam,23,17,MADHYA PRADESH,RATLAM,MADHYAPRADESH,RATLAM,Polygon,True,0.4265907469746608
Census 2011,data/external/datameet_districts/census_2011/2011_Dist.shp,477,Maharashtra,Ratnagiri,27,32,MAHARASHTRA,RATNAGIRI,MAHARASHTRA,RATNAGIRI,MultiPolygon,True,0.702037189322813
Census 2011,data/external/datameet_districts/census_2011/2011_Dist.shp,478,Odisha,Rayagada,21,27,ODISHA,RAYAGADA,ODISHA,RAYAGADA,Polygon,True,0.6332096973695834
Census 2011,data/external/datameet_districts/census_2011/2011_Dist.shp,479,Jammu & Kashmir,Reasi,1,20,JAMMU & KASHMIR,REASI,JAMMUKASHMIR,REASI,Polygon,True,0.22087830729090205
Census 2011,data/external/datameet_districts/census_2011/2011_Dist.shp,480,Madhya Pradesh,Rewa,23,13,MADHYA PRADESH,REWA,MADHYAPRADESH,REWA,Polygon,True,0.5630324320284643
Census 2011,data/external/datameet_districts/census_2011/2011_Dist.shp,481,Haryana,Rewari,6,17,HARYANA,REWARI,HARYANA,REWARI,Polygon,True,0.13719412749773618
Census 2011,data/external/datameet_districts/census_2011/2011_Dist.shp,482,Meghalaya,Ri Bhoi,17,5,MEGHALAYA,RI BHOI,MEGHALAYA,RIBHOI,Polygon,True,0.21795828948195672
Census 2011,data/external/datameet_districts/census_2011/2011_Dist.shp,483,Haryana,Rohtak,6,14,HARYANA,ROHTAK,HARYANA,ROHTAK,Polygon,True,0.15917296386806631
Census 2011,data/external/datameet_districts/census_2011/2011_Dist.shp,484,Bihar,Rohtas,10,32,BIHAR,ROHTAS,BIHAR,ROHTAS,Polygon,True,0.3453691951738234
Census 2011,data/external/datameet_districts/census_2011/2011_Dist.shp,485,Uttarakhand,Rudraprayag,5,3,UTTARAKHAND,RUDRAPRAYAG,UTTARAKHAND,RUDRAPRAYAG,Polygon,True,0.1727110988918735
Census 2011,data/external/datameet_districts/census_2011/2011_Dist.shp,486,Punjab,Rupnagar,3,17,PUNJAB,RUPNAGAR,PUNJAB,RUPNAGAR,Polygon,True,0.13077054663809623
Census 2011,data/external/datameet_districts/census_2011/2011_Dist.shp,487,Gujarat,Sabar Kantha,24,5,GUJARAT,SABAR KANTHA,GUJARAT,SABARKANTHA,Polygon,True,0.6572595282760674
Census 2011,data/external/datameet_districts/census_2011/2011_Dist.shp,488,Madhya Pradesh,Sagar,23,10,MADHYA PRADESH,SAGAR,MADHYAPRADESH,SAGAR,Polygon,True,0.9087511396112011
Census 2011,data/external/datameet_districts/census_2011/2011_Dist.shp,489,Uttar Pradesh,Saharanpur,9,1,UTTAR PRADESH,SAHARANPUR,UTTARPRADESH,SAHARANPUR,Polygon,True,0.34809258701658924
Census 2011,data/external/datameet_districts/census_2011/2011_Dist.shp,490,Bihar,Saharsa,10,12,BIHAR,SAHARSA,BIHAR,SAHARSA,Polygon,True,0.15181261601988838
Census 2011,data/external/datameet_districts/census_2011/2011_Dist.shp,491,Jharkhand,Sahibganj,20,7,JHARKHAND,SAHIBGANJ,JHARKHAND,SAHIBGANJ,Polygon,True,0.1960963980113389
Census 2011,data/external/datameet_districts/census_2011/2011_Dist.shp,492,Punjab,Sahibzada Ajit Singh Nagar,3,18,PUNJAB,SAHIBZADA AJIT SINGH NAGAR,PUNJAB,SAHIBZADAAJITSINGHNAGAR,Polygon,True,0.10426724627968402
Census 2011,data/external/datameet_districts/census_2011/2011_Dist.shp,493,Mizoram,Saiha,15,8,MIZORAM,SAIHA,MIZORAM,SAIHA,Polygon,True,0.17299996118316327
Census 2011,data/external/datameet_districts/census_2011/2011_Dist.shp,494,Tamil Nadu,Salem,33,7,TAMIL NADU,SALEM,TAMILNADU,SALEM,Polygon,True,0.43264037705234293
Census 2011,data/external/datameet_districts/census_2011/2011_Dist.shp,495,Bihar,Samastipur,10,19,BIHAR,SAMASTIPUR,BIHAR,SAMASTIPUR,Polygon,True,0.2611080151048071
Census 2011,data/external/datameet_districts/census_2011/2011_Dist.shp,496,Jammu & Kashmir,Samba,1,22,JAMMU & KASHMIR,SAMBA,JAMMUKASHMIR,SAMBA,Polygon,True,0.09432061823819093
Census 2011,data/external/datameet_districts/census_2011/2011_Dist.shp,497,Odisha,Sambalpur,21,3,ODISHA,SAMBALPUR,ODISHA,SAMBALPUR,Polygon,True,0.586061640328522
Census 2011,data/external/datameet_districts/census_2011/2011_Dist.shp,498,Maharashtra,Sangli,27,35,MAHARASHTRA,SANGLI,MAHARASHTRA,SANGLI,Polygon,True,0.7270371509740655
Census 2011,data/external/datameet_districts/census_2011/2011_Dist.shp,499,Punjab,Sangrur,3,19,PUNJAB,SANGRUR,PUNJAB,SANGRUR,Polygon,True,0.33721565204029874
Census 2011,data/external/datameet_districts/census_2011/2011_Dist.shp,500,Uttar Pradesh,Sant Kabir Nagar,9,55,UTTAR PRADESH,SANT KABIR NAGAR,UTTARPRADESH,SANTKABIRNAGAR,Polygon,True,0.14512441634140077
Census 2011,data/external/datameet_districts/census_2011/2011_Dist.shp,501,Uttar Pradesh,Sant Ravi Das Nagar(bhadohi),9,67,UTTAR PRADESH,SANT RAVI DAS NAGAR(BHADOHI),UTTARPRADESH,SANTRAVIDASNAGARBHADOHI,Polygon,True,0.09040675879558153
Census 2011,data/external/datameet_districts/census_2011/2011_Dist.shp,502,Jharkhand,Saraikela-kharsawan,20,24,JHARKHAND,SARAIKELA-KHARSAWAN,JHARKHAND,SARAIKELAKHARSAWAN,Polygon,True,0.2328957579569585
Census 2011,data/external/datameet_districts/census_2011/2011_Dist.shp,503,Bihar,Saran (chhapra),10,17,BIHAR,SARAN (CHHAPRA),BIHAR,SARANCHHAPRA,Polygon,True,0.23797885195631005
Census 2011,data/external/datameet_districts/census_2011/2011_Dist.shp,504,Maharashtra,Satara,27,31,MAHARASHTRA,SATARA,MAHARASHTRA,SATARA,Polygon,True,0.8947430600846019
Census 2011,data/external/datameet_districts/census_2011/2011_Dist.shp,505,Madhya Pradesh,Satna,23,12,MADHYA PRADESH,SATNA,MADHYAPRADESH,SATNA,Polygon,True,0.6680241473319994
Census 2011,data/external/datameet_districts/census_2011/2011_Dist.shp,506,Madhya Pradesh,Sehore,23,28,MADHYA PRADESH,SEHORE,MADHYAPRADESH,SEHORE,Polygon,True,0.5785097839089014
Census 2011,data/external/datameet_districts/census_2011/2011_Dist.shp,507,Manipur,Senapati,14,1,MANIPUR,SENAPATI,MANIPUR,SENAPATI,Polygon,True,0.311927149309033
Census 2011,data/external/datameet_districts/census_2011/2011_Dist.shp,508,Madhya Pradesh,Seoni,23,39,MADHYA PRADESH,SEONI,MADHYAPRADESH,SEONI,Polygon,True,0.7671744868033956
Census 2011,data/external/datameet_districts/census_2011/2011_Dist.shp,509,Mizoram,Serchhip,15,5,MIZORAM,SERCHHIP,MIZORAM,SERCHHIP,Polygon,True,0.10161370168886025
Census 2011,data/external/datameet_districts/census_2011/2011_Dist.shp,510,Madhya Pradesh,Shahdol,23,43,MADHYA PRADESH,SHAHDOL,MADHYAPRADESH,SHAHDOL,MultiPolygon,True,0.5030700414894713
Census 2011,data/external/datameet_districts/census_2011/2011_Dist.shp,511,Punjab,Shahid Bhagat Singh Nagar,3,5,PUNJAB,SHAHID BHAGAT SINGH NAGAR,PUNJAB,SHAHIDBHAGATSINGHNAGAR,Polygon,True,0.12300260273234195
Census 2011,data/external/datameet_districts/census_2011/2011_Dist.shp,512,Uttar Pradesh,Shahjahanpur,9,21,UTTAR PRADESH,SHAHJAHANPUR,UTTARPRADESH,SHAHJAHANPUR,Polygon,True,0.42677979905167257
Census 2011,data/external/datameet_districts/census_2011/2011_Dist.shp,513,Madhya Pradesh,Shajapur,23,19,MADHYA PRADESH,SHAJAPUR,MADHYAPRADESH,SHAJAPUR,Polygon,True,0.5572315000942978
Census 2011,data/external/datameet_districts/census_2011/2011_Dist.shp,514,Bihar,Sheikhpura,10,26,BIHAR,SHEIKHPURA,BIHAR,SHEIKHPURA,Polygon,True,0.05716858511287637
Census 2011,data/external/datameet_districts/census_2011/2011_Dist.shp,515,Bihar,Sheohar,10,3,BIHAR,SHEOHAR,BIHAR,SHEOHAR,Polygon,True,0.02609492307007553
Census 2011,data/external/datameet_districts/census_2011/2011_Dist.shp,516,Madhya Pradesh,Sheopur,23,1,MADHYA PRADESH,SHEOPUR,MADHYAPRADESH,SHEOPUR,Polygon,True,0.5887842326145514
Census 2011,data/external/datameet_districts/census_2011/2011_Dist.shp,517,Himachal Pradesh,Shimla,2,11,HIMACHAL PRADESH,SHIMLA,HIMACHALPRADESH,SHIMLA,Polygon,True,0.4863976419857579
Census 2011,data/external/datameet_districts/census_2011/2011_Dist.shp,518,Karnataka,Shimoga,29,14,KARNATAKA,SHIMOGA,KARNATAKA,SHIMOGA,Polygon,True,0.7066254722609953
Census 2011,data/external/datameet_districts/census_2011/2011_Dist.shp,519,Madhya Pradesh,Shivpuri,23,6,MADHYA PRADESH,SHIVPURI,MADHYAPRADESH,SHIVPURI,Polygon,True,0.9392491389792167
Census 2011,data/external/datameet_districts/census_2011/2011_Dist.shp,520,Uttar Pradesh,Shrawasti,9,50,UTTAR PRADESH,SHRAWASTI,UTTARPRADESH,SHRAWASTI,Polygon,True,0.229070707066563
Census 2011,data/external/datameet_districts/census_2011/2011_Dist.shp,521,Jammu & Kashmir,Shupiyan,1,13,JAMMU & KASHMIR,SHUPIYAN,JAMMUKASHMIR,SHUPIYAN,Polygon,True,0.05297683709778468
Census 2011,data/external/datameet_districts/census_2011/2011_Dist.shp,522,Assam,Sivasagar,18,12,ASSAM,SIVASAGAR,ASSAM,SIVASAGAR,Polygon,True,0.23958781774580568
Census 2011,data/external/datameet_districts/census_2011/2011_Dist.shp,523,Uttar Pradesh,Siddharth Nagar,9,53,UTTAR PRADESH,SIDDHARTH NAGAR,UTTARPRADESH,SIDDHARTHNAGAR,Polygon,True,0.25812018335800896
Census 2011,data/external/datameet_districts/census_2011/2011_Dist.shp,524,Madhya Pradesh,Sidhi,23,45,MADHYA PRADESH,SIDHI,MADHYAPRADESH,SIDHI,Polygon,True,0.4244160538703782
Census 2011,data/external/datameet_districts/census_2011/2011_Dist.shp,525,Rajasthan,Sikar,8,13,RAJASTHAN,SIKAR,RAJASTHAN,SIKAR,Polygon,True,0.7036178436223886
Census 2011,data/external/datameet_districts/census_2011/2011_Dist.shp,526,Jharkhand,Simdega,20,22,JHARKHAND,SIMDEGA,JHARKHAND,SIMDEGA,Polygon,True,0.3322247812809096
Census 2011,data/external/datameet_districts/census_2011/2011_Dist.shp,527,Maharashtra,Sindhudurg,27,33,MAHARASHTRA,SINDHUDURG,MAHARASHTRA,SINDHUDURG,MultiPolygon,True,0.4284805006547327
Census 2011,data/external/datameet_districts/census_2011/2011_Dist.shp,528,Madhya Pradesh,Singrauli,23,46,MADHYA PRADESH,SINGRAULI,MADHYAPRADESH,SINGRAULI,Polygon,True,0.5136755964794619
Census 2011,data/external/datameet_districts/census_2011/2011_Dist.shp,529,Himachal Pradesh,Sirmaur,2,10,HIMACHAL PRADESH,SIRMAUR,HIMACHALPRADESH,SIRMAUR,Polygon,True,0.2647333013632042
Census 2011,data/external/datameet_districts/census_2011/2011_Dist.shp,530,Rajasthan,Sirohi,8,19,RAJASTHAN,SIROHI,RAJASTHAN,SIROHI,MultiPolygon,True,0.4604949522809038
Census 2011,data/external/datameet_districts/census_2011/2011_Dist.shp,531,Haryana,Sirsa,6,11,HARYANA,SIRSA,HARYANA,SIRSA,Polygon,True,0.39489307831190495
Census 2011,data/external/datameet_districts/census_2011/2011_Dist.shp,532,Bihar,Sitamarhi,10,4,BIHAR,SITAMARHI,BIHAR,SITAMARHI,Polygon,True,0.21114997880414843
Census 2011,data/external/datameet_districts/census_2011/2011_Dist.shp,533,Uttar Pradesh,Sitapur,9,23,UTTAR PRADESH,SITAPUR,UTTARPRADESH,SITAPUR,Polygon,True,0.5279395543416363
Census 2011,data/external/datameet_districts/census_2011/2011_Dist.shp,534,Tamil Nadu,Sivaganga,33,21,TAMIL NADU,SIVAGANGA,TAMILNADU,SIVAGANGA,Polygon,True,0.35066864079996174
Census 2011,data/external/datameet_districts/census_2011/2011_Dist.shp,535,Bihar,Siwan,10,16,BIHAR,SIWAN,BIHAR,SIWAN,Polygon,True,0.20067391220126055
Census 2011,data/external/datameet_districts/census_2011/2011_Dist.shp,536,Himachal Pradesh,Solan,2,9,HIMACHAL PRADESH,SOLAN,HIMACHALPRADESH,SOLAN,Polygon,True,0.18510744172638616
Census 2011,data/external/datameet_districts/census_2011/2011_Dist.shp,537,Maharashtra,Solapur,27,30,MAHARASHTRA,SOLAPUR,MAHARASHTRA,SOLAPUR,Polygon,True,1.2700705197739284
Census 2011,data/external/datameet_districts/census_2011/2011_Dist.shp,538,Odisha,Subarnapur,21,23,ODISHA,SUBARNAPUR,ODISHA,SUBARNAPUR,Polygon,True,0.20461285025231643
Census 2011,data/external/datameet_districts/census_2011/2011_Dist.shp,539,Uttar Pradesh,Sonbhadra,9,69,UTTAR PRADESH,SONBHADRA,UTTARPRADESH,SONBHADRA,Polygon,True,0.6035751283602178
Census 2011,data/external/datameet_districts/census_2011/2011_Dist.shp,540,Haryana,Sonipat,6,8,HARYANA,SONIPAT,HARYANA,SONIPAT,Polygon,True,0.19993533801266955
Census 2011,data/external/datameet_districts/census_2011/2011_Dist.shp,541,Assam,Sonitpur,18,7,ASSAM,SONITPUR,ASSAM,SONITPUR,Polygon,True,0.4717847167499634
Census 2011,data/external/datameet_districts/census_2011/2011_Dist.shp,542,NCT of Delhi,South,7,9,NCT OF DELHI,SOUTH,NCTOFDELHI,SOUTH,Polygon,True,0.02338807543046511
Census 2011,data/external/datameet_districts/census_2011/2011_Dist.shp,543,Sikkim,South,11,3,SIKKIM,SOUTH,SIKKIM,SOUTH,Polygon,True,0.06663510128422298
Census 2011,data/external/datameet_districts/census_2011/2011_Dist.shp,544,West Bengal,South 24 Parganas,19,17,WEST BENGAL,SOUTH 24 PARGANAS,WESTBENGAL,SOUTH24PARGANAS,MultiPolygon,True,0.48795072162844266
Census 2011,data/external/datameet_districts/census_2011/2011_Dist.shp,545,Meghalaya,South Garo Hills,17,3,MEGHALAYA,SOUTH GARO HILLS,MEGHALAYA,SOUTHGAROHILLS,Polygon,True,0.17233714115405913
Census 2011,data/external/datameet_districts/census_2011/2011_Dist.shp,546,Goa,South Goa,30,2,GOA,SOUTH GOA,GOA,SOUTHGOA,MultiPolygon,True,0.16392713783386073
Census 2011,data/external/datameet_districts/census_2011/2011_Dist.shp,547,Tripura,South Tripura,16,2,TRIPURA,SOUTH TRIPURA,TRIPURA,SOUTHTRIPURA,Polygon,True,0.277645651636869
Census 2011,data/external/datameet_districts/census_2011/2011_Dist.shp,548,NCT of Delhi,South West,7,8,NCT OF DELHI,SOUTH WEST,NCTOFDELHI,SOUTHWEST,Polygon,True,0.04007286657156071
Census 2011,data/external/datameet_districts/census_2011/2011_Dist.shp,549,Andhra Pradesh,Srikakulam,28,11,ANDHRA PRADESH,SRIKAKULAM,ANDHRAPRADESH,SRIKAKULAM,Polygon,True,0.5410784875516923
Census 2011,data/external/datameet_districts/census_2011/2011_Dist.shp,550,Jammu & Kashmir,Srinagar,1,10,JAMMU & KASHMIR,SRINAGAR,JAMMUKASHMIR,SRINAGAR,Polygon,True,0.104287204506061
Census 2011,data/external/datameet_districts/census_2011/2011_Dist.shp,551,Uttar Pradesh,Sultanpur,9,48,UTTAR PRADESH,SULTANPUR,UTTARPRADESH,SULTANPUR,Polygon,True,0.3990748060555044
Census 2011,data/external/datameet_districts/census_2011/2011_Dist.shp,552,Odisha,Sundargarh,21,5,ODISHA,SUNDARGARH,ODISHA,SUNDARGARH,Polygon,True,0.8503514260175489
Census 2011,data/external/datameet_districts/census_2011/2011_Dist.shp,553,Bihar,Supaul,10,6,BIHAR,SUPAUL,BIHAR,SUPAUL,Polygon,True,0.21662983260549604
Census 2011,data/external/datameet_districts/census_2011/2011_Dist.shp,554,Gujarat,Surat,24,25,GUJARAT,SURAT,GUJARAT,SURAT,MultiPolygon,True,0.37701227762103484
Census 2011,data/external/datameet_districts/census_2011/2011_Dist.shp,555,Gujarat,Surendranagar,24,8,GUJARAT,SURENDRANAGAR,GUJARAT,SURENDRANAGAR,Polygon,True,0.9236867980382553
Census 2011,data/external/datameet_districts/census_2011/2011_Dist.shp,556,Chhattisgarh,Surguja,22,2,CHHATTISGARH,SURGUJA,CHHATTISGARH,SURGUJA,Polygon,True,1.3890396387043946
Census 2011,data/external/datameet_districts/census_2011/2011_Dist.shp,557,Manipur,Tamenglong,14,2,MANIPUR,TAMENGLONG,MANIPUR,TAMENGLONG,Polygon,True,0.3748373142399656
Census 2011,data/external/datameet_districts/census_2011/2011_Dist.shp,558,Punjab,Tarn Taran,3,16,PUNJAB,TARN TARAN,PUNJAB,TARNTARAN,Polygon,True,0.22680163054453045
Census 2011,data/external/datameet_districts/census_2011/2011_Dist.shp,559,Arunanchal Pradesh,Tawang,12,1,ARUNANCHAL PRADESH,TAWANG,ARUNANCHALPRADESH,TAWANG,Polygon,True,0.21562393140055303
Census 2011,data/external/datameet_districts/census_2011/2011_Dist.shp,560,Uttarakhand,Tehri Garhwal,5,4,UTTARAKHAND,TEHRI GARHWAL,UTTARAKHAND,TEHRIGARHWAL,Polygon,True,0.3634158890916275
Census 2011,data/external/datameet_districts/census_2011/2011_Dist.shp,561,Maharashtra,Thane,27,21,MAHARASHTRA,THANE,MAHARASHTRA,THANE,MultiPolygon,True,0.8199166569014511
Census 2011,data/external/datameet_districts/census_2011/2011_Dist.shp,562,Tamil Nadu,Thanjavur,33,19,TAMIL NADU,THANJAVUR,TAMILNADU,THANJAVUR,Polygon,True,0.2804428259222975
Census 2011,data/external/datameet_districts/census_2011/2011_Dist.shp,563,Gujarat,The Dangs,24,22,GUJARAT,THE DANGS,GUJARAT,THEDANGS,MultiPolygon,True,0.1530126326008372
Census 2011,data/external/datameet_districts/census_2011/2011_Dist.shp,564,Tamil Nadu,The Nilgiris,33,10,TAMIL NADU,THE NILGIRIS,TAMILNADU,THENILGIRIS,Polygon,True,0.21162471737777455
Census 2011,data/external/datameet_districts/census_2011/2011_Dist.shp,565,Tamil Nadu,Theni,33,23,TAMIL NADU,THENI,TAMILNADU,THENI,Polygon,True,0.2352302517535993
Census 2011,data/external/datameet_districts/census_2011/2011_Dist.shp,566,Tamil Nadu,Thiruvallur,33,1,TAMIL NADU,THIRUVALLUR,TAMILNADU,THIRUVALLUR,MultiPolygon,True,0.27168951290545
Census 2011,data/external/datameet_districts/census_2011/2011_Dist.shp,567,Kerala,Thiruvananthapuram,32,14,KERALA,THIRUVANANTHAPURAM,KERALA,THIRUVANANTHAPURAM,Polygon,True,0.17901268114346747
Census 2011,data/external/datameet_districts/census_2011/2011_Dist.shp,568,Tamil Nadu,Thiruvarur,33,18,TAMIL NADU,THIRUVARUR,TAMILNADU,THIRUVARUR,Polygon,True,0.18781009698204243
Census 2011,data/external/datameet_districts/census_2011/2011_Dist.shp,569,Tamil Nadu,Thoothukkudi,33,26,TAMIL NADU,THOOTHUKKUDI,TAMILNADU,THOOTHUKKUDI,MultiPolygon,True,0.3807961624802997
Census 2011,data/external/datameet_districts/census_2011/2011_Dist.shp,570,Manipur,Thoubal,14,5,MANIPUR,THOUBAL,MANIPUR,THOUBAL,Polygon,True,0.0635667201150444
Census 2011,data/external/datameet_districts/census_2011/2011_Dist.shp,571,Kerala,Thrissur,32,7,KERALA,THRISSUR,KERALA,THRISSUR,Polygon,True,0.24994358935122404
Census 2011,data/external/datameet_districts/census_2011/2011_Dist.shp,572,Madhya Pradesh,Tikamgarh,23,7,MADHYA PRADESH,TIKAMGARH,MADHYAPRADESH,TIKAMGARH,Polygon,True,0.45307088341019347
Census 2011,data/external/datameet_districts/census_2011/2011_Dist.shp,573,Assam,Tinsukia,18,10,ASSAM,TINSUKIA,ASSAM,TINSUKIA,Polygon,True,0.3468074098418791
Census 2011,data/external/datameet_districts/census_2011/2011_Dist.shp,574,Arunanchal Pradesh,Tirap,12,10,ARUNANCHAL PRADESH,TIRAP,ARUNANCHALPRADESH,TIRAP,Polygon,True,0.18457478560936552
Census 2011,data/external/datameet_districts/census_2011/2011_Dist.shp,575,Tamil Nadu,Tiruchirappalli,33,13,TAMIL NADU,TIRUCHIRAPPALLI,TAMILNADU,TIRUCHIRAPPALLI,Polygon,True,0.37297055468735957
Census 2011,data/external/datameet_districts/census_2011/2011_Dist.shp,576,Tamil Nadu,Tirunelveli,33,27,TAMIL NADU,TIRUNELVELI,TAMILNADU,TIRUNELVELI,Polygon,True,0.5588566162269976
Census 2011,data/external/datameet_districts/census_2011/2011_Dist.shp,577,Tamil Nadu,Tiruppur,33,32,TAMIL NADU,TIRUPPUR,TAMILNADU,TIRUPPUR,Polygon,True,0.4302902997734532
Census 2011,data/external/datameet_districts/census_2011/2011_Dist.shp,578,Tamil Nadu,Tiruvannamalai,33,5,TAMIL NADU,TIRUVANNAMALAI,TAMILNADU,TIRUVANNAMALAI,Polygon,True,0.5142908012640185
Census 2011,data/external/datameet_districts/census_2011/2011_Dist.shp,579,Rajasthan,Tonk,8,22,RAJASTHAN,TONK,RAJASTHAN,TONK,Polygon,True,0.6544670950793577
Census 2011,data/external/datameet_districts/census_2011/2011_Dist.shp,580,Nagaland,Tuensang,13,7,NAGALAND,TUENSANG,NAGALAND,TUENSANG,Polygon,True,0.22298588668192507
Census 2011,data/external/datameet_districts/census_2011/2011_Dist.shp,581,Karnataka,Tumkur,29,17,KARNATAKA,TUMKUR,KARNATAKA,TUMKUR,MultiPolygon,True,0.8863304097577679
Census 2011,data/external/datameet_districts/census_2011/2011_Dist.shp,582,Rajasthan,Udaipur,8,32,RAJASTHAN,UDAIPUR,RAJASTHAN,UDAIPUR,Polygon,True,1.0608128890103785
Census 2011,data/external/datameet_districts/census_2011/2011_Dist.shp,583,Assam,Udalguri,18,27,ASSAM,UDALGURI,ASSAM,UDALGURI,Polygon,True,0.18510651727877
Census 2011,data/external/datameet_districts/census_2011/2011_Dist.shp,584,Jammu & Kashmir,Udhampur,1,19,JAMMU & KASHMIR,UDHAMPUR,JAMMUKASHMIR,UDHAMPUR,Polygon,True,0.23122435469717437
Census 2011,data/external/datameet_districts/census_2011/2011_Dist.shp,585,Uttarakhand,Udham Singh Nagar,5,12,UTTARAKHAND,UDHAM SINGH NAGAR,UTTARAKHAND,UDHAMSINGHNAGAR,Polygon,True,0.2549851331184791
Census 2011,data/external/datameet_districts/census_2011/2011_Dist.shp,586,Karnataka,Udupi,29,15,KARNATAKA,UDUPI,KARNATAKA,UDUPI,Polygon,True,0.3227714859232479
Census 2011,data/external/datameet_districts/census_2011/2011_Dist.shp,587,Madhya Pradesh,Ujjain,23,18,MADHYA PRADESH,UJJAIN,MADHYAPRADESH,UJJAIN,Polygon,True,0.5378789275959965
Census 2011,data/external/datameet_districts/census_2011/2011_Dist.shp,588,Manipur,Ukhrul,14,8,MANIPUR,UKHRUL,MANIPUR,UKHRUL,Polygon,True,0.3985143676985464
Census 2011,data/external/datameet_districts/census_2011/2011_Dist.shp,589,Madhya Pradesh,Umaria,23,14,MADHYA PRADESH,UMARIA,MADHYAPRADESH,UMARIA,Polygon,True,0.40579297857914953
Census 2011,data/external/datameet_districts/census_2011/2011_Dist.shp,590,Himachal Pradesh,Una,2,7,HIMACHAL PRADESH,UNA,HIMACHALPRADESH,UNA,Polygon,True,0.14637252446677332
Census 2011,data/external/datameet_districts/census_2011/2011_Dist.shp,591,Uttar Pradesh,Unnao,9,25,UTTAR PRADESH,UNNAO,UTTARPRADESH,UNNAO,Polygon,True,0.4166402319035789
Census 2011,data/external/datameet_districts/census_2011/2011_Dist.shp,592,Arunanchal Pradesh,Upper Siang,12,8,ARUNANCHAL PRADESH,UPPER SIANG,ARUNANCHALPRADESH,UPPERSIANG,Polygon,True,0.6256322332183181
Census 2011,data/external/datameet_districts/census_2011/2011_Dist.shp,593,Arunanchal Pradesh,Upper Subansiri,12,5,ARUNANCHAL PRADESH,UPPER SUBANSIRI,ARUNANCHALPRADESH,UPPERSUBANSIRI,Polygon,True,0.5902267029499604
Census 2011,data/external/datameet_districts/census_2011/2011_Dist.shp,594,West Bengal,Uttar Dinajpur,19,4,WEST BENGAL,UTTAR DINAJPUR,WESTBENGAL,UTTARDINAJPUR,Polygon,True,0.2905780653629137
Census 2011,data/external/datameet_districts/census_2011/2011_Dist.shp,595,Karnataka,Uttara Kannada,29,9,KARNATAKA,UTTARA KANNADA,KARNATAKA,UTTARAKANNADA,MultiPolygon,True,0.8555923060464129
Census 2011,data/external/datameet_districts/census_2011/2011_Dist.shp,596,Uttarakhand,Uttarkashi,5,1,UTTARAKHAND,UTTARKASHI,UTTARAKHAND,UTTARKASHI,Polygon,True,0.7605567012096234
Census 2011,data/external/datameet_districts/census_2011/2011_Dist.shp,597,Gujarat,Vadodara,24,19,GUJARAT,VADODARA,GUJARAT,VADODARA,MultiPolygon,True,0.6585599488467131
Census 2011,data/external/datameet_districts/census_2011/2011_Dist.shp,598,Bihar,Vaishali,10,18,BIHAR,VAISHALI,BIHAR,VAISHALI,Polygon,True,0.18032515600381657
Census 2011,data/external/datameet_districts/census_2011/2011_Dist.shp,599,Gujarat,Valsad,24,24,GUJARAT,VALSAD,GUJARAT,VALSAD,Polygon,True,0.2596460722735177
Census 2011,data/external/datameet_districts/census_2011/2011_Dist.shp,600,Uttar Pradesh,Varanasi,9,66,UTTAR PRADESH,VARANASI,UTTARPRADESH,VARANASI,Polygon,True,0.13899237330387423
Census 2011,data/external/datameet_districts/census_2011/2011_Dist.shp,601,Tamil Nadu,Vellore,33,4,TAMIL NADU,VELLORE,TAMILNADU,VELLORE,Polygon,True,0.5054087949210045
Census 2011,data/external/datameet_districts/census_2011/2011_Dist.shp,602,Madhya Pradesh,Vidisha,23,26,MADHYA PRADESH,VIDISHA,MADHYAPRADESH,VIDISHA,Polygon,True,0.6478164358433891
Census 2011,data/external/datameet_districts/census_2011/2011_Dist.shp,603,Tamil Nadu,Viluppuram,33,6,TAMIL NADU,VILUPPURAM,TAMILNADU,VILUPPURAM,Polygon,True,0.5965128834640037
Census 2011,data/external/datameet_districts/census_2011/2011_Dist.shp,604,Tamil Nadu,Virudunagar,33,24,TAMIL NADU,VIRUDUNAGAR,TAMILNADU,VIRUDUNAGAR,MultiPolygon,True,0.36111748013945477
Census 2011,data/external/datameet_districts/census_2011/2011_Dist.shp,605,Andhra Pradesh,Visakhapatnam,28,13,ANDHRA PRADESH,VISAKHAPATNAM,ANDHRAPRADESH,VISAKHAPATNAM,Polygon,True,0.9747894241459045
Census 2011,data/external/datameet_districts/census_2011/2011_Dist.shp,606,Andhra Pradesh,Vizianagaram,28,12,ANDHRA PRADESH,VIZIANAGARAM,ANDHRAPRADESH,VIZIANAGARAM,Polygon,True,0.478440789293035
Census 2011,data/external/datameet_districts/census_2011/2011_Dist.shp,607,Andhra Pradesh,Warangal,28,9,ANDHRA PRADESH,WARANGAL,ANDHRAPRADESH,WARANGAL,MultiPolygon,True,1.0922452965513325
Census 2011,data/external/datameet_districts/census_2011/2011_Dist.shp,608,Maharashtra,Wardha,27,8,MAHARASHTRA,WARDHA,MAHARASHTRA,WARDHA,Polygon,True,0.5473822935261758
Census 2011,data/external/datameet_districts/census_2011/2011_Dist.shp,609,Maharashtra,Washim,27,6,MAHARASHTRA,WASHIM,MAHARASHTRA,WASHIM,Polygon,True,0.4491924857581085
Census 2011,data/external/datameet_districts/census_2011/2011_Dist.shp,610,Kerala,Wayanad,32,3,KERALA,WAYANAD,KERALA,WAYANAD,Polygon,True,0.1766077746069173
Census 2011,data/external/datameet_districts/census_2011/2011_Dist.shp,611,NCT of Delhi,West,7,7,NCT OF DELHI,WEST,NCTOFDELHI,WEST,Polygon,True,0.011270900343773932
Census 2011,data/external/datameet_districts/census_2011/2011_Dist.shp,612,Sikkim,West,11,2,SIKKIM,WEST,SIKKIM,WEST,Polygon,True,0.10945477695509222
Census 2011,data/external/datameet_districts/census_2011/2011_Dist.shp,613,Meghalaya,West Garo Hills,17,1,MEGHALAYA,WEST GARO HILLS,MEGHALAYA,WESTGAROHILLS,Polygon,True,0.3006057690287853
Census 2011,data/external/datameet_districts/census_2011/2011_Dist.shp,614,Andhra Pradesh,West Godavari,28,15,ANDHRA PRADESH,WEST GODAVARI,ANDHRAPRADESH,WESTGODAVARI,Polygon,True,0.6588864343568502
Census 2011,data/external/datameet_districts/census_2011/2011_Dist.shp,615,Arunanchal Pradesh,West Kameng,12,2,ARUNANCHAL PRADESH,WEST KAMENG,ARUNANCHALPRADESH,WESTKAMENG,Polygon,True,0.48011257208414454
Census 2011,data/external/datameet_districts/census_2011/2011_Dist.shp,616,Meghalaya,West Khasi Hills,17,4,MEGHALAYA,WEST KHASI HILLS,MEGHALAYA,WESTKHASIHILLS,Polygon,True,0.4694423471096729
Census 2011,data/external/datameet_districts/census_2011/2011_Dist.shp,617,Madhya Pradesh,West Nimar,23,23,MADHYA PRADESH,WEST NIMAR,MADHYAPRADESH,WESTNIMAR,Polygon,True,0.7043111801289653
Census 2011,data/external/datameet_districts/census_2011/2011_Dist.shp,618,Arunanchal Pradesh,West Siang,12,6,ARUNANCHAL PRADESH,WEST SIANG,ARUNANCHALPRADESH,WESTSIANG,Polygon,True,0.7305251623249883
Census 2011,data/external/datameet_districts/census_2011/2011_Dist.shp,619,Tripura,West Tripura,16,1,TRIPURA,WEST TRIPURA,TRIPURA,WESTTRIPURA,Polygon,True,0.26553134348933716
Census 2011,data/external/datameet_districts/census_2011/2011_Dist.shp,620,Nagaland,Wokha,13,4,NAGALAND,WOKHA,NAGALAND,WOKHA,Polygon,True,0.14684247106285656
Census 2011,data/external/datameet_districts/census_2011/2011_Dist.shp,621,Karnataka,Yadgir,29,26,KARNATAKA,YADGIR,KARNATAKA,YADGIR,Polygon,True,0.4475021314169929
Census 2011,data/external/datameet_districts/census_2011/2011_Dist.shp,622,Maharashtra,Yavatmal,27,14,MAHARASHTRA,YAVATMAL,MAHARASHTRA,YAVATMAL,Polygon,True,1.168585188089397
Census 2011,data/external/datameet_districts/census_2011/2011_Dist.shp,623,Nagaland,Zunheboto,13,3,NAGALAND,ZUNHEBOTO,NAGALAND,ZUNHEBOTO,Polygon,True,0.11363072409423945
Census 2011,data/external/datameet_districts/census_2011/2011_Dist.shp,624,Chhattisgarh,Kabeerdham,22,8,CHHATTISGARH,KABEERDHAM,CHHATTISGARH,KABEERDHAM,Polygon,True,0.3692956082784062
Census 2011,data/external/datameet_districts/census_2011/2011_Dist.shp,625,Haryana,Yamunanagar,6,3,HARYANA,YAMUNANAGAR,HARYANA,YAMUNANAGAR,Polygon,True,0.16286954185001204
Census 2011,data/external/datameet_districts/census_2011/2011_Dist.shp,626,Haryana,Jind,6,9,HARYANA,JIND,HARYANA,JIND,Polygon,True,0.2518587181154202
Census 2011,data/external/datameet_districts/census_2011/2011_Dist.shp,627,Rajasthan,Dausa,8,11,RAJASTHAN,DAUSA,RAJASTHAN,DAUSA,Polygon,True,0.3158355542425076
Census 2011,data/external/datameet_districts/census_2011/2011_Dist.shp,628,Rajasthan,Karauli,8,9,RAJASTHAN,KARAULI,RAJASTHAN,KARAULI,Polygon,True,0.4472914604804424
Census 2011,data/external/datameet_districts/census_2011/2011_Dist.shp,629,Rajasthan,Sawai Madhopur,8,10,RAJASTHAN,SAWAI MADHOPUR,RAJASTHAN,SAWAIMADHOPUR,Polygon,True,0.4549653124734996
Census 2011,data/external/datameet_districts/census_2011/2011_Dist.shp,630,Bihar,Arwal,10,38,BIHAR,ARWAL,BIHAR,ARWAL,Polygon,True,0.059557049333841046
Census 2011,data/external/datameet_districts/census_2011/2011_Dist.shp,631,Bihar,Jehanabad,10,37,BIHAR,JEHANABAD,BIHAR,JEHANABAD,Polygon,True,0.08328998135163385
Census 2011,data/external/datameet_districts/census_2011/2011_Dist.shp,632,Tamil Nadu,Nagappattinam,33,17,TAMIL NADU,NAGAPPATTINAM,TAMILNADU,NAGAPPATTINAM,MultiPolygon,True,0.20560670889626956
Census 2011,data/external/datameet_districts/census_2011/2011_Dist.shp,633,Puducherry,Karaikal,34,4,PUDUCHERRY,KARAIKAL,PUDUCHERRY,KARAIKAL,Polygon,True,0.012675914791885463
Census 2011,data/external/datameet_districts/census_2011/2011_Dist.shp,634,Puducherry,Puducherry,34,2,PUDUCHERRY,PUDUCHERRY,PUDUCHERRY,PUDUCHERRY,MultiPolygon,True,0.02489625070455459
Census 2011,data/external/datameet_districts/census_2011/2011_Dist.shp,635,Puducherry,Yanam,34,1,PUDUCHERRY,YANAM,PUDUCHERRY,YANAM,Polygon,True,0.003204750195653498
Census 2011,data/external/datameet_districts/census_2011/2011_Dist.shp,636,Gujarat,Tapi,24,26,GUJARAT,TAPI,GUJARAT,TAPI,Polygon,True,0.274395100535728
Census 2011,data/external/datameet_districts/census_2011/2011_Dist.shp,637,Andaman & Nicobar Island,Nicobar,35,1,ANDAMAN & NICOBAR ISLAND,NICOBAR,ANDAMANNICOBARISLAND,NICOBAR,MultiPolygon,True,0.1393078367100056
Census 2011,data/external/datameet_districts/census_2011/2011_Dist.shp,638,Andaman & Nicobar Island,South Andaman,35,3,ANDAMAN & NICOBAR ISLAND,SOUTH ANDAMAN,ANDAMANNICOBARISLAND,SOUTHANDAMAN,MultiPolygon,True,0.20153827935168867
Census 2011,data/external/datameet_districts/census_2011/2011_Dist.shp,639,Andaman & Nicobar Island,North & Middle Andaman,35,2,ANDAMAN & NICOBAR ISLAND,NORTH & MIDDLE ANDAMAN,ANDAMANNICOBARISLAND,NORTHMIDDLEANDAMAN,MultiPolygon,True,0.2802934142677411
Census 2011,data/external/datameet_districts/census_2011/2011_Dist.shp,640,Lakshadweep,Lakshadweep,31,1,LAKSHADWEEP,LAKSHADWEEP,LAKSHADWEEP,LAKSHADWEEP,MultiPolygon,True,0.05486741575358829
