State_Name,District_Name,Crop_Year,Season,Crop,Area,Production,yield,source_row_id,calendar_rule_key,start_date,end_date,weather_window_days,nominal_rule_window_days,calendar_leap_day_adjustment,calendar_rule_level,calendar_rule_version,calendar_rule_status,calendar_window_type,calendar_state_zone,calendar_crop_group,calendar_rule_basis,calendar_special_note,district_id,district_year_point_id,preferred_census_version,used_census_version,district_point_version_id,weather_point_id,latitude,longitude,point_assignment_method,point_assignment_confidence,alternate_layer_used,shared_parent_boundary,weather_window_id,weather_days_expected,weather_days_present,weather_coverage_ratio,weather_window_valid,rain_sum_mm,rain_mean_mm,rainy_days_ge1mm,dry_days_lt1mm,heavy_rain_days_ge20mm,longest_dry_spell_days,longest_wet_spell_days,temp_mean_c,temp_max_mean_c,temp_min_mean_c,temp_max_absolute_c,temp_min_absolute_c,hot_days_tmax_ge35c,cold_days_tmin_lt10c,humidity_mean_pct,solar_radiation_mean,wind_speed_mean,first_25pct_days,first_25pct_rain_sum_mm,first_25pct_temp_mean_c,first_25pct_longest_dry_spell_days,last_25pct_days,last_25pct_rain_sum_mm,last_25pct_temp_mean_c,last_25pct_heavy_rain_days,State_Name_raw,District_Name_raw,Season_raw,Crop_raw,canonical_state_name,canonical_district_name,Season_canonical,Crop_canonical,district_override_applied,source_name,production_scale_factor,Area_corrected,Production_corrected,yield_source_corrected,target_yield,yield_formula_absolute_difference,_canonical_key,selected_source,source_overlap_status,source_rows_count,legacy_source_row_id,expanded_source_row_id,selected_source_row_id,canonical_crop_row_id,target_unit_group,basic_model_eligibility,basic_exclusion_reason
Assam,UDALGURI,2013,Rabi,Ginger,629.0,6208.0,9.869634340222577,26874,Assam|Ginger|Rabi,2013-10-15,2014-06-11,240,240,0,state_zone+crop+season,v1.0,decided_project_convention,crop_cycle_estimate,east_northeast,ginger,Crop-specific 240-day cycle starting from the east_northeast Rabi anchor.,,IND_ASSAM_UDALGURI,DYP_279B491611ABAAC4,Census 2011,Census 2011,DPV_4C46D938078C904E,WPT_4954545AFB0F01DB1E0E,26.70909974,92.05234176,confirmed_exact_unique,confirmed,0,0,WW_416D358A264A22E2E6EB,240,240,1.0,True,373.43999999999505,1.5559999999999794,52,188,6,82,5,22.46016666666704,28.2275833333338,17.90658333333346,38.44,9.16,38,5,70.61154166666577,16.22729166666662,1.7144583333333305,60,28.10000000000582,21.466333333333992,46,60,286.5200000000041,29.40800000000066,6,Assam,UDALGURI,Rabi,Ginger,Assam,UDALGURI,Rabi,Ginger,0,legacy_source,1.0,629.0,6208.0,9.869634340222577,9.869634340222575,1.7763568394002505e-15,AssamUDALGURI2013RabiGinger,legacy_source,legacy_only,1,26874.0,,26874,CCR_00018381DC49F3A9B8E9,nominal_yield_per_area,1,
Kerala,MALAPPURAM,2012,Whole Year,Mango,7490.0,34568.0,4.615220293724967,98571,Kerala|Mango|Whole Year,2012-07-01,2013-06-30,365,365,0,state_zone+crop+season,v1.0,decided_project_convention,annual_reporting_window,south_coastal,fruit_perennial,Whole Year mapped to the complete July-June crop-year reporting cycle.,Annual reporting window; do not calculate planting/harvest flags.,IND_KERALA_MALAPPURAM,DYP_1220B5D347DAEE84,Census 2011,Census 2011,DPV_1858D330E03C6314,WPT_FFE7D790ACE02044E014,11.10532599,76.11484024,confirmed_exact_unique,confirmed,0,0,WW_C021F65B9C990F7D5946,365,365,1.0,True,1766.8599999999606,4.840712328767015,190,175,25,36,31,25.550273972602994,30.268876712329046,22.071917808219457,38.97,16.77,41,0,76.77008219178023,18.7511780821922,1.3821917808219104,92,610.5499999999956,24.021195652174356,10,92,783.2699999999822,26.76260869565063,15,Kerala,MALAPPURAM,Whole Year,Mango,Kerala,MALAPPURAM,Whole Year,Mango,0,legacy_source,1.0,7490.0,34568.0,4.615220293724967,4.615220293724967,0.0,KeralaMALAPPURAM2012Whole YearMango,legacy_source,legacy_only,1,98571.0,,98571,CCR_00043B26AD18182B1580,nominal_yield_per_area,1,
West Bengal,BARDHAMAN,2006,Whole Year,Sannhamp,47.0,334.0,7.1063829787234045,234613,West Bengal|Sannhamp|Whole Year,2006-07-01,2007-06-30,365,365,0,state_zone+crop+season,v1.0,decided_project_convention,annual_reporting_window,east_northeast,other_fibre,Whole Year mapped to the complete July-June crop-year reporting cycle.,Annual reporting window; do not calculate planting/harvest flags.,IND_WEST_BENGAL_BARDHAMAN,DYP_C82E8B34C4D54A94,Census 2011,Census 2011,DPV_EFB6CAE298E61A11,WPT_1C6092B001976C3DFA4E,23.40808257,87.89987069,working_fuzzy_same_state,working_fallback,0,0,WW_8FA8FCE4F7BB1326106B,365,365,1.0,True,1245.9900000000089,3.4136712328767365,154,211,13,85,31,25.74342465753446,31.50191780821929,20.758109589041194,43.23,6.79,83,30,69.13419178082171,16.83536986301395,1.8984383561644043,92,767.3400000000038,28.094456521738838,3,92,386.5900000000038,31.658043478260957,4,West Bengal,BARDHAMAN,Whole Year,Sannhamp,West Bengal,BARDHAMAN,Whole Year,Sannhamp,0,legacy_source,1.0,47.0,334.0,7.1063829787234045,7.1063829787234045,0.0,West BengalBARDHAMAN2006Whole YearSannhamp,legacy_source,legacy_only,1,234613.0,,234613,CCR_0006D0AA8E8053C1C7C1,nominal_yield_per_area,1,
Tamil Nadu,TUTICORIN,1997,Whole Year,Ragi,505.0,1270.0,2.514851485148515,185814,Tamil Nadu|Ragi|Whole Year,1997-07-01,1998-06-30,365,365,0,state_zone+crop+season,v1.0,decided_project_convention,annual_reporting_window,south_coastal,finger_millet,Whole Year mapped to the complete July-June crop-year reporting cycle.,Annual reporting window; do not calculate planting/harvest flags.,IND_TAMIL_NADU_TUTICORIN,DYP_C40D99C7C548057C,Census 2001,Census 2001,DPV_F4877E4F439152F6,WPT_A820282B3550DAC894F5,10.8492909,78.7249069,working_fuzzy_same_state,working_fallback,0,0,WW_6F9ADE8F9848C25CB79C,365,365,1.0,True,761.6599999999994,2.0867397260273957,101,264,6,113,16,28.318438356164368,34.540547945205475,23.489780821917833,43.96,16.04,170,0,67.66953424657534,18.779753424657542,2.7653424657534256,92,157.62000000000006,28.709239130434774,15,92,62.039999999999964,32.02239130434778,1,Tamil Nadu,TUTICORIN,Whole Year,Ragi,Tamil Nadu,TUTICORIN,Whole Year,Ragi,0,legacy_source,1.0,505.0,1270.0,2.514851485148515,2.514851485148515,0.0,Tamil NaduTUTICORIN1997Whole YearRagi,legacy_source,legacy_only,1,185814.0,,185814,CCR_000C8B9E1453EA4439A8,nominal_yield_per_area,1,
Assam,UDALGURI,2008,Rabi,Blackgram,2294.0,943.0,0.4110723626852659,26693,Assam|Blackgram|Rabi,2008-10-15,2009-01-17,95,95,0,state_zone+crop+season,v1.0,decided_project_convention,crop_cycle_estimate,east_northeast,black_gram,Crop-specific 95-day cycle starting from the east_northeast Rabi anchor.,,IND_ASSAM_UDALGURI,DYP_6B886FA91C4EF254,Census 2011,Census 2011,DPV_4C46D938078C904E,WPT_4954545AFB0F01DB1E0E,26.70909974,92.05234176,confirmed_exact_unique,confirmed,0,0,WW_F0D2949F7292FA1EEF83,95,95,1.0,True,60.919999999998254,0.6412631578947184,7,88,2,23,3,19.21273684210533,24.880842105262932,14.842947368421225,30.13,9.7,0,2,78.9741052631583,14.430947368420311,1.6178947368421128,24,51.45999999999913,22.8987500000009,11,24,4.68999999999869,16.408750000001117,0,Assam,UDALGURI,Rabi,Blackgram,Assam,UDALGURI,Rabi,Blackgram,0,legacy_source,1.0,2294.0,943.0,0.4110723626852659,0.4110723626852659,0.0,AssamUDALGURI2008RabiBlackgram,legacy_source,legacy_only,1,26693.0,,26693,CCR_000F83F1CC3BB3D91895,nominal_yield_per_area,1,
Kerala,THRISSUR,2002,Whole Year,Other Vegetables,1935.0,0.0,0.0,99594,Kerala|Other Vegetables|Whole Year,2002-07-01,2003-06-30,365,365,0,state_zone+crop+season,v1.0,decided_project_convention,annual_reporting_window,south_coastal,vegetable,Whole Year mapped to the complete July-June crop-year reporting cycle.,Annual reporting window; do not calculate planting/harvest flags.,IND_KERALA_THRISSUR,DYP_C00CE1D6C5E3EDA0,Census 2001,Census 2001,DPV_3F55D6CEF943B42D,WPT_B3E1B306071CDAB1AE45,10.47835393,76.27307208,confirmed_exact_unique,confirmed,0,0,WW_39EEBFA24AF876E6E12F,365,365,1.0,True,2108.760000000004,5.777424657534257,197,168,32,64,27,26.973452054794414,30.91284931506844,24.047726027397214,37.58,17.72,54,0,78.68805479452115,18.71800000000004,2.075232876712341,92,703.1399999999994,25.623913043478275,15,92,731.0699999999997,28.04043478260855,15,Kerala,THRISSUR,Whole Year,Other Vegetables,Kerala,THRISSUR,Whole Year,Other Vegetables,0,legacy_source,1.0,1935.0,0.0,0.0,0.0,0.0,KeralaTHRISSUR2002Whole YearOther Vegetables,legacy_source,legacy_only,1,99594.0,,99594,CCR_0010410E19A4CA0B80DC,nominal_yield_per_area,1,
Telangana,KHAMMAM,1997,Kharif,Arhar/Tur,25400.0,8400.0,0.3307086614173228,188972,Telangana|Arhar/Tur|Kharif,1997-04-30,1997-11-15,200,200,0,state_zone+crop+season,v1.0,decided_project_convention,crop_cycle_estimate,south_coastal,pigeon_pea,Crop-specific 200-day cycle starting from the south_coastal Kharif anchor.,,IND_TELANGANA_KHAMMAM,DYP_DC5C1946B3B24102,Census 2001,Census 2001,DPV_FF45306F7FBEDBB7,WPT_803A22E3B7EBB2463081,17.70196913,80.81262778,historical_state_boundary_fallback,historical_fallback,0,0,WW_0775908E96DFAD54BF04,200,200,1.0,True,865.1899999999994,4.325949999999997,100,100,11,34,14,28.570650000000015,33.26215000000005,24.398750000000003,46.02,18.68,48,0,71.75204999999997,18.354650000000007,2.1429499999999995,50,64.07000000000008,34.07460000000001,34,50,89.27999999999963,25.61060000000003,0,Telangana,KHAMMAM,Kharif,Arhar/Tur,Telangana,KHAMMAM,Kharif,Arhar/Tur,0,legacy_source,1.0,25400.0,8400.0,0.3307086614173228,0.33070866141732286,5.551115123125783e-17,TelanganaKHAMMAM1997KharifArhar/Tur,legacy_source,legacy_only,1,188972.0,,188972,CCR_0010C10E3D9DBDACE4CD,nominal_yield_per_area,1,
Assam,KAMRUP METRO,2010,Rabi,Banana,563.0,7530.0,13.374777975133217,20632,Assam|Banana|Rabi,2010-10-15,2011-04-30,198,198,0,state_zone+crop+season,v1.0,decided_project_convention,seasonal_reporting_window,east_northeast,fruit_perennial,Perennial or plantation crop mapped to its recorded reporting season.,Seasonal reporting window for a perennial/plantation crop; not its full biological life cycle.,IND_ASSAM_KAMRUP_METRO,DYP_BEAF988C6213A769,Census 2011,Census 2011,DPV_80555B8B9527C20C,WPT_7DA7C8AF5CCC99FB9384,26.14560981,91.22567625,working_fuzzy_same_state,working_fallback,0,0,WW_7E304146E06F056361CC,198,198,1.0,True,167.21999999997934,0.8445454545453502,31,167,1,68,6,20.28580808080836,26.275858585858415,15.622323232323385,34.71,6.93,0,19,74.4382828282815,15.378838383838284,1.669393939393898,50,53.99999999999636,22.109199999999838,25,50,87.82999999999811,25.152200000000885,0,Assam,KAMRUP METRO,Rabi,Banana,Assam,KAMRUP METRO,Rabi,Banana,0,legacy_source,1.0,563.0,7530.0,13.374777975133217,13.374777975133215,1.7763568394002505e-15,AssamKAMRUP METRO2010RabiBanana,legacy_source,legacy_only,1,20632.0,,20632,CCR_001C646E620FA61F3508,nominal_yield_per_area,1,
Tamil Nadu,TUTICORIN,1998,Whole Year,Sugarcane,31.0,3800.0,122.58064516129032,185848,Tamil Nadu|Sugarcane|Whole Year,1998-07-01,1999-06-30,365,365,0,state_zone+crop+season,v1.0,decided_project_convention,annual_reporting_window,south_coastal,sugarcane,Whole Year mapped to the complete July-June crop-year reporting cycle.,Annual reporting window; do not calculate planting/harvest flags.,IND_TAMIL_NADU_TUTICORIN,DYP_637626564EA19577,Census 2001,Census 2001,DPV_F4877E4F439152F6,WPT_A820282B3550DAC894F5,10.8492909,78.7249069,working_fuzzy_same_state,working_fallback,0,0,WW_17196705D99F745AC803,365,365,1.0,True,932.2799999999985,2.5541917808219137,113,252,12,56,13,27.073397260273904,33.07263013698633,22.29221917808221,42.91,14.25,107,0,70.6563561643836,20.47624657534248,2.6263835616438334,92,330.4199999999993,27.759239130434686,10,92,165.92999999999984,29.515543478260874,1,Tamil Nadu,TUTICORIN,Whole Year,Sugarcane,Tamil Nadu,TUTICORIN,Whole Year,Sugarcane,0,legacy_source,1.0,31.0,3800.0,122.58064516129032,122.58064516129032,0.0,Tamil NaduTUTICORIN1998Whole YearSugarcane,legacy_source,legacy_only,1,185848.0,,185848,CCR_001CC8D27DE961F7C0EB,nominal_yield_per_area,1,
Uttarakhand,UTTAR KASHI,2003,Rabi,Other Cereals & Millets,2.0,2.0,1.0,232499,Uttarakhand|Other Cereals & Millets|Rabi,2003-10-15,2004-01-27,105,105,0,state_zone+crop+season,v1.0,decided_project_convention,crop_cycle_estimate,north_northwest,minor_cereal,Crop-specific 105-day cycle starting from the north_northwest Rabi anchor.,,IND_UTTARAKHAND_UTTAR_KASHI,DYP_89BF192521895B73,Census 2001,Census 2001,DPV_BAC31543BB3E2251,WPT_3796E1FC6523EB28D2BF,30.96787511,78.63394275,confirmed_exact_unique,confirmed,0,0,WW_BA1E72883F5DFAE6D224,105,105,1.0,True,89.88000000000284,0.8560000000000271,13,92,1,24,4,-5.500476190476183,0.2232380952380308,-9.788761904761989,8.24,-25.7,0,105,54.23895238095152,13.849142857143168,1.4246666666666334,27,17.25,-0.6555555555555403,18,27,52.42000000000098,-9.141111111111092,1,Uttarakhand,UTTAR KASHI,Rabi,Other Cereals & Millets,Uttarakhand,UTTAR KASHI,Rabi,Other Cereals & Millets,0,legacy_source,1.0,2.0,2.0,1.0,1.0,0.0,UttarakhandUTTAR KASHI2003RabiOther Cereals & Millets,legacy_source,legacy_only,1,232499.0,,232499,CCR_0020E64C792015915FAE,nominal_yield_per_area,1,
Gujarat,DOHAD,2010,Kharif,Other Cereals & Millets,300.0,200.0,0.6666666666666666,59215,Gujarat|Other Cereals & Millets|Kharif,2010-06-01,2010-09-13,105,105,0,state_zone+crop+season,v1.0,decided_project_convention,crop_cycle_estimate,central_west,minor_cereal,Crop-specific 105-day cycle starting from the central_west Kharif anchor.,,IND_GUJARAT_DOHAD,DYP_B0D3B54FA05B51E1,Census 2011,Census 2011,DPV_0FEAE2B6855F46FB,WPT_07DDB35B934FCD92D204,22.91782639,74.13667396,confirmed_exact_unique,confirmed,0,0,WW_6F3F8EEC0624E286F521,105,105,1.0,True,874.2900000000027,8.326571428571453,79,26,13,5,18,28.38904761904795,32.68828571428617,24.984476190475593,45.63,22.9,28,0,77.73276190476193,17.003904761904934,3.176761904761952,27,82.0099999999984,32.25888888888908,5,27,308.68999999999687,26.39444444444369,6,Gujarat,DOHAD,Kharif,Other Cereals & Millets,Gujarat,DOHAD,Kharif,Other Cereals & Millets,0,legacy_source,1.0,300.0,200.0,0.6666666666666666,0.6666666666666666,0.0,GujaratDOHAD2010KharifOther Cereals & Millets,legacy_source,legacy_only,1,59215.0,,59215,CCR_0022EBC475D496F32612,nominal_yield_per_area,1,
Tamil Nadu,TUTICORIN,2004,Whole Year,Sweet potato,89.0,1345.0,15.112359550561798,186046,Tamil Nadu|Sweet potato|Whole Year,2004-07-01,2005-06-30,365,365,0,state_zone+crop+season,v1.0,decided_project_convention,annual_reporting_window,south_coastal,sweet_potato,Whole Year mapped to the complete July-June crop-year reporting cycle.,Annual reporting window; do not calculate planting/harvest flags.,IND_TAMIL_NADU_TUTICORIN,DYP_A962177278E70EEE,Census 2001,Census 2001,DPV_F4877E4F439152F6,WPT_A820282B3550DAC894F5,10.8492909,78.7249069,working_fuzzy_same_state,working_fallback,0,0,WW_A930711CA2E665AEF86B,365,365,1.0,True,985.9400000000005,2.701205479452056,114,251,13,31,24,27.025452054794503,32.92263013698613,22.424821917808153,41.01,14.9,119,0,72.31583561643804,19.740054794520475,2.5589589041095953,92,399.0199999999977,27.658152173913074,19,92,175.300000000002,29.803260869565946,2,Tamil Nadu,TUTICORIN,Whole Year,Sweet potato,Tamil Nadu,TUTICORIN,Whole Year,Sweet potato,0,legacy_source,1.0,89.0,1345.0,15.112359550561798,15.112359550561798,0.0,Tamil NaduTUTICORIN2004Whole YearSweet potato,legacy_source,legacy_only,1,186046.0,,186046,CCR_0024D2179347C4C5EBB4,nominal_yield_per_area,1,
Telangana,KHAMMAM,1999,Rabi,Groundnut,7001.0,12028.0,1.7180402799600056,189037,Telangana|Groundnut|Rabi,1999-10-01,2000-01-28,120,120,0,state_zone+crop+season,v1.0,decided_project_convention,crop_cycle_estimate,south_coastal,groundnut,Crop-specific 120-day cycle starting from the south_coastal Rabi anchor.,,IND_TELANGANA_KHAMMAM,DYP_714127348F14A377,Census 2001,Census 2001,DPV_FF45306F7FBEDBB7,WPT_803A22E3B7EBB2463081,17.70196913,80.81262778,historical_state_boundary_fallback,historical_fallback,0,0,WW_3F81779FCB7E27703A9B,120,120,1.0,True,124.23000000000047,1.035250000000004,20,100,0,86,6,23.79333333333337,31.303166666666677,17.679000000000055,36.5,11.45,10,0,67.19216666666647,18.659999999999854,1.5497499999999889,30,111.25000000000045,25.730333333333327,5,30,0.0,24.36000000000034,0,Telangana,KHAMMAM,Rabi,Groundnut,Telangana,KHAMMAM,Rabi,Groundnut,0,legacy_source,1.0,7001.0,12028.0,1.7180402799600056,1.7180402799600056,0.0,TelanganaKHAMMAM1999RabiGroundnut,legacy_source,legacy_only,1,189037.0,,189037,CCR_0027076D0E945C9FD736,nominal_yield_per_area,1,
Madhya Pradesh,BHIND,2002,Whole Year,Other Vegetables,479.0,0.0,0.0,102581,Madhya Pradesh|Other Vegetables|Whole Year,2002-07-01,2003-06-30,365,365,0,state_zone+crop+season,v1.0,decided_project_convention,annual_reporting_window,central_west,vegetable,Whole Year mapped to the complete July-June crop-year reporting cycle.,Annual reporting window; do not calculate planting/harvest flags.,IND_MADHYA_PRADESH_BHIND,DYP_D93892B46E3070FA,Census 2001,Census 2001,DPV_A9AD245D5AA219D7,WPT_B4B708B412976E8A3C96,26.34976016,78.68685742,confirmed_exact_unique,confirmed,0,0,WW_3908BC078101BB7CB6D0,365,365,1.0,True,437.2200000000021,1.197863013698636,49,316,8,108,7,27.432410958904295,35.052054794520465,20.56356164383567,48.13,3.76,174,45,38.061698630136995,18.510383561643817,2.0830958904109735,92,345.3800000000015,32.32597826086954,17,92,47.01999999999907,35.16239130434825,0,Madhya Pradesh,BHIND,Whole Year,Other Vegetables,Madhya Pradesh,BHIND,Whole Year,Other Vegetables,0,legacy_source,1.0,479.0,0.0,0.0,0.0,0.0,Madhya PradeshBHIND2002Whole YearOther Vegetables,legacy_source,legacy_only,1,102581.0,,102581,CCR_0029F93D6D52A89EDA6F,nominal_yield_per_area,1,
Puducherry,PONDICHERRY,2012,Kharif,Brinjal,22.0,484.0,22.0,158312,Puducherry|Brinjal|Kharif,2012-05-15,2012-09-01,110,110,0,state_zone+crop+season,v1.0,decided_project_convention,crop_cycle_estimate,south_coastal,vegetable,Crop-specific 110-day cycle starting from the south_coastal Kharif anchor.,,IND_PUDUCHERRY_PONDICHERRY,DYP_701EB09B7A1F07EB,Census 2011,Census 2001,DPV_E6C67B36F7889F4A,WPT_736CA0FD0A610267E555,11.93305918,79.79807056,alternate_layer_confirmed_name,working_strong,1,0,WW_93CC0ECE9EE29D62478B,110,110,1.0,True,217.05000000000655,1.9731818181818777,52,58,1,12,12,29.87154545454515,32.85054545454623,27.33909090909001,36.63,25.95,10,0,69.45863636363647,20.61754545454539,3.99663636363634,28,18.44999999999709,31.21464285714007,12,28,84.04000000000815,28.756428571428323,0,Puducherry,PONDICHERRY,Kharif,Brinjal,Puducherry,PONDICHERRY,Kharif,Brinjal,0,legacy_source,1.0,22.0,484.0,22.0,22.0,0.0,PuducherryPONDICHERRY2012KharifBrinjal,legacy_source,legacy_only,1,158312.0,,158312,CCR_002AE84E84CEAFB57483,nominal_yield_per_area,1,
Tamil Nadu,NAGAPATTINAM,1997,Kharif,Banana,575.0,14622.0,25.429565217391303,179181,Tamil Nadu|Banana|Kharif,1997-05-15,1997-11-30,200,200,0,state_zone+crop+season,v1.0,decided_project_convention,seasonal_reporting_window,south_coastal,fruit_perennial,Perennial or plantation crop mapped to its recorded reporting season.,Seasonal reporting window for a perennial/plantation crop; not its full biological life cycle.,IND_TAMIL_NADU_NAGAPATTINAM,DYP_8BB71101D55A867D,Census 2001,Census 2001,DPV_EA328769FC83FD11,WPT_D65A6C89A04B1CC4F249,11.19178163,79.69706054,confirmed_exact_unique,confirmed,0,0,WW_4C2AB3796335D3D6499B,200,200,1.0,True,719.2200000000001,3.5961000000000007,114,86,4,14,31,28.937750000000005,31.198450000000022,27.064000000000007,35.04,25.12,3,0,75.04830000000007,17.380399999999998,4.540500000000001,50,71.59000000000005,30.085400000000007,14,50,460.04000000000013,27.171200000000027,4,Tamil Nadu,NAGAPATTINAM,Kharif,Banana,Tamil Nadu,NAGAPATTINAM,Kharif,Banana,0,legacy_source,1.0,575.0,14622.0,25.429565217391303,25.429565217391303,0.0,Tamil NaduNAGAPATTINAM1997KharifBanana,legacy_source,legacy_only,1,179181.0,,179181,CCR_002B7E8DE64EF098C84F,nominal_yield_per_area,1,
Andhra Pradesh,WEST GODAVARI,2014,Kharif,Sapota,500.0,3798.0,7.596,9738,Andhra Pradesh|Sapota|Kharif,2014-05-15,2014-11-30,200,200,0,state_zone+crop+season,v1.0,decided_project_convention,seasonal_reporting_window,south_coastal,fruit_perennial,Perennial or plantation crop mapped to its recorded reporting season.,Seasonal reporting window for a perennial/plantation crop; not its full biological life cycle.,IND_ANDHRA_PRADESH_WEST_GODAVARI,DYP_ACE3AD7C7A4A8EF2,Census 2011,Census 2011,DPV_37868B3793226B6E,WPT_754DF591966B409F5880,16.90195707,81.35204003,confirmed_exact_unique,confirmed,0,0,WW_D5E8217C88BD94262B43,200,200,1.0,True,681.140000000003,3.4057000000000155,94,106,5,17,13,28.018799999998446,32.90690000000075,24.153049999999347,41.22,15.46,50,0,74.19095000000002,17.426649999999864,2.2157999999999447,50,48.460000000002765,32.07559999999765,16,50,124.84000000000378,24.78580000000016,1,Andhra Pradesh,WEST GODAVARI,Kharif,Sapota,Andhra Pradesh,WEST GODAVARI,Kharif,Sapota,0,legacy_source,1.0,500.0,3798.0,7.596,7.596,0.0,Andhra PradeshWEST GODAVARI2014KharifSapota,legacy_source,legacy_only,1,9738.0,,9738,CCR_002D03CEAF2EC13BAB58,nominal_yield_per_area,1,
Andhra Pradesh,ANANTAPUR,2001,Kharif,Korra,1434.0,627.0,0.4372384937238494,344,Andhra Pradesh|Korra|Kharif,2001-05-15,2001-08-27,105,105,0,state_zone+crop+season,v1.0,decided_project_convention,crop_cycle_estimate,south_coastal,minor_cereal,Crop-specific 105-day cycle starting from the south_coastal Kharif anchor.,,IND_ANDHRA_PRADESH_ANANTAPUR,DYP_FD5E718C6E0195F7,Census 2001,Census 2001,DPV_8C412FD452230A53,WPT_50C89412B4EFD509ABCE,14.45698852,77.50944784,confirmed_exact_unique,confirmed,0,0,WW_AC0BA5984B7CD11F7BAD,105,105,1.0,True,145.9200000000028,1.3897142857143123,31,74,0,13,7,27.741428571428695,33.70142857142872,23.05857142857141,41.56,21.03,25,0,62.68380952380997,19.66476190476155,5.596380952380943,27,28.150000000000546,29.77037037037075,13,27,55.22000000000071,26.50555555555534,0,Andhra Pradesh,ANANTAPUR,Kharif,Korra,Andhra Pradesh,ANANTAPUR,Kharif,Korra,0,legacy_source,1.0,1434.0,627.0,0.4372384937238494,0.4372384937238494,0.0,Andhra PradeshANANTAPUR2001KharifKorra,legacy_source,legacy_only,1,344.0,,344,CCR_0034505F00F35C234D9F,nominal_yield_per_area,1,
Kerala,ALAPPUZHA,2006,Whole Year,Dry ginger,66.0,163.0,2.4696969696969697,96221,Kerala|Dry ginger|Whole Year,2006-07-01,2007-06-30,365,365,0,state_zone+crop+season,v1.0,decided_project_convention,annual_reporting_window,south_coastal,ginger,Whole Year mapped to the complete July-June crop-year reporting cycle.,Annual reporting window; do not calculate planting/harvest flags.,IND_KERALA_ALAPPUZHA,DYP_8A85CE12E7BFE14F,Census 2011,Census 2011,DPV_F1578462FFA918B5,WPT_99BC59CE92149EF66EF6,9.4907163,76.41464279,confirmed_exact_unique,confirmed,0,0,WW_F5E6F123697C2CB97BAB,365,365,1.0,True,3311.9999999999527,9.073972602739596,181,184,56,83,32,27.676520547945465,29.272602739725908,26.30063013698577,33.73,22.47,0,0,77.08449315068388,18.998849315068437,3.2444657534246315,92,1379.0199999999932,26.60076086956526,8,92,970.3799999999901,28.472608695652603,18,Kerala,ALAPPUZHA,Whole Year,Dry ginger,Kerala,ALAPPUZHA,Whole Year,Dry ginger,0,legacy_source,1.0,66.0,163.0,2.4696969696969697,2.4696969696969697,0.0,KeralaALAPPUZHA2006Whole YearDry ginger,legacy_source,legacy_only,1,96221.0,,96221,CCR_003754109AF0EF9E69A9,nominal_yield_per_area,1,
Assam,MARIGAON,2012,Rabi,Ginger,304.0,2729.0,8.976973684210526,23587,Assam|Ginger|Rabi,2012-10-15,2013-06-11,240,240,0,state_zone+crop+season,v1.0,decided_project_convention,crop_cycle_estimate,east_northeast,ginger,Crop-specific 240-day cycle starting from the east_northeast Rabi anchor.,,IND_ASSAM_MARIGAON,DYP_C666F5A5CAD92426,Census 2011,Census 2011,DPV_EC426078A68D32AD,WPT_537ECD179B1DA598F413,26.28678772,92.29154579,confirmed_exact_unique,confirmed,0,0,WW_99B3E0329C3C52A67FC2,240,240,1.0,True,601.6399999999812,2.506833333333255,58,182,10,47,15,22.551499999999578,28.723916666665538,17.608458333333147,37.91,6.89,13,8,69.67862500000143,16.31220833333312,1.3302500000000124,60,6.489999999990687,21.390833333332072,35,60,537.939999999995,27.666999999998854,10,Assam,MARIGAON,Rabi,Ginger,Assam,MARIGAON,Rabi,Ginger,0,legacy_source,1.0,304.0,2729.0,8.976973684210526,8.976973684210526,0.0,AssamMARIGAON2012RabiGinger,legacy_source,legacy_only,1,23587.0,,23587,CCR_003D238BDCA24757BEB7,nominal_yield_per_area,1,
Telangana,MEDAK,2010,Kharif,Onion,342.0,2831.0,8.277777777777779,190763,Telangana|Onion|Kharif,2010-05-15,2010-10-11,150,150,0,state_zone+crop+season,v1.0,decided_project_convention,crop_cycle_estimate,south_coastal,onion,Crop-specific 150-day cycle starting from the south_coastal Kharif anchor.,,IND_TELANGANA_MEDAK,DYP_7A32C5118A0A097D,Census 2011,Census 2011,DPV_AFFED491ADADC890,WPT_CA67EA2043D0BD5EF5F0,17.85932596,78.22147265,historical_state_boundary_fallback,historical_fallback,0,0,WW_F07D2B46DEBBB558E297,150,150,1.0,True,970.9199999999964,6.472799999999976,95,55,11,9,17,27.00773333333297,31.331066666667077,23.334400000000024,44.38,17.56,29,0,75.35333333333294,18.147133333332796,3.072866666666681,38,109.56000000000131,32.51710526315736,9,38,205.42000000000007,24.473684210525168,2,Telangana,MEDAK,Kharif,Onion,Telangana,MEDAK,Kharif,Onion,0,legacy_source,1.0,342.0,2831.0,8.277777777777779,8.277777777777779,0.0,TelanganaMEDAK2010KharifOnion,legacy_source,legacy_only,1,190763.0,,190763,CCR_00461252919D8013A2B0,nominal_yield_per_area,1,
Telangana,KHAMMAM,2001,Kharif,Dry chillies,15133.0,62514.0,4.130972047842463,189096,Telangana|Dry chillies|Kharif,2001-05-15,2001-11-10,180,180,0,state_zone+crop+season,v1.0,decided_project_convention,crop_cycle_estimate,south_coastal,chilli,Crop-specific 180-day cycle starting from the south_coastal Kharif anchor.,,IND_TELANGANA_KHAMMAM,DYP_55C5CC27FFEF36F3,Census 2001,Census 2001,DPV_FF45306F7FBEDBB7,WPT_803A22E3B7EBB2463081,17.70196913,80.81262778,historical_state_boundary_fallback,historical_fallback,0,0,WW_366C058F23C491A96BDD,180,180,1.0,True,748.5199999999959,4.158444444444422,113,67,2,11,25,27.82344444444449,32.10216666666654,24.209277777777807,45.15,17.12,34,0,75.37977777777827,17.176611111111036,2.267499999999998,45,126.98000000000229,31.165777777777272,7,45,186.46000000000004,25.419111111111125,1,Telangana,KHAMMAM,Kharif,Dry chillies,Telangana,KHAMMAM,Kharif,Dry chillies,0,legacy_source,1.0,15133.0,62514.0,4.130972047842463,4.130972047842463,0.0,TelanganaKHAMMAM2001KharifDry chillies,legacy_source,legacy_only,1,189096.0,,189096,CCR_0047A8A05F33F6D34EBA,nominal_yield_per_area,1,
Kerala,ERNAKULAM,2002,Whole Year,Rubber,56737.0,73752.0,1.2998924863845462,96434,Kerala|Rubber|Whole Year,2002-07-01,2003-06-30,365,365,0,state_zone+crop+season,v1.0,decided_project_convention,annual_reporting_window,south_coastal,rubber,Whole Year mapped to the complete July-June crop-year reporting cycle.,Annual reporting window; do not calculate planting/harvest flags.,IND_KERALA_ERNAKULAM,DYP_1BF04634DD6282A2,Census 2001,Census 2001,DPV_8927B194FEC984C4,WPT_06E5BDC43C39F6EC2EEF,10.04471139,76.49757527,confirmed_exact_unique,confirmed,0,0,WW_C58A67ECAD7552C4C00B,365,365,1.0,True,2560.099999999995,7.013972602739712,189,176,35,64,26,27.304712328767167,30.05701369863003,25.2141369863012,35.56,20.58,5,0,79.18295890410839,18.71800000000004,2.391315068493138,92,875.7600000000002,26.122500000000045,17,92,858.2499999999964,28.127499999999955,14,Kerala,ERNAKULAM,Whole Year,Rubber,Kerala,ERNAKULAM,Whole Year,Rubber,0,legacy_source,1.0,56737.0,73752.0,1.2998924863845462,1.2998924863845462,0.0,KeralaERNAKULAM2002Whole YearRubber,legacy_source,legacy_only,1,96434.0,,96434,CCR_004AC315CEAD41C3285D,nominal_yield_per_area,1,
Karnataka,GULBARGA,2010,Whole Year,Dry ginger,72.0,260.5,3.6180555555555554,86774,Karnataka|Dry ginger|Whole Year,2010-07-01,2011-06-30,365,365,0,state_zone+crop+season,v1.0,decided_project_convention,annual_reporting_window,south_coastal,ginger,Whole Year mapped to the complete July-June crop-year reporting cycle.,Annual reporting window; do not calculate planting/harvest flags.,IND_KARNATAKA_GULBARGA,DYP_A41CA6D31F768BFC,Census 2011,Census 2011,DPV_1A547DB328728485,WPT_5C5764BA094BFAEA4E01,17.23821715,76.76971663,confirmed_exact_unique,confirmed,0,0,WW_D6DE2916D3F586BCCBD7,365,365,1.0,True,799.8100000000086,2.191260273972626,109,256,7,77,19,26.762547945205284,33.32572602739746,21.004246575342552,43.85,9.85,105,2,59.2181369863004,19.267095890410733,2.7660547945205494,92,597.4400000000041,25.896413043477008,5,92,92.73999999999796,31.562499999999684,0,Karnataka,GULBARGA,Whole Year,Dry ginger,Karnataka,GULBARGA,Whole Year,Dry ginger,0,legacy_source,1.0,72.0,260.5,3.6180555555555554,3.6180555555555554,0.0,KarnatakaGULBARGA2010Whole YearDry ginger,legacy_source,legacy_only,1,86774.0,,86774,CCR_004EFE60EE94D1FBFE79,nominal_yield_per_area,1,
Andhra Pradesh,KURNOOL,2013,Kharif,Pome Granet,35.0,505.0,14.428571428571429,5373,Andhra Pradesh|Pome Granet|Kharif,2013-05-15,2013-11-30,200,200,0,state_zone+crop+season,v1.0,decided_project_convention,seasonal_reporting_window,south_coastal,fruit_perennial,Perennial or plantation crop mapped to its recorded reporting season.,Seasonal reporting window for a perennial/plantation crop; not its full biological life cycle.,IND_ANDHRA_PRADESH_KURNOOL,DYP_35E68997C8608DF7,Census 2011,Census 2011,DPV_3BF2B758C421223D,WPT_FC88B1799E7DAF5F81E0,15.55488248,77.90436643,confirmed_exact_unique,confirmed,0,0,WW_1F15282E93024665BC98,200,200,1.0,True,656.940000000006,3.2847000000000297,81,119,4,32,10,26.39135000000053,31.528800000000192,22.22134999999973,42.51,14.44,16,0,73.96580000000104,18.158700000000316,3.4062499999999454,50,108.0100000000075,29.19219999999972,10,50,83.92000000000007,23.96240000000049,1,Andhra Pradesh,KURNOOL,Kharif,Pome Granet,Andhra Pradesh,KURNOOL,Kharif,Pome Granet,0,legacy_source,1.0,35.0,505.0,14.428571428571429,14.428571428571429,0.0,Andhra PradeshKURNOOL2013KharifPome Granet,legacy_source,legacy_only,1,5373.0,,5373,CCR_004FA690C73C93BB1282,nominal_yield_per_area,1,
Madhya Pradesh,DAMOH,2003,Whole Year,Bhindi,130.0,0.0,0.0,104843,Madhya Pradesh|Bhindi|Whole Year,2003-07-01,2004-06-30,366,365,1,state_zone+crop+season,v1.0,decided_project_convention,annual_reporting_window,central_west,vegetable,Whole Year mapped to the complete July-June crop-year reporting cycle.,Annual reporting window; do not calculate planting/harvest flags.,IND_MADHYA_PRADESH_DAMOH,DYP_6BC106AA3F15BBC5,Census 2001,Census 2001,DPV_98182F5C360FB297,WPT_4E05B7A96BD6AAE692C6,23.7961668,79.54318394,confirmed_exact_unique,confirmed,0,0,WW_5770606D189ADAB60105,366,366,1.0,True,1384.4600000000037,3.7826775956284253,114,252,23,84,25,25.247349726775994,32.0473770491802,19.367786885245884,46.14,4.95,113,49,57.91005464480902,18.56172131147542,2.12303278688523,92,1137.8099999999995,26.625217391304393,3,92,170.81000000000495,33.76206521739163,4,Madhya Pradesh,DAMOH,Whole Year,Bhindi,Madhya Pradesh,DAMOH,Whole Year,Bhindi,0,legacy_source,1.0,130.0,0.0,0.0,0.0,0.0,Madhya PradeshDAMOH2003Whole YearBhindi,legacy_source,legacy_only,1,104843.0,,104843,CCR_005041C7A58DE6150EFD,nominal_yield_per_area,1,
Maharashtra,PUNE,2004,Rabi,Other Cereals & Millets,500.0,200.0,0.4,131664,Maharashtra|Other Cereals & Millets|Rabi,2004-10-15,2005-01-27,105,105,0,state_zone+crop+season,v1.0,decided_project_convention,crop_cycle_estimate,central_west,minor_cereal,Crop-specific 105-day cycle starting from the central_west Rabi anchor.,,IND_MAHARASHTRA_PUNE,DYP_D7E1B6135D2FDA33,Census 2001,Census 2001,DPV_F9A12795997D78DD,WPT_AEECA0959748F8013125,18.64254052,73.921461,confirmed_exact_unique,confirmed,0,0,WW_C24CFCCE6BE274D754F8,105,105,1.0,True,8.479999999999563,0.08076190476190061,3,102,0,78,3,20.141333333333854,28.028571428571844,14.009714285714324,32.08,8.04,0,2,62.586761904760664,18.45047619047608,2.0001904761904803,27,8.329999999999927,21.078888888890138,24,27,0.05999999999949068,19.886666666665676,0,Maharashtra,PUNE,Rabi,Other Cereals & Millets,Maharashtra,PUNE,Rabi,Other Cereals & Millets,0,legacy_source,1.0,500.0,200.0,0.4,0.4,0.0,MaharashtraPUNE2004RabiOther Cereals & Millets,legacy_source,legacy_only,1,131664.0,,131664,CCR_005049478FD1FF46D3BB,nominal_yield_per_area,1,
Telangana,KARIMNAGAR,2006,Rabi,Bajra,165.0,58.0,0.3515151515151515,188732,Telangana|Bajra|Rabi,2006-10-01,2007-01-08,100,100,0,state_zone+crop+season,v1.0,decided_project_convention,crop_cycle_estimate,south_coastal,pearl_millet,Crop-specific 100-day cycle starting from the south_coastal Rabi anchor.,,IND_TELANGANA_KARIMNAGAR,DYP_1A02AC041C0F5780,Census 2011,Census 2011,DPV_7F1F26F3801EB9D6,WPT_2BF0CA516C330A4843EF,18.53056102,79.39247751,historical_state_boundary_fallback,historical_fallback,0,0,WW_E530B46C0933F48A2646,100,100,1.0,True,72.02000000000226,0.7202000000000226,11,89,0,61,9,23.242499999999854,29.69589999999953,17.887699999999167,32.18,11.51,0,0,72.31070000000095,17.371300000000048,1.2339000000000124,25,4.1600000000016735,25.73520000000077,24,25,0.0,21.40839999999909,0,Telangana,KARIMNAGAR,Rabi,Bajra,Telangana,KARIMNAGAR,Rabi,Bajra,0,legacy_source,1.0,165.0,58.0,0.3515151515151515,0.3515151515151515,0.0,TelanganaKARIMNAGAR2006RabiBajra,legacy_source,legacy_only,1,188732.0,,188732,CCR_0051529E396538504ED7,nominal_yield_per_area,1,
Assam,UDALGURI,2011,Rabi,Ginger,823.0,7302.0,8.872417982989065,26801,Assam|Ginger|Rabi,2011-10-15,2012-06-11,241,240,1,state_zone+crop+season,v1.0,decided_project_convention,crop_cycle_estimate,east_northeast,ginger,Crop-specific 240-day cycle starting from the east_northeast Rabi anchor.,,IND_ASSAM_UDALGURI,DYP_D56D4AA45FDF7F7C,Census 2011,Census 2011,DPV_4C46D938078C904E,WPT_4954545AFB0F01DB1E0E,26.70909974,92.05234176,confirmed_exact_unique,confirmed,0,0,WW_B85E9566ED0954D52E09,241,241,1.0,True,703.059999999994,2.917261410788357,66,175,7,46,17,21.534522821576793,27.504232365144823,16.808755186721704,36.71,8.04,11,25,70.28356846472943,16.04365145228193,1.7529045643153331,61,28.590000000003783,20.742295081966954,28,61,546.2900000000045,28.132131147542378,6,Assam,UDALGURI,Rabi,Ginger,Assam,UDALGURI,Rabi,Ginger,0,legacy_source,1.0,823.0,7302.0,8.872417982989065,8.872417982989065,0.0,AssamUDALGURI2011RabiGinger,legacy_source,legacy_only,1,26801.0,,26801,CCR_00531589DFE90C9B5303,nominal_yield_per_area,1,
Tamil Nadu,TUTICORIN,2002,Kharif,Castor seed,73.0,22.0,0.3013698630136986,185919,Tamil Nadu|Castor seed|Kharif,2002-04-30,2002-10-26,180,180,0,state_zone+crop+season,v1.0,decided_project_convention,crop_cycle_estimate,south_coastal,castor,Crop-specific 180-day cycle starting from the south_coastal Kharif anchor.,,IND_TAMIL_NADU_TUTICORIN,DYP_BC5F841A62FBA280,Census 2001,Census 2001,DPV_F4877E4F439152F6,WPT_A820282B3550DAC894F5,10.8492909,78.7249069,working_fuzzy_same_state,working_fallback,0,0,WW_ADADA7604813E6DEAA70,180,180,1.0,True,335.2300000000055,1.8623888888889193,49,131,2,35,9,29.532555555555557,35.54822222222231,24.678055555555613,42.21,21.72,105,0,62.50394444444335,21.12827777777784,3.3253888888888974,45,160.11000000000377,30.03822222222241,7,45,132.60999999999876,28.364666666666743,0,Tamil Nadu,TUTICORIN,Kharif,Castor seed,Tamil Nadu,TUTICORIN,Kharif,Castor seed,0,legacy_source,1.0,73.0,22.0,0.3013698630136986,0.3013698630136986,0.0,Tamil NaduTUTICORIN2002KharifCastor seed,legacy_source,legacy_only,1,185919.0,,185919,CCR_0058AB993627B785CE68,nominal_yield_per_area,1,
Tamil Nadu,VILLUPURAM,2014,Kharif,Cotton(lint),9024.0,2270200.0,251.5735815602837,443841,Tamil Nadu|Cotton(lint)|Kharif,2014-04-30,2014-11-25,210,210,0,state_zone+crop+season,v1.0,decided_project_convention,crop_cycle_estimate,south_coastal,cotton,Crop-specific 210-day cycle starting from the south_coastal Kharif anchor.,,IND_TAMIL_NADU_VILLUPURAM,DYP_819CCE6FAB602A4E,Census 2011,Census 2011,DPV_8596BB7DC3361CE8,WPT_0C15841A704B73C8A925,11.97581669,79.17168449,working_fuzzy_same_state,working_fallback,0,0,WW_A51901ECDC4E8DEF2D32,210,210,1.0,True,844.1499999999833,4.019761904761825,106,104,9,14,15,28.846047619048097,34.01338095238163,24.78361904761959,40.35,18.47,93,0,69.84109523809526,19.277047619048002,2.5737142857142836,53,168.09999999999854,30.718301886793135,11,53,370.1199999999917,25.77283018868074,5,Tamil Nadu,VILLUPURAM,Kharif,Cotton(lint),Tamil Nadu,VILLUPURAM,Kharif,Cotton(lint),0,expanded_source_x100,0.01,9024.0,22702.0,2.515735815602837,2.515735815602837,0.0,Tamil NaduVILLUPURAM2014KharifCotton(lint),expanded_source_x100,expanded_only_scaled,1,,443841.0,443841,CCR_0001C7B625C361F87366,nominal_yield_per_area,1,
Andhra Pradesh,MAHBUBNAGAR,2004,Rabi,Jowar,25861.0,1556800.0,60.19875488186845,278683,Andhra Pradesh|Jowar|Rabi,2004-10-01,2005-01-28,120,120,0,state_zone+crop+season,v1.0,decided_project_convention,crop_cycle_estimate,south_coastal,sorghum,Crop-specific 120-day cycle starting from the south_coastal Rabi anchor.,,IND_ANDHRA_PRADESH_MAHBUBNAGAR,DYP_AA692DF7C3425BE7,Census 2001,Census 2001,DPV_2BAAC89700EC1D5A,WPT_7512FDB3144671548AF1,16.53450806,78.02633081,confirmed_exact_unique,confirmed,0,0,WW_7562DD3C8264FDB7D4A4,120,120,1.0,True,94.65000000000146,0.7887500000000122,14,106,1,87,5,23.657249999999596,31.445166666666896,17.38900000000061,33.34,12.68,0,0,61.676916666666514,18.180333333333024,2.1385833333333344,30,75.84000000000106,24.863333333332655,9,30,16.74000000000069,23.85899999999965,0,Andhra Pradesh,MAHBUBNAGAR,Rabi,Jowar,Andhra Pradesh,MAHBUBNAGAR,Rabi,Jowar,0,expanded_source_x100,0.01,25861.0,15568.0,0.6019875488186845,0.6019875488186845,0.0,Andhra PradeshMAHBUBNAGAR2004RabiJowar,expanded_source_x100,expanded_only_scaled,1,,278683.0,278683,CCR_00029FC90CE2EFDF924E,nominal_yield_per_area,1,
West Bengal,MEDINIPUR EAST,2001,Summer,Groundnut,8717.0,1601300.0,183.6985201330733,276328,West Bengal|Groundnut|Summer,2002-02-15,2002-06-14,120,120,0,state_zone+crop+season,v1.0,decided_project_convention,crop_cycle_estimate,east_northeast,groundnut,Crop-specific 120-day cycle starting from the east_northeast Summer anchor.,,IND_WEST_BENGAL_MEDINIPUR_EAST,DYP_CB6D1176AFE93B5F,Census 2001,Census 2001,DPV_66C10CE4150A3007,WPT_BA197CB481E1A627B3A9,22.2769435,87.41468998,working_fuzzy_same_state,working_fallback,0,1,WW_9CA057C1346521848F44,120,120,1.0,True,320.69000000000415,2.672416666666701,44,76,3,16,11,29.373333333333356,37.00575000000008,23.047749999999965,47.81,10.26,79,0,61.54258333333443,20.663666666666874,2.3645833333333486,30,16.1899999999996,23.453333333333283,16,30,225.32999999999993,32.06166666666662,3,West Bengal,MEDINIPUR EAST,Summer,Groundnut,West Bengal,MEDINIPUR EAST,Summer,Groundnut,0,expanded_source_x100,0.01,8717.0,16013.0,1.8369852013307328,1.836985201330733,2.220446049250313e-16,West BengalMEDINIPUR EAST2001SummerGroundnut,expanded_source_x100,expanded_only_scaled,1,,276328.0,276328,CCR_0002CBE9EEF4F22EA873,nominal_yield_per_area,1,
Uttar Pradesh,ALMORA,1997,Rabi,Masoor,2529.0,182800.0,72.28153420324239,568701,Uttar Pradesh|Masoor|Rabi,1997-10-15,1998-02-11,120,120,0,state_zone+crop+season,v1.0,decided_project_convention,crop_cycle_estimate,north_northwest,lentil,Crop-specific 120-day cycle starting from the north_northwest Rabi anchor.,,IND_UTTAR_PRADESH_ALMORA,DYP_69773DAE01C1E72E,Census 2001,Census 2001,DPV_5A614107640A2B5A,WPT_D33062BABEF6949D0CFC,27.07456089,77.89157835,working_fuzzy_same_state,working_fallback,0,1,WW_AFED38FF813ECD8F0AD6,120,120,1.0,True,75.0899999999998,0.6257499999999984,15,105,0,60,4,18.044166666666676,25.799999999999986,11.545250000000003,35.16,1.77,1,52,48.60183333333336,14.441000000000008,1.3868333333333303,30,12.45999999999998,24.56399999999991,15,30,1.8099999999999454,14.902666666666846,0,Uttar Pradesh,ALMORA,Rabi,Masoor,Uttar Pradesh,ALMORA,Rabi,Masoor,0,expanded_source_x100,0.01,2529.0,1828.0,0.7228153420324239,0.7228153420324239,0.0,Uttar PradeshALMORA1997RabiMasoor,expanded_source_x100,expanded_only_scaled,1,,568701.0,568701,CCR_0004A5C05442C04C3C80,nominal_yield_per_area,1,
Haryana,MEWAT,2014,Kharif,Jowar,7000.0,400000.0,57.14285714285714,422339,Haryana|Jowar|Kharif,2014-06-15,2014-10-12,120,120,0,state_zone+crop+season,v1.0,decided_project_convention,crop_cycle_estimate,north_northwest,sorghum,Crop-specific 120-day cycle starting from the north_northwest Kharif anchor.,,IND_HARYANA_MEWAT,DYP_FD2856D335EB006F,Census 2011,Census 2011,DPV_6CB3A20BE44CCD25,WPT_3B29C3D613865BC47BBA,27.99289994,77.00275708,confirmed_exact_unique,confirmed,0,0,WW_5FC533B010B5ABE75B13,120,120,1.0,True,344.619999999999,2.871833333333325,47,73,3,30,13,31.852333333333565,37.788333333333625,26.379333333333367,45.45,20.5,100,0,52.375666666667286,19.456499999999625,2.1778333333333952,30,46.899999999999636,36.519000000001206,9,30,1.1000000000021828,28.929999999997865,0,Haryana,MEWAT,Kharif,Jowar,Haryana,MEWAT,Kharif,Jowar,0,expanded_source_x100,0.01,7000.0,4000.0,0.5714285714285714,0.5714285714285714,0.0,HaryanaMEWAT2014KharifJowar,expanded_source_x100,expanded_only_scaled,1,,422339.0,422339,CCR_0005B9C403DA67AB9670,nominal_yield_per_area,1,
West Bengal,HOOGHLY,2005,Kharif,Sunflower,58.0,7000.0,120.6896551724138,319307,West Bengal|Sunflower|Kharif,2005-05-15,2005-09-01,110,110,0,state_zone+crop+season,v1.0,decided_project_convention,crop_cycle_estimate,east_northeast,sunflower,Crop-specific 110-day cycle starting from the east_northeast Kharif anchor.,,IND_WEST_BENGAL_HOOGHLY,DYP_C0F727B8FA55A7EE,Census 2001,Census 2001,DPV_A134ADC1DCA9C950,WPT_082B2831D1DC8F2D603F,22.91320402,88.01658812,working_fuzzy_same_state,working_fallback,0,0,WW_420E3E7E8993C2D2A52E,110,110,1.0,True,602.649999999996,5.478636363636327,69,41,9,11,22,30.327090909091005,34.837545454545364,26.882545454545472,44.37,24.82,39,0,76.77609090909219,16.688000000000333,2.8120909090909003,28,29.839999999998327,32.98392857142816,11,28,203.29000000000087,28.65678571428621,3,West Bengal,HOOGHLY,Kharif,Sunflower,West Bengal,HOOGHLY,Kharif,Sunflower,0,expanded_source_x100,0.01,58.0,70.0,1.206896551724138,1.206896551724138,0.0,West BengalHOOGHLY2005KharifSunflower,expanded_source_x100,expanded_only_scaled,1,,319307.0,319307,CCR_0008267A928CAAE07EF6,nominal_yield_per_area,1,
Uttar Pradesh,PAURI GARHWAL,1997,Rabi,Barley,7875.0,932800.0,118.45079365079364,566922,Uttar Pradesh|Barley|Rabi,1997-10-30,1998-03-08,130,130,0,state_zone+crop+season,v1.0,decided_project_convention,crop_cycle_estimate,north_northwest,barley,Crop-specific 130-day cycle starting from the north_northwest Rabi anchor.,,IND_UTTAR_PRADESH_PAURI_GARHWAL,DYP_A4CE841006246D67,Census 2001,Census 2001,DPV_70AFB427271DC433,WPT_B12E79086BF2055A1D87,27.87291139,78.13922832,working_fuzzy_same_state,working_fallback,0,1,WW_7BA0EB6B9A2BD99E41DE,130,130,1.0,True,72.53999999999985,0.5579999999999988,14,116,1,34,4,16.625769230769183,24.77699999999996,9.853153846153823,31.51,1.26,0,75,46.094076923076905,14.367076923076905,1.6550769230769247,33,12.279999999999973,20.85939393939393,27,33,13.419999999999959,17.412121212121168,0,Uttar Pradesh,PAURI GARHWAL,Rabi,Barley,Uttar Pradesh,PAURI GARHWAL,Rabi,Barley,0,expanded_source_x100,0.01,7875.0,9328.0,1.1845079365079365,1.1845079365079365,0.0,Uttar PradeshPAURI GARHWAL1997RabiBarley,expanded_source_x100,expanded_only_scaled,1,,566922.0,566922,CCR_000D33DE720D35394A9A,nominal_yield_per_area,1,
West Bengal,MEDINIPUR WEST,2004,Autumn,Rice,52839.0,10641400.0,201.3929105395636,319069,West Bengal|Rice|Autumn,2004-03-01,2004-08-27,180,180,0,state_zone+crop+season,v1.0,decided_project_convention,crop_cycle_estimate,east_northeast,rice,Crop-specific 180-day cycle starting from the east_northeast Autumn anchor.,Autumn rice: early rice crop; the window starts well before meteorological autumn.,IND_WEST_BENGAL_MEDINIPUR_WEST,DYP_4FEDF410009DE190,Census 2001,Census 2001,DPV_95ADD3B33A008AAF,WPT_BA197CB481E1A627B3A9,22.2769435,87.41468998,working_fuzzy_same_state,working_fallback,0,1,WW_C7270822767A54E22C2C,180,180,1.0,True,838.8700000000099,4.660388888888944,113,67,4,19,46,29.595944444445074,35.43894444444458,24.91455555555569,45.32,12.1,88,0,71.21405555555555,19.388444444444353,2.541555555555548,45,38.960000000004584,28.151777777778626,19,45,358.97999999999956,28.123999999999715,1,West Bengal,MEDINIPUR WEST,Autumn,Rice,West Bengal,MEDINIPUR WEST,Autumn,Rice,0,expanded_source_x100,0.01,52839.0,106414.0,2.013929105395636,2.013929105395636,0.0,West BengalMEDINIPUR WEST2004AutumnRice,expanded_source_x100,expanded_only_scaled,1,,319069.0,319069,CCR_000D7A05D5715BC200EC,nominal_yield_per_area,1,
Andhra Pradesh,WARANGAL,2002,Rabi,Urad,4307.0,99500.0,23.10192709542605,239005,Andhra Pradesh|Urad|Rabi,2002-10-01,2003-01-03,95,95,0,state_zone+crop+season,v1.0,decided_project_convention,crop_cycle_estimate,south_coastal,black_gram,Crop-specific 95-day cycle starting from the south_coastal Rabi anchor.,,IND_ANDHRA_PRADESH_WARANGAL,DYP_B8424998B5C0E3F9,Census 2001,Census 2001,DPV_2A747C7864049683,WPT_43E0EE3D3C986C42B247,17.96498909,79.59454073,confirmed_exact_unique,confirmed,0,0,WW_14C3C2E9257CEE4C858A,95,95,1.0,True,76.03000000000429,0.8003157894737294,12,83,0,29,10,24.340631578947068,31.969052631579537,18.237999999999854,35.82,13.73,2,0,56.75094736842086,18.21315789473661,1.5326315789473723,24,69.25000000000273,26.334583333333285,7,24,0.26999999999952706,23.519583333332474,0,Andhra Pradesh,WARANGAL,Rabi,Urad,Andhra Pradesh,WARANGAL,Rabi,Urad,0,expanded_source_x100,0.01,4307.0,995.0,0.2310192709542605,0.2310192709542605,0.0,Andhra PradeshWARANGAL2002RabiUrad,expanded_source_x100,expanded_only_scaled,1,,239005.0,239005,CCR_00145065BA9373BDE4CA,nominal_yield_per_area,1,
West Bengal,DINAJPUR DAKSHIN,2010,Rabi,Potato,6344.0,16962800.0,2673.8335435056747,408524,West Bengal|Potato|Rabi,2010-10-30,2011-02-26,120,120,0,state_zone+crop+season,v1.0,decided_project_convention,crop_cycle_estimate,east_northeast,potato,Crop-specific 120-day cycle starting from the east_northeast Rabi anchor.,,IND_WEST_BENGAL_DINAJPUR_DAKSHIN,DYP_229EC38E9C816B24,Census 2011,Census 2011,DPV_E281A6B572BC05C6,WPT_DEDB0BFB636F9E99FF6A,25.38249556,88.54532742,working_fuzzy_same_state,working_fallback,0,0,WW_334142E1E67E1252D15C,120,120,1.0,True,31.13000000000102,0.2594166666666752,7,113,0,45,2,18.411000000000545,25.316000000000106,12.739416666666026,31.79,5.12,0,34,68.83225000000093,13.352416666666857,1.3440833333333861,30,7.769999999996799,22.21900000000072,15,30,10.210000000002765,19.73433333333378,0,West Bengal,DINAJPUR DAKSHIN,Rabi,Potato,West Bengal,DINAJPUR DAKSHIN,Rabi,Potato,0,expanded_source_x100,0.01,6344.0,169628.0,26.738335435056747,26.738335435056747,0.0,West BengalDINAJPUR DAKSHIN2010RabiPotato,expanded_source_x100,expanded_only_scaled,1,,408524.0,408524,CCR_00154217255CC9DF246F,nominal_yield_per_area,1,
Rajasthan,AJMER,2012,Kharif,Moth,1164.0,19500.0,16.75257731958762,397198,Rajasthan|Moth|Kharif,2012-06-15,2012-09-22,100,100,0,state_zone+crop+season,v1.0,decided_project_convention,crop_cycle_estimate,north_northwest,moth_bean,Crop-specific 100-day cycle starting from the north_northwest Kharif anchor.,,IND_RAJASTHAN_AJMER,DYP_024323C7169DBA2C,Census 2011,Census 2011,DPV_E10612EEACCDA198,WPT_6E829C8F9ADCCC157FF0,26.32642751,74.71542023,confirmed_exact_unique,confirmed,0,0,WW_E3781455B93A1D216C9A,100,100,1.0,True,581.1999999999962,5.811999999999962,53,47,8,17,12,30.05680000000051,34.92569999999978,25.58880000000019,45.46,19.28,47,0,65.07750000000028,19.121899999999297,2.730099999999966,25,59.16999999999916,34.93400000000023,17,25,110.73999999999796,26.339200000000417,0,Rajasthan,AJMER,Kharif,Moth,Rajasthan,AJMER,Kharif,Moth,0,expanded_source_x100,0.01,1164.0,195.0,0.1675257731958762,0.16752577319587628,8.326672684688674e-17,RajasthanAJMER2012KharifMoth,expanded_source_x100,expanded_only_scaled,1,,397198.0,397198,CCR_0015F04253EA95016B08,nominal_yield_per_area,1,
Andhra Pradesh,WARANGAL,2002,Whole Year,Turmeric,8348.0,3266600.0,391.3033061811212,238881,Andhra Pradesh|Turmeric|Whole Year,2002-07-01,2003-06-30,365,365,0,state_zone+crop+season,v1.0,decided_project_convention,annual_reporting_window,south_coastal,turmeric,Whole Year mapped to the complete July-June crop-year reporting cycle.,Annual reporting window; do not calculate planting/harvest flags.,IND_ANDHRA_PRADESH_WARANGAL,DYP_B8424998B5C0E3F9,Census 2001,Census 2001,DPV_2A747C7864049683,WPT_43E0EE3D3C986C42B247,17.96498909,79.59454073,confirmed_exact_unique,confirmed,0,0,WW_4C6F63B68CE155247A90,365,365,1.0,True,618.4400000000091,1.6943561643835867,84,281,7,72,15,28.121561643835424,34.937534246575616,22.147890410958773,46.17,11.74,139,0,53.321397260273805,20.02638356164377,2.5017808219178024,92,424.4700000000025,27.073260869565036,10,92,105.80000000000109,33.90304347826065,1,Andhra Pradesh,WARANGAL,Whole Year,Turmeric,Andhra Pradesh,WARANGAL,Whole Year,Turmeric,0,expanded_source_x100,0.01,8348.0,32666.0,3.9130330618112117,3.913033061811212,4.440892098500626e-16,Andhra PradeshWARANGAL2002Whole YearTurmeric,expanded_source_x100,expanded_only_scaled,1,,238881.0,238881,CCR_001A4B659B959FA6D2E5,nominal_yield_per_area,1,
Andhra Pradesh,WARANGAL,1999,Rabi,Gram,775.0,51200.0,66.06451612903226,529867,Andhra Pradesh|Gram|Rabi,1999-10-16,2000-02-22,130,130,0,state_zone+crop+season,v1.0,decided_project_convention,crop_cycle_estimate,south_coastal,chickpea,Crop-specific 130-day cycle starting from the south_coastal Rabi anchor.,,IND_ANDHRA_PRADESH_WARANGAL,DYP_A6CD4587456D19E0,Census 2001,Census 2001,DPV_2A747C7864049683,WPT_43E0EE3D3C986C42B247,17.96498909,79.59454073,confirmed_exact_unique,confirmed,0,0,WW_FE029D583D87AABB205C,130,130,1.0,True,34.54000000000042,0.2656923076923109,8,122,0,109,4,23.646307692307612,32.194692307692236,16.696307692307837,35.87,10.97,8,0,51.6994615384621,18.651769230769396,1.8930769230769364,33,15.490000000000236,24.822424242423892,22,33,18.889999999999873,25.44121212121205,0,Andhra Pradesh,WARANGAL,Rabi,Gram,Andhra Pradesh,WARANGAL,Rabi,Gram,0,expanded_source_x100,0.01,775.0,512.0,0.6606451612903226,0.6606451612903226,0.0,Andhra PradeshWARANGAL1999RabiGram,expanded_source_x100,expanded_only_scaled,1,,529867.0,529867,CCR_001B50320F260E4CDA94,nominal_yield_per_area,1,
Mizoram,MAMIT,2010,Kharif,Potato,16.0,4000.0,250.0,392232,Mizoram|Potato|Kharif,2010-05-15,2010-09-11,120,120,0,state_zone+crop+season,v1.0,decided_project_convention,crop_cycle_estimate,east_northeast,potato,Crop-specific 120-day cycle starting from the east_northeast Kharif anchor.,,IND_MIZORAM_MAMIT,DYP_78A7B13E2A77E80F,Census 2011,Census 2011,DPV_BDBF751CA8123321,WPT_720077AA9968C31DF712,23.75660626,92.45167704,confirmed_exact_unique,confirmed,0,0,WW_38E983403D93C0E589F0,120,120,1.0,True,1442.0299999999843,12.016916666666535,117,3,20,2,83,26.220666666666755,29.4345833333328,23.569416666667045,32.31,20.77,0,0,90.36158333333394,16.2789166666668,0.03624999999999071,30,571.7799999999988,26.021333333332343,0,30,247.84000000000015,26.04766666666789,0,Mizoram,MAMIT,Kharif,Potato,Mizoram,MAMIT,Kharif,Potato,0,expanded_source_x100,0.01,16.0,40.0,2.5,2.5,0.0,MizoramMAMIT2010KharifPotato,expanded_source_x100,expanded_only_scaled,1,,392232.0,392232,CCR_001BABBF62729430F8FB,nominal_yield_per_area,1,
West Bengal,HOWRAH,2009,Summer,Maize,88.0,10500.0,119.3181818181818,362643,West Bengal|Maize|Summer,2010-02-15,2010-06-14,120,120,0,state_zone+crop+season,v1.0,decided_project_convention,crop_cycle_estimate,east_northeast,maize,Crop-specific 120-day cycle starting from the east_northeast Summer anchor.,,IND_WEST_BENGAL_HOWRAH,DYP_A18DE37DCF29E994,Census 2011,Census 2011,DPV_F397C31924DFBF1A,WPT_EE0C8EB3DF8EF8ABB2EE,22.49949292,88.03561374,working_fuzzy_same_state,working_fallback,0,0,WW_EA2185132215EB47DF79,120,120,1.0,True,283.7699999999895,2.364749999999913,41,79,1,28,9,29.99516666666726,37.132583333332875,24.347333333332426,45.28,12.38,87,0,62.34091666666839,19.946249999999903,2.8303333333333436,30,28.209999999999127,25.57266666666692,19,30,113.40999999998894,30.84466666666655,0,West Bengal,HOWRAH,Summer,Maize,West Bengal,HOWRAH,Summer,Maize,0,expanded_source_x100,0.01,88.0,105.0,1.1931818181818181,1.1931818181818181,0.0,West BengalHOWRAH2009SummerMaize,expanded_source_x100,expanded_only_scaled,1,,362643.0,362643,CCR_001BB760C179B1F5F3EF,nominal_yield_per_area,1,
Tamil Nadu,PERAMBALUR,2014,Kharif,Masoor,1463.0,193300.0,132.12576896787422,444683,Tamil Nadu|Masoor|Kharif,2014-05-15,2014-09-11,120,120,0,state_zone+crop+season,v1.0,decided_project_convention,crop_cycle_estimate,south_coastal,lentil,Crop-specific 120-day cycle starting from the south_coastal Kharif anchor.,,IND_TAMIL_NADU_PERAMBALUR,DYP_DA57C94F9F119F12,Census 2011,Census 2011,DPV_B8D41EAFE3BC0855,WPT_175960BE57FB9E477E9C,11.28587383,78.93232562,confirmed_exact_unique,confirmed,0,0,WW_F9CA24DEDD59AA12CEBA,120,120,1.0,True,228.0699999999997,1.9005833333333308,43,77,1,18,8,28.813166666667044,35.00575000000002,23.912750000000475,39.18,21.49,68,0,63.610416666666666,20.069083333333403,3.23758333333332,30,68.08999999999651,29.67933333333446,7,30,72.94999999999891,27.672666666665464,1,Tamil Nadu,PERAMBALUR,Kharif,Masoor,Tamil Nadu,PERAMBALUR,Kharif,Masoor,0,expanded_source_x100,0.01,1463.0,1933.0,1.3212576896787422,1.3212576896787422,0.0,Tamil NaduPERAMBALUR2014KharifMasoor,expanded_source_x100,expanded_only_scaled,1,,444683.0,444683,CCR_001C1105361567DB81C2,nominal_yield_per_area,1,
Odisha,BALANGIR,2003,Kharif,Ginger,40.0,5000.0,125.0,262580,Odisha|Ginger|Kharif,2003-05-15,2004-01-09,240,240,0,state_zone+crop+season,v1.0,decided_project_convention,crop_cycle_estimate,east_northeast,ginger,Crop-specific 240-day cycle starting from the east_northeast Kharif anchor.,,IND_ODISHA_BALANGIR,DYP_45482235C03E948A,Census 2001,Census 2001,DPV_1620A81F9F1877D4,WPT_F4841FB8A5111F70DEE0,20.60826785,83.16912656,confirmed_exact_unique,confirmed,0,0,WW_22402F668F322F27F4EA,240,240,1.0,True,1484.5200000000013,6.1855000000000055,130,110,18,44,39,25.7326250000001,30.35229166666662,21.56133333333325,47.66,8.6,35,6,75.53050000000039,16.169250000000073,2.0202500000000025,60,282.46000000000186,33.15800000000005,17,60,39.909999999998035,18.029500000000674,0,Odisha,BALANGIR,Kharif,Ginger,Odisha,BALANGIR,Kharif,Ginger,0,expanded_source_x100,0.01,40.0,50.0,1.25,1.25,0.0,OdishaBALANGIR2003KharifGinger,expanded_source_x100,expanded_only_scaled,1,,262580.0,262580,CCR_001C439582BBD06877F0,nominal_yield_per_area,1,
Gujarat,PORBANDAR,2013,Summer,Bajra,240.0,67100.0,279.58333333333337,419824,Gujarat|Bajra|Summer,2014-03-01,2014-06-08,100,100,0,state_zone+crop+season,v1.0,decided_project_convention,crop_cycle_estimate,central_west,pearl_millet,Crop-specific 100-day cycle starting from the central_west Summer anchor.,,IND_GUJARAT_PORBANDAR,DYP_218EF038B25B1C71,Census 2011,Census 2011,DPV_92932C2BBB0A9F9A,WPT_B8A8AAACC652F35DC563,21.60221672,69.85310909,confirmed_exact_unique,confirmed,0,0,WW_541C6C44C9AAECEABCBF,100,100,1.0,True,11.55999999999949,0.1155999999999949,5,95,0,50,2,29.103899999999268,36.01649999999965,23.39460000000021,41.2,15.54,67,0,56.27130000000412,25.693199999999777,3.7530000000001382,25,0.0,26.059599999999627,25,25,3.350000000000364,31.261999999999535,0,Gujarat,PORBANDAR,Summer,Bajra,Gujarat,PORBANDAR,Summer,Bajra,0,expanded_source_x100,0.01,240.0,671.0,2.795833333333334,2.7958333333333334,4.440892098500626e-16,GujaratPORBANDAR2013SummerBajra,expanded_source_x100,expanded_only_scaled,1,,419824.0,419824,CCR_001C5D6E06291F17B28B,nominal_yield_per_area,1,
Rajasthan,GANGANAGAR,2014,Rabi,Barley,79408.0,24291400.0,305.9062059238364,440449,Rajasthan|Barley|Rabi,2014-10-30,2015-03-08,130,130,0,state_zone+crop+season,v1.0,decided_project_convention,crop_cycle_estimate,north_northwest,barley,Crop-specific 130-day cycle starting from the north_northwest Rabi anchor.,,IND_RAJASTHAN_GANGANAGAR,DYP_8B7696D4E572742D,Census 2011,Census 2011,DPV_F45AE2829E2362BE,WPT_BF3104DC4515AE33EE3C,29.45348325,73.56347753,confirmed_exact_unique,confirmed,0,0,WW_36BE45D61719D07059A8,130,130,1.0,True,37.820000000004256,0.29092307692310965,8,122,0,75,3,17.092461538461457,25.25692307692281,10.401615384614427,32.78,3.31,0,70,35.33176923076859,12.141923076922943,1.3932307692307615,33,0.4500000000007276,21.44636363636131,33,33,25.400000000002365,17.909393939395986,0,Rajasthan,GANGANAGAR,Rabi,Barley,Rajasthan,GANGANAGAR,Rabi,Barley,0,expanded_source_x100,0.01,79408.0,242914.0,3.0590620592383644,3.059062059238364,4.440892098500626e-16,RajasthanGANGANAGAR2014RabiBarley,expanded_source_x100,expanded_only_scaled,1,,440449.0,440449,CCR_001D4401831A705CAE94,nominal_yield_per_area,1,
Andhra Pradesh,NIZAMABAD,2008,Kharif,Moong(Green Gram),17133.0,1375800.0,80.30117317457538,320741,Andhra Pradesh|Moong(Green Gram)|Kharif,2008-05-15,2008-08-12,90,90,0,state_zone+crop+season,v1.0,decided_project_convention,crop_cycle_estimate,south_coastal,green_gram,Crop-specific 90-day cycle starting from the south_coastal Kharif anchor.,,IND_ANDHRA_PRADESH_NIZAMABAD,DYP_DC4E2A6B3C43852A,Census 2011,Census 2011,DPV_E279AEBD50D87C55,WPT_26B843CA153EF8A69223,18.54018049,78.11836768,confirmed_exact_unique,confirmed,0,0,WW_DB70F207E65A30CF2B1A,90,90,1.0,True,558.4699999999993,6.205222222222215,50,40,8,10,22,28.909222222221917,34.14611111111299,24.538333333333302,43.17,21.81,30,0,62.73722222222261,18.22077777777724,3.562444444444413,23,26.519999999998618,34.047826086956775,6,23,406.5699999999997,25.57391304347877,8,Andhra Pradesh,NIZAMABAD,Kharif,Moong(Green Gram),Andhra Pradesh,NIZAMABAD,Kharif,Moong(Green Gram),0,expanded_source_x100,0.01,17133.0,13758.0,0.8030117317457538,0.8030117317457538,0.0,Andhra PradeshNIZAMABAD2008KharifMoong(Green Gram),expanded_source_x100,expanded_only_scaled,1,,320741.0,320741,CCR_001E95B92E1B18004DBC,nominal_yield_per_area,1,
Arunachal Pradesh,TIRAP,2004,Whole Year,Ginger,230.0,163500.0,710.8695652173913,280325,Arunachal Pradesh|Ginger|Whole Year,2004-07-01,2005-06-30,365,365,0,state_zone+crop+season,v1.0,decided_project_convention,annual_reporting_window,east_northeast,ginger,Whole Year mapped to the complete July-June crop-year reporting cycle.,Annual reporting window; do not calculate planting/harvest flags.,IND_ARUNACHAL_PRADESH_TIRAP,DYP_8FC4C700A7427BD5,Census 2001,Census 2001,DPV_8932CC7FE4A794EA,WPT_632C5C198E5E802A00DC,26.95802477,95.44780629,confirmed_exact_unique,confirmed,0,0,WW_37A97587A4F84D8BD67B,365,365,1.0,True,1154.7200000000103,3.1636164383561924,160,205,11,65,13,20.489342465753566,27.177397260273615,15.741506849315133,35.89,4.52,2,62,72.43123287671247,13.828657534246393,0.25068493150684934,92,411.70000000000255,24.85532608695639,5,92,483.3700000000081,24.044565217391686,8,Arunachal Pradesh,TIRAP,Whole Year,Ginger,Arunachal Pradesh,TIRAP,Whole Year,Ginger,0,expanded_source_x100,0.01,230.0,1635.0,7.108695652173913,7.108695652173913,0.0,Arunachal PradeshTIRAP2004Whole YearGinger,expanded_source_x100,expanded_only_scaled,1,,280325.0,280325,CCR_0020240975BBBBF095B2,nominal_yield_per_area,1,
Jharkhand,KHUNTI,2014,Rabi,Peas & beans (Pulses),190.0,17700.0,93.15789473684212,424514,Jharkhand|Peas & beans (Pulses)|Rabi,2014-10-15,2015-02-11,120,120,0,state_zone+crop+season,v1.0,decided_project_convention,crop_cycle_estimate,east_northeast,other_pulse,Crop-specific 120-day cycle starting from the east_northeast Rabi anchor.,,IND_JHARKHAND_KHUNTI,DYP_65B7016A5AECB135,Census 2011,Census 2011,DPV_734AFB12772CC9EC,WPT_CF9CFB18432FD84C425A,22.92379469,85.3054066,confirmed_exact_unique,confirmed,0,0,WW_2D3743136FAA957B2CB4,120,120,1.0,True,44.109999999996944,0.3675833333333079,11,109,0,46,4,17.175333333331945,25.108249999998467,11.152833333333547,29.55,3.85,0,44,59.33133333333244,14.829249999999956,1.4838333333334048,30,3.569999999996071,20.48399999999965,18,30,7.509999999998399,16.500999999998992,0,Jharkhand,KHUNTI,Rabi,Peas & beans (Pulses),Jharkhand,KHUNTI,Rabi,Peas & beans (Pulses),0,expanded_source_x100,0.01,190.0,177.0,0.9315789473684213,0.9315789473684211,2.220446049250313e-16,JharkhandKHUNTI2014RabiPeas & beans (Pulses),expanded_source_x100,expanded_only_scaled,1,,424514.0,424514,CCR_002189CCC87E2FDA0142,nominal_yield_per_area,1,
Jammu and Kashmir,KULGAM,2009,Rabi,Rapeseed &Mustard,4164.0,653480.0,156.93563880883764,333615,Jammu and Kashmir|Rapeseed &Mustard|Rabi,2009-10-30,2010-03-18,140,140,0,state_zone+crop+season,v1.0,decided_project_convention,crop_cycle_estimate,north_northwest,rapeseed_mustard,Crop-specific 140-day cycle starting from the north_northwest Rabi anchor.,,IND_JAMMU_AND_KASHMIR_KULGAM,DYP_B47C8819F8B2B951,Census 2011,Census 2011,DPV_A44BE296CFC69EAC,WPT_AA317405E51046770DEC,33.63932666,74.64477373,confirmed_exact_unique,confirmed,0,0,WW_6341AD1542B3F4EBF95A,140,140,1.0,True,185.0900000000047,1.322071428571462,21,119,2,29,7,7.629714285714103,14.92999999999977,2.0547142857144665,24.56,-7.58,0,140,44.80914285714347,11.76792857142926,1.5788571428571165,35,27.320000000001528,9.936285714285415,24,35,50.61000000000149,8.79714285714269,0,Jammu and Kashmir,KULGAM,Rabi,Rapeseed &Mustard,Jammu and Kashmir,KULGAM,Rabi,Rapeseed &Mustard,0,expanded_source_x100,0.01,4164.0,6534.8,1.5693563880883765,1.5693563880883765,0.0,Jammu and KashmirKULGAM2009RabiRapeseed &Mustard,expanded_source_x100,expanded_only_scaled,1,,333615.0,333615,CCR_002485D5406473324BAE,nominal_yield_per_area,1,
Maharashtra,OSMANABAD,2008,Kharif,Small millets,1300.0,30000.0,23.07692307692307,344776,Maharashtra|Small millets|Kharif,2008-06-01,2008-09-13,105,105,0,state_zone+crop+season,v1.0,decided_project_convention,crop_cycle_estimate,central_west,minor_cereal,Crop-specific 105-day cycle starting from the central_west Kharif anchor.,,IND_MAHARASHTRA_OSMANABAD,DYP_DCD43340D488F294,Census 2011,Census 2011,DPV_8E7D93258214D634,WPT_82FD1030A1E5717711F5,18.16965331,76.11922163,confirmed_exact_unique,confirmed,0,0,WW_F8ED01E4A9FA80325620,105,105,1.0,True,590.8400000000029,5.627047619047646,45,60,11,26,17,26.572000000000116,31.507523809523335,22.64733333333376,39.73,19.68,15,0,71.14114285714292,16.54895238095279,4.169142857142842,27,21.25999999999931,28.12777777777767,16,27,297.9300000000012,25.071111111111584,7,Maharashtra,OSMANABAD,Kharif,Small millets,Maharashtra,OSMANABAD,Kharif,Small millets,0,expanded_source_x100,0.01,1300.0,300.0,0.2307692307692307,0.23076923076923078,8.326672684688674e-17,MaharashtraOSMANABAD2008KharifSmall millets,expanded_source_x100,expanded_only_scaled,1,,344776.0,344776,CCR_0025D2FAE8B1155F2297,nominal_yield_per_area,1,
Andhra Pradesh,VISAKHAPATANAM,2005,Whole Year,Ginger,812.0,223600.0,275.3694581280788,278330,Andhra Pradesh|Ginger|Whole Year,2005-07-01,2006-06-30,365,365,0,state_zone+crop+season,v1.0,decided_project_convention,annual_reporting_window,south_coastal,ginger,Whole Year mapped to the complete July-June crop-year reporting cycle.,Annual reporting window; do not calculate planting/harvest flags.,IND_ANDHRA_PRADESH_VISAKHAPATANAM,DYP_841BB9FC4B93F12D,Census 2001,Census 2001,DPV_B893825CD43FB785,WPT_48E0EC919F29C610566F,17.89685606,82.56573335,working_fuzzy_same_state,working_fallback,0,0,WW_6B87FDF2F6570F7654B2,365,365,1.0,True,1710.0699999999997,4.685123287671232,144,221,24,78,24,23.382356164384152,28.89495890410968,19.01928767123274,40.11,8.61,55,7,73.39082191780844,17.731013698630175,1.846438356164403,92,915.3499999999949,23.870217391305115,3,92,312.29999999999745,27.36141304347905,5,Andhra Pradesh,VISAKHAPATANAM,Whole Year,Ginger,Andhra Pradesh,VISAKHAPATANAM,Whole Year,Ginger,0,expanded_source_x100,0.01,812.0,2236.0,2.7536945812807883,2.7536945812807883,0.0,Andhra PradeshVISAKHAPATANAM2005Whole YearGinger,expanded_source_x100,expanded_only_scaled,1,,278330.0,278330,CCR_00273755845FA386EB97,nominal_yield_per_area,1,
Rajasthan,SIROHI,2011,Whole Year,Onion,49.0,97500.0,1989.7959183673468,397355,Rajasthan|Onion|Whole Year,2011-07-01,2012-06-30,366,365,1,state_zone+crop+season,v1.0,decided_project_convention,annual_reporting_window,north_northwest,onion,Whole Year mapped to the complete July-June crop-year reporting cycle.,Annual reporting window; do not calculate planting/harvest flags.,IND_RAJASTHAN_SIROHI,DYP_5C6952FBAF45C926,Census 2011,Census 2011,DPV_D5EEBE15D3B6F52E,WPT_DF63000DEA3095CCB0D7,24.80013644,72.82814729,confirmed_exact_unique,confirmed,0,0,WW_AA3B163A85D00ED8EA53,366,366,1.0,True,600.2300000000023,1.6399726775956347,64,302,3,205,20,25.27475409836081,32.686584699453256,19.11248633879809,43.49,1.84,119,47,45.498032786885005,20.000546448087583,2.271366120218603,92,569.3700000000008,27.280326086956293,9,92,30.6200000000008,32.08173913043467,0,Rajasthan,SIROHI,Whole Year,Onion,Rajasthan,SIROHI,Whole Year,Onion,0,expanded_source_x100,0.01,49.0,975.0,19.897959183673468,19.897959183673468,0.0,RajasthanSIROHI2011Whole YearOnion,expanded_source_x100,expanded_only_scaled,1,,397355.0,397355,CCR_002AB7244A3CE0168FC4,nominal_yield_per_area,1,
West Bengal,DINAJPUR DAKSHIN,2012,Kharif,Mesta,3022.0,4197000.0,1388.815354070152,408298,West Bengal|Mesta|Kharif,2012-04-15,2012-09-11,150,150,0,state_zone+crop+season,v1.0,decided_project_convention,crop_cycle_estimate,east_northeast,jute_mesta,Crop-specific 150-day cycle starting from the east_northeast Kharif anchor.,,IND_WEST_BENGAL_DINAJPUR_DAKSHIN,DYP_713C208429D98D83,Census 2011,Census 2011,DPV_E281A6B572BC05C6,WPT_DEDB0BFB636F9E99FF6A,25.38249556,88.54532742,working_fuzzy_same_state,working_fallback,0,0,WW_B3478C268EB1C7E41EA0,150,150,1.0,True,957.5300000000025,6.38353333333335,108,42,10,8,25,30.525266666666333,35.2581999999991,26.237200000000012,43.5,20.06,68,0,70.3551999999998,18.643666666666203,2.102266666666668,38,81.4800000000032,31.837631578948564,8,38,206.96000000000276,28.597894736842136,2,West Bengal,DINAJPUR DAKSHIN,Kharif,Mesta,West Bengal,DINAJPUR DAKSHIN,Kharif,Mesta,0,expanded_source_x100,0.01,3022.0,41970.0,13.88815354070152,13.888153540701522,1.7763568394002505e-15,West BengalDINAJPUR DAKSHIN2012KharifMesta,expanded_source_x100,expanded_only_scaled,1,,408298.0,408298,CCR_002B82B9E22D1945A421,nominal_yield_per_area,1,
Madhya Pradesh,JASHPUR,1998,Kharif,Rice,177400.0,13050000.0,73.56257046223224,551179,Madhya Pradesh|Rice|Kharif,1998-06-01,1998-10-28,150,150,0,state_zone+crop+season,v1.0,decided_project_convention,crop_cycle_estimate,central_west,rice,Crop-specific 150-day cycle starting from the central_west Kharif anchor.,,IND_MADHYA_PRADESH_JASHPUR,DYP_72A03938DEA7A1A9,Census 2001,Census 2001,DPV_3F667B43DA8F9075,WPT_01CF3B44622E055534C2,25.74671303,76.92610042,working_fuzzy_same_state,working_fallback,0,0,WW_F9C7F0346E49D89EF991,150,150,1.0,True,571.3000000000001,3.8086666666666673,76,74,5,11,23,29.636533333333258,34.936533333333294,25.01573333333325,45.5,15.87,49,0,66.12053333333327,19.03433333333338,2.38673333333334,38,126.29999999999961,34.11815789473679,9,38,76.5300000000002,26.790789473684143,0,Madhya Pradesh,JASHPUR,Kharif,Rice,Madhya Pradesh,JASHPUR,Kharif,Rice,0,expanded_source_x100,0.01,177400.0,130500.0,0.7356257046223225,0.7356257046223225,0.0,Madhya PradeshJASHPUR1998KharifRice,expanded_source_x100,expanded_only_scaled,1,,551179.0,551179,CCR_002C1861DD8BE8EB6237,nominal_yield_per_area,1,
Manipur,BISHNUPUR,2008,Kharif,Urad,140.0,17400.0,124.28571428571428,345818,Manipur|Urad|Kharif,2008-05-15,2008-08-17,95,95,0,state_zone+crop+season,v1.0,decided_project_convention,crop_cycle_estimate,east_northeast,black_gram,Crop-specific 95-day cycle starting from the east_northeast Kharif anchor.,,IND_MANIPUR_BISHNUPUR,DYP_7E594C6406270CDA,Census 2011,Census 2011,DPV_F2B2BAF297669E01,WPT_5FC85E5310BBB351B2A2,24.51229152,93.80484992,confirmed_exact_unique,confirmed,0,0,WW_73E1DC758625DCC934F1,95,95,1.0,True,693.3099999999995,7.297999999999995,83,12,6,2,27,24.298210526315653,28.953789473685134,20.719263157894908,33.67,17.95,0,0,82.51652631579138,15.67421052631582,0.26863157894736345,24,107.7699999999968,24.486249999999927,2,24,226.95999999999913,24.01541666666708,3,Manipur,BISHNUPUR,Kharif,Urad,Manipur,BISHNUPUR,Kharif,Urad,0,expanded_source_x100,0.01,140.0,174.0,1.2428571428571429,1.2428571428571429,0.0,ManipurBISHNUPUR2008KharifUrad,expanded_source_x100,expanded_only_scaled,1,,345818.0,345818,CCR_002D6D70E0C1FFC15354,nominal_yield_per_area,1,
Madhya Pradesh,GUNA,2014,Kharif,Barley,1000.0,200000.0,200.0,429899,Madhya Pradesh|Barley|Kharif,2014-06-01,2014-10-08,130,130,0,state_zone+crop+season,v1.0,decided_project_convention,crop_cycle_estimate,central_west,barley,Crop-specific 130-day cycle starting from the central_west Kharif anchor.,,IND_MADHYA_PRADESH_GUNA,DYP_BEE5B42C3F356B8B,Census 2011,Census 2011,DPV_DD504363004DB387,WPT_1F5DB2AE54F3B8EF2BD7,24.49858476,77.2593085,confirmed_exact_unique,confirmed,0,0,WW_9E27F3EF40F886D964F9,130,130,1.0,True,799.6999999999862,6.1515384615383555,68,62,10,11,22,28.79869230769154,33.736846153846216,24.482230769231013,46.73,18.21,42,0,67.86261538461683,19.169923076923386,3.275692307692295,33,37.86999999999898,35.002424242421206,10,33,117.13999999999214,24.890606060606483,2,Madhya Pradesh,GUNA,Kharif,Barley,Madhya Pradesh,GUNA,Kharif,Barley,0,expanded_source_x100,0.01,1000.0,2000.0,2.0,2.0,0.0,Madhya PradeshGUNA2014KharifBarley,expanded_source_x100,expanded_only_scaled,1,,429899.0,429899,CCR_002EBFBA2FAA11D27B06,nominal_yield_per_area,1,
Uttar Pradesh,PILIBHIT,2006,Kharif,Sugarcane,61177.0,3857087.0,63.04799189237785,220975,Uttar Pradesh|Sugarcane|Kharif,2006-06-15,2007-06-14,365,365,0,state_zone+crop+season,v1.0,decided_project_convention,crop_cycle_estimate,north_northwest,sugarcane,Crop-specific 365-day cycle starting from the north_northwest Kharif anchor.,,IND_UTTAR_PRADESH_PILIBHIT,DYP_0FF7A72767F8D55C,Census 2011,Census 2011,DPV_9C4BC499949548AA,WPT_99BBF0131E0A684B2F33,28.50080932,80.09029695,confirmed_exact_unique,confirmed,0,0,WW_9AC9525625F2858B3200,365,365,1.0,True,1098.2500000000127,3.008904109589076,96,269,12,54,10,25.43761643835615,32.19104109589024,19.61482191780807,45.97,4.15,102,47,52.01087671232893,17.5974794520548,1.7607123287671305,92,727.440000000006,29.767934782608158,10,92,148.850000000004,31.473586956522446,1,Uttar Pradesh,PILIBHIT,Kharif,Sugarcane,Uttar Pradesh,PILIBHIT,Kharif,Sugarcane,0,legacy_source,1.0,61177.0,3857087.0,63.04799189237785,63.04799189237785,0.0,Uttar PradeshPILIBHIT2006KharifSugarcane,legacy_source,corroborated_after_scaling,2,220975.0,316238.0,220975,CCR_0000280F694AABC6D6A1,nominal_yield_per_area,1,
Bihar,PURNIA,2000,Rabi,Moong(Green Gram),9605.0,8135.0,0.846954711087975,40381,Bihar|Moong(Green Gram)|Rabi,2000-10-15,2001-01-12,90,90,0,state_zone+crop+season,v1.0,decided_project_convention,crop_cycle_estimate,east_northeast,green_gram,Crop-specific 90-day cycle starting from the east_northeast Rabi anchor.,,IND_BIHAR_PURNIA,DYP_154BF1B9928FA7CD,Census 2001,Census 2001,DPV_22D8253E0BAA112C,WPT_BD25B8C61AC275CB0B1D,25.77861975,87.41351072,confirmed_exact_unique,confirmed,0,0,WW_0581511CB91F074596EA,90,90,1.0,True,12.210000000000036,0.13566666666666707,2,88,0,63,1,20.707888888888476,28.64211111111112,14.526000000000042,35.32,6.33,1,14,51.5053333333328,15.367333333333226,1.1875555555555366,23,7.670000000000073,25.784347826086677,12,23,0.5399999999999636,16.93391304347745,0,Bihar,PURNIA,Rabi,Moong(Green Gram),Bihar,PURNIA,Rabi,Moong(Green Gram),0,legacy_source,1.0,9605.0,8135.0,0.846954711087975,0.846954711087975,0.0,BiharPURNIA2000RabiMoong(Green Gram),legacy_source,corroborated_after_scaling,2,40381.0,537362.0,40381,CCR_000113E8BE12825EB885,nominal_yield_per_area,1,
Punjab,MANSA,2004,Kharif,Sesamum,400.0,200.0,0.5,160399,Punjab|Sesamum|Kharif,2004-06-15,2004-09-22,100,100,0,state_zone+crop+season,v1.0,decided_project_convention,crop_cycle_estimate,north_northwest,sesame,Crop-specific 100-day cycle starting from the north_northwest Kharif anchor.,,IND_PUNJAB_MANSA,DYP_D3D9E01367021B65,Census 2001,Census 2001,DPV_BE87B17C5E34A042,WPT_1B1491D90CEF0D095C7F,29.87605798,75.48874358,confirmed_exact_unique,confirmed,0,0,WW_55C8D6E984CD70D756EE,100,100,1.0,True,230.09000000000242,2.3009000000000244,31,69,3,19,5,33.79709999999948,39.80550000000003,28.088799999999974,45.03,23.03,92,0,46.67749999999898,20.731399999999994,2.0761999999999716,25,54.8100000000004,36.12760000000009,12,25,6.120000000001255,31.92119999999879,0,Punjab,MANSA,Kharif,Sesamum,Punjab,MANSA,Kharif,Sesamum,0,legacy_source,1.0,400.0,200.0,0.5,0.5,0.0,PunjabMANSA2004KharifSesamum,legacy_source,corroborated_after_scaling,2,160399.0,306893.0,160399,CCR_0001571A0C0D9A686B4B,nominal_yield_per_area,1,
Odisha,BALANGIR,2014,Autumn,Groundnut,4266.0,5558.6,1.3030004688232537,145137,Odisha|Groundnut|Autumn,2014-04-01,2014-07-29,120,120,0,state_zone+crop+season,v1.0,decided_project_convention,crop_cycle_estimate,east_northeast,groundnut,Crop-specific 120-day cycle starting from the east_northeast Autumn anchor.,,IND_ODISHA_BALANGIR,DYP_62A80DA8EB496B9B,Census 2011,Census 2011,DPV_E2B1D9519A3C1706,WPT_F4841FB8A5111F70DEE0,20.60826785,83.16912656,confirmed_exact_unique,confirmed,0,0,WW_E4751BFF5E26322A1F0A,120,120,1.0,True,602.2999999999884,5.019166666666569,59,61,7,13,19,32.22183333333427,38.71316666666704,26.309000000000257,46.06,20.84,96,0,50.25175000000066,19.61141666666687,2.65625,30,25.989999999990687,32.79600000000112,13,30,421.799999999992,28.413666666670665,7,Odisha,BALANGIR,Autumn,Groundnut,Odisha,BALANGIR,Autumn,Groundnut,0,legacy_source,1.0,4266.0,5558.6,1.3030004688232537,1.3030004688232537,0.0,OdishaBALANGIR2014AutumnGroundnut,legacy_source,corroborated_after_scaling,2,145137.0,437967.0,145137,CCR_0001DBF1AE780E750A75,nominal_yield_per_area,1,
Chhattisgarh,DANTEWADA,2005,Rabi,Other  Rabi pulses,142.0,12.0,0.0845070422535211,48017,Chhattisgarh|Other Rabi pulses|Rabi,2005-10-15,2006-04-30,198,198,0,state_zone+crop+season,v1.0,decided_project_convention,aggregate_reporting_window,east_northeast,aggregate_rabi_pulses,Aggregate crop category mapped to the complete reporting-season window.,Aggregate crop category; uses the full reporting-season window.,IND_CHHATTISGARH_DANTEWADA,DYP_BB4E210993E40A2D,Census 2001,Census 2001,DPV_D3763C4E83B7A519,WPT_1B006D8F6F99CFD9DD9F,18.59746051,81.24444131,confirmed_exact_unique,confirmed,0,0,WW_3A84ECC16F38BEE93E20,198,198,1.0,True,361.46999999999935,1.8256060606060573,31,167,6,71,19,23.76111111111073,31.2240404040407,17.260757575757307,42.44,8.87,60,9,62.1829292929293,19.901010101009962,1.3059595959595864,50,225.32999999999993,21.4603999999995,31,50,106.67000000000007,30.384599999999047,3,Chhattisgarh,DANTEWADA,Rabi,Other  Rabi pulses,Chhattisgarh,DANTEWADA,Rabi,Other Rabi pulses,0,legacy_source,1.0,142.0,12.0,0.0845070422535211,0.08450704225352113,2.7755575615628914e-17,ChhattisgarhDANTEWADA2005RabiOther Rabi pulses,legacy_source,corroborated_after_scaling,2,48017.0,287199.0,48017,CCR_0001DFF912BF2743D306,nominal_yield_per_area,1,
Uttar Pradesh,BANDA,2009,Rabi,Masoor,35221.0,16765.0,0.4759944351381278,200211,Uttar Pradesh|Masoor|Rabi,2009-10-15,2010-02-11,120,120,0,state_zone+crop+season,v1.0,decided_project_convention,crop_cycle_estimate,north_northwest,lentil,Crop-specific 120-day cycle starting from the north_northwest Rabi anchor.,,IND_UTTAR_PRADESH_BANDA,DYP_A26A2BB0EDC2A30B,Census 2011,Census 2011,DPV_37AE8750BB5BF1DE,WPT_22715EB02CDB991C64DE,25.44474234,80.56212682,confirmed_exact_unique,confirmed,0,0,WW_53F9EFCB194D4871A997,120,120,1.0,True,53.9700000000048,0.44975000000004,13,107,0,28,6,18.860499999999835,27.061333333332733,12.397750000000208,32.87,6.66,0,36,54.28891666666629,12.848500000000543,1.3598333333333055,30,8.700000000000728,23.029999999999323,28,30,8.510000000002037,17.652666666666725,0,Uttar Pradesh,BANDA,Rabi,Masoor,Uttar Pradesh,BANDA,Rabi,Masoor,0,legacy_source,1.0,35221.0,16765.0,0.4759944351381278,0.47599443513812784,5.551115123125783e-17,Uttar PradeshBANDA2009RabiMasoor,legacy_source,corroborated_after_scaling,2,200211.0,357596.0,200211,CCR_0001ED6B3541B63F56C2,nominal_yield_per_area,1,
Odisha,KHORDHA,2004,Summer,Ragi,6.0,3.2,0.5333333333333333,152378,Odisha|Ragi|Summer,2005-02-15,2005-06-14,120,120,0,state_zone+crop+season,v1.0,decided_project_convention,crop_cycle_estimate,east_northeast,finger_millet,Crop-specific 120-day cycle starting from the east_northeast Summer anchor.,,IND_ODISHA_KHORDHA,DYP_48A4CDB5F0610558,Census 2001,Census 2001,DPV_5A7CAF6DD9FC1C14,WPT_54323B48A9CB07F678DF,20.05228889,85.50436065,confirmed_exact_unique,confirmed,0,0,WW_6DDC5F553A3BA5AE4E57,120,120,1.0,True,155.40000000000327,1.2950000000000272,15,105,3,25,5,30.299999999999635,35.77158333333306,26.326416666667015,40.4,20.78,71,0,65.39316666666734,22.23158333333358,3.984083333333259,30,41.23000000000138,28.033333333333335,25,30,7.770000000000437,31.940666666665734,0,Odisha,KHORDHA,Summer,Ragi,Odisha,KHORDHA,Summer,Ragi,0,legacy_source,1.0,6.0,3.2,0.5333333333333333,0.5333333333333333,0.0,OdishaKHORDHA2004SummerRagi,legacy_source,corroborated_after_scaling,2,152378.0,305247.0,152378,CCR_00022290420ED5C24998,nominal_yield_per_area,1,
Uttar Pradesh,FAIZABAD,2007,Rabi,Rapeseed &Mustard,3408.0,3946.0,1.1578638497652582,205781,Uttar Pradesh|Rapeseed &Mustard|Rabi,2007-10-30,2008-03-18,141,140,1,state_zone+crop+season,v1.0,decided_project_convention,crop_cycle_estimate,north_northwest,rapeseed_mustard,Crop-specific 140-day cycle starting from the north_northwest Rabi anchor.,,IND_UTTAR_PRADESH_FAIZABAD,DYP_070D0563DCA1AAEE,Census 2011,Census 2011,DPV_63D9090016DD30DB,WPT_72F181720542ACE8205A,26.66301475,81.97470759,confirmed_exact_unique,confirmed,0,0,WW_F3C3085D64EA4EDD357B,141,141,1.0,True,8.150000000001455,0.05780141843972663,2,139,0,57,1,18.84375886524834,27.488865248227004,11.766170212766259,39.25,4.55,13,54,41.336524822695324,14.270638297872674,1.6051063829787406,36,0.0,20.946666666666715,36,36,0.2600000000002183,22.46555555555541,0,Uttar Pradesh,FAIZABAD,Rabi,Rapeseed &Mustard,Uttar Pradesh,FAIZABAD,Rabi,Rapeseed &Mustard,0,legacy_source,1.0,3408.0,3946.0,1.1578638497652582,1.1578638497652582,0.0,Uttar PradeshFAIZABAD2007RabiRapeseed &Mustard,legacy_source,corroborated_after_scaling,2,205781.0,358943.0,205781,CCR_000222936DCFB484E1B3,nominal_yield_per_area,1,
Uttar Pradesh,MORADABAD,2006,Rabi,Turmeric,3.0,10.0,3.333333333333333,220087,Uttar Pradesh|Turmeric|Rabi,2006-10-15,2007-07-11,270,270,0,state_zone+crop+season,v1.0,decided_project_convention,crop_cycle_estimate,north_northwest,turmeric,Crop-specific 270-day cycle starting from the north_northwest Rabi anchor.,,IND_UTTAR_PRADESH_MORADABAD,DYP_F4BB36D520BBA04F,Census 2011,Census 2011,DPV_B48FD300C759A892,WPT_41891775FF582EB3EBD8,28.80549833,78.7776163,confirmed_exact_unique,confirmed,0,0,WW_C88CB651B42AE620E3B9,270,270,1.0,True,438.84000000000015,1.625333333333334,56,214,4,43,15,24.3467407407404,32.04911111111147,17.899888888888892,47.9,4.19,105,52,41.89707407407426,17.10144444444401,2.030444444444422,68,20.240000000007058,20.53647058823545,43,68,276.8699999999935,34.127941176470756,3,Uttar Pradesh,MORADABAD,Rabi,Turmeric,Uttar Pradesh,MORADABAD,Rabi,Turmeric,0,legacy_source,1.0,3.0,10.0,3.333333333333333,3.3333333333333335,4.440892098500626e-16,Uttar PradeshMORADABAD2006RabiTurmeric,legacy_source,corroborated_after_scaling,2,220087.0,316792.0,220087,CCR_0002FBC7591C08C02E5A,nominal_yield_per_area,1,
Chhattisgarh,BASTAR,2010,Whole Year,Dry chillies,533.0,210.0,0.3939962476547842,46754,Chhattisgarh|Dry chillies|Whole Year,2010-07-01,2011-06-30,365,365,0,state_zone+crop+season,v1.0,decided_project_convention,annual_reporting_window,east_northeast,chilli,Whole Year mapped to the complete July-June crop-year reporting cycle.,Annual reporting window; do not calculate planting/harvest flags.,IND_CHHATTISGARH_BASTAR,DYP_0B0030B53C1E85F9,Census 2011,Census 2011,DPV_F346BC6D7C6C8611,WPT_8BD53AA4B659BCA7E2A6,19.44551038,81.79192811,confirmed_exact_unique,confirmed,0,0,WW_E59F32B1F07D9433D500,365,365,1.0,True,1873.0399999999936,5.131616438356147,150,215,28,71,19,23.64101369863042,29.124547945205936,19.027835616438207,40.89,5.55,61,21,71.9234520547953,18.08342465753436,1.9687945205479518,92,1293.7500000000073,24.659782608696094,4,92,326.130000000001,28.72836956521702,4,Chhattisgarh,BASTAR,Whole Year,Dry chillies,Chhattisgarh,BASTAR,Whole Year,Dry chillies,0,legacy_source,1.0,533.0,210.0,0.3939962476547842,0.39399624765478425,5.551115123125783e-17,ChhattisgarhBASTAR2010Whole YearDry chillies,legacy_source,corroborated_after_scaling,2,46754.0,372049.0,46754,CCR_00037AF290D4BC54C603,nominal_yield_per_area,1,
Arunachal Pradesh,LOWER SUBANSIRI,2005,Whole Year,Dry chillies,152.0,239.0,1.5723684210526316,11071,Arunachal Pradesh|Dry chillies|Whole Year,2005-07-01,2006-06-30,365,365,0,state_zone+crop+season,v1.0,decided_project_convention,annual_reporting_window,east_northeast,chilli,Whole Year mapped to the complete July-June crop-year reporting cycle.,Annual reporting window; do not calculate planting/harvest flags.,IND_ARUNACHAL_PRADESH_LOWER_SUBANSIRI,DYP_2F9D21CF88C17A4B,Census 2001,Census 2001,DPV_879A8E8493E7F890,WPT_F1B501A827166859618E,27.85026085,93.51198409,confirmed_exact_unique,confirmed,0,0,WW_BDDB67967A82C3640532,365,365,1.0,True,1878.37999999999,5.146246575342438,190,175,25,72,30,14.466493150684922,19.924794520547774,10.261041095890487,28.1,0.43,0,183,79.61139726027454,13.595123287671116,0.46671232876711866,92,848.710000000001,19.991956521738917,11,92,818.8599999999933,17.07565217391335,12,Arunachal Pradesh,LOWER SUBANSIRI,Whole Year,Dry chillies,Arunachal Pradesh,LOWER SUBANSIRI,Whole Year,Dry chillies,0,legacy_source,1.0,152.0,239.0,1.5723684210526316,1.5723684210526316,0.0,Arunachal PradeshLOWER SUBANSIRI2005Whole YearDry chillies,legacy_source,corroborated_after_scaling,2,11071.0,280270.0,11071,CCR_000417CB217768483B36,nominal_yield_per_area,1,
Odisha,SUNDARGARH,2013,Winter,Horse-gram,2433.0,1126.5,0.4630086313193588,157635,Odisha|Horse-gram|Winter,2013-10-15,2014-02-01,110,110,0,state_zone+crop+season,v1.0,decided_project_convention,crop_cycle_estimate,east_northeast,horse_gram,Crop-specific 110-day cycle starting from the east_northeast Winter anchor.,,IND_ODISHA_SUNDARGARH,DYP_B746DDE2C2B637A1,Census 2011,Census 2011,DPV_F6F305877BD461F4,WPT_F9D8ED0A4949BA0ECB92,22.06044027,83.9336781,confirmed_exact_unique,confirmed,0,0,WW_246744AEC709C48FDA0F,110,110,1.0,True,62.840000000000146,0.5712727272727286,8,102,1,82,7,19.21654545454499,25.08100000000056,13.658090909091301,28.75,8.37,0,11,74.34290909091042,15.39700000000038,1.426363636363567,28,57.89999999999782,22.900357142855814,15,28,4.92000000000553,17.619642857142026,0,Odisha,SUNDARGARH,Winter,Horse-gram,Odisha,SUNDARGARH,Winter,Horse-gram,0,legacy_source,1.0,2433.0,1126.5,0.4630086313193588,0.4630086313193588,0.0,OdishaSUNDARGARH2013WinterHorse-gram,legacy_source,corroborated_after_scaling,2,157635.0,438238.0,157635,CCR_0004B414D31035EEC45C,nominal_yield_per_area,1,
Madhya Pradesh,KHARGONE,2011,Whole Year,Sugarcane,1074.0,28650.0,26.67597765363129,111732,Madhya Pradesh|Sugarcane|Whole Year,2011-07-01,2012-06-30,366,365,1,state_zone+crop+season,v1.0,decided_project_convention,annual_reporting_window,central_west,sugarcane,Whole Year mapped to the complete July-June crop-year reporting cycle.,Annual reporting window; do not calculate planting/harvest flags.,IND_MADHYA_PRADESH_KHARGONE,DYP_FCDA7D3FDE04F081,Census 2011,Census 2011,DPV_C8909304B2A67C36,WPT_FEF3ACCBB23F84CD0A7D,22.57751665,75.22557271,working_fuzzy_same_state,working_fallback,0,1,WW_76858C4F59DC8C8B03BE,366,366,1.0,True,880.6500000000069,2.4061475409836253,85,281,10,200,36,25.824781420765095,33.14740437158434,19.40663934426222,43.42,6.23,114,15,50.541311475409906,19.01942622950816,2.6490983606557172,92,816.0799999999999,26.019782608695728,7,92,59.39000000000851,32.04902173913148,0,Madhya Pradesh,KHARGONE,Whole Year,Sugarcane,Madhya Pradesh,KHARGONE,Whole Year,Sugarcane,0,legacy_source,1.0,1074.0,28650.0,26.67597765363129,26.675977653631286,3.552713678800501e-15,Madhya PradeshKHARGONE2011Whole YearSugarcane,legacy_source,corroborated_after_scaling,2,111732.0,388031.0,111732,CCR_0004D00F9AEABE72BE8C,nominal_yield_per_area,1,
Tamil Nadu,ERODE,2007,Whole Year,Groundnut,31416.0,50544.0,1.6088617265087852,177086,Tamil Nadu|Groundnut|Whole Year,2007-07-01,2008-06-30,366,365,1,state_zone+crop+season,v1.0,decided_project_convention,annual_reporting_window,south_coastal,groundnut,Whole Year mapped to the complete July-June crop-year reporting cycle.,Annual reporting window; do not calculate planting/harvest flags.,IND_TAMIL_NADU_ERODE,DYP_37332AD287A4B68C,Census 2011,Census 2011,DPV_8746D6EBC24E1634,WPT_F04E94EDFF379C571EC5,11.4886732,77.35306788,confirmed_exact_unique,confirmed,0,0,WW_653961F4CC2338BBDDB8,366,366,1.0,True,853.4199999999992,2.331748633879779,134,232,5,33,19,25.50901639344271,31.873579234972905,20.570546448087132,40.37,12.77,59,0,69.99759562841568,19.514398907103875,1.6613934426229624,92,256.4599999999991,26.012173913043586,6,92,107.58000000000357,28.328586956521693,0,Tamil Nadu,ERODE,Whole Year,Groundnut,Tamil Nadu,ERODE,Whole Year,Groundnut,0,legacy_source,1.0,31416.0,50544.0,1.6088617265087852,1.6088617265087852,0.0,Tamil NaduERODE2007Whole YearGroundnut,legacy_source,corroborated_after_scaling,2,177086.0,353418.0,177086,CCR_0004D145F35F070776B2,nominal_yield_per_area,1,
Karnataka,GULBARGA,2009,Rabi,Dry chillies,48.0,143.0,2.9791666666666665,86700,Karnataka|Dry chillies|Rabi,2009-10-01,2010-03-29,180,180,0,state_zone+crop+season,v1.0,decided_project_convention,crop_cycle_estimate,south_coastal,chilli,Crop-specific 180-day cycle starting from the south_coastal Rabi anchor.,,IND_KARNATAKA_GULBARGA,DYP_7DEC50CD34981BEE,Census 2011,Census 2011,DPV_1A547DB328728485,WPT_5C5764BA094BFAEA4E01,17.23821715,76.76971663,confirmed_exact_unique,confirmed,0,0,WW_82969F92F3933D42A5A4,180,180,1.0,True,119.51000000000022,0.6639444444444457,21,159,2,73,5,25.773555555555504,33.33449999999979,19.065833333333366,41.42,11.55,46,0,51.92127777777706,18.515722222221747,2.1617777777777216,45,87.05999999999585,24.531777777777624,29,45,1.4500000000007276,30.770222222222948,0,Karnataka,GULBARGA,Rabi,Dry chillies,Karnataka,GULBARGA,Rabi,Dry chillies,0,legacy_source,1.0,48.0,143.0,2.9791666666666665,2.9791666666666665,0.0,KarnatakaGULBARGA2009RabiDry chillies,legacy_source,corroborated_after_scaling,2,86700.0,335379.0,86700,CCR_00050A748F53D0B62FEC,nominal_yield_per_area,1,
Uttar Pradesh,GHAZIABAD,2008,Kharif,Moong(Green Gram),29.0,11.0,0.3793103448275862,208056,Uttar Pradesh|Moong(Green Gram)|Kharif,2008-06-15,2008-09-12,90,90,0,state_zone+crop+season,v1.0,decided_project_convention,crop_cycle_estimate,north_northwest,green_gram,Crop-specific 90-day cycle starting from the north_northwest Kharif anchor.,,IND_UTTAR_PRADESH_GHAZIABAD,DYP_D8E8FE35A752DB65,Census 2011,Census 2011,DPV_00569F321BB67A0E,WPT_2455BA69AB0E10E0670D,28.73540428,77.70319773,confirmed_exact_unique,confirmed,0,0,WW_34CA6F7E1EC9387AA288,90,90,1.0,True,607.010000000002,6.7445555555555785,68,22,8,4,21,29.694444444444606,33.599111111111576,26.003777777777092,39.81,22.59,25,0,75.83077777777798,17.727555555555835,1.7053333333332577,23,138.02999999999975,31.92956521739214,4,23,79.01000000000295,28.73826086956504,1,Uttar Pradesh,GHAZIABAD,Kharif,Moong(Green Gram),Uttar Pradesh,GHAZIABAD,Kharif,Moong(Green Gram),0,legacy_source,1.0,29.0,11.0,0.3793103448275862,0.3793103448275862,0.0,Uttar PradeshGHAZIABAD2008KharifMoong(Green Gram),legacy_source,corroborated_after_scaling,2,208056.0,357905.0,208056,CCR_00051E1514413E9075B6,nominal_yield_per_area,1,
Madhya Pradesh,BETUL,2012,Kharif,Other Kharif pulses,97.0,38.0,0.3917525773195876,102402,Madhya Pradesh|Other Kharif pulses|Kharif,2012-06-01,2012-11-30,183,183,0,state_zone+crop+season,v1.0,decided_project_convention,aggregate_reporting_window,central_west,aggregate_kharif_pulses,Aggregate crop category mapped to the complete reporting-season window.,Aggregate crop category; uses the full reporting-season window.,IND_MADHYA_PRADESH_BETUL,DYP_5EE99CDFDE76F035,Census 2011,Census 2011,DPV_C1599AAF05E3501F,WPT_1988A8D44D267A147937,21.879919,77.87552077,confirmed_exact_unique,confirmed,0,0,WW_86F645649DEF73017F45,183,183,1.0,True,1272.7299999999923,6.954808743169357,91,92,20,29,33,24.38945355191251,29.036120218579953,20.595628415300627,42.79,9.84,13,1,76.13601092896087,15.768961748633886,2.6314207650273285,46,317.2699999999895,28.141956521740372,9,46,7.710000000002765,20.934565217390467,0,Madhya Pradesh,BETUL,Kharif,Other Kharif pulses,Madhya Pradesh,BETUL,Kharif,Other Kharif pulses,0,legacy_source,1.0,97.0,38.0,0.3917525773195876,0.3917525773195876,0.0,Madhya PradeshBETUL2012KharifOther Kharif pulses,legacy_source,corroborated_after_scaling,2,102402.0,386810.0,102402,CCR_00053DBD93411ACF3E28,nominal_yield_per_area,1,
Bihar,SAHARSA,2014,Kharif,Ragi,253.0,501.0,1.9802371541501973,41794,Bihar|Ragi|Kharif,2014-05-15,2014-09-11,120,120,0,state_zone+crop+season,v1.0,decided_project_convention,crop_cycle_estimate,east_northeast,finger_millet,Crop-specific 120-day cycle starting from the east_northeast Kharif anchor.,,IND_BIHAR_SAHARSA,DYP_871474EE40C05879,Census 2011,Census 2011,DPV_6EECDAE2C585C4B4,WPT_39FC95258C13158B4B94,25.83800504,86.61287504,confirmed_exact_unique,confirmed,0,0,WW_5456D68037F15C1519DF,120,120,1.0,True,796.1599999999889,6.634666666666575,94,26,10,9,33,30.785000000001066,34.911666666665646,26.90066666666656,45.02,23.42,42,0,72.70683333333388,18.119083333333887,1.970333333333368,30,151.2599999999984,33.43133333333438,9,30,229.80999999999767,28.56000000000058,4,Bihar,SAHARSA,Kharif,Ragi,Bihar,SAHARSA,Kharif,Ragi,0,legacy_source,1.0,253.0,501.0,1.9802371541501973,1.9802371541501975,2.220446049250313e-16,BiharSAHARSA2014KharifRagi,legacy_source,corroborated_after_scaling,2,41794.0,415752.0,41794,CCR_00054C1F7438CEF5FC25,nominal_yield_per_area,1,
Arunachal Pradesh,PAPUM PARE,2013,Whole Year,Sugarcane,200.0,3840.0,19.2,11323,Arunachal Pradesh|Sugarcane|Whole Year,2013-07-01,2014-06-30,365,365,0,state_zone+crop+season,v1.0,decided_project_convention,annual_reporting_window,east_northeast,sugarcane,Whole Year mapped to the complete July-June crop-year reporting cycle.,Annual reporting window; do not calculate planting/harvest flags.,IND_ARUNACHAL_PRADESH_PAPUM_PARE,DYP_06ECA566B9B27A3C,Census 2011,Census 2011,DPV_9304B852B01D2B35,WPT_AAFF22ABDF5F1396D4CD,27.30380652,93.63551522,confirmed_exact_unique,confirmed,0,0,WW_A518A2BA0B9E631A33C2,365,365,1.0,True,2262.4299999999566,6.198438356164265,164,201,42,38,28,17.905260273972637,22.553506849314587,14.163726027397326,29.54,3.01,0,118,81.38482191780749,13.46920547945208,0.5933150684931505,92,1140.6199999999662,22.8425000000001,8,92,838.7799999999988,21.360326086956935,12,Arunachal Pradesh,PAPUM PARE,Whole Year,Sugarcane,Arunachal Pradesh,PAPUM PARE,Whole Year,Sugarcane,0,legacy_source,1.0,200.0,3840.0,19.2,19.2,0.0,Arunachal PradeshPAPUM PARE2013Whole YearSugarcane,legacy_source,corroborated_after_scaling,2,11323.0,411484.0,11323,CCR_0005ACD6F23FCFC7FB13,nominal_yield_per_area,1,
Uttar Pradesh,SANT KABEER NAGAR,2012,Rabi,Barley,48.0,128.0,2.6666666666666665,223547,Uttar Pradesh|Barley|Rabi,2012-10-30,2013-03-08,130,130,0,state_zone+crop+season,v1.0,decided_project_convention,crop_cycle_estimate,north_northwest,barley,Crop-specific 130-day cycle starting from the north_northwest Rabi anchor.,,IND_UTTAR_PRADESH_SANT_KABEER_NAGAR,DYP_3D241149A1836EB2,Census 2011,Census 2011,DPV_EC6424620CAE1E36,WPT_163328C08105AD0E06AD,26.7568496,83.04405115,working_fuzzy_same_state,working_fallback,0,1,WW_A4E931A3E85B63AC2243,130,130,1.0,True,74.07999999999083,0.5698461538460833,11,119,1,79,4,15.85907692307575,24.208461538462032,9.491230769230214,32.17,0.68,0,66,61.010461538463225,12.663538461538085,1.66607692307705,33,0.6799999999966531,17.788484848485414,33,33,57.11999999999534,18.760303030302925,1,Uttar Pradesh,SANT KABEER NAGAR,Rabi,Barley,Uttar Pradesh,SANT KABEER NAGAR,Rabi,Barley,0,legacy_source,1.0,48.0,128.0,2.6666666666666665,2.6666666666666665,0.0,Uttar PradeshSANT KABEER NAGAR2012RabiBarley,legacy_source,corroborated_after_scaling,2,223547.0,401264.0,223547,CCR_0005B449588C6F45242B,nominal_yield_per_area,1,
Chhattisgarh,DHAMTARI,2004,Rabi,Gram,12786.0,7401.0,0.5788362271234162,48453,Chhattisgarh|Gram|Rabi,2004-10-30,2005-03-08,130,130,0,state_zone+crop+season,v1.0,decided_project_convention,crop_cycle_estimate,east_northeast,chickpea,Crop-specific 130-day cycle starting from the east_northeast Rabi anchor.,,IND_CHHATTISGARH_DHAMTARI,DYP_827F2EFEA9756243,Census 2001,Census 2001,DPV_5E27D275CE80EA46,WPT_F27FEEE94CBA6DC4518C,20.53732615,81.71683013,confirmed_exact_unique,confirmed,0,0,WW_2949AB42C8CB849542A3,130,130,1.0,True,79.02000000000226,0.6078461538461712,7,123,0,88,7,20.71653846153853,28.310307692307667,14.537538461538498,37.29,8.34,8,3,58.84184615384662,18.12469230769219,1.4482307692307725,33,1.6700000000000728,19.70727272727306,33,33,1.0100000000002183,25.26727272727294,0,Chhattisgarh,DHAMTARI,Rabi,Gram,Chhattisgarh,DHAMTARI,Rabi,Gram,0,legacy_source,1.0,12786.0,7401.0,0.5788362271234162,0.5788362271234162,0.0,ChhattisgarhDHAMTARI2004RabiGram,legacy_source,corroborated_after_scaling,2,48453.0,286595.0,48453,CCR_0005ECC20BEB0215E291,nominal_yield_per_area,1,
Assam,CACHAR,2012,Rabi,Arecanut,4331.0,2233.0,0.5155853151697067,14315,Assam|Arecanut|Rabi,2012-10-15,2013-04-30,198,198,0,state_zone+crop+season,v1.0,decided_project_convention,seasonal_reporting_window,east_northeast,arecanut,Perennial or plantation crop mapped to its recorded reporting season.,Seasonal reporting window for a perennial/plantation crop; not its full biological life cycle.,IND_ASSAM_CACHAR,DYP_5877E85A162373DF,Census 2011,Census 2011,DPV_3494E031D1339521,WPT_236B0E84B4D0CB9CB5F1,24.75551964,92.88223491,confirmed_exact_unique,confirmed,0,0,WW_880E4953C2D3A9D2F42D,198,198,1.0,True,229.3199999999888,1.1581818181817616,33,165,1,52,8,20.40772727272696,27.35883838383818,15.0885858585859,35.3,4.78,2,25,69.05505050505121,17.088080808080452,0.30873737373738,50,52.979999999995925,21.1061999999985,26,50,148.9999999999891,24.982200000000883,0,Assam,CACHAR,Rabi,Arecanut,Assam,CACHAR,Rabi,Arecanut,0,legacy_source,1.0,4331.0,2233.0,0.5155853151697067,0.5155853151697067,0.0,AssamCACHAR2012RabiArecanut,legacy_source,corroborated_after_scaling,2,14315.0,366534.0,14315,CCR_00064031C47F54F7FC8A,nominal_yield_per_area,1,
Gujarat,BANAS KANTHA,2001,Kharif,Cotton(lint),19100.0,17700.0,0.9267015706806284,57797,Gujarat|Cotton(lint)|Kharif,2001-05-17,2001-12-12,210,210,0,state_zone+crop+season,v1.0,decided_project_convention,crop_cycle_estimate,central_west,cotton,Crop-specific 210-day cycle starting from the central_west Kharif anchor.,,IND_GUJARAT_BANAS_KANTHA,DYP_E7500C0625E83D38,Census 2001,Census 2001,DPV_3E01A4792E91C77B,WPT_2A0C3760007C8C8436B7,24.26994421,72.17097773,confirmed_exact_unique,confirmed,0,0,WW_625DA59B9F5E150E727A,210,210,1.0,True,266.88999999999965,1.2709047619047602,49,161,1,61,9,30.093047619047727,37.03728571428558,24.115142857142754,44.98,13.51,158,0,45.57228571428565,19.30900000000012,2.842380952380972,53,124.28999999999928,32.61113207547169,13,53,0.0,25.789056603773442,0,Gujarat,BANAS KANTHA,Kharif,Cotton(lint),Gujarat,BANAS KANTHA,Kharif,Cotton(lint),0,legacy_source,1.0,19100.0,17700.0,0.9267015706806284,0.9267015706806283,1.1102230246251565e-16,GujaratBANAS KANTHA2001KharifCotton(lint),legacy_source,corroborated_after_scaling,2,57797.0,247335.0,57797,CCR_00064819302B8463F53F,nominal_yield_per_area,1,
Arunachal Pradesh,LOWER SUBANSIRI,1997,Kharif,Rice,21064.0,19900.0,0.9447398404861376,10982,Arunachal Pradesh|Rice|Kharif,1997-05-15,1997-10-11,150,150,0,state_zone+crop+season,v1.0,decided_project_convention,crop_cycle_estimate,east_northeast,rice,Crop-specific 150-day cycle starting from the east_northeast Kharif anchor.,,IND_ARUNACHAL_PRADESH_LOWER_SUBANSIRI,DYP_2FAF01CDB147AF15,Census 2001,Census 2001,DPV_879A8E8493E7F890,WPT_F1B501A827166859618E,27.85026085,93.51198409,confirmed_exact_unique,confirmed,0,0,WW_92BF9DE6BEE6E5CB3308,150,150,1.0,True,1504.1399999999994,10.027599999999996,124,26,17,6,51,18.46833333333333,22.837066666666672,14.924999999999994,27.8,8.55,0,3,84.39253333333329,15.040733333333328,0.3785999999999995,38,477.9299999999997,17.402894736842086,2,38,208.0500000000004,16.481578947368437,0,Arunachal Pradesh,LOWER SUBANSIRI,Kharif,Rice,Arunachal Pradesh,LOWER SUBANSIRI,Kharif,Rice,0,legacy_source,1.0,21064.0,19900.0,0.9447398404861376,0.9447398404861375,1.1102230246251565e-16,Arunachal PradeshLOWER SUBANSIRI1997KharifRice,legacy_source,corroborated_after_scaling,2,10982.0,532133.0,10982,CCR_0006A654EB28794EDE97,nominal_yield_per_area,1,
Assam,JORHAT,2002,Whole Year,Sweet potato,77.0,221.0,2.8701298701298703,19473,Assam|Sweet potato|Whole Year,2002-07-01,2003-06-30,365,365,0,state_zone+crop+season,v1.0,decided_project_convention,annual_reporting_window,east_northeast,sweet_potato,Whole Year mapped to the complete July-June crop-year reporting cycle.,Annual reporting window; do not calculate planting/harvest flags.,IND_ASSAM_JORHAT,DYP_B749163531A59720,Census 2001,Census 2001,DPV_4CFC87EC3783C191,WPT_693993D36E37F54ACBF2,26.76495747,94.26247555,confirmed_exact_unique,confirmed,0,0,WW_B14B204416D70A89838E,365,365,1.0,True,1669.8000000000284,4.574794520548023,166,199,22,33,15,24.028986301369887,28.972849315068384,19.642027397260343,40.08,8.97,29,7,69.39268493150698,15.359123287671247,1.0041095890411027,92,968.1900000000078,28.355000000000118,9,92,528.410000000009,28.389130434782324,6,Assam,JORHAT,Whole Year,Sweet potato,Assam,JORHAT,Whole Year,Sweet potato,0,legacy_source,1.0,77.0,221.0,2.8701298701298703,2.8701298701298703,0.0,AssamJORHAT2002Whole YearSweet potato,legacy_source,corroborated_after_scaling,2,19473.0,241196.0,19473,CCR_0006D978B637806FABB2,nominal_yield_per_area,1,
Karnataka,MYSORE,2006,Kharif,Jowar,14845.0,21862.0,1.4726844055237454,91629,Karnataka|Jowar|Kharif,2006-05-15,2006-09-11,120,120,0,state_zone+crop+season,v1.0,decided_project_convention,crop_cycle_estimate,south_coastal,sorghum,Crop-specific 120-day cycle starting from the south_coastal Kharif anchor.,,IND_KARNATAKA_MYSORE,DYP_4E7FF73668D0866F,Census 2011,Census 2011,DPV_588743D51A61CA1B,WPT_7C6E929A7562E34B49C1,12.19647628,76.61206062,confirmed_exact_unique,confirmed,0,0,WW_90F9898BBE87BC8DF644,120,120,1.0,True,495.06000000000313,4.125500000000026,91,29,1,7,37,23.41416666666749,28.368999999999506,19.954750000000057,32.99,18.13,0,0,80.25549999999978,18.37783333333367,3.4896666666666762,30,150.66000000000167,24.173333333333723,6,30,88.25,23.4433333333344,0,Karnataka,MYSORE,Kharif,Jowar,Karnataka,MYSORE,Kharif,Jowar,0,legacy_source,1.0,14845.0,21862.0,1.4726844055237454,1.4726844055237454,0.0,KarnatakaMYSORE2006KharifJowar,legacy_source,corroborated_after_scaling,2,91629.0,293478.0,91629,CCR_0007583B0159B43BCCB4,nominal_yield_per_area,1,
Assam,GOALPARA,2004,Kharif,Sesamum,423.0,159.0,0.375886524822695,17831,Assam|Sesamum|Kharif,2004-05-15,2004-08-22,100,100,0,state_zone+crop+season,v1.0,decided_project_convention,crop_cycle_estimate,east_northeast,sesame,Crop-specific 100-day cycle starting from the east_northeast Kharif anchor.,,IND_ASSAM_GOALPARA,DYP_8301EB5F14A1D720,Census 2001,Census 2001,DPV_DC6F3DD500CC254B,WPT_8CEC152E51981F241F13,26.06275219,90.57993687,confirmed_exact_unique,confirmed,0,0,WW_B7699E6B3D413AC64ABE,100,100,1.0,True,1172.4699999999957,11.724699999999958,92,8,25,1,23,28.467599999999802,31.90929999999964,25.447000000000116,34.89,23.22,0,0,82.86250000000204,15.116999999999825,1.4217999999999802,25,203.91000000000167,28.45679999999993,1,25,123.74999999999818,29.14679999999964,0,Assam,GOALPARA,Kharif,Sesamum,Assam,GOALPARA,Kharif,Sesamum,0,legacy_source,1.0,423.0,159.0,0.375886524822695,0.375886524822695,0.0,AssamGOALPARA2004KharifSesamum,legacy_source,corroborated_after_scaling,2,17831.0,282310.0,17831,CCR_0007B4305AC520428D60,nominal_yield_per_area,1,
Arunachal Pradesh,TIRAP,2009,Whole Year,Oilseeds total,4995.0,3965.0,0.7937937937937938,11615,Arunachal Pradesh|Oilseeds total|Whole Year,2009-07-01,2010-06-30,365,365,0,state_zone+crop+season,v1.0,decided_project_convention,annual_reporting_window,east_northeast,aggregate_oilseeds,Whole Year mapped to the complete July-June crop-year reporting cycle.,Annual reporting window; do not calculate planting/harvest flags.,IND_ARUNACHAL_PRADESH_TIRAP,DYP_54EC5A2CFBB7567C,Census 2011,Census 2011,DPV_B1734734924191DD,WPT_632C5C198E5E802A00DC,26.95802477,95.44780629,confirmed_exact_unique,confirmed,0,0,WW_D4A94FAE11E46698C053,365,365,1.0,True,2472.869999999981,6.77498630136981,196,169,35,77,35,20.561232876712065,26.551835616438034,16.22427397260258,35.58,4.4,1,69,76.12698630137028,14.57945205479444,0.257643835616447,92,996.3099999999959,25.495326086956283,5,92,1126.5199999999786,23.564021739130272,15,Arunachal Pradesh,TIRAP,Whole Year,Oilseeds total,Arunachal Pradesh,TIRAP,Whole Year,Oilseeds total,0,legacy_source,1.0,4995.0,3965.0,0.7937937937937938,0.7937937937937938,0.0,Arunachal PradeshTIRAP2009Whole YearOilseeds total,legacy_source,corroborated_after_scaling,2,11615.0,321848.0,11615,CCR_00080128CD383DC7F005,aggregate_crop_category,0,aggregate_category_not_individual_crop
Tamil Nadu,ERODE,2005,Whole Year,Banana,7710.0,377037.0,48.9023346303502,177025,Tamil Nadu|Banana|Whole Year,2005-07-01,2006-06-30,365,365,0,state_zone+crop+season,v1.0,decided_project_convention,annual_reporting_window,south_coastal,fruit_perennial,Whole Year mapped to the complete July-June crop-year reporting cycle.,Annual reporting window; do not calculate planting/harvest flags.,IND_TAMIL_NADU_ERODE,DYP_6364A0A58B86E981,Census 2001,Census 2001,DPV_BD2D0C0A41A9C699,WPT_B34202762F9554BDD5DB,11.28027022,77.58781922,confirmed_exact_unique,confirmed,0,0,WW_3F59B49F6BE854159BCE,365,365,1.0,True,1036.4000000000015,2.8394520547945246,144,221,8,53,13,25.64032876712329,31.64556164383567,20.860465753424755,42.01,12.21,77,0,70.49210958904204,19.75767123287694,1.643205479452051,92,194.41999999999916,26.814456521738897,8,92,164.6999999999989,28.952173913043385,0,Tamil Nadu,ERODE,Whole Year,Banana,Tamil Nadu,ERODE,Whole Year,Banana,0,legacy_source,1.0,7710.0,377037.0,48.9023346303502,48.9023346303502,0.0,Tamil NaduERODE2005Whole YearBanana,legacy_source,corroborated_after_scaling,2,177025.0,309931.0,177025,CCR_00081E7E82CDABC46471,nominal_yield_per_area,1,
Odisha,GANJAM,2004,Rabi,Gram,292.0,184.0,0.6301369863013698,148935,Odisha|Gram|Rabi,2004-10-30,2005-03-08,130,130,0,state_zone+crop+season,v1.0,decided_project_convention,crop_cycle_estimate,east_northeast,chickpea,Crop-specific 130-day cycle starting from the east_northeast Rabi anchor.,,IND_ODISHA_GANJAM,DYP_27A1428735447952,Census 2001,Census 2001,DPV_3D7A8EF31FB92B51,WPT_7D6397D1CBEDAA90BB43,19.63113358,84.7095894,confirmed_exact_unique,confirmed,0,0,WW_EB2C63C1CC31C092CF68,130,130,1.0,True,23.510000000005675,0.1808461538461975,8,122,0,83,5,24.360461538461543,28.961230769230706,20.279923076923073,35.78,15.72,8,0,64.27923076923224,17.190307692307734,2.2989230769231095,33,0.7800000000006548,24.043333333334004,33,33,0.040000000000873115,27.448787878787808,0,Odisha,GANJAM,Rabi,Gram,Odisha,GANJAM,Rabi,Gram,0,legacy_source,1.0,292.0,184.0,0.6301369863013698,0.6301369863013698,0.0,OdishaGANJAM2004RabiGram,legacy_source,corroborated_after_scaling,2,148935.0,304221.0,148935,CCR_00082AAB0EFF8820F177,nominal_yield_per_area,1,
Rajasthan,HANUMANGARH,1998,Kharif,Cotton(lint),201201.0,42386.0,0.2106649569336136,167390,Rajasthan|Cotton(lint)|Kharif,1998-05-31,1998-12-26,210,210,0,state_zone+crop+season,v1.0,decided_project_convention,crop_cycle_estimate,north_northwest,cotton,Crop-specific 210-day cycle starting from the north_northwest Kharif anchor.,,IND_RAJASTHAN_HANUMANGARH,DYP_40E5F8CAAEAE4C76,Census 2001,Census 2001,DPV_E2719C2578857B4C,WPT_E8EA534BC1C8BE97CCBC,29.36672565,74.27252266,confirmed_exact_unique,confirmed,0,0,WW_B1ECB262F2B5312326CF,210,210,1.0,True,311.6599999999996,1.4840952380952364,48,162,3,70,9,29.522476190476162,36.478142857142934,23.28319047619051,46.68,7.09,127,8,38.44561904761902,17.632571428571474,2.0620000000000043,53,124.0200000000001,35.50811320754707,11,53,0.2899999999999636,19.43509433962246,0,Rajasthan,HANUMANGARH,Kharif,Cotton(lint),Rajasthan,HANUMANGARH,Kharif,Cotton(lint),0,legacy_source,1.0,201201.0,42386.0,0.2106649569336136,0.21066495693361365,5.551115123125783e-17,RajasthanHANUMANGARH1998KharifCotton(lint),legacy_source,conflict_legacy_preferred,2,167390.0,561320.0,167390,CCR_000AD54FF33D836327AA,nominal_yield_per_area,1,
Karnataka,CHIKMAGALUR,2012,Whole Year,Coconut,42261.0,230446.0,5.452923499207307,82363,Karnataka|Coconut|Whole Year,2012-07-01,2013-06-30,365,365,0,state_zone+crop+season,v1.0,decided_project_convention,annual_reporting_window,south_coastal,coconut,Whole Year mapped to the complete July-June crop-year reporting cycle.,Annual reporting window; do not calculate planting/harvest flags.,IND_KARNATAKA_CHIKMAGALUR,DYP_C8C23227F8080BD7,Census 2011,Census 2011,DPV_7FE0B9D5EF3EAC81,WPT_4BCEB1EF46D3E5FD94D9,13.40559989,75.64002332,confirmed_exact_unique,confirmed,0,0,WW_77B70B82DFA17D96DB31,365,365,1.0,True,3057.790000000008,8.377506849315091,164,201,59,71,81,22.338328767123024,27.61295890410898,18.262712328766963,37.5,10.59,23,0,78.62246575342469,18.618958904109665,1.09536986301368,92,1687.3499999999985,21.68967391304313,8,92,1078.960000000021,24.745652173912,25,Karnataka,CHIKMAGALUR,Whole Year,Coconut,Karnataka,CHIKMAGALUR,Whole Year,Coconut,0,legacy_source,1.0,42261.0,230446.0,5.452923499207307,5.452923499207307,0.0,KarnatakaCHIKMAGALUR2012Whole YearCoconut,legacy_source,conflict_legacy_preferred,2,82363.0,379981.0,82363,CCR_001A99D6AC8747A632DB,coconut_non_tonne_reporting_unit,0,incompatible_target_unit_coconut
Maharashtra,NANDED,2007,Kharif,Cotton(lint),2078.0,2730.0,1.3137632338787295,129484,Maharashtra|Cotton(lint)|Kharif,2007-05-17,2007-12-12,210,210,0,state_zone+crop+season,v1.0,decided_project_convention,crop_cycle_estimate,central_west,cotton,Crop-specific 210-day cycle starting from the central_west Kharif anchor.,,IND_MAHARASHTRA_NANDED,DYP_CBD891B7C38A7924,Census 2011,Census 2011,DPV_71EC8144B9A8470A,WPT_7EFCD8AA470CB483F4B8,19.09634639,77.48432926,confirmed_exact_unique,confirmed,0,0,WW_DC026B94536CD0358322,210,210,1.0,True,849.4299999999967,4.044904761904746,106,104,5,41,30,25.675619047619,31.09371428571418,21.18776190476208,43.21,10.43,28,0,71.7028095238095,18.36771428571436,2.5111428571429357,53,212.9800000000032,30.86339622641472,6,53,13.44000000000051,20.813396226415655,0,Maharashtra,NANDED,Kharif,Cotton(lint),Maharashtra,NANDED,Kharif,Cotton(lint),0,legacy_source,1.0,2078.0,2730.0,1.3137632338787295,1.3137632338787295,0.0,MaharashtraNANDED2007KharifCotton(lint),legacy_source,conflict_legacy_preferred,2,129484.0,343311.0,129484,CCR_001FE9D06427717EF0FD,nominal_yield_per_area,1,
Punjab,PATHANKOT,2013,Rabi,Masoor,1000.0,700.0,0.7,160972,Punjab|Masoor|Rabi,2013-10-15,2014-02-11,120,120,0,state_zone+crop+season,v1.0,decided_project_convention,crop_cycle_estimate,north_northwest,lentil,Crop-specific 120-day cycle starting from the north_northwest Rabi anchor.,,IND_PUNJAB_PATHANKOT,DYP_8F3592A8267523D7,Census 2011,Census 2011,DPV_4E374E36D01CA911,WPT_B9442E3859814B48DA1A,30.23443918,76.33568835,working_fuzzy_same_state,working_fallback,0,1,WW_6C7915948E845580CB1F,120,120,1.0,True,54.460000000002765,0.45383333333335635,10,110,0,52,3,16.420750000000893,24.98758333333244,10.08325000000065,34.79,2.3,0,65,44.50516666666808,13.210916666666405,1.5910833333332297,30,4.350000000000364,21.957000000000697,23,30,45.69000000000233,14.195000000000194,0,Punjab,PATHANKOT,Rabi,Masoor,Punjab,PATHANKOT,Rabi,Masoor,0,legacy_source,1.0,1000.0,700.0,0.7,0.7,0.0,PunjabPATHANKOT2013RabiMasoor,legacy_source,conflict_legacy_preferred,2,160972.0,439912.0,160972,CCR_00203CE898C466857311,nominal_yield_per_area,1,
Goa,SOUTH GOA,2014,Whole Year,Coconut,14387.0,714.0,0.049628136512129,56725,Goa|Coconut|Whole Year,2014-07-01,2015-06-30,365,365,0,state_zone+crop+season,v1.0,decided_project_convention,annual_reporting_window,south_coastal,coconut,Whole Year mapped to the complete July-June crop-year reporting cycle.,Annual reporting window; do not calculate planting/harvest flags.,IND_GOA_SOUTH_GOA,DYP_DC238B9E3D99C0A7,Census 2011,Census 2011,DPV_85BC4AD79926F1E1,WPT_6EF894D0E656A9639A58,15.19620041,74.12209146,confirmed_exact_unique,confirmed,0,0,WW_23EADB907268FDF74238,365,365,1.0,True,2779.289999999979,7.614493150684874,168,197,49,76,82,25.03810958904222,29.786246575341938,21.425972602739993,37.92,11.8,35,0,78.69301369863032,18.3372328767124,0.4915342465753321,92,1674.0699999999997,24.769130434784923,2,92,877.2999999999884,27.428913043479753,14,Goa,SOUTH GOA,Whole Year,Coconut,Goa,SOUTH GOA,Whole Year,Coconut,0,legacy_source,1.0,14387.0,714.0,0.049628136512129,0.049628136512129,0.0,GoaSOUTH GOA2014Whole YearCoconut,legacy_source,conflict_legacy_preferred,2,56725.0,419588.0,56725,CCR_0041B4C03AD3FDCFE013,coconut_non_tonne_reporting_unit,0,incompatible_target_unit_coconut
Maharashtra,NAGPUR,2007,Kharif,Groundnut,61.0,52.0,0.8524590163934426,129057,Maharashtra|Groundnut|Kharif,2007-06-01,2007-09-28,120,120,0,state_zone+crop+season,v1.0,decided_project_convention,crop_cycle_estimate,central_west,groundnut,Crop-specific 120-day cycle starting from the central_west Kharif anchor.,,IND_MAHARASHTRA_NAGPUR,DYP_495CF2C63CB33BFE,Census 2011,Census 2011,DPV_93D85E0EE068EF9A,WPT_6B8AD0BACB692E102E62,21.14934933,79.01814778,confirmed_exact_unique,confirmed,0,0,WW_217A95F7B3AFB0B88B88,120,120,1.0,True,883.840000000002,7.36533333333335,81,39,15,7,29,27.742833333333206,31.841916666666172,24.282083333333624,43.58,20.67,17,0,78.58316666666724,16.415333333333546,2.706750000000011,30,227.51000000000204,31.464333333332615,4,30,215.5899999999965,26.17733333333308,4,Maharashtra,NAGPUR,Kharif,Groundnut,Maharashtra,NAGPUR,Kharif,Groundnut,0,legacy_source,1.0,61.0,52.0,0.8524590163934426,0.8524590163934426,0.0,MaharashtraNAGPUR2007KharifGroundnut,legacy_source,conflict_legacy_preferred,2,129057.0,343509.0,129057,CCR_0060C5AB992B286A489B,nominal_yield_per_area,1,
Maharashtra,AHMEDNAGAR,2007,Summer,Groundnut,26.0,40.0,1.5384615384615383,122991,Maharashtra|Groundnut|Summer,2008-03-01,2008-06-28,120,120,0,state_zone+crop+season,v1.0,decided_project_convention,crop_cycle_estimate,central_west,groundnut,Crop-specific 120-day cycle starting from the central_west Summer anchor.,,IND_MAHARASHTRA_AHMEDNAGAR,DYP_436AD77527A116A5,Census 2011,Census 2011,DPV_8E66D07C38614BAC,WPT_07CE0D6B69F2CE29608C,19.15693604,74.85524049,working_fuzzy_same_state,working_fallback,0,0,WW_33B797C2525842741091,120,120,1.0,True,69.99000000000251,0.5832500000000209,20,100,0,49,7,29.418666666667075,36.98391666666648,21.998416666666646,42.46,14.86,88,0,41.695333333334325,23.53450000000024,3.2778333333333345,30,26.140000000001237,28.08133333333341,20,30,38.61999999999989,27.41166666666783,0,Maharashtra,AHMEDNAGAR,Summer,Groundnut,Maharashtra,AHMEDNAGAR,Summer,Groundnut,0,legacy_source,1.0,26.0,40.0,1.5384615384615383,1.5384615384615385,2.220446049250313e-16,MaharashtraAHMEDNAGAR2007SummerGroundnut,legacy_source,conflict_legacy_preferred,2,122991.0,343440.0,122991,CCR_0062BFE1BB558E563467,nominal_yield_per_area,1,
Punjab,AMRITSAR,2009,Whole Year,Sugarcane,300.0,18000.0,60.0,158703,Punjab|Sugarcane|Whole Year,2009-07-01,2010-06-30,365,365,0,state_zone+crop+season,v1.0,decided_project_convention,annual_reporting_window,north_northwest,sugarcane,Whole Year mapped to the complete July-June crop-year reporting cycle.,Annual reporting window; do not calculate planting/harvest flags.,IND_PUNJAB_AMRITSAR,DYP_29223491B71BEB81,Census 2011,Census 2011,DPV_E6813BEBC8F9FA8C,WPT_45F185715E4261E59F3D,31.76795847,74.83372808,confirmed_exact_unique,confirmed,0,0,WW_F4E4C131E4420E1FF1EE,365,365,1.0,True,421.4800000000041,1.1547397260274086,62,303,4,61,8,26.64923287671237,34.08479452054838,20.369561643835734,49.11,3.23,198,47,33.6567397260269,18.168273972602776,1.4192328767123374,92,310.9200000000028,33.00760869565151,19,92,64.09000000000106,34.21336956521839,0,Punjab,AMRITSAR,Whole Year,Sugarcane,Punjab,AMRITSAR,Whole Year,Sugarcane,0,legacy_source,1.0,300.0,18000.0,60.0,60.0,0.0,PunjabAMRITSAR2009Whole YearSugarcane,legacy_source,conflict_legacy_preferred,2,158703.0,349691.0,158703,CCR_0063A7501D72451389B8,nominal_yield_per_area,1,
Rajasthan,JODHPUR,2009,Kharif,Cotton(lint),11022.0,4578.0,0.4153511159499183,169739,Rajasthan|Cotton(lint)|Kharif,2009-05-31,2009-12-26,210,210,0,state_zone+crop+season,v1.0,decided_project_convention,crop_cycle_estimate,north_northwest,cotton,Crop-specific 210-day cycle starting from the north_northwest Kharif anchor.,,IND_RAJASTHAN_JODHPUR,DYP_9BD51B964E341E67,Census 2011,Census 2011,DPV_4F8814C487CF35AD,WPT_74999722B4EDF04A42E4,26.73731869,72.87259206,confirmed_exact_unique,confirmed,0,0,WW_1D94C55E34DE7BC3DC6B,210,210,1.0,True,217.73000000000093,1.0368095238095283,25,185,3,113,4,28.76709523809543,36.048809523809524,22.445333333333075,45.07,8.32,149,5,41.31419047619025,20.729523809523933,2.61923809523816,53,124.7800000000002,34.26339622641466,12,53,0.5100000000002183,19.789433962264635,0,Rajasthan,JODHPUR,Kharif,Cotton(lint),Rajasthan,JODHPUR,Kharif,Cotton(lint),0,legacy_source,1.0,11022.0,4578.0,0.4153511159499183,0.41535111594991836,5.551115123125783e-17,RajasthanJODHPUR2009KharifCotton(lint),legacy_source,conflict_legacy_preferred,2,169739.0,350259.0,169739,CCR_008E9A428BE42A20389C,nominal_yield_per_area,1,
Assam,KOKRAJHAR,2010,Whole Year,Coconut,380.0,4104000.0,10800.0,22337,Assam|Coconut|Whole Year,2010-07-01,2011-06-30,365,365,0,state_zone+crop+season,v1.0,decided_project_convention,annual_reporting_window,east_northeast,coconut,Whole Year mapped to the complete July-June crop-year reporting cycle.,Annual reporting window; do not calculate planting/harvest flags.,IND_ASSAM_KOKRAJHAR,DYP_9AE13227E8F4B656,Census 2011,Census 2011,DPV_5D48897F739511B7,WPT_11624669B14D15ABFB95,26.51520223,90.12364133,confirmed_exact_unique,confirmed,0,0,WW_1DB0814DE3B355C84A76,365,365,1.0,True,1817.1599999999962,4.9785205479451955,176,189,20,45,44,23.2921643835616,28.1819178082198,19.04106849315058,35.56,6.04,3,39,75.41131506849301,15.392246575342181,1.295835616438345,92,1011.1299999999865,27.55434782608664,3,92,625.7700000000223,27.45706521739118,7,Assam,KOKRAJHAR,Whole Year,Coconut,Assam,KOKRAJHAR,Whole Year,Coconut,0,legacy_source,1.0,380.0,4104000.0,10800.0,10800.0,0.0,AssamKOKRAJHAR2010Whole YearCoconut,legacy_source,conflict_legacy_preferred,2,22337.0,366975.0,22337,CCR_008FEE69552283E31B93,coconut_non_tonne_reporting_unit,0,incompatible_target_unit_coconut
Tamil Nadu,KARUR,2009,Whole Year,Coconut,5730.0,88100.0,15.37521815008726,178255,Tamil Nadu|Coconut|Whole Year,2009-07-01,2010-06-30,365,365,0,state_zone+crop+season,v1.0,decided_project_convention,annual_reporting_window,south_coastal,coconut,Whole Year mapped to the complete July-June crop-year reporting cycle.,Annual reporting window; do not calculate planting/harvest flags.,IND_TAMIL_NADU_KARUR,DYP_BAE45E6A798DBD9A,Census 2011,Census 2011,DPV_708BC745192C6708,WPT_7CC2D8059222672117E4,10.8197409,78.38403844,confirmed_exact_unique,confirmed,0,0,WW_C8856AB51E0C07F5B089,365,365,1.0,True,687.8400000000056,1.884493150684947,101,264,6,104,15,27.9896986301366,34.51202739726007,22.83605479452048,41.94,15.47,169,0,65.39021917808282,20.07616438356177,2.670684931506877,92,147.08000000000357,28.401086956521677,12,92,190.07000000000153,30.57347826086935,2,Tamil Nadu,KARUR,Whole Year,Coconut,Tamil Nadu,KARUR,Whole Year,Coconut,0,legacy_source,1.0,5730.0,88100.0,15.37521815008726,15.37521815008726,0.0,Tamil NaduKARUR2009Whole YearCoconut,legacy_source,conflict_legacy_preferred,2,178255.0,353014.0,178255,CCR_009211E835D421EAB6A6,coconut_non_tonne_reporting_unit,0,incompatible_target_unit_coconut
Andhra Pradesh,PRAKASAM,2012,Kharif,Groundnut,2918.0,4803.0,1.645990404386566,6110,Andhra Pradesh|Groundnut|Kharif,2012-05-15,2012-09-11,120,120,0,state_zone+crop+season,v1.0,decided_project_convention,crop_cycle_estimate,south_coastal,groundnut,Crop-specific 120-day cycle starting from the south_coastal Kharif anchor.,,IND_ANDHRA_PRADESH_PRAKASAM,DYP_1C9BAFE96CC351A9,Census 2011,Census 2011,DPV_584AD4A694A98280,WPT_B1E3CCC60AD84E5F23C0,15.63552072,79.51129157,confirmed_exact_unique,confirmed,0,0,WW_22F25B5DCC8077AF7500,120,120,1.0,True,282.34999999999854,2.3529166666666543,49,71,1,28,6,30.412916666666085,35.99100000000035,25.76024999999948,45.62,22.73,59,0,58.03391666666963,19.018749999999514,4.112166666666553,30,7.850000000000364,35.13833333333217,28,30,98.99999999999818,28.334333333333294,1,Andhra Pradesh,PRAKASAM,Kharif,Groundnut,Andhra Pradesh,PRAKASAM,Kharif,Groundnut,0,legacy_source,1.0,2918.0,4803.0,1.645990404386566,1.645990404386566,0.0,Andhra PradeshPRAKASAM2012KharifGroundnut,legacy_source,conflict_legacy_preferred,2,6110.0,364642.0,6110,CCR_0095C918367ED7E2EA73,nominal_yield_per_area,1,
Punjab,MANSA,2011,Kharif,Moong(Green Gram),3000.0,2000.0,0.6666666666666666,160471,Punjab|Moong(Green Gram)|Kharif,2011-06-15,2011-09-12,90,90,0,state_zone+crop+season,v1.0,decided_project_convention,crop_cycle_estimate,north_northwest,green_gram,Crop-specific 90-day cycle starting from the north_northwest Kharif anchor.,,IND_PUNJAB_MANSA,DYP_7B95391EF14CD13D,Census 2011,Census 2011,DPV_4007DAFD6108D24C,WPT_1B1491D90CEF0D095C7F,29.87605798,75.48874358,confirmed_exact_unique,confirmed,0,0,WW_E3AFCD527EAAFC1702E6,90,90,1.0,True,383.4899999999989,4.260999999999988,51,39,2,6,13,32.54233333333331,37.246444444444045,28.010222222222364,44.13,24.55,63,0,60.299444444444575,18.47744444444446,2.0587777777777068,23,60.100000000000364,35.52999999999757,5,23,151.64999999999964,29.63434782608807,1,Punjab,MANSA,Kharif,Moong(Green Gram),Punjab,MANSA,Kharif,Moong(Green Gram),0,legacy_source,1.0,3000.0,2000.0,0.6666666666666666,0.6666666666666666,0.0,PunjabMANSA2011KharifMoong(Green Gram),legacy_source,conflict_legacy_preferred,2,160471.0,395501.0,160471,CCR_00A5C4C0AD7F74BF9FEB,nominal_yield_per_area,1,
Jharkhand,BOKARO,2004,Winter,Rice,16103.97,10897.03,0.676667306260506,73734,Jharkhand|Rice|Winter,2004-05-15,2004-12-10,210,210,0,state_zone+crop+season,v1.0,decided_project_convention,crop_cycle_estimate,east_northeast,rice,Crop-specific 210-day cycle starting from the east_northeast Winter anchor.,Winter rice: long monsoon-to-winter crop; not a December-February-only window.,IND_JHARKHAND_BOKARO,DYP_AC3F4F2EBED9E1CF,Census 2001,Census 2001,DPV_21E3532D4A8FAB6C,WPT_D2AE6E8BFDC6702EADD5,23.69435147,85.99736319,confirmed_exact_unique,confirmed,0,0,WW_56F71A58FEB4E98F2457,210,210,1.0,True,1154.920000000011,5.4996190476191,118,92,16,63,51,26.094619047618956,30.634857142857385,22.098619047619252,45.33,10.83,33,0,76.54057142857151,16.943619047619308,1.9575238095238179,53,310.4100000000035,31.16509433962264,5,53,0.3600000000005821,20.08377358490598,0,Jharkhand,BOKARO,Winter,Rice,Jharkhand,BOKARO,Winter,Rice,0,legacy_source,1.0,16103.97,10897.03,0.676667306260506,0.676667306260506,0.0,JharkhandBOKARO2004WinterRice,legacy_source,conflict_legacy_preferred,2,73734.0,291935.0,73734,CCR_00B6C9CB4BB994634BDF,nominal_yield_per_area,1,
Karnataka,CHITRADURGA,2014,Whole Year,Coconut,38729.0,297915.0,7.692297761367451,83298,Karnataka|Coconut|Whole Year,2014-07-01,2015-06-30,365,365,0,state_zone+crop+season,v1.0,decided_project_convention,annual_reporting_window,south_coastal,coconut,Whole Year mapped to the complete July-June crop-year reporting cycle.,Annual reporting window; do not calculate planting/harvest flags.,IND_KARNATAKA_CHITRADURGA,DYP_B89136885B282749,Census 2011,Census 2011,DPV_A9C9D3463D2102D7,WPT_0E2BDBE4CECAA3939A47,14.30426857,76.53278022,confirmed_exact_unique,confirmed,0,0,WW_4DF1EA9D5EA5F50F42EB,365,365,1.0,True,811.8200000000106,2.224164383561673,137,228,8,78,36,24.53334246575362,30.899671232876965,19.4065479452056,39.34,10.19,52,0,66.15471232876848,19.91232876712269,3.3153698630136903,92,399.77000000000953,24.041413043479817,6,92,209.4100000000035,27.25239130434847,1,Karnataka,CHITRADURGA,Whole Year,Coconut,Karnataka,CHITRADURGA,Whole Year,Coconut,0,legacy_source,1.0,38729.0,297915.0,7.692297761367451,7.692297761367451,0.0,KarnatakaCHITRADURGA2014Whole YearCoconut,legacy_source,conflict_legacy_preferred,2,83298.0,425498.0,83298,CCR_00BE32295D7E0B548543,coconut_non_tonne_reporting_unit,0,incompatible_target_unit_coconut
Jharkhand,JAMTARA,2004,Winter,Rice,29090.55,38128.01,1.3106665222898846,74364,Jharkhand|Rice|Winter,2004-05-15,2004-12-10,210,210,0,state_zone+crop+season,v1.0,decided_project_convention,crop_cycle_estimate,east_northeast,rice,Crop-specific 210-day cycle starting from the east_northeast Winter anchor.,Winter rice: long monsoon-to-winter crop; not a December-February-only window.,IND_JHARKHAND_JAMTARA,DYP_280AC7A3CCE11E53,Census 2001,Census 2011,DPV_0B5525E5636631C5,WPT_23EBE914D6C3D00F1CE3,23.98202836,86.93219854,alternate_layer_confirmed_name,working_strong,1,0,WW_EA96F5366357119F531E,210,210,1.0,True,1097.800000000012,5.227619047619105,129,81,8,57,51,26.466714285714747,30.844571428571225,22.61028571428573,44.56,11.31,32,0,77.41914285714253,17.101714285714287,2.0966666666666804,53,329.65000000000873,31.329245283019638,5,53,1.1500000000014552,20.614339622642564,0,Jharkhand,JAMTARA,Winter,Rice,Jharkhand,JAMTARA,Winter,Rice,0,legacy_source,1.0,29090.55,38128.01,1.3106665222898846,1.3106665222898846,0.0,JharkhandJAMTARA2004WinterRice,legacy_source,conflict_legacy_preferred,2,74364.0,291995.0,74364,CCR_00BE6C589FBC1E120689,nominal_yield_per_area,1,
Himachal Pradesh,SIRMAUR,2010,Kharif,Soyabean,35.0,59.0,1.6857142857142855,71665,Himachal Pradesh|Soyabean|Kharif,2010-06-15,2010-10-02,110,110,0,state_zone+crop+season,v1.0,decided_project_convention,crop_cycle_estimate,north_northwest,soybean,Crop-specific 110-day cycle starting from the north_northwest Kharif anchor.,,IND_HIMACHAL_PRADESH_SIRMAUR,DYP_9A90FA442FC54FDA,Census 2011,Census 2011,DPV_7726F756E99CA50F,WPT_7B222D368E5F32EE52E5,30.70123949,77.44689245,confirmed_exact_unique,confirmed,0,0,WW_95FE4999A70F2402378B,110,110,1.0,True,1743.5099999999984,15.850090909090895,92,18,32,7,41,26.165181818181537,30.11354545454722,22.570545454545407,41.59,16.57,17,0,75.95409090909048,17.355818181818307,1.6379090909090586,28,278.9100000000017,29.991428571428905,6,28,426.2399999999943,23.256428571428323,8,Himachal Pradesh,SIRMAUR,Kharif,Soyabean,Himachal Pradesh,SIRMAUR,Kharif,Soyabean,0,legacy_source,1.0,35.0,59.0,1.6857142857142855,1.6857142857142857,2.220446049250313e-16,Himachal PradeshSIRMAUR2010KharifSoyabean,legacy_source,conflict_legacy_preferred,2,71665.0,377764.0,71665,CCR_00D03503C09D5744292F,nominal_yield_per_area,1,
Rajasthan,JAIPUR,1999,Kharif,Cotton(lint),200.0,57.0,0.285,167772,Rajasthan|Cotton(lint)|Kharif,1999-05-31,1999-12-26,210,210,0,state_zone+crop+season,v1.0,decided_project_convention,crop_cycle_estimate,north_northwest,cotton,Crop-specific 210-day cycle starting from the north_northwest Kharif anchor.,,IND_RAJASTHAN_JAIPUR,DYP_3EAE95C7D27D7436,Census 2001,Census 2001,DPV_5D4B1E7578047A0E,WPT_BE8C3DA726E7361C718A,27.15140552,75.75400956,confirmed_exact_unique,confirmed,0,0,WW_AF6EAFB4710DC409BCC0,210,210,1.0,True,184.39999999999873,0.878095238095232,32,178,0,85,7,28.533666666666527,35.76904761904762,22.39033333333335,44.12,8.59,134,8,36.15757142857148,19.7130000000001,2.3592857142857233,53,39.169999999999845,34.826037735849106,13,53,0.0,19.735849056603566,0,Rajasthan,JAIPUR,Kharif,Cotton(lint),Rajasthan,JAIPUR,Kharif,Cotton(lint),0,legacy_source,1.0,200.0,57.0,0.285,0.285,0.0,RajasthanJAIPUR1999KharifCotton(lint),legacy_source,conflict_legacy_preferred,2,167772.0,561324.0,167772,CCR_00D0E7928532924B94A2,nominal_yield_per_area,1,
Karnataka,UDUPI,2002,Whole Year,Coconut,14179.0,60528.0,4.268848296776923,94885,Karnataka|Coconut|Whole Year,2002-07-01,2003-06-30,365,365,0,state_zone+crop+season,v1.0,decided_project_convention,annual_reporting_window,south_coastal,coconut,Whole Year mapped to the complete July-June crop-year reporting cycle.,Annual reporting window; do not calculate planting/harvest flags.,IND_KARNATAKA_UDUPI,DYP_F4392955E2BED462,Census 2001,Census 2001,DPV_27E69BC71BEA53EA,WPT_B7E2D04C0AAA92098280,13.48284445,74.89500301,confirmed_exact_unique,confirmed,0,0,WW_E73BB9DFF387759B2875,365,365,1.0,True,2792.739999999987,7.651342465753389,139,226,43,72,37,25.57115068493147,29.652767123287678,22.485972602739718,36.61,15.3,15,0,76.31778082191857,19.720739726027436,1.667643835616431,92,1108.439999999995,24.27684782608665,9,92,1184.2599999999875,27.744130434782836,16,Karnataka,UDUPI,Whole Year,Coconut,Karnataka,UDUPI,Whole Year,Coconut,0,legacy_source,1.0,14179.0,60528.0,4.268848296776923,4.268848296776923,0.0,KarnatakaUDUPI2002Whole YearCoconut,legacy_source,conflict_legacy_preferred,2,94885.0,250891.0,94885,CCR_00E81E8958A186F83465,coconut_non_tonne_reporting_unit,0,incompatible_target_unit_coconut
Himachal Pradesh,SHIMLA,2010,Kharif,Urad,1325.0,533.0,0.4022641509433962,71408,Himachal Pradesh|Urad|Kharif,2010-06-15,2010-09-17,95,95,0,state_zone+crop+season,v1.0,decided_project_convention,crop_cycle_estimate,north_northwest,black_gram,Crop-specific 95-day cycle starting from the north_northwest Kharif anchor.,,IND_HIMACHAL_PRADESH_SHIMLA,DYP_9CB6FC9F4BAD82A7,Census 2011,Census 2011,DPV_8BBF3E4436C82413,WPT_A95D692AF3FA9C5BF9FE,31.23991214,77.71693474,confirmed_exact_unique,confirmed,0,0,WW_9693A720A55400D40ABC,95,95,1.0,True,1319.600000000004,13.890526315789517,83,12,25,7,57,20.48357894736952,24.52736842105254,16.911789473684237,32.38,13.4,0,0,80.20957894736753,16.427157894736247,1.5562105263158101,24,217.01000000000022,22.256250000000364,7,24,390.89000000000124,19.00250000000172,9,Himachal Pradesh,SHIMLA,Kharif,Urad,Himachal Pradesh,SHIMLA,Kharif,Urad,0,legacy_source,1.0,1325.0,533.0,0.4022641509433962,0.40226415094339624,5.551115123125783e-17,Himachal PradeshSHIMLA2010KharifUrad,legacy_source,conflict_legacy_preferred,2,71408.0,377829.0,71408,CCR_01008D6E30D77DD2C1C7,nominal_yield_per_area,1,
Telangana,MAHBUBNAGAR,2013,Kharif,Small millets,880.0,665.0,0.7556818181818182,190155,Telangana|Small millets|Kharif,2013-05-15,2013-08-27,105,105,0,state_zone+crop+season,v1.0,decided_project_convention,crop_cycle_estimate,south_coastal,minor_cereal,Crop-specific 105-day cycle starting from the south_coastal Kharif anchor.,,IND_TELANGANA_MAHBUBNAGAR,DYP_0D176351A57CD030,Census 2011,Census 2011,DPV_7081F31811011D4F,WPT_7512FDB3144671548AF1,16.53450806,78.02633081,historical_state_boundary_fallback,historical_fallback,0,0,WW_83BCD46CF2F6B6B946EF,105,105,1.0,True,408.1200000000008,3.8868571428571506,58,47,4,7,10,27.32295238095297,32.249619047618694,23.32533333333281,43.29,20.93,16,0,70.26019047619221,17.35942857142876,4.299714285714245,27,86.82999999999811,30.951851851851206,6,27,141.34999999999854,25.465555555555813,3,Telangana,MAHBUBNAGAR,Kharif,Small millets,Telangana,MAHBUBNAGAR,Kharif,Small millets,0,legacy_source,1.0,880.0,665.0,0.7556818181818182,0.7556818181818182,0.0,TelanganaMAHBUBNAGAR2013KharifSmall millets,legacy_source,conflict_legacy_preferred,2,190155.0,447099.0,190155,CCR_01027FD16D13E7DBC658,nominal_yield_per_area,1,
Karnataka,UTTAR KANNAD,2008,Whole Year,Cashewnut,2952.0,2525.02,0.8553590785907859,95630,Karnataka|Cashewnut|Whole Year,2008-07-01,2009-06-30,365,365,0,state_zone+crop+season,v1.0,decided_project_convention,annual_reporting_window,south_coastal,cashew,Whole Year mapped to the complete July-June crop-year reporting cycle.,Annual reporting window; do not calculate planting/harvest flags.,IND_KARNATAKA_UTTAR_KANNAD,DYP_ABC8107558FA622F,Census 2011,Census 2011,DPV_E8A9E99C9BE7C03D,WPT_28089551954C69F1C7B0,14.72477026,74.64368043,working_fuzzy_same_state,working_fallback,0,0,WW_76D9291BE34013077B26,365,365,1.0,True,2208.8400000000074,6.051616438356184,165,200,32,99,53,26.622904109589403,29.763534246575308,24.17635616438347,35.59,19.29,1,0,76.03452054794498,19.560493150684696,2.2446575342465134,92,1408.750000000011,25.943152173912612,6,92,672.8799999999974,28.087934782608816,10,Karnataka,UTTAR KANNAD,Whole Year,Cashewnut,Karnataka,UTTAR KANNAD,Whole Year,Cashewnut,0,legacy_source,1.0,2952.0,2525.02,0.8553590785907859,0.8553590785907859,0.0,KarnatakaUTTAR KANNAD2008Whole YearCashewnut,legacy_source,conflict_legacy_preferred,2,95630.0,334980.0,95630,CCR_010F149247B329D9C36F,nominal_yield_per_area,1,
Tamil Nadu,PERAMBALUR,2009,Whole Year,Coconut,564.0,9800.0,17.375886524822697,180376,Tamil Nadu|Coconut|Whole Year,2009-07-01,2010-06-30,365,365,0,state_zone+crop+season,v1.0,decided_project_convention,annual_reporting_window,south_coastal,coconut,Whole Year mapped to the complete July-June crop-year reporting cycle.,Annual reporting window; do not calculate planting/harvest flags.,IND_TAMIL_NADU_PERAMBALUR,DYP_18FF6CADB66282B3,Census 2011,Census 2011,DPV_B8D41EAFE3BC0855,WPT_175960BE57FB9E477E9C,11.28587383,78.93232562,confirmed_exact_unique,confirmed,0,0,WW_48CB0571602DC23FC6EE,365,365,1.0,True,798.5199999999932,2.1877260273972414,120,245,8,91,14,27.31093150684961,33.813205479452236,22.33279452054763,41.92,14.48,153,0,68.20479452054762,19.557972602739657,2.628767123287716,92,198.9700000000048,28.356739130435177,12,92,231.0799999999981,29.96945652173868,3,Tamil Nadu,PERAMBALUR,Whole Year,Coconut,Tamil Nadu,PERAMBALUR,Whole Year,Coconut,0,legacy_source,1.0,564.0,9800.0,17.375886524822697,17.375886524822697,0.0,Tamil NaduPERAMBALUR2009Whole YearCoconut,legacy_source,conflict_legacy_preferred,2,180376.0,353029.0,180376,CCR_011485821DFD8265013D,coconut_non_tonne_reporting_unit,0,incompatible_target_unit_coconut
Maharashtra,HINGOLI,2007,Kharif,Maize,5.0,4.0,0.8,126961,Maharashtra|Maize|Kharif,2007-06-01,2007-09-28,120,120,0,state_zone+crop+season,v1.0,decided_project_convention,crop_cycle_estimate,central_west,maize,Crop-specific 120-day cycle starting from the central_west Kharif anchor.,,IND_MAHARASHTRA_HINGOLI,DYP_860556F167B7594B,Census 2011,Census 2011,DPV_6E1D78F34CEA2F53,WPT_4AFB13DEB4CC9447D67E,19.54142552,77.21867772,confirmed_exact_unique,confirmed,0,0,WW_81B9A6FE74248C856651,120,120,1.0,True,835.510000000002,6.962583333333351,96,24,10,4,30,26.96266666666658,31.144333333332785,23.490833333333164,41.72,21.14,13,0,78.66316666666704,17.69000000000051,2.9963333333333595,30,167.82999999999993,29.53133333333341,2,30,264.619999999999,25.63533333333374,4,Maharashtra,HINGOLI,Kharif,Maize,Maharashtra,HINGOLI,Kharif,Maize,0,legacy_source,1.0,5.0,4.0,0.8,0.8,0.0,MaharashtraHINGOLI2007KharifMaize,legacy_source,conflict_legacy_preferred,2,126961.0,343873.0,126961,CCR_01150F082B5A29F61294,nominal_yield_per_area,1,
Tamil Nadu,TIRUCHIRAPPALLI,2003,Whole Year,Coconut,5927.0,47300.0,7.980428547325797,184375,Tamil Nadu|Coconut|Whole Year,2003-07-01,2004-06-30,366,365,1,state_zone+crop+season,v1.0,decided_project_convention,annual_reporting_window,south_coastal,coconut,Whole Year mapped to the complete July-June crop-year reporting cycle.,Annual reporting window; do not calculate planting/harvest flags.,IND_TAMIL_NADU_TIRUCHIRAPPALLI,DYP_BBBBACFD059FB873,Census 2001,Census 2001,DPV_13E9435CF5964937,WPT_A820282B3550DAC894F5,10.8492909,78.7249069,confirmed_exact_unique,confirmed,0,0,WW_34194455538FCCA10225,366,366,1.0,True,867.1600000000153,2.3692896174863805,100,266,7,69,15,27.379808743169146,33.630956284153186,22.441065573770235,43.3,15.26,122,0,69.45521857923558,20.279972677595374,2.6900819672130916,92,267.51000000000386,28.347499999999854,11,92,243.2200000000048,29.433260869564908,2,Tamil Nadu,TIRUCHIRAPPALLI,Whole Year,Coconut,Tamil Nadu,TIRUCHIRAPPALLI,Whole Year,Coconut,0,legacy_source,1.0,5927.0,47300.0,7.980428547325797,7.980428547325797,0.0,Tamil NaduTIRUCHIRAPPALLI2003Whole YearCoconut,legacy_source,conflict_legacy_preferred,2,184375.0,268328.0,184375,CCR_01625BDC00D0A088264D,coconut_non_tonne_reporting_unit,0,incompatible_target_unit_coconut
Kerala,WAYANAD,2010,Whole Year,Tapioca,2265.1,118922.98,52.50230894883228,100006,Kerala|Tapioca|Whole Year,2010-07-01,2011-06-30,365,365,0,state_zone+crop+season,v1.0,decided_project_convention,annual_reporting_window,south_coastal,tapioca,Whole Year mapped to the complete July-June crop-year reporting cycle.,Annual reporting window; do not calculate planting/harvest flags.,IND_KERALA_WAYANAD,DYP_6B8B9DDB4B41BB60,Census 2011,Census 2011,DPV_159D260582C6B3B1,WPT_75248792C58DF0C6B655,11.7129786,76.12660127,confirmed_exact_unique,confirmed,0,0,WW_9BD2304B13AA65FC0021,365,365,1.0,True,2188.3899999999776,5.995589041095829,209,156,30,52,56,23.022712328767067,27.729726027397597,19.558219178082034,36.5,13.34,14,0,81.50810958904259,17.975863013698557,0.9175616438356384,92,983.25,22.177934782608645,2,92,616.0799999999981,24.790869565217335,11,Kerala,WAYANAD,Whole Year,Tapioca,Kerala,WAYANAD,Whole Year,Tapioca,0,legacy_source,1.0,2265.1,118922.98,52.50230894883228,52.50230894883228,0.0,KeralaWAYANAD2010Whole YearTapioca,legacy_source,conflict_legacy_preferred,2,100006.0,384127.0,100006,CCR_01640CF9D4E504FF30DB,nominal_yield_per_area,1,
Punjab,MANSA,2007,Rabi,Gram,2000.0,2000.0,1.0,160435,Punjab|Gram|Rabi,2007-10-30,2008-03-08,131,130,1,state_zone+crop+season,v1.0,decided_project_convention,crop_cycle_estimate,north_northwest,chickpea,Crop-specific 130-day cycle starting from the north_northwest Rabi anchor.,,IND_PUNJAB_MANSA,DYP_33B075A99F5D73A0,Census 2011,Census 2011,DPV_4007DAFD6108D24C,WPT_1B1491D90CEF0D095C7F,29.87605798,75.48874358,confirmed_exact_unique,confirmed,0,0,WW_4B920162F8E482B44C0B,131,131,1.0,True,17.719999999998436,0.13526717557250714,5,126,0,35,2,16.332977099236604,25.532900763358093,9.517709923663508,35.88,0.81,1,69,32.03465648854812,13.488931297710279,1.6666412213740938,33,1.5600000000004002,21.31969696969706,31,33,0.4899999999997817,17.958484848484108,0,Punjab,MANSA,Rabi,Gram,Punjab,MANSA,Rabi,Gram,0,legacy_source,1.0,2000.0,2000.0,1.0,1.0,0.0,PunjabMANSA2007RabiGram,legacy_source,conflict_legacy_preferred,2,160435.0,349406.0,160435,CCR_016989730DF2F8431D93,nominal_yield_per_area,1,
Punjab,MUKTSAR,2011,Kharif,Sesamum,1000.0,1000.0,1.0,160801,Punjab|Sesamum|Kharif,2011-06-15,2011-09-22,100,100,0,state_zone+crop+season,v1.0,decided_project_convention,crop_cycle_estimate,north_northwest,sesame,Crop-specific 100-day cycle starting from the north_northwest Kharif anchor.,,IND_PUNJAB_MUKTSAR,DYP_8F3D38907CFB265E,Census 2011,Census 2011,DPV_187414AFCA87F0E9,WPT_9B634E9DD0C01CC34254,30.28347818,74.52589237,confirmed_exact_unique,confirmed,0,0,WW_C0EBAB01958BE26F7E7C,100,100,1.0,True,392.3100000000004,3.923100000000004,54,46,3,6,13,33.359599999999915,38.38130000000034,28.530599999999833,45.55,21.94,71,0,56.24689999999944,19.053899999999558,1.6783000000000174,25,57.330000000001746,36.790000000001164,5,25,157.84999999999854,29.442400000001072,2,Punjab,MUKTSAR,Kharif,Sesamum,Punjab,MUKTSAR,Kharif,Sesamum,0,legacy_source,1.0,1000.0,1000.0,1.0,1.0,0.0,PunjabMUKTSAR2011KharifSesamum,legacy_source,conflict_legacy_preferred,2,160801.0,395663.0,160801,CCR_01807F92847BC2643AC2,nominal_yield_per_area,1,
Karnataka,CHAMARAJANAGAR,2009,Whole Year,Coconut,11365.0,80807.0,7.110162780466344,81038,Karnataka|Coconut|Whole Year,2009-07-01,2010-06-30,365,365,0,state_zone+crop+season,v1.0,decided_project_convention,annual_reporting_window,south_coastal,coconut,Whole Year mapped to the complete July-June crop-year reporting cycle.,Annual reporting window; do not calculate planting/harvest flags.,IND_KARNATAKA_CHAMARAJANAGAR,DYP_93B241006852DDCD,Census 2011,Census 2001,DPV_32FE55FF7B8D739A,WPT_757D4BA312034B40EF74,11.94752132,77.10167859,alternate_layer_confirmed_name,working_strong,1,0,WW_3E19A7B7BA0ADF2718D3,365,365,1.0,True,931.5400000000191,2.552164383561696,167,198,4,99,20,24.104876712328444,30.180547945204747,19.3396438356162,38.97,12.78,54,0,70.63328767123103,19.729698630137214,2.2662465753424317,92,416.9100000000053,22.827499999998786,4,92,330.05000000000655,25.817282608695994,0,Karnataka,CHAMARAJANAGAR,Whole Year,Coconut,Karnataka,CHAMARAJANAGAR,Whole Year,Coconut,0,legacy_source,1.0,11365.0,80807.0,7.110162780466344,7.110162780466344,0.0,KarnatakaCHAMARAJANAGAR2009Whole YearCoconut,legacy_source,conflict_legacy_preferred,2,81038.0,335074.0,81038,CCR_01919D70DBA09D8846C7,coconut_non_tonne_reporting_unit,0,incompatible_target_unit_coconut
West Bengal,COOCHBEHAR,2008,Whole Year,Coconut,1255.0,17060.0,13.593625498007968,235824,West Bengal|Coconut|Whole Year,2008-07-01,2009-06-30,365,365,0,state_zone+crop+season,v1.0,decided_project_convention,annual_reporting_window,east_northeast,coconut,Whole Year mapped to the complete July-June crop-year reporting cycle.,Annual reporting window; do not calculate planting/harvest flags.,IND_WEST_BENGAL_COOCHBEHAR,DYP_2412657995644D27,Census 2011,Census 2011,DPV_7D7D7208FCB85749,WPT_863DD2CC834AEF427CDD,26.25598297,89.42403132,working_fuzzy_same_state,working_fallback,0,0,WW_410D71CC34D6CAE86CEF,365,365,1.0,True,1557.0899999999747,4.265999999999931,152,213,20,72,31,24.518109589041018,29.840547945205767,20.000383561643794,39.66,10.56,35,0,68.24778082191894,15.760465753424437,1.0639726027397096,92,791.7099999999919,27.5207608695651,7,92,570.3199999999924,28.680326086956644,8,West Bengal,COOCHBEHAR,Whole Year,Coconut,West Bengal,COOCHBEHAR,Whole Year,Coconut,0,legacy_source,1.0,1255.0,17060.0,13.593625498007968,13.593625498007968,0.0,West BengalCOOCHBEHAR2008Whole YearCoconut,legacy_source,conflict_legacy_preferred,2,235824.0,362099.0,235824,CCR_0193F03034E14851851C,coconut_non_tonne_reporting_unit,0,incompatible_target_unit_coconut
Assam,KARIMGANJ,2000,Whole Year,Coconut,470.0,1262000.0,2685.106382978724,21478,Assam|Coconut|Whole Year,2000-07-01,2001-06-30,365,365,0,state_zone+crop+season,v1.0,decided_project_convention,annual_reporting_window,east_northeast,coconut,Whole Year mapped to the complete July-June crop-year reporting cycle.,Annual reporting window; do not calculate planting/harvest flags.,IND_ASSAM_KARIMGANJ,DYP_0499AEBC390AD34C,Census 2001,Census 2001,DPV_5B553C01FC20EB84,WPT_4A57BBE371A3BBABE257,24.58484921,92.37110377,confirmed_exact_unique,confirmed,0,0,WW_ADFD11CD72381789C803,365,365,1.0,True,2177.96,5.967013698630137,180,185,32,72,24,24.374000000000045,30.92252054794519,19.136876712328803,40.82,6.53,55,34,73.37665753424656,17.157561643835592,0.32353424657534396,92,928.8400000000029,28.104239130434824,4,92,932.6399999999958,28.098043478260756,17,Assam,KARIMGANJ,Whole Year,Coconut,Assam,KARIMGANJ,Whole Year,Coconut,0,legacy_source,1.0,470.0,1262000.0,2685.106382978724,2685.1063829787236,4.547473508864641e-13,AssamKARIMGANJ2000Whole YearCoconut,legacy_source,corroborated_after_scaling,2,21478.0,532772.0,21478,CCR_0035B56BA2B08985F569,coconut_non_tonne_reporting_unit,0,incompatible_target_unit_coconut
Andhra Pradesh,MEDAK,2004,Whole Year,Coconut,1.0,1178900.0,1178900.0,278036,Andhra Pradesh|Coconut|Whole Year,2004-07-01,2005-06-30,365,365,0,state_zone+crop+season,v1.0,decided_project_convention,annual_reporting_window,south_coastal,coconut,Whole Year mapped to the complete July-June crop-year reporting cycle.,Annual reporting window; do not calculate planting/harvest flags.,IND_ANDHRA_PRADESH_MEDAK,DYP_9BD3613887AC8990,Census 2001,Census 2001,DPV_C76E8EF70C99041C,WPT_CA67EA2043D0BD5EF5F0,17.85932596,78.22147265,confirmed_exact_unique,confirmed,0,0,WW_6D136E7DDD54A32E9712,365,365,1.0,True,746.1700000000028,2.0443013698630215,110,255,5,74,16,26.50893150684942,33.150684931506966,20.690054794520336,43.79,11.83,117,0,55.2217260273974,19.937643835616534,2.5858356164383287,92,443.3099999999977,25.372608695652,13,92,169.76000000000477,31.93586956521761,0,Andhra Pradesh,MEDAK,Whole Year,Coconut,Andhra Pradesh,MEDAK,Whole Year,Coconut,0,expanded_source_x100,0.01,1.0,11789.0,11789.0,11789.0,0.0,Andhra PradeshMEDAK2004Whole YearCoconut,expanded_source_x100,expanded_only_scaled,1,,278036.0,278036,CCR_00E5B62890D3EE8E4100,coconut_non_tonne_reporting_unit,0,incompatible_target_unit_coconut
Andhra Pradesh,SPSR NELLORE,2012,Whole Year,Coconut,735.0,12558000.0,17085.714285714286,6857,Andhra Pradesh|Coconut|Whole Year,2012-07-01,2013-06-30,365,365,0,state_zone+crop+season,v1.0,decided_project_convention,annual_reporting_window,south_coastal,coconut,Whole Year mapped to the complete July-June crop-year reporting cycle.,Annual reporting window; do not calculate planting/harvest flags.,IND_ANDHRA_PRADESH_SPSR_NELLORE,DYP_A718A920F3016088,Census 2011,Census 2011,DPV_D73013BC4E3F919C,WPT_D20CECF6196F557A1A0F,14.29261723,79.78248572,working_fuzzy_same_state,working_fallback,0,0,WW_0DA15D4E4BDB329BE87A,365,365,1.0,True,810.0899999999947,2.219424657534232,112,253,8,45,12,28.543397260273725,32.70328767123267,25.233178082191824,41.18,17.72,108,0,67.92235616438302,19.300794520548205,3.5939178082191847,92,231.4699999999957,30.06782608695705,5,92,113.57000000000335,31.623478260869728,1,Andhra Pradesh,SPSR NELLORE,Whole Year,Coconut,Andhra Pradesh,SPSR NELLORE,Whole Year,Coconut,0,legacy_source,1.0,735.0,12558000.0,17085.714285714286,17085.714285714286,0.0,Andhra PradeshSPSR NELLORE2012Whole YearCoconut,legacy_source,corroborated_after_scaling,2,6857.0,364212.0,6857,CCR_0105A62BB972BF4F1EE8,coconut_non_tonne_reporting_unit,0,incompatible_target_unit_coconut
Telangana,NALGONDA,2003,Whole Year,Coconut,30.0,341620.0,11387.333333333334,191136,Telangana|Coconut|Whole Year,2003-07-01,2004-06-30,366,365,1,state_zone+crop+season,v1.0,decided_project_convention,annual_reporting_window,south_coastal,coconut,Whole Year mapped to the complete July-June crop-year reporting cycle.,Annual reporting window; do not calculate planting/harvest flags.,IND_TELANGANA_NALGONDA,DYP_54C7D5EE852E441B,Census 2001,Census 2001,DPV_1C0CF6F6873FF2D0,WPT_78BC5F105D881E1F4165,17.09139675,79.41555129,historical_state_boundary_fallback,historical_fallback,0,0,WW_E020523058AF4AE079B4,366,366,1.0,True,791.9699999999984,2.1638524590163892,122,244,6,57,15,27.09789617486379,33.481830601092874,21.756038251366157,44.67,11.58,109,0,65.14871584699459,19.325191256830614,2.4753551912568317,92,426.0600000000013,27.217065217391315,6,92,139.050000000002,31.489347826088107,0,Telangana,NALGONDA,Whole Year,Coconut,Telangana,NALGONDA,Whole Year,Coconut,0,legacy_source,1.0,30.0,341620.0,11387.333333333334,11387.333333333334,0.0,TelanganaNALGONDA2003Whole YearCoconut,legacy_source,legacy_only,1,191136.0,,191136,CCR_01362785E0896F604D3D,coconut_non_tonne_reporting_unit,0,incompatible_target_unit_coconut
Tamil Nadu,KANNIYAKUMARI,2005,Whole Year,Coconut,24220.0,4098.0,0.1691990090834021,177804,Tamil Nadu|Coconut|Whole Year,2005-07-01,2006-06-30,365,365,0,state_zone+crop+season,v1.0,decided_project_convention,annual_reporting_window,south_coastal,coconut,Whole Year mapped to the complete July-June crop-year reporting cycle.,Annual reporting window; do not calculate planting/harvest flags.,IND_TAMIL_NADU_KANNIYAKUMARI,DYP_C24F60A447757976,Census 2001,Census 2001,DPV_E95739FFBCF63397,WPT_873D75E2A4837F3F8B3D,8.32891437,77.35528593,confirmed_exact_unique,confirmed,0,0,WW_A47EFE3A3A0539DE2D51,365,365,1.0,True,1750.5600000000195,4.796054794520601,138,227,28,44,14,25.206602739726037,29.441315068492997,22.097753424657316,38.77,14.78,34,0,83.19958904109447,19.196410958904096,2.7897260273972404,92,470.7600000000075,24.8307608695653,11,92,474.1000000000058,27.147934782608385,9,Tamil Nadu,KANNIYAKUMARI,Whole Year,Coconut,Tamil Nadu,KANNIYAKUMARI,Whole Year,Coconut,0,legacy_source,1.0,24220.0,4098.0,0.1691990090834021,0.16919900908340216,5.551115123125783e-17,Tamil NaduKANNIYAKUMARI2005Whole YearCoconut,legacy_source,conflict_legacy_preferred,2,177804.0,310225.0,177804,CCR_01C30771E31000D4872B,coconut_non_tonne_reporting_unit,0,incompatible_target_unit_coconut
Kerala,ALAPPUZHA,2014,Whole Year,Coconut,35161.0,218000000.0,6200.051193083245,96338,Kerala|Coconut|Whole Year,2014-07-01,2015-06-30,365,365,0,state_zone+crop+season,v1.0,decided_project_convention,annual_reporting_window,south_coastal,coconut,Whole Year mapped to the complete July-June crop-year reporting cycle.,Annual reporting window; do not calculate planting/harvest flags.,IND_KERALA_ALAPPUZHA,DYP_95BD3994F6DE9502,Census 2011,Census 2011,DPV_F1578462FFA918B5,WPT_99BC59CE92149EF66EF6,9.4907163,76.41464279,confirmed_exact_unique,confirmed,0,0,WW_C08D9B80C4A30C5A2A1D,365,365,1.0,True,2681.530000000035,7.346657534246672,237,128,36,22,44,27.875260273972767,29.316986301370534,26.61602739726021,33.76,23.54,0,0,77.17054794520564,18.533780821917613,3.0576712328766606,92,1287.67000000002,26.719130434783597,4,92,850.4000000000378,28.662717391304046,10,Kerala,ALAPPUZHA,Whole Year,Coconut,Kerala,ALAPPUZHA,Whole Year,Coconut,0,legacy_source,1.0,35161.0,218000000.0,6200.051193083245,6200.051193083245,0.0,KeralaALAPPUZHA2014Whole YearCoconut,legacy_source,corroborated_after_scaling,2,96338.0,429193.0,96338,CCR_01DE50B93221C44760AD,coconut_non_tonne_reporting_unit,0,incompatible_target_unit_coconut
Assam,SIVASAGAR,2004,Whole Year,Coconut,546.0,4373000.0,8009.15750915751,25086,Assam|Coconut|Whole Year,2004-07-01,2005-06-30,365,365,0,state_zone+crop+season,v1.0,decided_project_convention,annual_reporting_window,east_northeast,coconut,Whole Year mapped to the complete July-June crop-year reporting cycle.,Annual reporting window; do not calculate planting/harvest flags.,IND_ASSAM_SIVASAGAR,DYP_3BD05E42BD1783ED,Census 2001,Census 2011,DPV_89734F3674C3443F,WPT_F58371EE1E408067A865,26.99392213,94.80716378,alternate_layer_confirmed_name,working_strong,1,0,WW_E3A368ED1C3A1CC18525,365,365,1.0,True,1516.2199999999975,4.1540273972602675,181,184,12,64,17,23.09879452054788,29.04873972602722,18.509287671233075,41.41,8.23,24,20,71.90627397260268,15.168821917808167,0.3465205479452058,92,597.8499999999949,27.536195652173852,3,92,587.3600000000006,26.5548913043477,7,Assam,SIVASAGAR,Whole Year,Coconut,Assam,SIVASAGAR,Whole Year,Coconut,0,legacy_source,1.0,546.0,4373000.0,8009.15750915751,8009.15750915751,0.0,AssamSIVASAGAR2004Whole YearCoconut,legacy_source,legacy_only,1,25086.0,,25086,CCR_01E1A1CC90CA475742BD,coconut_non_tonne_reporting_unit,0,incompatible_target_unit_coconut
Kerala,WAYANAD,2005,Whole Year,Coconut,11517.0,38000000.0,3299.4703481809497,99931,Kerala|Coconut|Whole Year,2005-07-01,2006-06-30,365,365,0,state_zone+crop+season,v1.0,decided_project_convention,annual_reporting_window,south_coastal,coconut,Whole Year mapped to the complete July-June crop-year reporting cycle.,Annual reporting window; do not calculate planting/harvest flags.,IND_KERALA_WAYANAD,DYP_159961352E18C686,Census 2001,Census 2001,DPV_01D4F652B51F1FF9,WPT_75248792C58DF0C6B655,11.7129786,76.12660127,confirmed_exact_unique,confirmed,0,0,WW_DE9FC04DE1F721E38A03,365,365,1.0,True,2188.779999999999,5.996657534246572,186,179,34,52,48,23.190739726027704,28.06536986301358,19.519150684931383,37.14,12.86,26,0,80.35260273972678,18.45194520547933,0.9656164383561564,92,766.3199999999979,22.44239130434827,7,92,931.8799999999974,25.131086956521557,19,Kerala,WAYANAD,Whole Year,Coconut,Kerala,WAYANAD,Whole Year,Coconut,0,legacy_source,1.0,11517.0,38000000.0,3299.4703481809497,3299.4703481809497,0.0,KeralaWAYANAD2005Whole YearCoconut,legacy_source,corroborated_after_scaling,2,99931.0,295779.0,99931,CCR_01F14C5D95C8033A8BFC,coconut_non_tonne_reporting_unit,0,incompatible_target_unit_coconut
Karnataka,BIDAR,2004,Whole Year,Coconut,24.0,1158.96,48.29,79304,Karnataka|Coconut|Whole Year,2004-07-01,2005-06-30,365,365,0,state_zone+crop+season,v1.0,decided_project_convention,annual_reporting_window,south_coastal,coconut,Whole Year mapped to the complete July-June crop-year reporting cycle.,Annual reporting window; do not calculate planting/harvest flags.,IND_KARNATAKA_BIDAR,DYP_86804E38C034A305,Census 2001,Census 2001,DPV_B614AF9B8E8DED1C,WPT_4455251325BC2684C0A8,18.01913929,77.25614391,confirmed_exact_unique,confirmed,0,0,WW_F514123163DFF7AB316F,365,365,1.0,True,784.0300000000088,2.1480273972602983,116,249,7,74,16,26.270767123287477,33.17868493150705,20.23780821917805,43.9,11.12,117,0,54.54742465753416,19.838931506849313,2.5950136986301326,92,489.0300000000025,25.142934782608474,13,92,175.22000000000298,31.493152173912677,0,Karnataka,BIDAR,Whole Year,Coconut,Karnataka,BIDAR,Whole Year,Coconut,0,legacy_source,1.0,24.0,1158.96,48.29,48.29,0.0,KarnatakaBIDAR2004Whole YearCoconut,legacy_source,conflict_legacy_preferred,2,79304.0,292539.0,79304,CCR_021CC62F090F1F8676F4,coconut_non_tonne_reporting_unit,0,incompatible_target_unit_coconut
Kerala,KOTTAYAM,1997,Whole Year,Coconut,47710.0,172000.0,3.605114231817229,97788,Kerala|Coconut|Whole Year,1997-07-01,1998-06-30,365,365,0,state_zone+crop+season,v1.0,decided_project_convention,annual_reporting_window,south_coastal,coconut,Whole Year mapped to the complete July-June crop-year reporting cycle.,Annual reporting window; do not calculate planting/harvest flags.,IND_KERALA_KOTTAYAM,DYP_55FB760250D3F2C6,Census 2001,Census 2001,DPV_2187CE728BC277B6,WPT_194856BF2349CC38AAB9,9.62963529,76.6485794,confirmed_exact_unique,confirmed,0,0,WW_6A72B667DE7A6113A7DD,365,365,1.0,True,2711.310000000002,7.428246575342472,172,193,45,59,30,25.128986301369853,29.35323287671234,22.01580821917808,38.62,16.92,57,0,81.64449315068491,18.017205479452066,0.6820273972602727,92,1320.2200000000003,23.493804347826106,7,92,656.510000000002,27.109999999999967,10,Kerala,KOTTAYAM,Whole Year,Coconut,Kerala,KOTTAYAM,Whole Year,Coconut,0,legacy_source,1.0,47710.0,172000.0,3.605114231817229,3.605114231817229,0.0,KeralaKOTTAYAM1997Whole YearCoconut,legacy_source,conflict_legacy_preferred,2,97788.0,548114.0,97788,CCR_0252C1186F74BCD35F54,coconut_non_tonne_reporting_unit,0,incompatible_target_unit_coconut
Andhra Pradesh,VISAKHAPATANAM,2000,Whole Year,Coconut,7229.0,60016968.0,8302.250380412228,7775,Andhra Pradesh|Coconut|Whole Year,2000-07-01,2001-06-30,365,365,0,state_zone+crop+season,v1.0,decided_project_convention,annual_reporting_window,south_coastal,coconut,Whole Year mapped to the complete July-June crop-year reporting cycle.,Annual reporting window; do not calculate planting/harvest flags.,IND_ANDHRA_PRADESH_VISAKHAPATANAM,DYP_2D258A9B2DC87F76,Census 2001,Census 2001,DPV_B893825CD43FB785,WPT_48E0EC919F29C610566F,17.89685606,82.56573335,working_fuzzy_same_state,working_fallback,0,0,WW_FF7981E7394E7B2B47BB,365,365,1.0,True,960.8100000000068,2.63235616438358,132,233,10,99,15,24.026136986301264,30.266273972602626,19.15123287671225,41.23,10.04,58,0,67.31991780821934,18.38402739726021,1.9467945205479513,92,602.9300000000039,23.841847826087083,4,92,273.0799999999972,27.47793478260847,2,Andhra Pradesh,VISAKHAPATANAM,Whole Year,Coconut,Andhra Pradesh,VISAKHAPATANAM,Whole Year,Coconut,0,legacy_source,1.0,7229.0,60016968.0,8302.250380412228,8302.250380412228,0.0,Andhra PradeshVISAKHAPATANAM2000Whole YearCoconut,legacy_source,corroborated_after_scaling,2,7775.0,529532.0,7775,CCR_026667C55B624E74F042,coconut_non_tonne_reporting_unit,0,incompatible_target_unit_coconut
Karnataka,CHITRADURGA,2012,Whole Year,Coconut,42526.0,571181.0,13.431336123783096,83196,Karnataka|Coconut|Whole Year,2012-07-01,2013-06-30,365,365,0,state_zone+crop+season,v1.0,decided_project_convention,annual_reporting_window,south_coastal,coconut,Whole Year mapped to the complete July-June crop-year reporting cycle.,Annual reporting window; do not calculate planting/harvest flags.,IND_KARNATAKA_CHITRADURGA,DYP_EACF647864B0CBF7,Census 2011,Census 2011,DPV_A9C9D3463D2102D7,WPT_0E2BDBE4CECAA3939A47,14.30426857,76.53278022,confirmed_exact_unique,confirmed,0,0,WW_35438AC1B5B62A6A6B41,365,365,1.0,True,762.4000000000015,2.088767123287675,117,248,6,71,14,25.16284931506858,31.749589041095906,19.802082191781167,40.37,11.04,68,0,64.15049315068444,20.195671232876947,3.5248219178082727,92,289.5799999999999,24.196739130436427,12,92,319.34999999999854,27.161739130433883,4,Karnataka,CHITRADURGA,Whole Year,Coconut,Karnataka,CHITRADURGA,Whole Year,Coconut,0,legacy_source,1.0,42526.0,571181.0,13.431336123783096,13.431336123783097,1.7763568394002505e-15,KarnatakaCHITRADURGA2012Whole YearCoconut,legacy_source,conflict_legacy_preferred,2,83196.0,379984.0,83196,CCR_0283196658032B5027F6,coconut_non_tonne_reporting_unit,0,incompatible_target_unit_coconut
West Bengal,MEDINIPUR EAST,1997,Whole Year,Coconut,3065.0,3248590000.0,1059898.8580750409,573965,West Bengal|Coconut|Whole Year,1997-07-01,1998-06-30,365,365,0,state_zone+crop+season,v1.0,decided_project_convention,annual_reporting_window,east_northeast,coconut,Whole Year mapped to the complete July-June crop-year reporting cycle.,Annual reporting window; do not calculate planting/harvest flags.,IND_WEST_BENGAL_MEDINIPUR_EAST,DYP_CC52B0EFE382AE5C,Census 2001,Census 2001,DPV_66C10CE4150A3007,WPT_BA197CB481E1A627B3A9,22.2769435,87.41468998,working_fuzzy_same_state,working_fallback,0,1,WW_D7666A8A219B6C53C876,365,365,1.0,True,1505.0000000000002,4.123287671232878,171,194,18,34,32,25.435150684931482,30.805315068493186,20.814547945205483,45.97,6.13,68,24,75.5851506849315,16.90268493150688,2.012109589041092,92,983.0400000000004,27.85423913043478,2,92,246.88999999999965,31.22467391304344,1,West Bengal,MEDINIPUR EAST,Whole Year,Coconut,West Bengal,MEDINIPUR EAST,Whole Year,Coconut,0,expanded_source_x100,0.01,3065.0,32485900.0,10598.988580750409,10598.988580750407,1.8189894035458565e-12,West BengalMEDINIPUR EAST1997Whole YearCoconut,expanded_source_x100,expanded_only_scaled,1,,573965.0,573965,CCR_0288FB2F71DDAFA4B8C2,coconut_non_tonne_reporting_unit,0,incompatible_target_unit_coconut
Tamil Nadu,TIRUNELVELI,2008,Whole Year,Coconut,15378.0,1409000.0,91.62439849135129,185041,Tamil Nadu|Coconut|Whole Year,2008-07-01,2009-06-30,365,365,0,state_zone+crop+season,v1.0,decided_project_convention,annual_reporting_window,south_coastal,coconut,Whole Year mapped to the complete July-June crop-year reporting cycle.,Annual reporting window; do not calculate planting/harvest flags.,IND_TAMIL_NADU_TIRUNELVELI,DYP_9C906DC72F19A797,Census 2011,Census 2011,DPV_4CF7080FA15BEB2F,WPT_4C17DF617AACF396E75E,8.78081794,77.5325929,confirmed_exact_unique,confirmed,0,0,WW_BD102EF4A221EFFBA723,365,365,1.0,True,1240.9399999999914,3.3998356164383328,137,228,17,46,17,25.58476712328736,31.087534246574855,21.31358904109575,40.42,13.58,65,0,77.2705753424645,19.26358904109567,2.342246575342466,92,416.2499999999891,24.91315217391188,10,92,288.61999999998807,27.682934782608555,3,Tamil Nadu,TIRUNELVELI,Whole Year,Coconut,Tamil Nadu,TIRUNELVELI,Whole Year,Coconut,0,legacy_source,1.0,15378.0,1409000.0,91.62439849135129,91.62439849135129,0.0,Tamil NaduTIRUNELVELI2008Whole YearCoconut,legacy_source,conflict_legacy_preferred,2,185041.0,353064.0,185041,CCR_02A5D2D78D1B67A3236F,coconut_non_tonne_reporting_unit,0,incompatible_target_unit_coconut
Assam,TINSUKIA,2005,Whole Year,Coconut,78.0,32100000.0,411538.4615384616,280966,Assam|Coconut|Whole Year,2005-07-01,2006-06-30,365,365,0,state_zone+crop+season,v1.0,decided_project_convention,annual_reporting_window,east_northeast,coconut,Whole Year mapped to the complete July-June crop-year reporting cycle.,Annual reporting window; do not calculate planting/harvest flags.,IND_ASSAM_TINSUKIA,DYP_95A996860938EF70,Census 2001,Census 2001,DPV_F567BFA3105E64F9,WPT_76FB9579A503E7EAE752,27.59787306,95.57034234,confirmed_exact_unique,confirmed,0,0,WW_A26FDC6F35C8AB824D2A,365,365,1.0,True,1729.9700000000084,4.739643835616461,153,212,21,73,16,24.244547945205586,30.64221917808284,19.077835616438385,40.96,7.56,78,29,67.81454794520563,14.864657534246591,0.4294794520547839,92,699.7700000000023,29.631521739130815,13,92,783.2000000000044,27.760326086956333,11,Assam,TINSUKIA,Whole Year,Coconut,Assam,TINSUKIA,Whole Year,Coconut,0,expanded_source_x100,0.01,78.0,321000.0,4115.384615384616,4115.384615384615,9.094947017729282e-13,AssamTINSUKIA2005Whole YearCoconut,expanded_source_x100,expanded_only_scaled,1,,280966.0,280966,CCR_02C0C9DE901C6E352AF9,coconut_non_tonne_reporting_unit,0,incompatible_target_unit_coconut
Karnataka,KOPPAL,2003,Whole Year,Coconut,204.0,973.0,4.769607843137255,89997,Karnataka|Coconut|Whole Year,2003-07-01,2004-06-30,366,365,1,state_zone+crop+season,v1.0,decided_project_convention,annual_reporting_window,south_coastal,coconut,Whole Year mapped to the complete July-June crop-year reporting cycle.,Annual reporting window; do not calculate planting/harvest flags.,IND_KARNATAKA_KOPPAL,DYP_61AD7AE77FB57BD7,Census 2001,Census 2001,DPV_385BC83058A2B25D,WPT_0AAF4CF8AD971F76EEEB,15.57612597,76.31220857,confirmed_exact_unique,confirmed,0,0,WW_B793DCB4FCCA51144DB7,366,366,1.0,True,477.0600000000036,1.3034426229508294,96,270,3,64,9,26.16953551912567,33.31942622950817,20.247732240437234,42.29,12.15,90,0,58.30478142076452,20.47866120218574,3.267322404371585,92,125.40000000000055,26.4375,9,92,205.41000000000167,28.450108695652055,2,Karnataka,KOPPAL,Whole Year,Coconut,Karnataka,KOPPAL,Whole Year,Coconut,0,legacy_source,1.0,204.0,973.0,4.769607843137255,4.769607843137255,0.0,KarnatakaKOPPAL2003Whole YearCoconut,legacy_source,conflict_legacy_preferred,2,89997.0,250874.0,89997,CCR_02D53CAF14A38003FEC6,coconut_non_tonne_reporting_unit,0,incompatible_target_unit_coconut
Telangana,MEDAK,2006,Whole Year,Coconut,1.0,13017.0,13017.0,190647,Telangana|Coconut|Whole Year,2006-07-01,2007-06-30,365,365,0,state_zone+crop+season,v1.0,decided_project_convention,annual_reporting_window,south_coastal,coconut,Whole Year mapped to the complete July-June crop-year reporting cycle.,Annual reporting window; do not calculate planting/harvest flags.,IND_TELANGANA_MEDAK,DYP_C8BB6478E3FFA195,Census 2011,Census 2011,DPV_AFFED491ADADC890,WPT_CA67EA2043D0BD5EF5F0,17.85932596,78.22147265,historical_state_boundary_fallback,historical_fallback,0,0,WW_B21A06608ABE4F757B02,365,365,1.0,True,970.7500000000082,2.659589041095913,99,266,12,152,13,26.159123287671715,32.42065753424604,20.703342465753828,43.18,11.86,101,0,59.904082191781114,19.285424657534588,2.6179726027397496,92,699.7600000000048,25.32195652173908,8,92,194.02999999999884,31.817717391305095,1,Telangana,MEDAK,Whole Year,Coconut,Telangana,MEDAK,Whole Year,Coconut,0,legacy_source,1.0,1.0,13017.0,13017.0,13017.0,0.0,TelanganaMEDAK2006Whole YearCoconut,legacy_source,legacy_only,1,190647.0,,190647,CCR_02D7642FBEC24349707E,coconut_non_tonne_reporting_unit,0,incompatible_target_unit_coconut
West Bengal,DINAJPUR UTTAR,2009,Whole Year,Coconut,218.0,213550000.0,979587.1559633028,362109,West Bengal|Coconut|Whole Year,2009-07-01,2010-06-30,365,365,0,state_zone+crop+season,v1.0,decided_project_convention,annual_reporting_window,east_northeast,coconut,Whole Year mapped to the complete July-June crop-year reporting cycle.,Annual reporting window; do not calculate planting/harvest flags.,IND_WEST_BENGAL_DINAJPUR_UTTAR,DYP_3E3DEA8A2BBE1C06,Census 2011,Census 2011,DPV_FF212B03FBEE66D4,WPT_80BEC28BDE2D5DDEC6B1,25.87022591,87.96743925,working_fuzzy_same_state,working_fallback,0,0,WW_ADE8F984C3E6DA271F41,365,365,1.0,True,1831.700000000008,5.018356164383584,139,226,29,160,24,25.159397260273476,31.138630136986478,20.107561643835243,43.06,6.21,84,33,65.70873972602628,16.777671232877246,1.6469041095890233,92,976.28999999999,28.606739130435017,6,92,627.0000000000109,30.902934782607982,10,West Bengal,DINAJPUR UTTAR,Whole Year,Coconut,West Bengal,DINAJPUR UTTAR,Whole Year,Coconut,0,expanded_source_x100,0.01,218.0,2135500.0,9795.871559633028,9795.871559633028,0.0,West BengalDINAJPUR UTTAR2009Whole YearCoconut,expanded_source_x100,expanded_only_scaled,1,,362109.0,362109,CCR_02FF6AC1159B4282B0E6,coconut_non_tonne_reporting_unit,0,incompatible_target_unit_coconut
West Bengal,24 PARAGANAS NORTH,2014,Whole Year,Coconut,3723.0,4853950000.0,1303773.8383024444,455282,West Bengal|Coconut|Whole Year,2014-07-01,2015-06-30,365,365,0,state_zone+crop+season,v1.0,decided_project_convention,annual_reporting_window,east_northeast,coconut,Whole Year mapped to the complete July-June crop-year reporting cycle.,Annual reporting window; do not calculate planting/harvest flags.,IND_WEST_BENGAL_24_PARAGANAS_NORTH,DYP_33BBD3115CBC2104,Census 2011,Census 2011,DPV_AC6874AAE1FF5CDA,WPT_DF6C9120A35435B654C6,22.80629809,88.66042493,working_fuzzy_same_state,working_fallback,0,0,WW_6F92DDBBA56AFE5CA5EB,365,365,1.0,True,1373.4899999999943,3.7629863013698475,166,199,12,57,72,25.712520547945147,31.691342465753735,20.81663013698632,42.45,7.0,81,28,70.54934246575345,16.483506849315138,2.047945205479457,92,728.7900000000045,28.345760869564877,3,92,491.59999999999127,30.216086956521472,6,West Bengal,24 PARAGANAS NORTH,Whole Year,Coconut,West Bengal,24 PARAGANAS NORTH,Whole Year,Coconut,0,expanded_source_x100,0.01,3723.0,48539500.0,13037.738383024445,13037.738383024443,1.8189894035458565e-12,West Bengal24 PARAGANAS NORTH2014Whole YearCoconut,expanded_source_x100,expanded_only_scaled,1,,455282.0,455282,CCR_033D11F4EA37E722DFDD,coconut_non_tonne_reporting_unit,0,incompatible_target_unit_coconut
Kerala,IDUKKI,2013,Whole Year,Coconut,16518.0,90000000.0,5448.601525608427,96925,Kerala|Coconut|Whole Year,2013-07-01,2014-06-30,365,365,0,state_zone+crop+season,v1.0,decided_project_convention,annual_reporting_window,south_coastal,coconut,Whole Year mapped to the complete July-June crop-year reporting cycle.,Annual reporting window; do not calculate planting/harvest flags.,IND_KERALA_IDUKKI,DYP_C2E8867FA8BE3350,Census 2011,Census 2011,DPV_795BCB107CAFE98D,WPT_B21229084C107585D27C,9.81351166,77.00182843,confirmed_exact_unique,confirmed,0,0,WW_A4C5F309402ABAC2A236,365,365,1.0,True,1696.399999999987,4.647671232876676,196,169,19,43,29,22.912657534246243,27.522520547946087,19.575479452054562,36.77,13.45,10,0,81.63043835616499,18.955424657534035,0.4183835616438407,92,742.1800000000076,21.648043478261137,7,92,506.1899999999732,24.750434782608153,4,Kerala,IDUKKI,Whole Year,Coconut,Kerala,IDUKKI,Whole Year,Coconut,0,legacy_source,1.0,16518.0,90000000.0,5448.601525608427,5448.601525608427,0.0,KeralaIDUKKI2013Whole YearCoconut,legacy_source,corroborated_after_scaling,2,96925.0,429198.0,96925,CCR_033ED3A2EAC4464ED55F,coconut_non_tonne_reporting_unit,0,incompatible_target_unit_coconut
Arunachal Pradesh,KURUNG KUMEY,2003,Whole Year,Pulses total,120.0,140.0,1.1666666666666667,10567,Arunachal Pradesh|Pulses total|Whole Year,2003-07-01,2004-06-30,366,365,1,state_zone+crop+season,v1.0,decided_project_convention,annual_reporting_window,east_northeast,aggregate_pulses,Whole Year mapped to the complete July-June crop-year reporting cycle.,Annual reporting window; do not calculate planting/harvest flags.,IND_ARUNACHAL_PRADESH_KURUNG_KUMEY,DYP_1EB82828E183E8BC,Census 2001,Census 2011,DPV_923B528143DBE88D,WPT_CB1970C22C463E59C863,27.99138404,93.34244991,alternate_layer_confirmed_name,working_strong,1,0,WW_94ACD27BCF709B0FAC84,366,366,1.0,True,1698.2100000000119,4.639918032786918,184,182,16,50,25,8.6603278688525,13.444125683060088,5.136338797814182,20.85,-5.36,0,265,83.02038251366142,12.291475409835966,1.282978142076507,92,889.0599999999995,14.164891304347847,4,92,630.7500000000073,10.999021739130631,5,Arunachal Pradesh,KURUNG KUMEY,Whole Year,Pulses total,Arunachal Pradesh,KURUNG KUMEY,Whole Year,Pulses total,0,legacy_source,1.0,120.0,140.0,1.1666666666666667,1.1666666666666667,0.0,Arunachal PradeshKURUNG KUMEY2003Whole YearPulses total,legacy_source,legacy_only,1,10567.0,,10567,CCR_009C156F49DA108632A8,aggregate_crop_category,0,aggregate_category_not_individual_crop
Tamil Nadu,TIRUVANNAMALAI,1997,Whole Year,Pulses total,17106.0,7310.0,0.4273354378580615,185322,Tamil Nadu|Pulses total|Whole Year,1997-07-01,1998-06-30,365,365,0,state_zone+crop+season,v1.0,decided_project_convention,annual_reporting_window,south_coastal,aggregate_pulses,Whole Year mapped to the complete July-June crop-year reporting cycle.,Annual reporting window; do not calculate planting/harvest flags.,IND_TAMIL_NADU_TIRUVANNAMALAI,DYP_0A4EF6A432ACA371,Census 2001,Census 2001,DPV_E47C4FDD7E38B7C9,WPT_ABFED97310CAB6C84C78,12.42507189,79.00149051,confirmed_exact_unique,confirmed,0,0,WW_4BFA1EF95FB234291E73,365,365,1.0,True,1004.8899999999992,2.753123287671231,127,238,11,118,18,26.512164383561654,32.83432876712328,21.5907397260274,43.09,14.44,124,0,70.55684931506842,18.23438356164385,2.506575342465753,92,323.80999999999995,26.839782608695646,10,92,178.7999999999996,30.131739130434813,3,Tamil Nadu,TIRUVANNAMALAI,Whole Year,Pulses total,Tamil Nadu,TIRUVANNAMALAI,Whole Year,Pulses total,0,legacy_source,1.0,17106.0,7310.0,0.4273354378580615,0.4273354378580615,0.0,Tamil NaduTIRUVANNAMALAI1997Whole YearPulses total,legacy_source,legacy_only,1,185322.0,,185322,CCR_017AC2E032B9DFE0BD36,aggregate_crop_category,0,aggregate_category_not_individual_crop
Gujarat,SURENDRANAGAR,1998,Whole Year,Pulses total,17100.0,8200.0,0.47953216374269,63937,Gujarat|Pulses total|Whole Year,1998-07-01,1999-06-30,365,365,0,state_zone+crop+season,v1.0,decided_project_convention,annual_reporting_window,central_west,aggregate_pulses,Whole Year mapped to the complete July-June crop-year reporting cycle.,Annual reporting window; do not calculate planting/harvest flags.,IND_GUJARAT_SURENDRANAGAR,DYP_3A2E504E995E25E5,Census 2001,Census 2001,DPV_060EB8EC9BBE039E,WPT_58EBFF9C541EFBFC334D,22.8244256,71.48951361,confirmed_exact_unique,confirmed,0,0,WW_38E1E8A328DE53AA87DF,365,365,1.0,True,561.1799999999993,1.5374794520547925,64,301,9,102,9,27.703726027397238,35.69098630136981,20.896164383561715,45.64,9.01,189,6,48.35673972602746,20.099835616438376,3.109479452054794,92,403.8999999999995,29.76728260869575,10,92,78.9699999999998,32.616847826086875,1,Gujarat,SURENDRANAGAR,Whole Year,Pulses total,Gujarat,SURENDRANAGAR,Whole Year,Pulses total,0,legacy_source,1.0,17100.0,8200.0,0.47953216374269,0.47953216374269003,5.551115123125783e-17,GujaratSURENDRANAGAR1998Whole YearPulses total,legacy_source,legacy_only,1,63937.0,,63937,CCR_017DFE6F0E9D42AF36FE,aggregate_crop_category,0,aggregate_category_not_individual_crop
Uttar Pradesh,ALMORA,1997,Kharif,Oilseeds total,1295.0,65200.0,50.34749034749034,569541,Uttar Pradesh|Oilseeds total|Kharif,1997-06-15,1997-11-30,169,169,0,state_zone+crop+season,v1.0,decided_project_convention,aggregate_reporting_window,north_northwest,aggregate_oilseeds,Aggregate crop category mapped to the complete reporting-season window.,Aggregate crop category; uses the full reporting-season window.,IND_UTTAR_PRADESH_ALMORA,DYP_69773DAE01C1E72E,Census 2001,Census 2001,DPV_5A614107640A2B5A,WPT_D33062BABEF6949D0CFC,27.07456089,77.89157835,working_fuzzy_same_state,working_fallback,0,1,WW_3C9C7F303A427E1307FF,169,169,1.0,True,398.38,2.357278106508876,69,100,1,23,6,29.27810650887574,35.03917159763315,24.006153846153865,44.42,10.11,90,0,54.02857988165686,18.201420118343215,2.0036094674556195,43,128.43,35.08999999999999,4,43,20.379999999999995,22.488139534883672,0,Uttar Pradesh,ALMORA,Kharif,Oilseeds total,Uttar Pradesh,ALMORA,Kharif,Oilseeds total,0,expanded_source_x100,0.01,1295.0,652.0,0.5034749034749034,0.5034749034749034,0.0,Uttar PradeshALMORA1997KharifOilseeds total,expanded_source_x100,expanded_only_scaled,1,,569541.0,569541,CCR_01B9DCE24F57D35C2A9A,aggregate_crop_category,0,aggregate_category_not_individual_crop
Uttar Pradesh,SITAPUR,1997,Kharif,Total foodgrain,440490.0,803328.0,1.823714499761629,225463,Uttar Pradesh|Total foodgrain|Kharif,1997-06-15,1997-11-30,169,169,0,state_zone+crop+season,v1.0,decided_project_convention,aggregate_reporting_window,north_northwest,aggregate_foodgrain,Aggregate crop category mapped to the complete reporting-season window.,Aggregate crop category; uses the full reporting-season window.,IND_UTTAR_PRADESH_SITAPUR,DYP_B7AA1AFB466C060B,Census 2001,Census 2001,DPV_B47CC4CC71755C64,WPT_B8B36580A3C4D8C2A2DC,27.50287144,80.83480692,confirmed_exact_unique,confirmed,0,0,WW_C5FAC07469BE067E5EC1,169,169,1.0,True,521.5699999999997,3.0862130177514775,64,105,5,25,6,28.76088757396449,34.28437869822484,23.816686390532514,44.8,10.6,72,0,56.63414201183435,16.864260355029593,1.6915384615384603,43,212.96999999999997,34.06883720930236,4,43,54.18999999999994,22.324418604651136,0,Uttar Pradesh,SITAPUR,Kharif,Total foodgrain,Uttar Pradesh,SITAPUR,Kharif,Total foodgrain,0,legacy_source,1.0,440490.0,803328.0,1.823714499761629,1.823714499761629,0.0,Uttar PradeshSITAPUR1997KharifTotal foodgrain,legacy_source,legacy_only,1,225463.0,,225463,CCR_01EB6FE9713717BD3D5C,aggregate_crop_category,0,aggregate_category_not_individual_crop
Arunachal Pradesh,LOHIT,2003,Whole Year,Oilseeds total,9150.0,10980.0,1.2,10724,Arunachal Pradesh|Oilseeds total|Whole Year,2003-07-01,2004-06-30,366,365,1,state_zone+crop+season,v1.0,decided_project_convention,annual_reporting_window,east_northeast,aggregate_oilseeds,Whole Year mapped to the complete July-June crop-year reporting cycle.,Annual reporting window; do not calculate planting/harvest flags.,IND_ARUNACHAL_PRADESH_LOHIT,DYP_613DE04639EAA4DA,Census 2001,Census 2001,DPV_03FEFF4DD0A1BEC7,WPT_68FEB011E01798C4ABA6,28.00142641,96.6909314,confirmed_exact_unique,confirmed,0,0,WW_48D19FD7F73CB8123C64,366,366,1.0,True,1772.980000000016,4.844207650273267,183,183,21,61,21,9.74669398907101,15.2653278688525,5.411885245901605,23.64,-6.23,0,250,75.46691256830613,12.748715846994513,0.7662568306010837,92,789.1200000000008,15.54565217391309,4,92,703.7700000000004,12.07369565217386,9,Arunachal Pradesh,LOHIT,Whole Year,Oilseeds total,Arunachal Pradesh,LOHIT,Whole Year,Oilseeds total,0,legacy_source,1.0,9150.0,10980.0,1.2,1.2,0.0,Arunachal PradeshLOHIT2003Whole YearOilseeds total,legacy_source,corroborated_after_scaling,2,10724.0,239189.0,10724,CCR_022998D4A7DD23862545,aggregate_crop_category,0,aggregate_category_not_individual_crop
Arunachal Pradesh,LOWER SUBANSIRI,1998,Whole Year,Oilseeds total,1116.0,507.0,0.4543010752688172,11003,Arunachal Pradesh|Oilseeds total|Whole Year,1998-07-01,1999-06-30,365,365,0,state_zone+crop+season,v1.0,decided_project_convention,annual_reporting_window,east_northeast,aggregate_oilseeds,Whole Year mapped to the complete July-June crop-year reporting cycle.,Annual reporting window; do not calculate planting/harvest flags.,IND_ARUNACHAL_PRADESH_LOWER_SUBANSIRI,DYP_067A12B44BBB2452,Census 2001,Census 2001,DPV_879A8E8493E7F890,WPT_F1B501A827166859618E,27.85026085,93.51198409,confirmed_exact_unique,confirmed,0,0,WW_138D4FB99BC7A0D3FDEB,365,365,1.0,True,1719.9500000000003,4.712191780821919,167,198,21,50,67,15.056712328767171,20.695780821917797,10.756164383561648,28.6,-1.01,0,161,74.55104109589018,14.510027397260268,0.5120000000000009,92,1057.0499999999997,19.722826086956502,7,92,560.5699999999983,18.224456521739206,4,Arunachal Pradesh,LOWER SUBANSIRI,Whole Year,Oilseeds total,Arunachal Pradesh,LOWER SUBANSIRI,Whole Year,Oilseeds total,0,legacy_source,1.0,1116.0,507.0,0.4543010752688172,0.4543010752688172,0.0,Arunachal PradeshLOWER SUBANSIRI1998Whole YearOilseeds total,legacy_source,corroborated_after_scaling,2,11003.0,532018.0,11003,CCR_023797A89EEDCBD75D8F,aggregate_crop_category,0,aggregate_category_not_individual_crop
Arunachal Pradesh,DIBANG VALLEY,1999,Whole Year,Oilseeds total,3800.0,4000.0,1.0526315789473684,10082,Arunachal Pradesh|Oilseeds total|Whole Year,1999-07-01,2000-06-30,366,365,1,state_zone+crop+season,v1.0,decided_project_convention,annual_reporting_window,east_northeast,aggregate_oilseeds,Whole Year mapped to the complete July-June crop-year reporting cycle.,Annual reporting window; do not calculate planting/harvest flags.,IND_ARUNACHAL_PRADESH_DIBANG_VALLEY,DYP_AFC5DA469DFCA0A9,Census 2001,Census 2001,DPV_BB87C896FAD9CAE7,WPT_36B03F2926113023DF53,28.66893513,95.92175318,confirmed_exact_unique,confirmed,0,0,WW_7817217EE006B83E2F42,366,366,1.0,True,1527.320000000008,4.173005464480896,187,179,13,63,27,13.119508196721336,18.442814207650237,9.127240437158449,28.32,-2.14,0,182,73.06986338797812,13.419918032786851,0.48409836065573697,92,728.0300000000025,18.793478260869605,4,92,597.2300000000005,16.276847826086968,4,Arunachal Pradesh,DIBANG VALLEY,Whole Year,Oilseeds total,Arunachal Pradesh,DIBANG VALLEY,Whole Year,Oilseeds total,0,legacy_source,1.0,3800.0,4000.0,1.0526315789473684,1.0526315789473684,0.0,Arunachal PradeshDIBANG VALLEY1999Whole YearOilseeds total,legacy_source,corroborated_after_scaling,2,10082.0,532003.0,10082,CCR_02A2E9A87BD7DA0DDBCF,aggregate_crop_category,0,aggregate_category_not_individual_crop
Uttar Pradesh,KANPUR NAGAR,1997,Kharif,Oilseeds total,59531.0,33998.0,0.5710974114326989,213486,Uttar Pradesh|Oilseeds total|Kharif,1997-06-15,1997-11-30,169,169,0,state_zone+crop+season,v1.0,decided_project_convention,aggregate_reporting_window,north_northwest,aggregate_oilseeds,Aggregate crop category mapped to the complete reporting-season window.,Aggregate crop category; uses the full reporting-season window.,IND_UTTAR_PRADESH_KANPUR_NAGAR,DYP_3D0DA7F8F5D4337D,Census 2001,Census 2001,DPV_B723D99D65A4A5A9,WPT_DDFE2FD40164B43BE3D5,26.40850085,80.29412127,confirmed_exact_unique,confirmed,0,0,WW_8FD90E314270E7B7BB38,169,169,1.0,True,569.4799999999999,3.369704142011834,74,95,7,23,9,28.699230769230738,33.88781065088758,23.99899408284025,44.81,10.76,60,0,60.36644970414201,17.235798816568064,1.9552071005917164,43,198.51000000000005,34.246976744186014,3,43,47.59999999999991,22.9102325581395,0,Uttar Pradesh,KANPUR NAGAR,Kharif,Oilseeds total,Uttar Pradesh,KANPUR NAGAR,Kharif,Oilseeds total,0,legacy_source,1.0,59531.0,33998.0,0.5710974114326989,0.5710974114326989,0.0,Uttar PradeshKANPUR NAGAR1997KharifOilseeds total,legacy_source,corroborated_after_scaling,2,213486.0,569569.0,213486,CCR_02A66473D926F49FB517,aggregate_crop_category,0,aggregate_category_not_individual_crop
Maharashtra,SATARA,1997,Kharif,Total foodgrain,2668.0,2390.0,0.8958020989505248,132812,Maharashtra|Total foodgrain|Kharif,1997-06-01,1997-11-30,183,183,0,state_zone+crop+season,v1.0,decided_project_convention,aggregate_reporting_window,central_west,aggregate_foodgrain,Aggregate crop category mapped to the complete reporting-season window.,Aggregate crop category; uses the full reporting-season window.,IND_MAHARASHTRA_SATARA,DYP_7B4C9EA95A8F8D4A,Census 2001,Census 2001,DPV_832D47DBA2FDE6ED,WPT_0B0E5696590A71696857,17.63856076,74.30011997,confirmed_exact_unique,confirmed,0,0,WW_8A32B5A9BFB83401A4BF,183,183,1.0,True,878.2599999999996,4.799234972677594,106,77,6,16,34,23.802131147540997,28.671748633879783,20.310218579234974,35.07,16.2,1,0,80.5455737704918,17.73355191256829,3.713169398907105,46,362.1800000000002,24.736521739130445,3,46,108.20999999999992,23.62847826086958,0,Maharashtra,SATARA,Kharif,Total foodgrain,Maharashtra,SATARA,Kharif,Total foodgrain,0,legacy_source,1.0,2668.0,2390.0,0.8958020989505248,0.8958020989505248,0.0,MaharashtraSATARA1997KharifTotal foodgrain,legacy_source,legacy_only,1,132812.0,,132812,CCR_03075A79FFD343EABDB6,aggregate_crop_category,0,aggregate_category_not_individual_crop
Arunachal Pradesh,KURUNG KUMEY,2009,Whole Year,Oilseeds total,500.0,923.0,1.846,10611,Arunachal Pradesh|Oilseeds total|Whole Year,2009-07-01,2010-06-30,365,365,0,state_zone+crop+season,v1.0,decided_project_convention,annual_reporting_window,east_northeast,aggregate_oilseeds,Whole Year mapped to the complete July-June crop-year reporting cycle.,Annual reporting window; do not calculate planting/harvest flags.,IND_ARUNACHAL_PRADESH_KURUNG_KUMEY,DYP_C26DAAC5BBB8F98E,Census 2011,Census 2011,DPV_F825AB8F5E131925,WPT_CB1970C22C463E59C863,27.99138404,93.34244991,confirmed_exact_unique,confirmed,0,0,WW_1635F5FE86D7F7559867,365,365,1.0,True,1631.0400000000009,4.4686027397260295,187,178,13,53,37,8.940630136986346,14.112054794520592,5.105835616438289,21.27,-5.43,0,274,81.42931506849334,12.781205479452272,1.3305479452054734,92,748.6499999999942,14.199347826086997,5,92,702.4300000000076,11.64065217391291,5,Arunachal Pradesh,KURUNG KUMEY,Whole Year,Oilseeds total,Arunachal Pradesh,KURUNG KUMEY,Whole Year,Oilseeds total,0,legacy_source,1.0,500.0,923.0,1.846,1.846,0.0,Arunachal PradeshKURUNG KUMEY2009Whole YearOilseeds total,legacy_source,corroborated_after_scaling,2,10611.0,321830.0,10611,CCR_035A0D7564E7B2842161,aggregate_crop_category,0,aggregate_category_not_individual_crop
Uttar Pradesh,BASTI,1997,Kharif,Total foodgrain,255679.0,499125.0,1.952154850417907,201384,Uttar Pradesh|Total foodgrain|Kharif,1997-06-15,1997-11-30,169,169,0,state_zone+crop+season,v1.0,decided_project_convention,aggregate_reporting_window,north_northwest,aggregate_foodgrain,Aggregate crop category mapped to the complete reporting-season window.,Aggregate crop category; uses the full reporting-season window.,IND_UTTAR_PRADESH_BASTI,DYP_865E677B99C0AA90,Census 2001,Census 2001,DPV_7B094656E029B4E3,WPT_D026C8187D10EA8CEC30,26.83204435,82.55055578,confirmed_exact_unique,confirmed,0,0,WW_07E8BABB95D17FB905F6,169,169,1.0,True,579.3700000000002,3.4282248520710072,75,94,7,19,12,28.34893491124258,33.88887573964491,23.55378698224853,46.05,11.57,55,0,61.156449704141984,16.958106508875723,1.8704733727810658,43,232.79999999999995,33.3448837209302,5,43,44.67999999999995,22.693953488372053,1,Uttar Pradesh,BASTI,Kharif,Total foodgrain,Uttar Pradesh,BASTI,Kharif,Total foodgrain,0,legacy_source,1.0,255679.0,499125.0,1.952154850417907,1.952154850417907,0.0,Uttar PradeshBASTI1997KharifTotal foodgrain,legacy_source,legacy_only,1,201384.0,,201384,CCR_03D361AF4572E76BC837,aggregate_crop_category,0,aggregate_category_not_individual_crop
Arunachal Pradesh,WEST SIANG,2010,Whole Year,Oilseeds total,1764.0,1863.0,1.0561224489795915,12267,Arunachal Pradesh|Oilseeds total|Whole Year,2010-07-01,2011-06-30,365,365,0,state_zone+crop+season,v1.0,decided_project_convention,annual_reporting_window,east_northeast,aggregate_oilseeds,Whole Year mapped to the complete July-June crop-year reporting cycle.,Annual reporting window; do not calculate planting/harvest flags.,IND_ARUNACHAL_PRADESH_WEST_SIANG,DYP_8C55186279441D35,Census 2011,Census 2011,DPV_1A708054CC8A8927,WPT_03C939AE3DA5678BF3EA,28.29741878,94.6497667,confirmed_exact_unique,confirmed,0,0,WW_A97C684A4013170E3461,365,365,1.0,True,1734.1699999999873,4.751150684931472,194,171,17,28,42,12.009506849315052,17.084027397260428,8.238328767123303,26.97,-3.34,0,201,82.90731506849151,12.521424657534066,0.6050958904109555,92,1054.96000000001,17.704130434782595,2,92,456.1399999999885,14.770108695652237,2,Arunachal Pradesh,WEST SIANG,Whole Year,Oilseeds total,Arunachal Pradesh,WEST SIANG,Whole Year,Oilseeds total,0,legacy_source,1.0,1764.0,1863.0,1.0561224489795915,1.0561224489795917,2.220446049250313e-16,Arunachal PradeshWEST SIANG2010Whole YearOilseeds total,legacy_source,corroborated_after_scaling,2,12267.0,366296.0,12267,CCR_044F8E0DB1E34C85934C,aggregate_crop_category,0,aggregate_category_not_individual_crop
Arunachal Pradesh,KURUNG KUMEY,2003,Whole Year,Oilseeds total,350.0,301.0,0.86,10565,Arunachal Pradesh|Oilseeds total|Whole Year,2003-07-01,2004-06-30,366,365,1,state_zone+crop+season,v1.0,decided_project_convention,annual_reporting_window,east_northeast,aggregate_oilseeds,Whole Year mapped to the complete July-June crop-year reporting cycle.,Annual reporting window; do not calculate planting/harvest flags.,IND_ARUNACHAL_PRADESH_KURUNG_KUMEY,DYP_1EB82828E183E8BC,Census 2001,Census 2011,DPV_923B528143DBE88D,WPT_CB1970C22C463E59C863,27.99138404,93.34244991,alternate_layer_confirmed_name,working_strong,1,0,WW_94ACD27BCF709B0FAC84,366,366,1.0,True,1698.2100000000119,4.639918032786918,184,182,16,50,25,8.6603278688525,13.444125683060088,5.136338797814182,20.85,-5.36,0,265,83.02038251366142,12.291475409835966,1.282978142076507,92,889.0599999999995,14.164891304347847,4,92,630.7500000000073,10.999021739130631,5,Arunachal Pradesh,KURUNG KUMEY,Whole Year,Oilseeds total,Arunachal Pradesh,KURUNG KUMEY,Whole Year,Oilseeds total,0,legacy_source,1.0,350.0,301.0,0.86,0.86,0.0,Arunachal PradeshKURUNG KUMEY2003Whole YearOilseeds total,legacy_source,corroborated_after_scaling,2,10565.0,239186.0,10565,CCR_048C7F990BF66DC085B3,aggregate_crop_category,0,aggregate_category_not_individual_crop
Uttar Pradesh,FARRUKHABAD,1997,Kharif,Total foodgrain,182624.0,459981.0,2.5187324776590154,205996,Uttar Pradesh|Total foodgrain|Kharif,1997-06-15,1997-11-30,169,169,0,state_zone+crop+season,v1.0,decided_project_convention,aggregate_reporting_window,north_northwest,aggregate_foodgrain,Aggregate crop category mapped to the complete reporting-season window.,Aggregate crop category; uses the full reporting-season window.,IND_UTTAR_PRADESH_FARRUKHABAD,DYP_F631D4E97BA33027,Census 2001,Census 2001,DPV_F7604117EE78193B,WPT_A6A9DF92E37BC7C33CE1,27.4369249,79.49775619,confirmed_exact_unique,confirmed,0,0,WW_AFE4F4D5C6B70063790F,169,169,1.0,True,431.3299999999998,2.5522485207100583,72,97,2,23,8,29.057988165680452,34.6726627218935,23.959526627218956,44.41,10.27,86,0,54.198934911242574,17.93763313609463,1.8168047337278115,43,179.21999999999997,34.46581395348834,4,43,31.94999999999999,22.424883720930264,0,Uttar Pradesh,FARRUKHABAD,Kharif,Total foodgrain,Uttar Pradesh,FARRUKHABAD,Kharif,Total foodgrain,0,legacy_source,1.0,182624.0,459981.0,2.5187324776590154,2.5187324776590154,0.0,Uttar PradeshFARRUKHABAD1997KharifTotal foodgrain,legacy_source,legacy_only,1,205996.0,,205996,CCR_04A4E48F102692CB137E,aggregate_crop_category,0,aggregate_category_not_individual_crop
Maharashtra,AKOLA,1997,Kharif,Pulses total,2853.0,1497.0,0.5247108307045215,123170,Maharashtra|Pulses total|Kharif,1997-06-01,1997-11-30,183,183,0,state_zone+crop+season,v1.0,decided_project_convention,aggregate_reporting_window,central_west,aggregate_pulses,Aggregate crop category mapped to the complete reporting-season window.,Aggregate crop category; uses the full reporting-season window.,IND_MAHARASHTRA_AKOLA,DYP_F652A37440CCF4C0,Census 2001,Census 2001,DPV_F9041010A00988D8,WPT_931BCB4C58ACE29B76B4,20.76176928,77.19123502,confirmed_exact_unique,confirmed,0,0,WW_FFE4564A4EA290028655,183,183,1.0,True,822.1199999999997,4.492459016393441,85,98,9,19,12,26.566830601092885,31.745409836065587,22.244371584699426,41.62,16.47,18,0,73.4302732240437,18.184918032786875,2.678797814207654,46,231.57000000000005,29.86565217391305,8,46,160.53999999999985,24.16043478260868,2,Maharashtra,AKOLA,Kharif,Pulses total,Maharashtra,AKOLA,Kharif,Pulses total,0,legacy_source,1.0,2853.0,1497.0,0.5247108307045215,0.5247108307045215,0.0,MaharashtraAKOLA1997KharifPulses total,legacy_source,legacy_only,1,123170.0,,123170,CCR_052285ED42A6375750B9,aggregate_crop_category,0,aggregate_category_not_individual_crop
Arunachal Pradesh,EAST SIANG,2010,Whole Year,Oilseeds total,4730.0,4493.0,0.9498942917547568,10505,Arunachal Pradesh|Oilseeds total|Whole Year,2010-07-01,2011-06-30,365,365,0,state_zone+crop+season,v1.0,decided_project_convention,annual_reporting_window,east_northeast,aggregate_oilseeds,Whole Year mapped to the complete July-June crop-year reporting cycle.,Annual reporting window; do not calculate planting/harvest flags.,IND_ARUNACHAL_PRADESH_EAST_SIANG,DYP_E85A04B030D18101,Census 2011,Census 2011,DPV_CB302548B2C2F494,WPT_7F824148A10822B1615A,28.1553194,95.40060673,confirmed_exact_unique,confirmed,0,0,WW_7E764245AD371C6AC7CD,365,365,1.0,True,2621.779999999988,7.182958904109556,193,172,42,21,23,23.4089589041094,28.768328767123375,19.222712328767145,41.19,6.87,21,14,70.21547945205533,13.19230136986286,0.5270684931506827,92,1565.010000000013,28.38369565217268,2,92,678.2999999999811,26.777717391304062,11,Arunachal Pradesh,EAST SIANG,Whole Year,Oilseeds total,Arunachal Pradesh,EAST SIANG,Whole Year,Oilseeds total,0,legacy_source,1.0,4730.0,4493.0,0.9498942917547568,0.9498942917547569,1.1102230246251565e-16,Arunachal PradeshEAST SIANG2010Whole YearOilseeds total,legacy_source,corroborated_after_scaling,2,10505.0,366263.0,10505,CCR_05A33CCE6CBE6F61EFA6,aggregate_crop_category,0,aggregate_category_not_individual_crop
Tamil Nadu,TUTICORIN,1997,Whole Year,Pulses total,24295.0,10530.0,0.4334225149207656,185813,Tamil Nadu|Pulses total|Whole Year,1997-07-01,1998-06-30,365,365,0,state_zone+crop+season,v1.0,decided_project_convention,annual_reporting_window,south_coastal,aggregate_pulses,Whole Year mapped to the complete July-June crop-year reporting cycle.,Annual reporting window; do not calculate planting/harvest flags.,IND_TAMIL_NADU_TUTICORIN,DYP_C40D99C7C548057C,Census 2001,Census 2001,DPV_F4877E4F439152F6,WPT_A820282B3550DAC894F5,10.8492909,78.7249069,working_fuzzy_same_state,working_fallback,0,0,WW_6F9ADE8F9848C25CB79C,365,365,1.0,True,761.6599999999994,2.0867397260273957,101,264,6,113,16,28.318438356164368,34.540547945205475,23.489780821917833,43.96,16.04,170,0,67.66953424657534,18.779753424657542,2.7653424657534256,92,157.62000000000006,28.709239130434774,15,92,62.039999999999964,32.02239130434778,1,Tamil Nadu,TUTICORIN,Whole Year,Pulses total,Tamil Nadu,TUTICORIN,Whole Year,Pulses total,0,legacy_source,1.0,24295.0,10530.0,0.4334225149207656,0.4334225149207656,0.0,Tamil NaduTUTICORIN1997Whole YearPulses total,legacy_source,legacy_only,1,185813.0,,185813,CCR_05B447F4D32AC1642613,aggregate_crop_category,0,aggregate_category_not_individual_crop
Maharashtra,THANE,1997,Kharif,Pulses total,102.0,52.0,0.5098039215686274,133929,Maharashtra|Pulses total|Kharif,1997-06-01,1997-11-30,183,183,0,state_zone+crop+season,v1.0,decided_project_convention,aggregate_reporting_window,central_west,aggregate_pulses,Aggregate crop category mapped to the complete reporting-season window.,Aggregate crop category; uses the full reporting-season window.,IND_MAHARASHTRA_THANE,DYP_A36BBBD32E00094B,Census 2001,Census 2001,DPV_EC87A004533D313E,WPT_F98415CA471D5FCE221D,19.6060669,73.1522371,confirmed_exact_unique,confirmed,0,0,WW_90AFEAF640EB8FDFA6A1,183,183,1.0,True,1946.2599999999993,10.635300546448084,110,73,28,18,34,26.211420765027317,30.169617486338787,23.251693989071047,35.73,17.47,2,0,82.75218579234982,16.827595628415285,2.8040983606557384,46,876.31,27.445000000000014,1,46,78.17000000000007,25.905434782608726,1,Maharashtra,THANE,Kharif,Pulses total,Maharashtra,THANE,Kharif,Pulses total,0,legacy_source,1.0,102.0,52.0,0.5098039215686274,0.5098039215686274,0.0,MaharashtraTHANE1997KharifPulses total,legacy_source,legacy_only,1,133929.0,,133929,CCR_0606E347F9B2F508019A,aggregate_crop_category,0,aggregate_category_not_individual_crop
Arunachal Pradesh,EAST KAMENG,2003,Whole Year,Pulses total,585.0,655.0,1.1196581196581197,10269,Arunachal Pradesh|Pulses total|Whole Year,2003-07-01,2004-06-30,366,365,1,state_zone+crop+season,v1.0,decided_project_convention,annual_reporting_window,east_northeast,aggregate_pulses,Whole Year mapped to the complete July-June crop-year reporting cycle.,Annual reporting window; do not calculate planting/harvest flags.,IND_ARUNACHAL_PRADESH_EAST_KAMENG,DYP_D4AD47AB8F8CE560,Census 2001,Census 2001,DPV_BE5CBFCCDBD1D452,WPT_877605F1AD3744B4CD3E,27.44485355,93.06611291,confirmed_exact_unique,confirmed,0,0,WW_5EDB2B13A2C10EF0C725,366,366,1.0,True,2330.8700000000026,6.36849726775957,194,172,34,50,26,14.390218579234812,19.16972677595627,10.873278688524646,26.8,-0.15,0,148,82.60415300546423,12.291475409835966,0.6322950819672108,92,1114.5199999999968,19.70413043478228,4,92,948.970000000003,16.932173913043343,16,Arunachal Pradesh,EAST KAMENG,Whole Year,Pulses total,Arunachal Pradesh,EAST KAMENG,Whole Year,Pulses total,0,legacy_source,1.0,585.0,655.0,1.1196581196581197,1.1196581196581197,0.0,Arunachal PradeshEAST KAMENG2003Whole YearPulses total,legacy_source,legacy_only,1,10269.0,,10269,CCR_06455EF0474C88CB2FE6,aggregate_crop_category,0,aggregate_category_not_individual_crop
Gujarat,DANG,1998,Whole Year,Oilseeds total,4900.0,6400.0,1.3061224489795915,58858,Gujarat|Oilseeds total|Whole Year,1998-07-01,1999-06-30,365,365,0,state_zone+crop+season,v1.0,decided_project_convention,annual_reporting_window,central_west,aggregate_oilseeds,Whole Year mapped to the complete July-June crop-year reporting cycle.,Annual reporting window; do not calculate planting/harvest flags.,IND_GUJARAT_DANG,DYP_FA176842BB618E87,Census 2001,Census 2001,DPV_9E509BD7A51D28B3,WPT_431223C3F3F765CD9755,20.78543572,73.71011945,working_fuzzy_same_state,working_fallback,0,0,WW_81979BE9A35CFF63FA8E,365,365,1.0,True,1369.399999999999,3.7517808219178055,112,253,20,96,20,25.86421917808221,32.48731506849317,20.682301369862998,44.15,9.13,110,1,61.023342465753416,18.73753424657537,2.8471506849315014,92,1051.899999999999,25.95673913043481,5,92,154.9900000000007,29.861304347826064,2,Gujarat,DANG,Whole Year,Oilseeds total,Gujarat,DANG,Whole Year,Oilseeds total,0,legacy_source,1.0,4900.0,6400.0,1.3061224489795915,1.3061224489795917,2.220446049250313e-16,GujaratDANG1998Whole YearOilseeds total,legacy_source,corroborated_after_scaling,2,58858.0,541986.0,58858,CCR_066241F55BFFEBA33C94,aggregate_crop_category,0,aggregate_category_not_individual_crop
Nagaland,PEREN,2014,Kharif,Oilseeds total,1610.0,1640.0,1.0186335403726707,142467,Nagaland|Oilseeds total|Kharif,2014-05-15,2014-11-30,200,200,0,state_zone+crop+season,v1.0,decided_project_convention,aggregate_reporting_window,east_northeast,aggregate_oilseeds,Aggregate crop category mapped to the complete reporting-season window.,Aggregate crop category; uses the full reporting-season window.,IND_NAGALAND_PEREN,DYP_2248B526BE4A42A6,Census 2011,Census 2011,DPV_70E0F51319D45435,WPT_36E9187D4F528582994A,25.44793995,93.61878787,confirmed_exact_unique,confirmed,0,0,WW_97D6A917D5BF81C7D9F7,200,200,1.0,True,927.5399999999863,4.637699999999931,127,73,9,31,31,23.05404999999977,27.92744999999879,19.266350000000166,33.07,10.18,0,0,82.79125000000087,16.484250000000248,0.1456499999999778,50,342.3999999999978,24.897600000000676,3,50,32.30999999999767,19.373799999999463,0,Nagaland,PEREN,Kharif,Oilseeds total,Nagaland,PEREN,Kharif,Oilseeds total,0,legacy_source,1.0,1610.0,1640.0,1.0186335403726707,1.0186335403726707,0.0,NagalandPEREN2014KharifOilseeds total,legacy_source,corroborated_after_scaling,2,142467.0,437423.0,142467,CCR_06A1A4793B3B006532C8,aggregate_crop_category,0,aggregate_category_not_individual_crop
Tamil Nadu,COIMBATORE,1997,Whole Year,Total foodgrain,160230.0,155430.0,0.9700430630967984,174617,Tamil Nadu|Total foodgrain|Whole Year,1997-07-01,1998-06-30,365,365,0,state_zone+crop+season,v1.0,decided_project_convention,annual_reporting_window,south_coastal,aggregate_foodgrain,Whole Year mapped to the complete July-June crop-year reporting cycle.,Annual reporting window; do not calculate planting/harvest flags.,IND_TAMIL_NADU_COIMBATORE,DYP_8172AE9DE31AE5C8,Census 2001,Census 2001,DPV_18CF73F52E9E9925,WPT_898307B3B898B307C73D,10.81145276,77.07841209,confirmed_exact_unique,confirmed,0,0,WW_DA09A050DFA0493EAE39,365,365,1.0,True,1341.3100000000002,3.6748219178082198,178,187,14,97,35,25.00128767123289,30.3787397260274,20.89800000000001,40.25,14.41,83,0,76.71073972602736,18.24898630136984,2.145890410958904,92,533.26,23.384673913043482,6,92,271.03,28.092391304347906,2,Tamil Nadu,COIMBATORE,Whole Year,Total foodgrain,Tamil Nadu,COIMBATORE,Whole Year,Total foodgrain,0,legacy_source,1.0,160230.0,155430.0,0.9700430630967984,0.9700430630967983,1.1102230246251565e-16,Tamil NaduCOIMBATORE1997Whole YearTotal foodgrain,legacy_source,legacy_only,1,174617.0,,174617,CCR_06FD05868D3B6D9B71A2,aggregate_crop_category,0,aggregate_category_not_individual_crop
Maharashtra,AHMEDNAGAR,1997,Kharif,Pulses total,451.0,130.0,0.2882483370288248,122683,Maharashtra|Pulses total|Kharif,1997-06-01,1997-11-30,183,183,0,state_zone+crop+season,v1.0,decided_project_convention,aggregate_reporting_window,central_west,aggregate_pulses,Aggregate crop category mapped to the complete reporting-season window.,Aggregate crop category; uses the full reporting-season window.,IND_MAHARASHTRA_AHMEDNAGAR,DYP_A720E38E597D51F1,Census 2001,Census 2001,DPV_21D92029E0AF0B15,WPT_07CE0D6B69F2CE29608C,19.15693604,74.85524049,working_fuzzy_same_state,working_fallback,0,0,WW_A1F5B1F355BECD0069F8,183,183,1.0,True,550.2299999999999,3.006721311475409,81,102,5,16,10,25.562513661202168,31.45628415300545,21.07486338797814,37.48,15.08,6,0,71.93743169398905,18.032896174863403,3.3716939890710362,46,147.40999999999997,26.930869565217375,6,46,136.70999999999992,24.702391304347795,1,Maharashtra,AHMEDNAGAR,Kharif,Pulses total,Maharashtra,AHMEDNAGAR,Kharif,Pulses total,0,legacy_source,1.0,451.0,130.0,0.2882483370288248,0.28824833702882485,5.551115123125783e-17,MaharashtraAHMEDNAGAR1997KharifPulses total,legacy_source,legacy_only,1,122683.0,,122683,CCR_071F1339A3E1E151E1BC,aggregate_crop_category,0,aggregate_category_not_individual_crop
Uttarakhand,HARIDWAR,2014,Rabi,Pulses total,373.0,125.0,0.3351206434316354,230158,Uttarakhand|Pulses total|Rabi,2014-10-15,2015-04-30,198,198,0,state_zone+crop+season,v1.0,decided_project_convention,aggregate_reporting_window,north_northwest,aggregate_pulses,Aggregate crop category mapped to the complete reporting-season window.,Aggregate crop category; uses the full reporting-season window.,IND_UTTARAKHAND_HARIDWAR,DYP_ECAC22571C2D3FB8,Census 2011,Census 2011,DPV_761CDE3C8960A5F9,WPT_AF62507C758FABF44A02,29.89216611,78.00122398,working_fuzzy_same_state,working_fallback,0,0,WW_C574D4A0901B0C63AFB7,198,198,1.0,True,272.0000000000109,1.3737373737374288,35,163,2,46,4,18.349292929292947,25.359040404040094,13.329343434343613,37.48,4.41,11,54,47.478939393938596,15.842474747474663,1.576262626262619,50,12.000000000003638,19.96780000000028,38,50,73.18000000000029,23.97739999999816,0,Uttarakhand,HARIDWAR,Rabi,Pulses total,Uttarakhand,HARIDWAR,Rabi,Pulses total,0,legacy_source,1.0,373.0,125.0,0.3351206434316354,0.3351206434316354,0.0,UttarakhandHARIDWAR2014RabiPulses total,legacy_source,legacy_only,1,230158.0,,230158,CCR_07DC3A9994808BE98D22,aggregate_crop_category,0,aggregate_category_not_individual_crop
Uttarakhand,NAINITAL,2014,Whole Year,Pulses total,3363.0,2600.0,0.7731192387749034,230605,Uttarakhand|Pulses total|Whole Year,2014-07-01,2015-06-30,365,365,0,state_zone+crop+season,v1.0,decided_project_convention,annual_reporting_window,north_northwest,aggregate_pulses,Whole Year mapped to the complete July-June crop-year reporting cycle.,Annual reporting window; do not calculate planting/harvest flags.,IND_UTTARAKHAND_NAINITAL,DYP_1B490A89A2BAADD5,Census 2011,Census 2011,DPV_0C79D15792ACA232,WPT_7E2C31DB9ECD00D64E03,29.29386731,79.41607,confirmed_exact_unique,confirmed,0,0,WW_214D9DD5F3DFFA87C0D3,365,365,1.0,True,1302.279999999988,3.567890410958871,124,241,18,46,18,20.269999999999808,26.563150684931713,15.469698630137232,39.58,2.82,33,83,55.58101369862984,17.644630136985686,1.5810958904109849,92,709.6199999999953,24.510217391302948,6,92,297.630000000001,25.952282608695818,4,Uttarakhand,NAINITAL,Whole Year,Pulses total,Uttarakhand,NAINITAL,Whole Year,Pulses total,0,legacy_source,1.0,3363.0,2600.0,0.7731192387749034,0.7731192387749034,0.0,UttarakhandNAINITAL2014Whole YearPulses total,legacy_source,legacy_only,1,230605.0,,230605,CCR_07EE06E156121D157B00,aggregate_crop_category,0,aggregate_category_not_individual_crop
Arunachal Pradesh,LONGDING,2014,Whole Year,Oilseeds total,279.0,339.0,1.2150537634408602,10850,Arunachal Pradesh|Oilseeds total|Whole Year,2014-07-01,2015-06-30,365,365,0,state_zone+crop+season,v1.0,decided_project_convention,annual_reporting_window,east_northeast,aggregate_oilseeds,Whole Year mapped to the complete July-June crop-year reporting cycle.,Annual reporting window; do not calculate planting/harvest flags.,IND_ARUNACHAL_PRADESH_LONGDING,DYP_EDCE9A155DDD8D5A,Census 2011,Census 2011,DPV_6378600D88BB2B5A,WPT_06CE402DBA08A89A4004,27.26853481,96.06218313,working_fuzzy_same_state,working_fallback,0,0,WW_33DB3EC573680FDD237F,365,365,1.0,True,2023.8399999999601,5.544767123287562,175,190,31,34,24,21.201479452054816,26.03934246575291,17.248301369863505,33.05,7.93,0,29,76.30687671232783,13.757260273972866,0.22298630136985206,92,870.2999999999847,24.983804347825554,3,92,1006.239999999998,23.66760869565168,17,Arunachal Pradesh,LONGDING,Whole Year,Oilseeds total,Arunachal Pradesh,LONGDING,Whole Year,Oilseeds total,0,legacy_source,1.0,279.0,339.0,1.2150537634408602,1.2150537634408602,0.0,Arunachal PradeshLONGDING2014Whole YearOilseeds total,legacy_source,corroborated_after_scaling,2,10850.0,411273.0,10850,CCR_0848D994FA4F6D0D58F8,aggregate_crop_category,0,aggregate_category_not_individual_crop
Maharashtra,KOLHAPUR,1997,Kharif,Pulses total,142.0,65.0,0.4577464788732394,127963,Maharashtra|Pulses total|Kharif,1997-06-01,1997-11-30,183,183,0,state_zone+crop+season,v1.0,decided_project_convention,aggregate_reporting_window,central_west,aggregate_pulses,Aggregate crop category mapped to the complete reporting-season window.,Aggregate crop category; uses the full reporting-season window.,IND_MAHARASHTRA_KOLHAPUR,DYP_FF87390CAC7BE652,Census 2001,Census 2001,DPV_2A7BD6AF498FA8AA,WPT_DE0AB0B3706E73D0A228,16.46099639,74.08879291,confirmed_exact_unique,confirmed,0,0,WW_B1B5108FCE854134336F,183,183,1.0,True,1282.4499999999991,7.007923497267755,117,66,20,11,44,23.893333333333285,28.25349726775955,20.754863387978148,34.35,18.06,0,0,83.60639344262293,17.113770491803283,3.4931147540983583,46,578.7699999999999,24.716521739130435,1,46,82.60000000000036,24.08543478260866,0,Maharashtra,KOLHAPUR,Kharif,Pulses total,Maharashtra,KOLHAPUR,Kharif,Pulses total,0,legacy_source,1.0,142.0,65.0,0.4577464788732394,0.45774647887323944,5.551115123125783e-17,MaharashtraKOLHAPUR1997KharifPulses total,legacy_source,legacy_only,1,127963.0,,127963,CCR_0896A7EF2D219E28E69F,aggregate_crop_category,0,aggregate_category_not_individual_crop
Sikkim,WEST DISTRICT,2001,Whole Year,Oilseeds total,2000.0,1000.0,0.5,174339,Sikkim|Oilseeds total|Whole Year,2001-07-01,2002-06-30,365,365,0,state_zone+crop+season,v1.0,decided_project_convention,annual_reporting_window,east_northeast,aggregate_oilseeds,Whole Year mapped to the complete July-June crop-year reporting cycle.,Annual reporting window; do not calculate planting/harvest flags.,IND_SIKKIM_WEST_DISTRICT,DYP_E75B43BB6811BE15,Census 2001,Census 2001,DPV_9702FDB7E8FB52D4,WPT_0254264E124EF69FBF16,27.36418623,88.188754,working_fuzzy_same_state,working_fallback,0,0,WW_3B94F36A35332282DA59,365,365,1.0,True,719.4600000000028,1.9711232876712403,146,219,1,87,29,5.400493150684897,10.928520547945105,1.4342465753424634,18.2,-11.17,0,364,72.69575342465721,15.19879452054806,1.561205479452059,92,436.86000000000195,11.23380434782601,3,92,187.36999999999944,8.11847826086962,0,Sikkim,WEST DISTRICT,Whole Year,Oilseeds total,Sikkim,WEST DISTRICT,Whole Year,Oilseeds total,0,legacy_source,1.0,2000.0,1000.0,0.5,0.5,0.0,SikkimWEST DISTRICT2001Whole YearOilseeds total,legacy_source,corroborated_after_scaling,2,174339.0,267879.0,174339,CCR_0905A3E8F9FF34B3C3D3,aggregate_crop_category,0,aggregate_category_not_individual_crop
Arunachal Pradesh,UPPER SUBANSIRI,2001,Whole Year,Pulses total,350.0,450.0,1.2857142857142858,11852,Arunachal Pradesh|Pulses total|Whole Year,2001-07-01,2002-06-30,365,365,0,state_zone+crop+season,v1.0,decided_project_convention,annual_reporting_window,east_northeast,aggregate_pulses,Whole Year mapped to the complete July-June crop-year reporting cycle.,Annual reporting window; do not calculate planting/harvest flags.,IND_ARUNACHAL_PRADESH_UPPER_SUBANSIRI,DYP_DCF8FF6036836C93,Census 2001,Census 2001,DPV_41757A33ECED34B9,WPT_757A2CC185E79F78FD62,28.23225778,94.10779256,confirmed_exact_unique,confirmed,0,0,WW_A555DDF79CA3FD156B97,365,365,1.0,True,1744.5900000000056,4.779698630137002,191,174,16,40,41,18.199205479451884,23.80120547945226,13.585534246575227,33.64,1.51,0,114,74.61602739726041,13.195452054794512,0.5086301369863029,92,876.5300000000116,23.647282608695445,4,92,578.5399999999936,20.81836956521732,3,Arunachal Pradesh,UPPER SUBANSIRI,Whole Year,Pulses total,Arunachal Pradesh,UPPER SUBANSIRI,Whole Year,Pulses total,0,legacy_source,1.0,350.0,450.0,1.2857142857142858,1.2857142857142858,0.0,Arunachal PradeshUPPER SUBANSIRI2001Whole YearPulses total,legacy_source,legacy_only,1,11852.0,,11852,CCR_090CECD66263C70912E2,aggregate_crop_category,0,aggregate_category_not_individual_crop
Tamil Nadu,NAMAKKAL,1997,Whole Year,Total foodgrain,82909.0,146480.0,1.7667563231977228,179520,Tamil Nadu|Total foodgrain|Whole Year,1997-07-01,1998-06-30,365,365,0,state_zone+crop+season,v1.0,decided_project_convention,annual_reporting_window,south_coastal,aggregate_foodgrain,Whole Year mapped to the complete July-June crop-year reporting cycle.,Annual reporting window; do not calculate planting/harvest flags.,IND_TAMIL_NADU_NAMAKKAL,DYP_B28510B09DAD0155,Census 2001,Census 2001,DPV_EC37866182954332,WPT_7EEF126DBAB0A151F198,11.30239581,78.11969603,confirmed_exact_unique,confirmed,0,0,WW_0CB94E3755000B6B6A26,365,365,1.0,True,839.1399999999999,2.299013698630137,112,253,5,122,16,27.555452054794536,33.89523287671232,22.396410958904116,43.43,14.87,148,0,66.98090410958912,18.465013698630152,2.2784109589041117,92,187.72999999999996,27.596956521739152,12,92,85.06000000000006,31.47706521739126,1,Tamil Nadu,NAMAKKAL,Whole Year,Total foodgrain,Tamil Nadu,NAMAKKAL,Whole Year,Total foodgrain,0,legacy_source,1.0,82909.0,146480.0,1.7667563231977228,1.7667563231977228,0.0,Tamil NaduNAMAKKAL1997Whole YearTotal foodgrain,legacy_source,legacy_only,1,179520.0,,179520,CCR_092E8585D7BF5A7A9A11,aggregate_crop_category,0,aggregate_category_not_individual_crop
Arunachal Pradesh,UPPER SUBANSIRI,2008,Whole Year,Oilseeds total,473.0,520.0,1.0993657505285412,11918,Arunachal Pradesh|Oilseeds total|Whole Year,2008-07-01,2009-06-30,365,365,0,state_zone+crop+season,v1.0,decided_project_convention,annual_reporting_window,east_northeast,aggregate_oilseeds,Whole Year mapped to the complete July-June crop-year reporting cycle.,Annual reporting window; do not calculate planting/harvest flags.,IND_ARUNACHAL_PRADESH_UPPER_SUBANSIRI,DYP_FC3DC40CA75627AB,Census 2011,Census 2011,DPV_DDB4282A64DF0C2B,WPT_757A2CC185E79F78FD62,28.23225778,94.10779256,confirmed_exact_unique,confirmed,0,0,WW_60092C4A2FC506C46115,365,365,1.0,True,2062.6699999999764,5.651150684931443,169,196,30,34,20,17.8845479452056,23.246109589041062,13.586054794520598,30.42,3.41,0,119,77.89775342465656,12.865452054794519,0.49438356164384134,92,1147.9599999999882,22.651847826087284,4,92,714.809999999994,20.850652173914092,8,Arunachal Pradesh,UPPER SUBANSIRI,Whole Year,Oilseeds total,Arunachal Pradesh,UPPER SUBANSIRI,Whole Year,Oilseeds total,0,legacy_source,1.0,473.0,520.0,1.0993657505285412,1.0993657505285412,0.0,Arunachal PradeshUPPER SUBANSIRI2008Whole YearOilseeds total,legacy_source,corroborated_after_scaling,2,11918.0,321853.0,11918,CCR_0956147C7F0C669E3648,aggregate_crop_category,0,aggregate_category_not_individual_crop
Arunachal Pradesh,LOWER SUBANSIRI,2000,Whole Year,Oilseeds total,1220.0,1020.0,0.8360655737704918,11023,Arunachal Pradesh|Oilseeds total|Whole Year,2000-07-01,2001-06-30,365,365,0,state_zone+crop+season,v1.0,decided_project_convention,annual_reporting_window,east_northeast,aggregate_oilseeds,Whole Year mapped to the complete July-June crop-year reporting cycle.,Annual reporting window; do not calculate planting/harvest flags.,IND_ARUNACHAL_PRADESH_LOWER_SUBANSIRI,DYP_73E50C20C43DB4DC,Census 2001,Census 2001,DPV_879A8E8493E7F890,WPT_F1B501A827166859618E,27.85026085,93.51198409,confirmed_exact_unique,confirmed,0,0,WW_CC27E4D21710043F3673,365,365,1.0,True,1789.0800000000072,4.90158904109591,181,184,23,24,38,14.330219178082249,19.955342465753358,9.959232876712306,28.53,-1.29,0,177,77.6118904109587,13.513506849315,0.48890410958904124,92,1096.670000000002,19.604130434782668,3,92,578.6700000000019,17.4251086956523,6,Arunachal Pradesh,LOWER SUBANSIRI,Whole Year,Oilseeds total,Arunachal Pradesh,LOWER SUBANSIRI,Whole Year,Oilseeds total,0,legacy_source,1.0,1220.0,1020.0,0.8360655737704918,0.8360655737704918,0.0,Arunachal PradeshLOWER SUBANSIRI2000Whole YearOilseeds total,legacy_source,corroborated_after_scaling,2,11023.0,532020.0,11023,CCR_095ECFC860C434999501,aggregate_crop_category,0,aggregate_category_not_individual_crop
Maharashtra,LATUR,1997,Kharif,Pulses total,1860.0,223.0,0.1198924731182795,128369,Maharashtra|Pulses total|Kharif,1997-06-01,1997-11-30,183,183,0,state_zone+crop+season,v1.0,decided_project_convention,aggregate_reporting_window,central_west,aggregate_pulses,Aggregate crop category mapped to the complete reporting-season window.,Aggregate crop category; uses the full reporting-season window.,IND_MAHARASHTRA_LATUR,DYP_CCEBCFA4ED2612B4,Census 2001,Census 2001,DPV_48DAFF770E9610C8,WPT_2505009A0E6B1D86E030,18.35226656,76.75648855,confirmed_exact_unique,confirmed,0,0,WW_6EB22FD0C921B28F7D10,183,183,1.0,True,586.3600000000001,3.2041530054644816,95,88,1,12,11,25.984590163934428,31.680054644808777,21.46967213114754,39.2,17.29,13,0,71.52109289617485,18.41743169398906,3.068251366120222,46,175.8,27.853913043478247,5,46,138.82000000000005,24.411956521739146,0,Maharashtra,LATUR,Kharif,Pulses total,Maharashtra,LATUR,Kharif,Pulses total,0,legacy_source,1.0,1860.0,223.0,0.1198924731182795,0.11989247311827957,6.938893903907228e-17,MaharashtraLATUR1997KharifPulses total,legacy_source,legacy_only,1,128369.0,,128369,CCR_09C2D5487EE7EE2B4728,aggregate_crop_category,0,aggregate_category_not_individual_crop
Arunachal Pradesh,CHANGLANG,2000,Whole Year,Oilseeds total,3484.0,2857.0,0.8200344431687715,9908,Arunachal Pradesh|Oilseeds total|Whole Year,2000-07-01,2001-06-30,365,365,0,state_zone+crop+season,v1.0,decided_project_convention,annual_reporting_window,east_northeast,aggregate_oilseeds,Whole Year mapped to the complete July-June crop-year reporting cycle.,Annual reporting window; do not calculate planting/harvest flags.,IND_ARUNACHAL_PRADESH_CHANGLANG,DYP_562150D99E6F753F,Census 2001,Census 2001,DPV_CD3DE64D9200C3E3,WPT_06CE402DBA08A89A4004,27.26853481,96.06218313,confirmed_exact_unique,confirmed,0,0,WW_21815A37CD8EAA545AAE,365,365,1.0,True,768.3500000000049,2.105068493150698,124,241,6,45,12,22.147561643835758,28.316383561644002,17.297643835616405,37.14,5.53,12,37,58.41830136986307,14.526191780821852,0.27227397260273895,92,456.7500000000018,26.32402173913057,6,92,228.97000000000025,26.009239130435084,0,Arunachal Pradesh,CHANGLANG,Whole Year,Oilseeds total,Arunachal Pradesh,CHANGLANG,Whole Year,Oilseeds total,0,legacy_source,1.0,3484.0,2857.0,0.8200344431687715,0.8200344431687715,0.0,Arunachal PradeshCHANGLANG2000Whole YearOilseeds total,legacy_source,corroborated_after_scaling,2,9908.0,532000.0,9908,CCR_09C87C4DF2B0E16D7F4B,aggregate_crop_category,0,aggregate_category_not_individual_crop
Arunachal Pradesh,TAWANG,2007,Whole Year,Oilseeds total,185.0,233.0,1.2594594594594597,11428,Arunachal Pradesh|Oilseeds total|Whole Year,2007-07-01,2008-06-30,366,365,1,state_zone+crop+season,v1.0,decided_project_convention,annual_reporting_window,east_northeast,aggregate_oilseeds,Whole Year mapped to the complete July-June crop-year reporting cycle.,Annual reporting window; do not calculate planting/harvest flags.,IND_ARUNACHAL_PRADESH_TAWANG,DYP_32394B3C762B2B78,Census 2011,Census 2011,DPV_F9BCC275072FE56B,WPT_CE07699D54F5DA571741,27.65934351,91.94462756,confirmed_exact_unique,confirmed,0,0,WW_AA0FB075CCC6CFF12550,366,366,1.0,True,1236.3900000000085,3.378114754098384,164,202,9,50,32,7.232431693989021,13.220956284152953,2.6740163934425993,22.09,-10.54,0,338,77.66218579235,14.542677595628403,0.6481420765027293,92,606.2300000000014,13.036630434782676,8,92,463.130000000001,9.794130434782504,2,Arunachal Pradesh,TAWANG,Whole Year,Oilseeds total,Arunachal Pradesh,TAWANG,Whole Year,Oilseeds total,0,legacy_source,1.0,185.0,233.0,1.2594594594594597,1.2594594594594595,2.220446049250313e-16,Arunachal PradeshTAWANG2007Whole YearOilseeds total,legacy_source,corroborated_after_scaling,2,11428.0,321843.0,11428,CCR_0A015055E5E8D18C8946,aggregate_crop_category,0,aggregate_category_not_individual_crop
Tamil Nadu,DHARMAPURI,1997,Whole Year,Total foodgrain,235952.0,397460.0,1.6844951515562487,175614,Tamil Nadu|Total foodgrain|Whole Year,1997-07-01,1998-06-30,365,365,0,state_zone+crop+season,v1.0,decided_project_convention,annual_reporting_window,south_coastal,aggregate_foodgrain,Whole Year mapped to the complete July-June crop-year reporting cycle.,Annual reporting window; do not calculate planting/harvest flags.,IND_TAMIL_NADU_DHARMAPURI,DYP_A3BC86DD8201EA3E,Census 2001,Census 2001,DPV_D66865009490717B,WPT_E33E74789520498EE3C0,12.33003515,78.09199043,confirmed_exact_unique,confirmed,0,0,WW_7430F01B8EC4861F72BC,365,365,1.0,True,985.2399999999996,2.6992876712328755,130,235,11,118,18,25.245506849315085,31.468164383561657,20.27594520547942,41.26,12.96,87,0,70.86876712328763,18.27331506849314,2.6745753424657535,92,309.41999999999996,24.968695652173906,9,92,161.6400000000002,28.891739130434754,3,Tamil Nadu,DHARMAPURI,Whole Year,Total foodgrain,Tamil Nadu,DHARMAPURI,Whole Year,Total foodgrain,0,legacy_source,1.0,235952.0,397460.0,1.6844951515562487,1.6844951515562487,0.0,Tamil NaduDHARMAPURI1997Whole YearTotal foodgrain,legacy_source,legacy_only,1,175614.0,,175614,CCR_0A1BE68C8F98FE43BF81,aggregate_crop_category,0,aggregate_category_not_individual_crop
Uttar Pradesh,PAURI GARHWAL,1997,Kharif,Oilseeds total,819.0,36700.0,44.81074481074481,569580,Uttar Pradesh|Oilseeds total|Kharif,1997-06-15,1997-11-30,169,169,0,state_zone+crop+season,v1.0,decided_project_convention,aggregate_reporting_window,north_northwest,aggregate_oilseeds,Aggregate crop category mapped to the complete reporting-season window.,Aggregate crop category; uses the full reporting-season window.,IND_UTTAR_PRADESH_PAURI_GARHWAL,DYP_A4CE841006246D67,Census 2001,Census 2001,DPV_70AFB427271DC433,WPT_B12E79086BF2055A1D87,27.87291139,78.13922832,working_fuzzy_same_state,working_fallback,0,1,WW_C8EFB5BB43A948B11C66,169,169,1.0,True,408.7599999999997,2.4186982248520694,65,104,2,27,13,28.99497041420118,34.91615384615383,23.633195266272196,44.77,9.42,87,2,52.72331360946747,18.14005917159762,1.8205325443786984,43,168.69999999999987,34.644186046511635,4,43,32.98999999999995,21.785813953488308,0,Uttar Pradesh,PAURI GARHWAL,Kharif,Oilseeds total,Uttar Pradesh,PAURI GARHWAL,Kharif,Oilseeds total,0,expanded_source_x100,0.01,819.0,367.0,0.44810744810744807,0.4481074481074481,5.551115123125783e-17,Uttar PradeshPAURI GARHWAL1997KharifOilseeds total,expanded_source_x100,expanded_only_scaled,1,,569580.0,569580,CCR_0A727F9C7235E57D6743,aggregate_crop_category,0,aggregate_category_not_individual_crop
Tamil Nadu,COIMBATORE,1997,Whole Year,Pulses total,34941.0,13110.0,0.3752039151712887,174610,Tamil Nadu|Pulses total|Whole Year,1997-07-01,1998-06-30,365,365,0,state_zone+crop+season,v1.0,decided_project_convention,annual_reporting_window,south_coastal,aggregate_pulses,Whole Year mapped to the complete July-June crop-year reporting cycle.,Annual reporting window; do not calculate planting/harvest flags.,IND_TAMIL_NADU_COIMBATORE,DYP_8172AE9DE31AE5C8,Census 2001,Census 2001,DPV_18CF73F52E9E9925,WPT_898307B3B898B307C73D,10.81145276,77.07841209,confirmed_exact_unique,confirmed,0,0,WW_DA09A050DFA0493EAE39,365,365,1.0,True,1341.3100000000002,3.6748219178082198,178,187,14,97,35,25.00128767123289,30.3787397260274,20.89800000000001,40.25,14.41,83,0,76.71073972602736,18.24898630136984,2.145890410958904,92,533.26,23.384673913043482,6,92,271.03,28.092391304347906,2,Tamil Nadu,COIMBATORE,Whole Year,Pulses total,Tamil Nadu,COIMBATORE,Whole Year,Pulses total,0,legacy_source,1.0,34941.0,13110.0,0.3752039151712887,0.37520391517128876,5.551115123125783e-17,Tamil NaduCOIMBATORE1997Whole YearPulses total,legacy_source,legacy_only,1,174610.0,,174610,CCR_0A9721D7D3A7D4EA0E42,aggregate_crop_category,0,aggregate_category_not_individual_crop
Uttar Pradesh,HARDOI,1997,Kharif,Total foodgrain,523164.0,1069462.0,2.044219403475774,210201,Uttar Pradesh|Total foodgrain|Kharif,1997-06-15,1997-11-30,169,169,0,state_zone+crop+season,v1.0,decided_project_convention,aggregate_reporting_window,north_northwest,aggregate_foodgrain,Aggregate crop category mapped to the complete reporting-season window.,Aggregate crop category; uses the full reporting-season window.,IND_UTTAR_PRADESH_HARDOI,DYP_DEB50BE131B3AC6D,Census 2001,Census 2001,DPV_BFF4641DFA6B94CE,WPT_CEDE07DE49427D6DA028,27.33760274,80.10007773,confirmed_exact_unique,confirmed,0,0,WW_23759B6159138F76FF42,169,169,1.0,True,513.72,3.0397633136094675,72,97,4,22,6,28.762248520710045,34.183550295857934,23.837337278106524,44.47,10.26,72,0,56.46313609467456,16.864260355029593,1.6999999999999986,43,214.54999999999998,34.04999999999995,4,43,46.469999999999914,22.37395348837209,1,Uttar Pradesh,HARDOI,Kharif,Total foodgrain,Uttar Pradesh,HARDOI,Kharif,Total foodgrain,0,legacy_source,1.0,523164.0,1069462.0,2.044219403475774,2.044219403475774,0.0,Uttar PradeshHARDOI1997KharifTotal foodgrain,legacy_source,legacy_only,1,210201.0,,210201,CCR_0AB418723480564704BC,aggregate_crop_category,0,aggregate_category_not_individual_crop
Arunachal Pradesh,PAPUM PARE,1999,Whole Year,Oilseeds total,205.0,256.0,1.248780487804878,11183,Arunachal Pradesh|Oilseeds total|Whole Year,1999-07-01,2000-06-30,366,365,1,state_zone+crop+season,v1.0,decided_project_convention,annual_reporting_window,east_northeast,aggregate_oilseeds,Whole Year mapped to the complete July-June crop-year reporting cycle.,Annual reporting window; do not calculate planting/harvest flags.,IND_ARUNACHAL_PRADESH_PAPUM_PARE,DYP_B2929D0AA52A9863,Census 2001,Census 2001,DPV_CBC6B4394E32821B,WPT_AAFF22ABDF5F1396D4CD,27.30380652,93.63551522,confirmed_exact_unique,confirmed,0,0,WW_2F9A6E4551713784862D,366,366,1.0,True,2237.860000000007,6.114371584699472,189,177,32,57,36,17.194781420765064,22.57396174863391,12.721229508196759,31.45,0.5,0,143,77.4296174863384,13.480846994535499,0.6178961748633873,92,1140.2100000000019,22.550217391304276,2,92,836.7200000000021,20.840217391304417,10,Arunachal Pradesh,PAPUM PARE,Whole Year,Oilseeds total,Arunachal Pradesh,PAPUM PARE,Whole Year,Oilseeds total,0,legacy_source,1.0,205.0,256.0,1.248780487804878,1.248780487804878,0.0,Arunachal PradeshPAPUM PARE1999Whole YearOilseeds total,legacy_source,corroborated_after_scaling,2,11183.0,532023.0,11183,CCR_0AD612CE17096F4D2662,aggregate_crop_category,0,aggregate_category_not_individual_crop
Tamil Nadu,PUDUKKOTTAI,1998,Kharif,Total foodgrain,130913.0,38584.0,0.2947300879209857,180525,Tamil Nadu|Total foodgrain|Kharif,1998-05-15,1998-11-30,200,200,0,state_zone+crop+season,v1.0,decided_project_convention,aggregate_reporting_window,south_coastal,aggregate_foodgrain,Aggregate crop category mapped to the complete reporting-season window.,Aggregate crop category; uses the full reporting-season window.,IND_TAMIL_NADU_PUDUKKOTTAI,DYP_77C600F1EFE32AE0,Census 2001,Census 2001,DPV_C596F735024230A2,WPT_A6A2F3D4C5DFC0B0CDCF,10.28966116,78.81913125,confirmed_exact_unique,confirmed,0,0,WW_67AFF827E1556D7C90D3,200,200,1.0,True,625.6500000000002,3.128250000000001,79,121,8,29,13,28.347099999999944,33.329499999999996,24.388099999999977,41.82,19.01,62,0,71.26640000000002,19.504850000000104,2.7208500000000084,50,49.43999999999994,31.509799999999924,29,50,188.6400000000001,25.95719999999994,2,Tamil Nadu,PUDUKKOTTAI,Kharif,Total foodgrain,Tamil Nadu,PUDUKKOTTAI,Kharif,Total foodgrain,0,legacy_source,1.0,130913.0,38584.0,0.2947300879209857,0.2947300879209857,0.0,Tamil NaduPUDUKKOTTAI1998KharifTotal foodgrain,legacy_source,legacy_only,1,180525.0,,180525,CCR_0BFDFD63A22699A31BEF,aggregate_crop_category,0,aggregate_category_not_individual_crop
Uttar Pradesh,GONDA,1997,Kharif,Total foodgrain,392173.0,719617.0,1.8349478418963057,208697,Uttar Pradesh|Total foodgrain|Kharif,1997-06-15,1997-11-30,169,169,0,state_zone+crop+season,v1.0,decided_project_convention,aggregate_reporting_window,north_northwest,aggregate_foodgrain,Aggregate crop category mapped to the complete reporting-season window.,Aggregate crop category; uses the full reporting-season window.,IND_UTTAR_PRADESH_GONDA,DYP_7A79BAB1614D518C,Census 2001,Census 2001,DPV_276462B8B58EB97F,WPT_D4FA33823C21859EE814,27.11084139,81.92726867,confirmed_exact_unique,confirmed,0,0,WW_D189FFEBF4166B378327,169,169,1.0,True,608.2899999999998,3.599349112426035,69,100,7,22,12,28.334556213017766,33.54964497041424,23.63781065088759,45.74,11.38,51,0,61.56999999999996,16.68355029585802,1.8618343195266291,43,236.02999999999997,33.578139534883725,4,43,64.12,22.548604651162773,1,Uttar Pradesh,GONDA,Kharif,Total foodgrain,Uttar Pradesh,GONDA,Kharif,Total foodgrain,0,legacy_source,1.0,392173.0,719617.0,1.8349478418963057,1.8349478418963059,2.220446049250313e-16,Uttar PradeshGONDA1997KharifTotal foodgrain,legacy_source,legacy_only,1,208697.0,,208697,CCR_0C23C9BD5610FF72AB76,aggregate_crop_category,0,aggregate_category_not_individual_crop
Uttarakhand,RUDRA PRAYAG,2014,Kharif,Pulses total,591.0,424.0,0.7174280879864636,231641,Uttarakhand|Pulses total|Kharif,2014-06-15,2014-11-30,169,169,0,state_zone+crop+season,v1.0,decided_project_convention,aggregate_reporting_window,north_northwest,aggregate_pulses,Aggregate crop category mapped to the complete reporting-season window.,Aggregate crop category; uses the full reporting-season window.,IND_UTTARAKHAND_RUDRA_PRAYAG,DYP_2D278DE36EDCCBEF,Census 2011,Census 2011,DPV_A57F65E097FDA53D,WPT_4151AD03D93752D69459,30.51235903,79.04737693,confirmed_exact_unique,confirmed,0,0,WW_375562BDC30BF1413DDE,169,169,1.0,True,881.3299999999872,5.214970414201107,74,95,14,35,18,16.387514792899182,20.94289940828423,12.85994082840229,29.79,3.67,0,52,72.58384615384468,18.183136094674367,1.530355029585837,43,311.18999999999505,20.690232558139034,6,43,13.44999999999709,11.030697674418091,0,Uttarakhand,RUDRA PRAYAG,Kharif,Pulses total,Uttarakhand,RUDRA PRAYAG,Kharif,Pulses total,0,legacy_source,1.0,591.0,424.0,0.7174280879864636,0.7174280879864636,0.0,UttarakhandRUDRA PRAYAG2014KharifPulses total,legacy_source,legacy_only,1,231641.0,,231641,CCR_0C2D4165BF8A1CBAAE3F,aggregate_crop_category,0,aggregate_category_not_individual_crop
Tamil Nadu,THANJAVUR,1998,Kharif,Total foodgrain,234376.0,68859.0,0.2937971464655084,182289,Tamil Nadu|Total foodgrain|Kharif,1998-05-15,1998-11-30,200,200,0,state_zone+crop+season,v1.0,decided_project_convention,aggregate_reporting_window,south_coastal,aggregate_foodgrain,Aggregate crop category mapped to the complete reporting-season window.,Aggregate crop category; uses the full reporting-season window.,IND_TAMIL_NADU_THANJAVUR,DYP_61B915280FFD5714,Census 2001,Census 2001,DPV_C8AE5DAF7B3892ED,WPT_E914B63D84A380E5F050,10.6609086,79.19259968,confirmed_exact_unique,confirmed,0,0,WW_F1F76A2BB91A18A0A4BB,200,200,1.0,True,725.2099999999987,3.6260499999999936,92,108,6,28,24,28.804000000000187,32.54719999999998,25.78005000000001,39.75,21.19,50,0,73.33845000000018,18.672200000000004,3.3962,50,59.659999999998945,31.46779999999999,28,50,250.3499999999999,26.74560000000041,3,Tamil Nadu,THANJAVUR,Kharif,Total foodgrain,Tamil Nadu,THANJAVUR,Kharif,Total foodgrain,0,legacy_source,1.0,234376.0,68859.0,0.2937971464655084,0.2937971464655084,0.0,Tamil NaduTHANJAVUR1998KharifTotal foodgrain,legacy_source,legacy_only,1,182289.0,,182289,CCR_0C4EC44DDA0096971E86,aggregate_crop_category,0,aggregate_category_not_individual_crop
Tamil Nadu,VILLUPURAM,1997,Whole Year,Pulses total,5461.0,2390.0,0.4376487822743087,186784,Tamil Nadu|Pulses total|Whole Year,1997-07-01,1998-06-30,365,365,0,state_zone+crop+season,v1.0,decided_project_convention,annual_reporting_window,south_coastal,aggregate_pulses,Whole Year mapped to the complete July-June crop-year reporting cycle.,Annual reporting window; do not calculate planting/harvest flags.,IND_TAMIL_NADU_VILLUPURAM,DYP_F19C0DE179EF56C2,Census 2001,Census 2001,DPV_114F28D356BE581F,WPT_0C15841A704B73C8A925,11.97581652,79.17168448,working_fuzzy_same_state,working_fallback,0,0,WW_7C81C9FC2205FD057294,365,365,1.0,True,1210.2599999999995,3.315780821917807,121,244,18,122,19,28.40164383561642,33.9942191780822,24.153150684931507,42.59,17.37,171,0,70.24547945205482,17.957890410958896,2.60684931506849,92,258.4000000000001,29.321304347826068,11,92,105.2399999999991,31.966304347826103,2,Tamil Nadu,VILLUPURAM,Whole Year,Pulses total,Tamil Nadu,VILLUPURAM,Whole Year,Pulses total,0,legacy_source,1.0,5461.0,2390.0,0.4376487822743087,0.43764878227430876,5.551115123125783e-17,Tamil NaduVILLUPURAM1997Whole YearPulses total,legacy_source,legacy_only,1,186784.0,,186784,CCR_0C564D57C8CE84A6EF4F,aggregate_crop_category,0,aggregate_category_not_individual_crop
Tamil Nadu,RAMANATHAPURAM,1997,Whole Year,Pulses total,3601.0,1600.0,0.4443210219383504,180922,Tamil Nadu|Pulses total|Whole Year,1997-07-01,1998-06-30,365,365,0,state_zone+crop+season,v1.0,decided_project_convention,annual_reporting_window,south_coastal,aggregate_pulses,Whole Year mapped to the complete July-June crop-year reporting cycle.,Annual reporting window; do not calculate planting/harvest flags.,IND_TAMIL_NADU_RAMANATHAPURAM,DYP_DC4FCBC7C03A9554,Census 2001,Census 2001,DPV_547CBCFAE6CD4B63,WPT_95F6D0906B890F974C39,9.51968675,78.52016194,confirmed_exact_unique,confirmed,0,0,WW_08ABFCFD3E095C4EA5F2,365,365,1.0,True,890.4099999999984,2.43947945205479,131,234,5,131,11,28.3587671232877,32.21139726027402,25.460931506849295,38.46,20.94,79,0,74.47136986301362,18.5346301369863,3.683835616438358,92,242.80999999999983,27.83304347826086,7,92,177.54999999999882,30.597391304347877,1,Tamil Nadu,RAMANATHAPURAM,Whole Year,Pulses total,Tamil Nadu,RAMANATHAPURAM,Whole Year,Pulses total,0,legacy_source,1.0,3601.0,1600.0,0.4443210219383504,0.44432102193835044,5.551115123125783e-17,Tamil NaduRAMANATHAPURAM1997Whole YearPulses total,legacy_source,legacy_only,1,180922.0,,180922,CCR_0CCD6FD15A5D0CAEAA5D,aggregate_crop_category,0,aggregate_category_not_individual_crop
Arunachal Pradesh,WEST KAMENG,2001,Whole Year,Oilseeds total,53.0,45.0,0.8490566037735849,12014,Arunachal Pradesh|Oilseeds total|Whole Year,2001-07-01,2002-06-30,365,365,0,state_zone+crop+season,v1.0,decided_project_convention,annual_reporting_window,east_northeast,aggregate_oilseeds,Whole Year mapped to the complete July-June crop-year reporting cycle.,Annual reporting window; do not calculate planting/harvest flags.,IND_ARUNACHAL_PRADESH_WEST_KAMENG,DYP_DA6D9353F3592975,Census 2001,Census 2001,DPV_1797AD2BF2CD5145,WPT_A7DB5CA2F5AA32A6BC1C,27.33399854,92.43738929,confirmed_exact_unique,confirmed,0,0,WW_8BA0AE94E5617DCA311A,365,365,1.0,True,1085.2400000000025,2.9732602739726097,167,198,3,38,29,9.289589041095892,14.967342465753498,4.953534246575357,22.99,-4.78,0,268,79.34172602739713,14.194328767123249,0.940082191780816,92,516.0599999999986,15.162391304347851,5,92,398.9699999999966,11.636304347826096,2,Arunachal Pradesh,WEST KAMENG,Whole Year,Oilseeds total,Arunachal Pradesh,WEST KAMENG,Whole Year,Oilseeds total,0,legacy_source,1.0,53.0,45.0,0.8490566037735849,0.8490566037735849,0.0,Arunachal PradeshWEST KAMENG2001Whole YearOilseeds total,legacy_source,corroborated_after_scaling,2,12014.0,239210.0,12014,CCR_0D14A44099EE452573D7,aggregate_crop_category,0,aggregate_category_not_individual_crop
Arunachal Pradesh,CHANGLANG,2014,Whole Year,Oilseeds total,4793.0,3820.0,0.7969956186104736,10050,Arunachal Pradesh|Oilseeds total|Whole Year,2014-07-01,2015-06-30,365,365,0,state_zone+crop+season,v1.0,decided_project_convention,annual_reporting_window,east_northeast,aggregate_oilseeds,Whole Year mapped to the complete July-June crop-year reporting cycle.,Annual reporting window; do not calculate planting/harvest flags.,IND_ARUNACHAL_PRADESH_CHANGLANG,DYP_990603AC78C218F8,Census 2011,Census 2011,DPV_3EC4BC10D660334D,WPT_06CE402DBA08A89A4004,27.26853481,96.06218313,confirmed_exact_unique,confirmed,0,0,WW_33DB3EC573680FDD237F,365,365,1.0,True,2023.8399999999601,5.544767123287562,175,190,31,34,24,21.201479452054816,26.03934246575291,17.248301369863505,33.05,7.93,0,29,76.30687671232783,13.757260273972866,0.22298630136985206,92,870.2999999999847,24.983804347825554,3,92,1006.239999999998,23.66760869565168,17,Arunachal Pradesh,CHANGLANG,Whole Year,Oilseeds total,Arunachal Pradesh,CHANGLANG,Whole Year,Oilseeds total,0,legacy_source,1.0,4793.0,3820.0,0.7969956186104736,0.7969956186104736,0.0,Arunachal PradeshCHANGLANG2014Whole YearOilseeds total,legacy_source,corroborated_after_scaling,2,10050.0,411254.0,10050,CCR_0E4084C6BAB1CF5FF056,aggregate_crop_category,0,aggregate_category_not_individual_crop
