State_Name,District_Name,Crop_Year,Season,Crop,Area,Production,yield,source_row_id,calendar_rule_key,start_date,end_date,weather_window_days,nominal_rule_window_days,calendar_leap_day_adjustment,calendar_rule_level,calendar_rule_version,calendar_rule_status,calendar_window_type,calendar_state_zone,calendar_crop_group,calendar_rule_basis,calendar_special_note,district_id,district_year_point_id,preferred_census_version,used_census_version,district_point_version_id,weather_point_id,latitude,longitude,point_assignment_method,point_assignment_confidence,alternate_layer_used,shared_parent_boundary,weather_window_id,weather_days_expected,weather_days_present,weather_coverage_ratio,weather_window_valid,rain_sum_mm,rain_mean_mm,rainy_days_ge1mm,dry_days_lt1mm,heavy_rain_days_ge20mm,longest_dry_spell_days,longest_wet_spell_days,temp_mean_c,temp_max_mean_c,temp_min_mean_c,temp_max_absolute_c,temp_min_absolute_c,hot_days_tmax_ge35c,cold_days_tmin_lt10c,humidity_mean_pct,solar_radiation_mean,wind_speed_mean,first_25pct_days,first_25pct_rain_sum_mm,first_25pct_temp_mean_c,first_25pct_longest_dry_spell_days,last_25pct_days,last_25pct_rain_sum_mm,last_25pct_temp_mean_c,last_25pct_heavy_rain_days
Andaman and Nicobar Islands,NICOBARS,2000,Kharif,Arecanut,1254.0,2000.0,1.594896331738437,1,Andaman and Nicobar Islands|Arecanut|Kharif,2000-05-15,2000-11-30,200,200,0,state_zone+crop+season,v1.0,decided_project_convention,seasonal_reporting_window,south_coastal,arecanut,Perennial or plantation crop mapped to its recorded reporting season.,Seasonal reporting window for a perennial/plantation crop; not its full biological life cycle.,IND_ANDAMAN_AND_NICOBAR_ISLANDS_NICOBARS,DYP_D4C6855A334B7AE4,Census 2001,Census 2001,DPV_C385E1AA6D7F4D21,WPT_CC1ED26C57F3AA025BF3,7.00040199,93.81029172,confirmed_exact_unique,confirmed,0,0,WW_6A74AEE32D143BE812AE,200,200,1.0,True,1306.1200000000053,6.530600000000026,173,27,11,10,56,27.512050000000073,27.845300000000314,27.130099999999928,29.34,25.62,0,0,83.05285000000055,16.723800000000118,5.676799999999994,50,372.85000000000036,27.95219999999979,2,50,396.430000000003,27.15479999999996,4
Andaman and Nicobar Islands,NICOBARS,2000,Kharif,Other Kharif pulses,2.0,1.0,0.5,2,Andaman and Nicobar Islands|Other Kharif pulses|Kharif,2000-05-15,2000-11-30,200,200,0,state_zone+crop+season,v1.0,decided_project_convention,aggregate_reporting_window,south_coastal,aggregate_kharif_pulses,Aggregate crop category mapped to the complete reporting-season window.,Aggregate crop category; uses the full reporting-season window.,IND_ANDAMAN_AND_NICOBAR_ISLANDS_NICOBARS,DYP_D4C6855A334B7AE4,Census 2001,Census 2001,DPV_C385E1AA6D7F4D21,WPT_CC1ED26C57F3AA025BF3,7.00040199,93.81029172,confirmed_exact_unique,confirmed,0,0,WW_6A74AEE32D143BE812AE,200,200,1.0,True,1306.1200000000053,6.530600000000026,173,27,11,10,56,27.512050000000073,27.845300000000314,27.130099999999928,29.34,25.62,0,0,83.05285000000055,16.723800000000118,5.676799999999994,50,372.85000000000036,27.95219999999979,2,50,396.430000000003,27.15479999999996,4
Andaman and Nicobar Islands,NICOBARS,2000,Kharif,Rice,102.0,321.0,3.147058823529412,3,Andaman and Nicobar Islands|Rice|Kharif,2000-05-15,2000-10-11,150,150,0,state_zone+crop+season,v1.0,decided_project_convention,crop_cycle_estimate,south_coastal,rice,Crop-specific 150-day cycle starting from the south_coastal Kharif anchor.,,IND_ANDAMAN_AND_NICOBAR_ISLANDS_NICOBARS,DYP_D4C6855A334B7AE4,Census 2001,Census 2001,DPV_C385E1AA6D7F4D21,WPT_CC1ED26C57F3AA025BF3,7.00040199,93.81029172,confirmed_exact_unique,confirmed,0,0,WW_45ECFC6CDF9EEC6060B5,150,150,1.0,True,909.6900000000023,6.0646000000000155,131,19,7,10,39,27.631133333333445,27.952333333333712,27.26539999999991,29.34,25.62,0,0,82.99346666666717,17.17380000000012,5.918399999999977,38,270.579999999999,28.08184210526327,2,38,243.70999999999913,27.102105263157636,2
Andaman and Nicobar Islands,NICOBARS,2000,Whole Year,Banana,176.0,641.0,3.642045454545455,4,Andaman and Nicobar Islands|Banana|Whole Year,2000-07-01,2001-06-30,365,365,0,state_zone+crop+season,v1.0,decided_project_convention,annual_reporting_window,south_coastal,fruit_perennial,Whole Year mapped to the complete July-June crop-year reporting cycle.,Annual reporting window; do not calculate planting/harvest flags.,IND_ANDAMAN_AND_NICOBAR_ISLANDS_NICOBARS,DYP_D4C6855A334B7AE4,Census 2001,Census 2001,DPV_C385E1AA6D7F4D21,WPT_CC1ED26C57F3AA025BF3,7.00040199,93.81029172,confirmed_exact_unique,confirmed,0,0,WW_8CE740368D8229123B80,365,365,1.0,True,1925.7400000000061,5.276000000000017,302,63,11,10,56,27.54169863013703,27.902876712328833,27.13284931506847,29.43,25.62,0,0,81.68457534246598,17.3857534246576,4.830821917808215,92,498.1600000000035,27.53086956521775,10,92,479.1700000000019,28.153478260869516,0
Andaman and Nicobar Islands,NICOBARS,2000,Whole Year,Cashewnut,720.0,165.0,0.2291666666666666,5,Andaman and Nicobar Islands|Cashewnut|Whole Year,2000-07-01,2001-06-30,365,365,0,state_zone+crop+season,v1.0,decided_project_convention,annual_reporting_window,south_coastal,cashew,Whole Year mapped to the complete July-June crop-year reporting cycle.,Annual reporting window; do not calculate planting/harvest flags.,IND_ANDAMAN_AND_NICOBAR_ISLANDS_NICOBARS,DYP_D4C6855A334B7AE4,Census 2001,Census 2001,DPV_C385E1AA6D7F4D21,WPT_CC1ED26C57F3AA025BF3,7.00040199,93.81029172,confirmed_exact_unique,confirmed,0,0,WW_8CE740368D8229123B80,365,365,1.0,True,1925.7400000000061,5.276000000000017,302,63,11,10,56,27.54169863013703,27.902876712328833,27.13284931506847,29.43,25.62,0,0,81.68457534246598,17.3857534246576,4.830821917808215,92,498.1600000000035,27.53086956521775,10,92,479.1700000000019,28.153478260869516,0
Andaman and Nicobar Islands,NICOBARS,2000,Whole Year,Coconut,18168.0,65100000.0,3583.223249669749,6,Andaman and Nicobar Islands|Coconut|Whole Year,2000-07-01,2001-06-30,365,365,0,state_zone+crop+season,v1.0,decided_project_convention,annual_reporting_window,south_coastal,coconut,Whole Year mapped to the complete July-June crop-year reporting cycle.,Annual reporting window; do not calculate planting/harvest flags.,IND_ANDAMAN_AND_NICOBAR_ISLANDS_NICOBARS,DYP_D4C6855A334B7AE4,Census 2001,Census 2001,DPV_C385E1AA6D7F4D21,WPT_CC1ED26C57F3AA025BF3,7.00040199,93.81029172,confirmed_exact_unique,confirmed,0,0,WW_8CE740368D8229123B80,365,365,1.0,True,1925.7400000000061,5.276000000000017,302,63,11,10,56,27.54169863013703,27.902876712328833,27.13284931506847,29.43,25.62,0,0,81.68457534246598,17.3857534246576,4.830821917808215,92,498.1600000000035,27.53086956521775,10,92,479.1700000000019,28.153478260869516,0
Andaman and Nicobar Islands,NICOBARS,2000,Whole Year,Dry ginger,36.0,100.0,2.7777777777777777,7,Andaman and Nicobar Islands|Dry ginger|Whole Year,2000-07-01,2001-06-30,365,365,0,state_zone+crop+season,v1.0,decided_project_convention,annual_reporting_window,south_coastal,ginger,Whole Year mapped to the complete July-June crop-year reporting cycle.,Annual reporting window; do not calculate planting/harvest flags.,IND_ANDAMAN_AND_NICOBAR_ISLANDS_NICOBARS,DYP_D4C6855A334B7AE4,Census 2001,Census 2001,DPV_C385E1AA6D7F4D21,WPT_CC1ED26C57F3AA025BF3,7.00040199,93.81029172,confirmed_exact_unique,confirmed,0,0,WW_8CE740368D8229123B80,365,365,1.0,True,1925.7400000000061,5.276000000000017,302,63,11,10,56,27.54169863013703,27.902876712328833,27.13284931506847,29.43,25.62,0,0,81.68457534246598,17.3857534246576,4.830821917808215,92,498.1600000000035,27.53086956521775,10,92,479.1700000000019,28.153478260869516,0
Andaman and Nicobar Islands,NICOBARS,2000,Whole Year,Sugarcane,1.0,2.0,2.0,8,Andaman and Nicobar Islands|Sugarcane|Whole Year,2000-07-01,2001-06-30,365,365,0,state_zone+crop+season,v1.0,decided_project_convention,annual_reporting_window,south_coastal,sugarcane,Whole Year mapped to the complete July-June crop-year reporting cycle.,Annual reporting window; do not calculate planting/harvest flags.,IND_ANDAMAN_AND_NICOBAR_ISLANDS_NICOBARS,DYP_D4C6855A334B7AE4,Census 2001,Census 2001,DPV_C385E1AA6D7F4D21,WPT_CC1ED26C57F3AA025BF3,7.00040199,93.81029172,confirmed_exact_unique,confirmed,0,0,WW_8CE740368D8229123B80,365,365,1.0,True,1925.7400000000061,5.276000000000017,302,63,11,10,56,27.54169863013703,27.902876712328833,27.13284931506847,29.43,25.62,0,0,81.68457534246598,17.3857534246576,4.830821917808215,92,498.1600000000035,27.53086956521775,10,92,479.1700000000019,28.153478260869516,0
Andaman and Nicobar Islands,NICOBARS,2000,Whole Year,Sweet potato,5.0,15.0,3.0,9,Andaman and Nicobar Islands|Sweet potato|Whole Year,2000-07-01,2001-06-30,365,365,0,state_zone+crop+season,v1.0,decided_project_convention,annual_reporting_window,south_coastal,sweet_potato,Whole Year mapped to the complete July-June crop-year reporting cycle.,Annual reporting window; do not calculate planting/harvest flags.,IND_ANDAMAN_AND_NICOBAR_ISLANDS_NICOBARS,DYP_D4C6855A334B7AE4,Census 2001,Census 2001,DPV_C385E1AA6D7F4D21,WPT_CC1ED26C57F3AA025BF3,7.00040199,93.81029172,confirmed_exact_unique,confirmed,0,0,WW_8CE740368D8229123B80,365,365,1.0,True,1925.7400000000061,5.276000000000017,302,63,11,10,56,27.54169863013703,27.902876712328833,27.13284931506847,29.43,25.62,0,0,81.68457534246598,17.3857534246576,4.830821917808215,92,498.1600000000035,27.53086956521775,10,92,479.1700000000019,28.153478260869516,0
Andaman and Nicobar Islands,NICOBARS,2000,Whole Year,Tapioca,40.0,169.0,4.225,10,Andaman and Nicobar Islands|Tapioca|Whole Year,2000-07-01,2001-06-30,365,365,0,state_zone+crop+season,v1.0,decided_project_convention,annual_reporting_window,south_coastal,tapioca,Whole Year mapped to the complete July-June crop-year reporting cycle.,Annual reporting window; do not calculate planting/harvest flags.,IND_ANDAMAN_AND_NICOBAR_ISLANDS_NICOBARS,DYP_D4C6855A334B7AE4,Census 2001,Census 2001,DPV_C385E1AA6D7F4D21,WPT_CC1ED26C57F3AA025BF3,7.00040199,93.81029172,confirmed_exact_unique,confirmed,0,0,WW_8CE740368D8229123B80,365,365,1.0,True,1925.7400000000061,5.276000000000017,302,63,11,10,56,27.54169863013703,27.902876712328833,27.13284931506847,29.43,25.62,0,0,81.68457534246598,17.3857534246576,4.830821917808215,92,498.1600000000035,27.53086956521775,10,92,479.1700000000019,28.153478260869516,0
Andaman and Nicobar Islands,NICOBARS,2001,Kharif,Arecanut,1254.0,2061.0,1.6435406698564594,11,Andaman and Nicobar Islands|Arecanut|Kharif,2001-05-15,2001-11-30,200,200,0,state_zone+crop+season,v1.0,decided_project_convention,seasonal_reporting_window,south_coastal,arecanut,Perennial or plantation crop mapped to its recorded reporting season.,Seasonal reporting window for a perennial/plantation crop; not its full biological life cycle.,IND_ANDAMAN_AND_NICOBAR_ISLANDS_NICOBARS,DYP_348FEFCE8191BD27,Census 2001,Census 2001,DPV_C385E1AA6D7F4D21,WPT_CC1ED26C57F3AA025BF3,7.00040199,93.81029172,confirmed_exact_unique,confirmed,0,0,WW_6CF31F6EE442DBDAE20F,200,200,1.0,True,1363.21,6.816050000000001,195,5,9,3,105,27.480899999999966,27.79199999999997,27.112750000000162,29.19,25.65,0,0,84.14674999999937,16.31794999999993,5.451150000000016,50,281.5700000000015,28.105800000000162,1,50,461.6800000000003,26.85540000000008,6
Andaman and Nicobar Islands,NICOBARS,2001,Kharif,Other Kharif pulses,2.0,1.0,0.5,12,Andaman and Nicobar Islands|Other Kharif pulses|Kharif,2001-05-15,2001-11-30,200,200,0,state_zone+crop+season,v1.0,decided_project_convention,aggregate_reporting_window,south_coastal,aggregate_kharif_pulses,Aggregate crop category mapped to the complete reporting-season window.,Aggregate crop category; uses the full reporting-season window.,IND_ANDAMAN_AND_NICOBAR_ISLANDS_NICOBARS,DYP_348FEFCE8191BD27,Census 2001,Census 2001,DPV_C385E1AA6D7F4D21,WPT_CC1ED26C57F3AA025BF3,7.00040199,93.81029172,confirmed_exact_unique,confirmed,0,0,WW_6CF31F6EE442DBDAE20F,200,200,1.0,True,1363.21,6.816050000000001,195,5,9,3,105,27.480899999999966,27.79199999999997,27.112750000000162,29.19,25.65,0,0,84.14674999999937,16.31794999999993,5.451150000000016,50,281.5700000000015,28.105800000000162,1,50,461.6800000000003,26.85540000000008,6
Andaman and Nicobar Islands,NICOBARS,2001,Kharif,Rice,83.0,300.0,3.614457831325301,13,Andaman and Nicobar Islands|Rice|Kharif,2001-05-15,2001-10-11,150,150,0,state_zone+crop+season,v1.0,decided_project_convention,crop_cycle_estimate,south_coastal,rice,Crop-specific 150-day cycle starting from the south_coastal Kharif anchor.,,IND_ANDAMAN_AND_NICOBAR_ISLANDS_NICOBARS,DYP_348FEFCE8191BD27,Census 2001,Census 2001,DPV_C385E1AA6D7F4D21,WPT_CC1ED26C57F3AA025BF3,7.00040199,93.81029172,confirmed_exact_unique,confirmed,0,0,WW_82332C2E3CBAAEFF9A9A,150,150,1.0,True,901.5299999999997,6.010199999999998,145,5,3,3,55,27.689399999999925,27.999866666666495,27.33113333333347,29.19,25.86,0,0,83.72079999999968,16.979533333333286,5.9978666666666385,38,203.5600000000013,28.041842105263065,1,38,325.5700000000015,27.005789473684242,3
Andaman and Nicobar Islands,NICOBARS,2001,Whole Year,Cashewnut,719.0,192.0,0.2670375521557719,14,Andaman and Nicobar Islands|Cashewnut|Whole Year,2001-07-01,2002-06-30,365,365,0,state_zone+crop+season,v1.0,decided_project_convention,annual_reporting_window,south_coastal,cashew,Whole Year mapped to the complete July-June crop-year reporting cycle.,Annual reporting window; do not calculate planting/harvest flags.,IND_ANDAMAN_AND_NICOBAR_ISLANDS_NICOBARS,DYP_348FEFCE8191BD27,Census 2001,Census 2001,DPV_C385E1AA6D7F4D21,WPT_CC1ED26C57F3AA025BF3,7.00040199,93.81029172,confirmed_exact_unique,confirmed,0,0,WW_4570739A72A461C07707,365,365,1.0,True,1830.870000000009,5.016082191780846,294,71,13,11,109,27.670438356164283,28.043342465753383,27.24416438356167,30.02,25.65,0,0,82.20246575342476,17.949424657534287,4.978547945205475,92,552.0399999999981,27.54695652173897,3,92,385.33000000001084,28.49097826086907,2
Andaman and Nicobar Islands,NICOBARS,2001,Whole Year,Coconut,18190.0,64430000.0,3542.056074766356,15,Andaman and Nicobar Islands|Coconut|Whole Year,2001-07-01,2002-06-30,365,365,0,state_zone+crop+season,v1.0,decided_project_convention,annual_reporting_window,south_coastal,coconut,Whole Year mapped to the complete July-June crop-year reporting cycle.,Annual reporting window; do not calculate planting/harvest flags.,IND_ANDAMAN_AND_NICOBAR_ISLANDS_NICOBARS,DYP_348FEFCE8191BD27,Census 2001,Census 2001,DPV_C385E1AA6D7F4D21,WPT_CC1ED26C57F3AA025BF3,7.00040199,93.81029172,confirmed_exact_unique,confirmed,0,0,WW_4570739A72A461C07707,365,365,1.0,True,1830.870000000009,5.016082191780846,294,71,13,11,109,27.670438356164283,28.043342465753383,27.24416438356167,30.02,25.65,0,0,82.20246575342476,17.949424657534287,4.978547945205475,92,552.0399999999981,27.54695652173897,3,92,385.33000000001084,28.49097826086907,2
Andaman and Nicobar Islands,NICOBARS,2001,Whole Year,Dry ginger,46.0,100.0,2.1739130434782608,16,Andaman and Nicobar Islands|Dry ginger|Whole Year,2001-07-01,2002-06-30,365,365,0,state_zone+crop+season,v1.0,decided_project_convention,annual_reporting_window,south_coastal,ginger,Whole Year mapped to the complete July-June crop-year reporting cycle.,Annual reporting window; do not calculate planting/harvest flags.,IND_ANDAMAN_AND_NICOBAR_ISLANDS_NICOBARS,DYP_348FEFCE8191BD27,Census 2001,Census 2001,DPV_C385E1AA6D7F4D21,WPT_CC1ED26C57F3AA025BF3,7.00040199,93.81029172,confirmed_exact_unique,confirmed,0,0,WW_4570739A72A461C07707,365,365,1.0,True,1830.870000000009,5.016082191780846,294,71,13,11,109,27.670438356164283,28.043342465753383,27.24416438356167,30.02,25.65,0,0,82.20246575342476,17.949424657534287,4.978547945205475,92,552.0399999999981,27.54695652173897,3,92,385.33000000001084,28.49097826086907,2
Andaman and Nicobar Islands,NICOBARS,2001,Whole Year,Sugarcane,1.0,1.0,1.0,17,Andaman and Nicobar Islands|Sugarcane|Whole Year,2001-07-01,2002-06-30,365,365,0,state_zone+crop+season,v1.0,decided_project_convention,annual_reporting_window,south_coastal,sugarcane,Whole Year mapped to the complete July-June crop-year reporting cycle.,Annual reporting window; do not calculate planting/harvest flags.,IND_ANDAMAN_AND_NICOBAR_ISLANDS_NICOBARS,DYP_348FEFCE8191BD27,Census 2001,Census 2001,DPV_C385E1AA6D7F4D21,WPT_CC1ED26C57F3AA025BF3,7.00040199,93.81029172,confirmed_exact_unique,confirmed,0,0,WW_4570739A72A461C07707,365,365,1.0,True,1830.870000000009,5.016082191780846,294,71,13,11,109,27.670438356164283,28.043342465753383,27.24416438356167,30.02,25.65,0,0,82.20246575342476,17.949424657534287,4.978547945205475,92,552.0399999999981,27.54695652173897,3,92,385.33000000001084,28.49097826086907,2
Andaman and Nicobar Islands,NICOBARS,2001,Whole Year,Sweet potato,11.0,33.0,3.0,18,Andaman and Nicobar Islands|Sweet potato|Whole Year,2001-07-01,2002-06-30,365,365,0,state_zone+crop+season,v1.0,decided_project_convention,annual_reporting_window,south_coastal,sweet_potato,Whole Year mapped to the complete July-June crop-year reporting cycle.,Annual reporting window; do not calculate planting/harvest flags.,IND_ANDAMAN_AND_NICOBAR_ISLANDS_NICOBARS,DYP_348FEFCE8191BD27,Census 2001,Census 2001,DPV_C385E1AA6D7F4D21,WPT_CC1ED26C57F3AA025BF3,7.00040199,93.81029172,confirmed_exact_unique,confirmed,0,0,WW_4570739A72A461C07707,365,365,1.0,True,1830.870000000009,5.016082191780846,294,71,13,11,109,27.670438356164283,28.043342465753383,27.24416438356167,30.02,25.65,0,0,82.20246575342476,17.949424657534287,4.978547945205475,92,552.0399999999981,27.54695652173897,3,92,385.33000000001084,28.49097826086907,2
Andaman and Nicobar Islands,NICOBARS,2002,Kharif,Rice,189.2,510.84,2.7,19,Andaman and Nicobar Islands|Rice|Kharif,2002-05-15,2002-10-11,150,150,0,state_zone+crop+season,v1.0,decided_project_convention,crop_cycle_estimate,south_coastal,rice,Crop-specific 150-day cycle starting from the south_coastal Kharif anchor.,,IND_ANDAMAN_AND_NICOBAR_ISLANDS_NICOBARS,DYP_A32F737C2D0F3496,Census 2001,Census 2001,DPV_C385E1AA6D7F4D21,WPT_CC1ED26C57F3AA025BF3,7.00040199,93.81029172,confirmed_exact_unique,confirmed,0,0,WW_8460B8EFE370E5DB8118,150,150,1.0,True,612.3900000000067,4.082600000000045,129,21,1,7,36,28.16066666666627,28.520133333333362,27.750199999999847,30.1,26.14,0,0,81.44433333333349,18.835199999999702,5.719333333333403,38,101.76000000000386,28.576578947367747,6,38,238.3199999999997,27.341842105263105,0
Andaman and Nicobar Islands,NICOBARS,2002,Whole Year,Arecanut,1258.0,2083.0,1.6558028616852147,20,Andaman and Nicobar Islands|Arecanut|Whole Year,2002-07-01,2003-06-30,365,365,0,state_zone+crop+season,v1.0,decided_project_convention,annual_reporting_window,south_coastal,arecanut,Whole Year mapped to the complete July-June crop-year reporting cycle.,Annual reporting window; do not calculate planting/harvest flags.,IND_ANDAMAN_AND_NICOBAR_ISLANDS_NICOBARS,DYP_A32F737C2D0F3496,Census 2001,Census 2001,DPV_C385E1AA6D7F4D21,WPT_CC1ED26C57F3AA025BF3,7.00040199,93.81029172,confirmed_exact_unique,confirmed,0,0,WW_CB9153E04B1D2E56AA85,365,365,1.0,True,1585.059999999994,4.342630136986285,292,73,7,13,57,28.022794520547883,28.40186301369877,27.6,31.04,25.72,0,0,80.55553424657548,18.671589041095764,4.6956712328767525,92,421.08000000000175,28.00630434782571,7,92,326.8700000000008,28.618260869565507,1
Andaman and Nicobar Islands,NICOBARS,2002,Whole Year,Banana,213.0,1278.0,6.0,21,Andaman and Nicobar Islands|Banana|Whole Year,2002-07-01,2003-06-30,365,365,0,state_zone+crop+season,v1.0,decided_project_convention,annual_reporting_window,south_coastal,fruit_perennial,Whole Year mapped to the complete July-June crop-year reporting cycle.,Annual reporting window; do not calculate planting/harvest flags.,IND_ANDAMAN_AND_NICOBAR_ISLANDS_NICOBARS,DYP_A32F737C2D0F3496,Census 2001,Census 2001,DPV_C385E1AA6D7F4D21,WPT_CC1ED26C57F3AA025BF3,7.00040199,93.81029172,confirmed_exact_unique,confirmed,0,0,WW_CB9153E04B1D2E56AA85,365,365,1.0,True,1585.059999999994,4.342630136986285,292,73,7,13,57,28.022794520547883,28.40186301369877,27.6,31.04,25.72,0,0,80.55553424657548,18.671589041095764,4.6956712328767525,92,421.08000000000175,28.00630434782571,7,92,326.8700000000008,28.618260869565507,1
Andaman and Nicobar Islands,NICOBARS,2002,Whole Year,Black pepper,63.0,13.5,0.2142857142857142,22,Andaman and Nicobar Islands|Black pepper|Whole Year,2002-07-01,2003-06-30,365,365,0,state_zone+crop+season,v1.0,decided_project_convention,annual_reporting_window,south_coastal,black_pepper,Whole Year mapped to the complete July-June crop-year reporting cycle.,Annual reporting window; do not calculate planting/harvest flags.,IND_ANDAMAN_AND_NICOBAR_ISLANDS_NICOBARS,DYP_A32F737C2D0F3496,Census 2001,Census 2001,DPV_C385E1AA6D7F4D21,WPT_CC1ED26C57F3AA025BF3,7.00040199,93.81029172,confirmed_exact_unique,confirmed,0,0,WW_CB9153E04B1D2E56AA85,365,365,1.0,True,1585.059999999994,4.342630136986285,292,73,7,13,57,28.022794520547883,28.40186301369877,27.6,31.04,25.72,0,0,80.55553424657548,18.671589041095764,4.6956712328767525,92,421.08000000000175,28.00630434782571,7,92,326.8700000000008,28.618260869565507,1
Andaman and Nicobar Islands,NICOBARS,2002,Whole Year,Cashewnut,719.0,208.0,0.2892906815020862,23,Andaman and Nicobar Islands|Cashewnut|Whole Year,2002-07-01,2003-06-30,365,365,0,state_zone+crop+season,v1.0,decided_project_convention,annual_reporting_window,south_coastal,cashew,Whole Year mapped to the complete July-June crop-year reporting cycle.,Annual reporting window; do not calculate planting/harvest flags.,IND_ANDAMAN_AND_NICOBAR_ISLANDS_NICOBARS,DYP_A32F737C2D0F3496,Census 2001,Census 2001,DPV_C385E1AA6D7F4D21,WPT_CC1ED26C57F3AA025BF3,7.00040199,93.81029172,confirmed_exact_unique,confirmed,0,0,WW_CB9153E04B1D2E56AA85,365,365,1.0,True,1585.059999999994,4.342630136986285,292,73,7,13,57,28.022794520547883,28.40186301369877,27.6,31.04,25.72,0,0,80.55553424657548,18.671589041095764,4.6956712328767525,92,421.08000000000175,28.00630434782571,7,92,326.8700000000008,28.618260869565507,1
Andaman and Nicobar Islands,NICOBARS,2002,Whole Year,Coconut,18240.0,67490000.0,3700.1096491228072,24,Andaman and Nicobar Islands|Coconut|Whole Year,2002-07-01,2003-06-30,365,365,0,state_zone+crop+season,v1.0,decided_project_convention,annual_reporting_window,south_coastal,coconut,Whole Year mapped to the complete July-June crop-year reporting cycle.,Annual reporting window; do not calculate planting/harvest flags.,IND_ANDAMAN_AND_NICOBAR_ISLANDS_NICOBARS,DYP_A32F737C2D0F3496,Census 2001,Census 2001,DPV_C385E1AA6D7F4D21,WPT_CC1ED26C57F3AA025BF3,7.00040199,93.81029172,confirmed_exact_unique,confirmed,0,0,WW_CB9153E04B1D2E56AA85,365,365,1.0,True,1585.059999999994,4.342630136986285,292,73,7,13,57,28.022794520547883,28.40186301369877,27.6,31.04,25.72,0,0,80.55553424657548,18.671589041095764,4.6956712328767525,92,421.08000000000175,28.00630434782571,7,92,326.8700000000008,28.618260869565507,1
Andaman and Nicobar Islands,NICOBARS,2002,Whole Year,Dry chillies,413.0,28.8,0.0697336561743341,25,Andaman and Nicobar Islands|Dry chillies|Whole Year,2002-07-01,2003-06-30,365,365,0,state_zone+crop+season,v1.0,decided_project_convention,annual_reporting_window,south_coastal,chilli,Whole Year mapped to the complete July-June crop-year reporting cycle.,Annual reporting window; do not calculate planting/harvest flags.,IND_ANDAMAN_AND_NICOBAR_ISLANDS_NICOBARS,DYP_A32F737C2D0F3496,Census 2001,Census 2001,DPV_C385E1AA6D7F4D21,WPT_CC1ED26C57F3AA025BF3,7.00040199,93.81029172,confirmed_exact_unique,confirmed,0,0,WW_CB9153E04B1D2E56AA85,365,365,1.0,True,1585.059999999994,4.342630136986285,292,73,7,13,57,28.022794520547883,28.40186301369877,27.6,31.04,25.72,0,0,80.55553424657548,18.671589041095764,4.6956712328767525,92,421.08000000000175,28.00630434782571,7,92,326.8700000000008,28.618260869565507,1
Andaman and Nicobar Islands,NICOBARS,2002,Whole Year,Dry ginger,47.3,133.0,2.8118393234672308,26,Andaman and Nicobar Islands|Dry ginger|Whole Year,2002-07-01,2003-06-30,365,365,0,state_zone+crop+season,v1.0,decided_project_convention,annual_reporting_window,south_coastal,ginger,Whole Year mapped to the complete July-June crop-year reporting cycle.,Annual reporting window; do not calculate planting/harvest flags.,IND_ANDAMAN_AND_NICOBAR_ISLANDS_NICOBARS,DYP_A32F737C2D0F3496,Census 2001,Census 2001,DPV_C385E1AA6D7F4D21,WPT_CC1ED26C57F3AA025BF3,7.00040199,93.81029172,confirmed_exact_unique,confirmed,0,0,WW_CB9153E04B1D2E56AA85,365,365,1.0,True,1585.059999999994,4.342630136986285,292,73,7,13,57,28.022794520547883,28.40186301369877,27.6,31.04,25.72,0,0,80.55553424657548,18.671589041095764,4.6956712328767525,92,421.08000000000175,28.00630434782571,7,92,326.8700000000008,28.618260869565507,1
Andaman and Nicobar Islands,NICOBARS,2002,Whole Year,Sugarcane,5.0,40.0,8.0,27,Andaman and Nicobar Islands|Sugarcane|Whole Year,2002-07-01,2003-06-30,365,365,0,state_zone+crop+season,v1.0,decided_project_convention,annual_reporting_window,south_coastal,sugarcane,Whole Year mapped to the complete July-June crop-year reporting cycle.,Annual reporting window; do not calculate planting/harvest flags.,IND_ANDAMAN_AND_NICOBAR_ISLANDS_NICOBARS,DYP_A32F737C2D0F3496,Census 2001,Census 2001,DPV_C385E1AA6D7F4D21,WPT_CC1ED26C57F3AA025BF3,7.00040199,93.81029172,confirmed_exact_unique,confirmed,0,0,WW_CB9153E04B1D2E56AA85,365,365,1.0,True,1585.059999999994,4.342630136986285,292,73,7,13,57,28.022794520547883,28.40186301369877,27.6,31.04,25.72,0,0,80.55553424657548,18.671589041095764,4.6956712328767525,92,421.08000000000175,28.00630434782571,7,92,326.8700000000008,28.618260869565507,1
Andaman and Nicobar Islands,NICOBARS,2003,Kharif,Rice,52.0,90.17,1.7340384615384616,28,Andaman and Nicobar Islands|Rice|Kharif,2003-05-15,2003-10-11,150,150,0,state_zone+crop+season,v1.0,decided_project_convention,crop_cycle_estimate,south_coastal,rice,Crop-specific 150-day cycle starting from the south_coastal Kharif anchor.,,IND_ANDAMAN_AND_NICOBAR_ISLANDS_NICOBARS,DYP_F40068F2EBC48EEC,Census 2001,Census 2001,DPV_C385E1AA6D7F4D21,WPT_CC1ED26C57F3AA025BF3,7.00040199,93.81029172,confirmed_exact_unique,confirmed,0,0,WW_CACD8E1044E057E100CF,150,150,1.0,True,796.1800000000094,5.30786666666673,131,19,3,13,72,27.917533333332976,28.257666666667063,27.545399999999837,29.3,26.36,0,0,82.76333333333275,17.237133333333187,5.425666666666693,38,77.49000000000524,28.527105263158056,13,38,272.58000000000357,27.56421052631585,0
Andaman and Nicobar Islands,NICOBARS,2003,Whole Year,Arecanut,1261.0,1525.0,1.2093576526566217,29,Andaman and Nicobar Islands|Arecanut|Whole Year,2003-07-01,2004-06-30,366,365,1,state_zone+crop+season,v1.0,decided_project_convention,annual_reporting_window,south_coastal,arecanut,Whole Year mapped to the complete July-June crop-year reporting cycle.,Annual reporting window; do not calculate planting/harvest flags.,IND_ANDAMAN_AND_NICOBAR_ISLANDS_NICOBARS,DYP_F40068F2EBC48EEC,Census 2001,Census 2001,DPV_C385E1AA6D7F4D21,WPT_CC1ED26C57F3AA025BF3,7.00040199,93.81029172,confirmed_exact_unique,confirmed,0,0,WW_FF96F940E652C426A111,366,366,1.0,True,1916.700000000008,5.236885245901661,306,60,8,8,98,27.853770491803207,28.21551912568319,27.44032786885241,30.57,26.02,0,0,81.92674863388002,17.46292349726788,5.04702185792349,92,560.010000000002,27.731086956520972,1,92,500.3500000000022,28.568369565217637,3
Andaman and Nicobar Islands,NICOBARS,2003,Whole Year,Banana,266.0,1763.0,6.62781954887218,30,Andaman and Nicobar Islands|Banana|Whole Year,2003-07-01,2004-06-30,366,365,1,state_zone+crop+season,v1.0,decided_project_convention,annual_reporting_window,south_coastal,fruit_perennial,Whole Year mapped to the complete July-June crop-year reporting cycle.,Annual reporting window; do not calculate planting/harvest flags.,IND_ANDAMAN_AND_NICOBAR_ISLANDS_NICOBARS,DYP_F40068F2EBC48EEC,Census 2001,Census 2001,DPV_C385E1AA6D7F4D21,WPT_CC1ED26C57F3AA025BF3,7.00040199,93.81029172,confirmed_exact_unique,confirmed,0,0,WW_FF96F940E652C426A111,366,366,1.0,True,1916.700000000008,5.236885245901661,306,60,8,8,98,27.853770491803207,28.21551912568319,27.44032786885241,30.57,26.02,0,0,81.92674863388002,17.46292349726788,5.04702185792349,92,560.010000000002,27.731086956520972,1,92,500.3500000000022,28.568369565217637,3
Andaman and Nicobar Islands,NICOBARS,2003,Whole Year,Black pepper,75.5,15.86,0.2100662251655629,31,Andaman and Nicobar Islands|Black pepper|Whole Year,2003-07-01,2004-06-30,366,365,1,state_zone+crop+season,v1.0,decided_project_convention,annual_reporting_window,south_coastal,black_pepper,Whole Year mapped to the complete July-June crop-year reporting cycle.,Annual reporting window; do not calculate planting/harvest flags.,IND_ANDAMAN_AND_NICOBAR_ISLANDS_NICOBARS,DYP_F40068F2EBC48EEC,Census 2001,Census 2001,DPV_C385E1AA6D7F4D21,WPT_CC1ED26C57F3AA025BF3,7.00040199,93.81029172,confirmed_exact_unique,confirmed,0,0,WW_FF96F940E652C426A111,366,366,1.0,True,1916.700000000008,5.236885245901661,306,60,8,8,98,27.853770491803207,28.21551912568319,27.44032786885241,30.57,26.02,0,0,81.92674863388002,17.46292349726788,5.04702185792349,92,560.010000000002,27.731086956520972,1,92,500.3500000000022,28.568369565217637,3
Andaman and Nicobar Islands,NICOBARS,2003,Whole Year,Cashewnut,717.0,208.5,0.2907949790794979,32,Andaman and Nicobar Islands|Cashewnut|Whole Year,2003-07-01,2004-06-30,366,365,1,state_zone+crop+season,v1.0,decided_project_convention,annual_reporting_window,south_coastal,cashew,Whole Year mapped to the complete July-June crop-year reporting cycle.,Annual reporting window; do not calculate planting/harvest flags.,IND_ANDAMAN_AND_NICOBAR_ISLANDS_NICOBARS,DYP_F40068F2EBC48EEC,Census 2001,Census 2001,DPV_C385E1AA6D7F4D21,WPT_CC1ED26C57F3AA025BF3,7.00040199,93.81029172,confirmed_exact_unique,confirmed,0,0,WW_FF96F940E652C426A111,366,366,1.0,True,1916.700000000008,5.236885245901661,306,60,8,8,98,27.853770491803207,28.21551912568319,27.44032786885241,30.57,26.02,0,0,81.92674863388002,17.46292349726788,5.04702185792349,92,560.010000000002,27.731086956520972,1,92,500.3500000000022,28.568369565217637,3
Andaman and Nicobar Islands,NICOBARS,2003,Whole Year,Coconut,18284.74,68580000.0,3750.6685903108273,33,Andaman and Nicobar Islands|Coconut|Whole Year,2003-07-01,2004-06-30,366,365,1,state_zone+crop+season,v1.0,decided_project_convention,annual_reporting_window,south_coastal,coconut,Whole Year mapped to the complete July-June crop-year reporting cycle.,Annual reporting window; do not calculate planting/harvest flags.,IND_ANDAMAN_AND_NICOBAR_ISLANDS_NICOBARS,DYP_F40068F2EBC48EEC,Census 2001,Census 2001,DPV_C385E1AA6D7F4D21,WPT_CC1ED26C57F3AA025BF3,7.00040199,93.81029172,confirmed_exact_unique,confirmed,0,0,WW_FF96F940E652C426A111,366,366,1.0,True,1916.700000000008,5.236885245901661,306,60,8,8,98,27.853770491803207,28.21551912568319,27.44032786885241,30.57,26.02,0,0,81.92674863388002,17.46292349726788,5.04702185792349,92,560.010000000002,27.731086956520972,1,92,500.3500000000022,28.568369565217637,3
Andaman and Nicobar Islands,NICOBARS,2003,Whole Year,Dry chillies,60.0,102.0,1.7,34,Andaman and Nicobar Islands|Dry chillies|Whole Year,2003-07-01,2004-06-30,366,365,1,state_zone+crop+season,v1.0,decided_project_convention,annual_reporting_window,south_coastal,chilli,Whole Year mapped to the complete July-June crop-year reporting cycle.,Annual reporting window; do not calculate planting/harvest flags.,IND_ANDAMAN_AND_NICOBAR_ISLANDS_NICOBARS,DYP_F40068F2EBC48EEC,Census 2001,Census 2001,DPV_C385E1AA6D7F4D21,WPT_CC1ED26C57F3AA025BF3,7.00040199,93.81029172,confirmed_exact_unique,confirmed,0,0,WW_FF96F940E652C426A111,366,366,1.0,True,1916.700000000008,5.236885245901661,306,60,8,8,98,27.853770491803207,28.21551912568319,27.44032786885241,30.57,26.02,0,0,81.92674863388002,17.46292349726788,5.04702185792349,92,560.010000000002,27.731086956520972,1,92,500.3500000000022,28.568369565217637,3
Andaman and Nicobar Islands,NICOBARS,2003,Whole Year,Dry ginger,102.0,326.4,3.2,35,Andaman and Nicobar Islands|Dry ginger|Whole Year,2003-07-01,2004-06-30,366,365,1,state_zone+crop+season,v1.0,decided_project_convention,annual_reporting_window,south_coastal,ginger,Whole Year mapped to the complete July-June crop-year reporting cycle.,Annual reporting window; do not calculate planting/harvest flags.,IND_ANDAMAN_AND_NICOBAR_ISLANDS_NICOBARS,DYP_F40068F2EBC48EEC,Census 2001,Census 2001,DPV_C385E1AA6D7F4D21,WPT_CC1ED26C57F3AA025BF3,7.00040199,93.81029172,confirmed_exact_unique,confirmed,0,0,WW_FF96F940E652C426A111,366,366,1.0,True,1916.700000000008,5.236885245901661,306,60,8,8,98,27.853770491803207,28.21551912568319,27.44032786885241,30.57,26.02,0,0,81.92674863388002,17.46292349726788,5.04702185792349,92,560.010000000002,27.731086956520972,1,92,500.3500000000022,28.568369565217637,3
Andaman and Nicobar Islands,NICOBARS,2003,Whole Year,other oilseeds,4.2,0.3,0.0714285714285714,36,Andaman and Nicobar Islands|other oilseeds|Whole Year,2003-07-01,2004-06-30,366,365,1,state_zone+crop+season,v1.0,decided_project_convention,annual_reporting_window,south_coastal,other_oilseed,Whole Year mapped to the complete July-June crop-year reporting cycle.,Annual reporting window; do not calculate planting/harvest flags.,IND_ANDAMAN_AND_NICOBAR_ISLANDS_NICOBARS,DYP_F40068F2EBC48EEC,Census 2001,Census 2001,DPV_C385E1AA6D7F4D21,WPT_CC1ED26C57F3AA025BF3,7.00040199,93.81029172,confirmed_exact_unique,confirmed,0,0,WW_FF96F940E652C426A111,366,366,1.0,True,1916.700000000008,5.236885245901661,306,60,8,8,98,27.853770491803207,28.21551912568319,27.44032786885241,30.57,26.02,0,0,81.92674863388002,17.46292349726788,5.04702185792349,92,560.010000000002,27.731086956520972,1,92,500.3500000000022,28.568369565217637,3
Andaman and Nicobar Islands,NICOBARS,2004,Kharif,Rice,52.94,72.57,1.3707971288250849,37,Andaman and Nicobar Islands|Rice|Kharif,2004-05-15,2004-10-11,150,150,0,state_zone+crop+season,v1.0,decided_project_convention,crop_cycle_estimate,south_coastal,rice,Crop-specific 150-day cycle starting from the south_coastal Kharif anchor.,,IND_ANDAMAN_AND_NICOBAR_ISLANDS_NICOBARS,DYP_736E49AAF55F7E1E,Census 2001,Census 2001,DPV_C385E1AA6D7F4D21,WPT_CC1ED26C57F3AA025BF3,7.00040199,93.81029172,confirmed_exact_unique,confirmed,0,0,WW_6D248FC675B76DEB2ABD,150,150,1.0,True,876.1500000000033,5.8410000000000215,138,12,5,6,29,27.861266666666584,28.200866666666407,27.47066666666661,29.73,25.98,0,0,82.39433333333368,17.201933333333145,5.530333333333268,38,258.20000000000255,28.27763157894821,2,38,243.8000000000011,27.256578947367274,2
Andaman and Nicobar Islands,NICOBARS,2004,Whole Year,Arecanut,1264.7,805.85,0.6371866845892307,38,Andaman and Nicobar Islands|Arecanut|Whole Year,2004-07-01,2005-06-30,365,365,0,state_zone+crop+season,v1.0,decided_project_convention,annual_reporting_window,south_coastal,arecanut,Whole Year mapped to the complete July-June crop-year reporting cycle.,Annual reporting window; do not calculate planting/harvest flags.,IND_ANDAMAN_AND_NICOBAR_ISLANDS_NICOBARS,DYP_736E49AAF55F7E1E,Census 2001,Census 2001,DPV_C385E1AA6D7F4D21,WPT_CC1ED26C57F3AA025BF3,7.00040199,93.81029172,confirmed_exact_unique,confirmed,0,0,WW_C3523B15FE2C546897D8,365,365,1.0,True,1687.8699999999953,4.624301369863001,287,78,7,8,57,27.964520547945213,28.363808219178225,27.51802739726032,30.54,25.9,0,0,80.77772602739701,17.93969863013698,4.834246575342471,92,532.380000000001,27.684456521738827,2,92,560.2300000000032,28.551521739130177,4
Andaman and Nicobar Islands,NICOBARS,2004,Whole Year,Banana,66.42,404.12,6.084311954230653,39,Andaman and Nicobar Islands|Banana|Whole Year,2004-07-01,2005-06-30,365,365,0,state_zone+crop+season,v1.0,decided_project_convention,annual_reporting_window,south_coastal,fruit_perennial,Whole Year mapped to the complete July-June crop-year reporting cycle.,Annual reporting window; do not calculate planting/harvest flags.,IND_ANDAMAN_AND_NICOBAR_ISLANDS_NICOBARS,DYP_736E49AAF55F7E1E,Census 2001,Census 2001,DPV_C385E1AA6D7F4D21,WPT_CC1ED26C57F3AA025BF3,7.00040199,93.81029172,confirmed_exact_unique,confirmed,0,0,WW_C3523B15FE2C546897D8,365,365,1.0,True,1687.8699999999953,4.624301369863001,287,78,7,8,57,27.964520547945213,28.363808219178225,27.51802739726032,30.54,25.9,0,0,80.77772602739701,17.93969863013698,4.834246575342471,92,532.380000000001,27.684456521738827,2,92,560.2300000000032,28.551521739130177,4
Andaman and Nicobar Islands,NICOBARS,2004,Whole Year,Black pepper,85.0,15.86,0.1865882352941176,40,Andaman and Nicobar Islands|Black pepper|Whole Year,2004-07-01,2005-06-30,365,365,0,state_zone+crop+season,v1.0,decided_project_convention,annual_reporting_window,south_coastal,black_pepper,Whole Year mapped to the complete July-June crop-year reporting cycle.,Annual reporting window; do not calculate planting/harvest flags.,IND_ANDAMAN_AND_NICOBAR_ISLANDS_NICOBARS,DYP_736E49AAF55F7E1E,Census 2001,Census 2001,DPV_C385E1AA6D7F4D21,WPT_CC1ED26C57F3AA025BF3,7.00040199,93.81029172,confirmed_exact_unique,confirmed,0,0,WW_C3523B15FE2C546897D8,365,365,1.0,True,1687.8699999999953,4.624301369863001,287,78,7,8,57,27.964520547945213,28.363808219178225,27.51802739726032,30.54,25.9,0,0,80.77772602739701,17.93969863013698,4.834246575342471,92,532.380000000001,27.684456521738827,2,92,560.2300000000032,28.551521739130177,4
Andaman and Nicobar Islands,NICOBARS,2004,Whole Year,Cashewnut,683.5,197.9,0.2895391367959034,41,Andaman and Nicobar Islands|Cashewnut|Whole Year,2004-07-01,2005-06-30,365,365,0,state_zone+crop+season,v1.0,decided_project_convention,annual_reporting_window,south_coastal,cashew,Whole Year mapped to the complete July-June crop-year reporting cycle.,Annual reporting window; do not calculate planting/harvest flags.,IND_ANDAMAN_AND_NICOBAR_ISLANDS_NICOBARS,DYP_736E49AAF55F7E1E,Census 2001,Census 2001,DPV_C385E1AA6D7F4D21,WPT_CC1ED26C57F3AA025BF3,7.00040199,93.81029172,confirmed_exact_unique,confirmed,0,0,WW_C3523B15FE2C546897D8,365,365,1.0,True,1687.8699999999953,4.624301369863001,287,78,7,8,57,27.964520547945213,28.363808219178225,27.51802739726032,30.54,25.9,0,0,80.77772602739701,17.93969863013698,4.834246575342471,92,532.380000000001,27.684456521738827,2,92,560.2300000000032,28.551521739130177,4
Andaman and Nicobar Islands,NICOBARS,2004,Whole Year,Coconut,18394.7,52380000.0,2847.5593513348954,42,Andaman and Nicobar Islands|Coconut|Whole Year,2004-07-01,2005-06-30,365,365,0,state_zone+crop+season,v1.0,decided_project_convention,annual_reporting_window,south_coastal,coconut,Whole Year mapped to the complete July-June crop-year reporting cycle.,Annual reporting window; do not calculate planting/harvest flags.,IND_ANDAMAN_AND_NICOBAR_ISLANDS_NICOBARS,DYP_736E49AAF55F7E1E,Census 2001,Census 2001,DPV_C385E1AA6D7F4D21,WPT_CC1ED26C57F3AA025BF3,7.00040199,93.81029172,confirmed_exact_unique,confirmed,0,0,WW_C3523B15FE2C546897D8,365,365,1.0,True,1687.8699999999953,4.624301369863001,287,78,7,8,57,27.964520547945213,28.363808219178225,27.51802739726032,30.54,25.9,0,0,80.77772602739701,17.93969863013698,4.834246575342471,92,532.380000000001,27.684456521738827,2,92,560.2300000000032,28.551521739130177,4
Andaman and Nicobar Islands,NICOBARS,2004,Whole Year,Dry chillies,60.0,145.2,2.42,43,Andaman and Nicobar Islands|Dry chillies|Whole Year,2004-07-01,2005-06-30,365,365,0,state_zone+crop+season,v1.0,decided_project_convention,annual_reporting_window,south_coastal,chilli,Whole Year mapped to the complete July-June crop-year reporting cycle.,Annual reporting window; do not calculate planting/harvest flags.,IND_ANDAMAN_AND_NICOBAR_ISLANDS_NICOBARS,DYP_736E49AAF55F7E1E,Census 2001,Census 2001,DPV_C385E1AA6D7F4D21,WPT_CC1ED26C57F3AA025BF3,7.00040199,93.81029172,confirmed_exact_unique,confirmed,0,0,WW_C3523B15FE2C546897D8,365,365,1.0,True,1687.8699999999953,4.624301369863001,287,78,7,8,57,27.964520547945213,28.363808219178225,27.51802739726032,30.54,25.9,0,0,80.77772602739701,17.93969863013698,4.834246575342471,92,532.380000000001,27.684456521738827,2,92,560.2300000000032,28.551521739130177,4
Andaman and Nicobar Islands,NICOBARS,2004,Whole Year,Dry ginger,118.0,366.0,3.101694915254237,44,Andaman and Nicobar Islands|Dry ginger|Whole Year,2004-07-01,2005-06-30,365,365,0,state_zone+crop+season,v1.0,decided_project_convention,annual_reporting_window,south_coastal,ginger,Whole Year mapped to the complete July-June crop-year reporting cycle.,Annual reporting window; do not calculate planting/harvest flags.,IND_ANDAMAN_AND_NICOBAR_ISLANDS_NICOBARS,DYP_736E49AAF55F7E1E,Census 2001,Census 2001,DPV_C385E1AA6D7F4D21,WPT_CC1ED26C57F3AA025BF3,7.00040199,93.81029172,confirmed_exact_unique,confirmed,0,0,WW_C3523B15FE2C546897D8,365,365,1.0,True,1687.8699999999953,4.624301369863001,287,78,7,8,57,27.964520547945213,28.363808219178225,27.51802739726032,30.54,25.9,0,0,80.77772602739701,17.93969863013698,4.834246575342471,92,532.380000000001,27.684456521738827,2,92,560.2300000000032,28.551521739130177,4
Andaman and Nicobar Islands,NICOBARS,2004,Whole Year,other oilseeds,1.0,0.11,0.11,45,Andaman and Nicobar Islands|other oilseeds|Whole Year,2004-07-01,2005-06-30,365,365,0,state_zone+crop+season,v1.0,decided_project_convention,annual_reporting_window,south_coastal,other_oilseed,Whole Year mapped to the complete July-June crop-year reporting cycle.,Annual reporting window; do not calculate planting/harvest flags.,IND_ANDAMAN_AND_NICOBAR_ISLANDS_NICOBARS,DYP_736E49AAF55F7E1E,Census 2001,Census 2001,DPV_C385E1AA6D7F4D21,WPT_CC1ED26C57F3AA025BF3,7.00040199,93.81029172,confirmed_exact_unique,confirmed,0,0,WW_C3523B15FE2C546897D8,365,365,1.0,True,1687.8699999999953,4.624301369863001,287,78,7,8,57,27.964520547945213,28.363808219178225,27.51802739726032,30.54,25.9,0,0,80.77772602739701,17.93969863013698,4.834246575342471,92,532.380000000001,27.684456521738827,2,92,560.2300000000032,28.551521739130177,4
Andaman and Nicobar Islands,NICOBARS,2005,Kharif,Rice,2.09,12.06,5.770334928229666,46,Andaman and Nicobar Islands|Rice|Kharif,2005-05-15,2005-10-11,150,150,0,state_zone+crop+season,v1.0,decided_project_convention,crop_cycle_estimate,south_coastal,rice,Crop-specific 150-day cycle starting from the south_coastal Kharif anchor.,,IND_ANDAMAN_AND_NICOBAR_ISLANDS_NICOBARS,DYP_FC32ACE67BE70330,Census 2001,Census 2001,DPV_C385E1AA6D7F4D21,WPT_CC1ED26C57F3AA025BF3,7.00040199,93.81029172,confirmed_exact_unique,confirmed,0,0,WW_F91ADD364AFF3B5950FF,150,150,1.0,True,908.25,6.055,142,8,3,4,42,28.0017333333333,28.33160000000023,27.622000000000213,29.45,26.31,0,0,83.00319999999968,16.54193333333329,5.859999999999988,38,322.3000000000029,28.339999999998806,0,38,224.48000000000138,27.52131578947439,0
Andaman and Nicobar Islands,NICOBARS,2005,Whole Year,Banana,22.0,582.0,26.454545454545453,47,Andaman and Nicobar Islands|Banana|Whole Year,2005-07-01,2006-06-30,365,365,0,state_zone+crop+season,v1.0,decided_project_convention,annual_reporting_window,south_coastal,fruit_perennial,Whole Year mapped to the complete July-June crop-year reporting cycle.,Annual reporting window; do not calculate planting/harvest flags.,IND_ANDAMAN_AND_NICOBAR_ISLANDS_NICOBARS,DYP_FC32ACE67BE70330,Census 2001,Census 2001,DPV_C385E1AA6D7F4D21,WPT_CC1ED26C57F3AA025BF3,7.00040199,93.81029172,confirmed_exact_unique,confirmed,0,0,WW_FAF34FFE77C21659EEFD,365,365,1.0,True,2006.2499999999982,5.496575342465748,300,65,6,8,58,27.787479452054697,28.152986301369893,27.370191780822104,29.83,25.83,0,0,81.60150684931463,17.48635616438361,4.766684931506839,92,461.8299999999963,27.945000000000185,4,92,525.4800000000105,28.359456521738732,2
Andaman and Nicobar Islands,NICOBARS,2005,Whole Year,Black pepper,41.0,0.1,0.0024390243902439,48,Andaman and Nicobar Islands|Black pepper|Whole Year,2005-07-01,2006-06-30,365,365,0,state_zone+crop+season,v1.0,decided_project_convention,annual_reporting_window,south_coastal,black_pepper,Whole Year mapped to the complete July-June crop-year reporting cycle.,Annual reporting window; do not calculate planting/harvest flags.,IND_ANDAMAN_AND_NICOBAR_ISLANDS_NICOBARS,DYP_FC32ACE67BE70330,Census 2001,Census 2001,DPV_C385E1AA6D7F4D21,WPT_CC1ED26C57F3AA025BF3,7.00040199,93.81029172,confirmed_exact_unique,confirmed,0,0,WW_FAF34FFE77C21659EEFD,365,365,1.0,True,2006.2499999999982,5.496575342465748,300,65,6,8,58,27.787479452054697,28.152986301369893,27.370191780822104,29.83,25.83,0,0,81.60150684931463,17.48635616438361,4.766684931506839,92,461.8299999999963,27.945000000000185,4,92,525.4800000000105,28.359456521738732,2
Andaman and Nicobar Islands,NICOBARS,2005,Whole Year,Cashewnut,450.0,55.8,0.124,49,Andaman and Nicobar Islands|Cashewnut|Whole Year,2005-07-01,2006-06-30,365,365,0,state_zone+crop+season,v1.0,decided_project_convention,annual_reporting_window,south_coastal,cashew,Whole Year mapped to the complete July-June crop-year reporting cycle.,Annual reporting window; do not calculate planting/harvest flags.,IND_ANDAMAN_AND_NICOBAR_ISLANDS_NICOBARS,DYP_FC32ACE67BE70330,Census 2001,Census 2001,DPV_C385E1AA6D7F4D21,WPT_CC1ED26C57F3AA025BF3,7.00040199,93.81029172,confirmed_exact_unique,confirmed,0,0,WW_FAF34FFE77C21659EEFD,365,365,1.0,True,2006.2499999999982,5.496575342465748,300,65,6,8,58,27.787479452054697,28.152986301369893,27.370191780822104,29.83,25.83,0,0,81.60150684931463,17.48635616438361,4.766684931506839,92,461.8299999999963,27.945000000000185,4,92,525.4800000000105,28.359456521738732,2
Andaman and Nicobar Islands,NICOBARS,2005,Whole Year,Coconut,13876.57,52030000.0,3749.485643786613,50,Andaman and Nicobar Islands|Coconut|Whole Year,2005-07-01,2006-06-30,365,365,0,state_zone+crop+season,v1.0,decided_project_convention,annual_reporting_window,south_coastal,coconut,Whole Year mapped to the complete July-June crop-year reporting cycle.,Annual reporting window; do not calculate planting/harvest flags.,IND_ANDAMAN_AND_NICOBAR_ISLANDS_NICOBARS,DYP_FC32ACE67BE70330,Census 2001,Census 2001,DPV_C385E1AA6D7F4D21,WPT_CC1ED26C57F3AA025BF3,7.00040199,93.81029172,confirmed_exact_unique,confirmed,0,0,WW_FAF34FFE77C21659EEFD,365,365,1.0,True,2006.2499999999982,5.496575342465748,300,65,6,8,58,27.787479452054697,28.152986301369893,27.370191780822104,29.83,25.83,0,0,81.60150684931463,17.48635616438361,4.766684931506839,92,461.8299999999963,27.945000000000185,4,92,525.4800000000105,28.359456521738732,2
Andaman and Nicobar Islands,NICOBARS,2005,Whole Year,Turmeric,10.0,70.0,7.0,51,Andaman and Nicobar Islands|Turmeric|Whole Year,2005-07-01,2006-06-30,365,365,0,state_zone+crop+season,v1.0,decided_project_convention,annual_reporting_window,south_coastal,turmeric,Whole Year mapped to the complete July-June crop-year reporting cycle.,Annual reporting window; do not calculate planting/harvest flags.,IND_ANDAMAN_AND_NICOBAR_ISLANDS_NICOBARS,DYP_FC32ACE67BE70330,Census 2001,Census 2001,DPV_C385E1AA6D7F4D21,WPT_CC1ED26C57F3AA025BF3,7.00040199,93.81029172,confirmed_exact_unique,confirmed,0,0,WW_FAF34FFE77C21659EEFD,365,365,1.0,True,2006.2499999999982,5.496575342465748,300,65,6,8,58,27.787479452054697,28.152986301369893,27.370191780822104,29.83,25.83,0,0,81.60150684931463,17.48635616438361,4.766684931506839,92,461.8299999999963,27.945000000000185,4,92,525.4800000000105,28.359456521738732,2
Andaman and Nicobar Islands,NICOBARS,2006,Whole Year,Arecanut,896.0,477.6,0.5330357142857143,52,Andaman and Nicobar Islands|Arecanut|Whole Year,2006-07-01,2007-06-30,365,365,0,state_zone+crop+season,v1.0,decided_project_convention,annual_reporting_window,south_coastal,arecanut,Whole Year mapped to the complete July-June crop-year reporting cycle.,Annual reporting window; do not calculate planting/harvest flags.,IND_ANDAMAN_AND_NICOBAR_ISLANDS_NICOBARS,DYP_0028D95CC3DED0F1,Census 2011,Census 2001,DPV_BA890C247AB782E0,WPT_CC1ED26C57F3AA025BF3,7.00040199,93.81029172,alternate_layer_confirmed_name,working_strong,1,0,WW_64E2CEC0D8590C886422,365,365,1.0,True,1630.0499999999738,4.465890410958832,281,84,5,22,31,27.89561643835603,28.280931506849456,27.470684931507137,29.87,25.95,0,0,80.31000000000006,18.036191780821955,4.779917808219109,92,505.40999999999985,27.734456521739364,4,92,547.1799999999894,28.526847826086335,2
Andaman and Nicobar Islands,NICOBARS,2006,Whole Year,Banana,198.0,976.0,4.929292929292929,53,Andaman and Nicobar Islands|Banana|Whole Year,2006-07-01,2007-06-30,365,365,0,state_zone+crop+season,v1.0,decided_project_convention,annual_reporting_window,south_coastal,fruit_perennial,Whole Year mapped to the complete July-June crop-year reporting cycle.,Annual reporting window; do not calculate planting/harvest flags.,IND_ANDAMAN_AND_NICOBAR_ISLANDS_NICOBARS,DYP_0028D95CC3DED0F1,Census 2011,Census 2001,DPV_BA890C247AB782E0,WPT_CC1ED26C57F3AA025BF3,7.00040199,93.81029172,alternate_layer_confirmed_name,working_strong,1,0,WW_64E2CEC0D8590C886422,365,365,1.0,True,1630.0499999999738,4.465890410958832,281,84,5,22,31,27.89561643835603,28.280931506849456,27.470684931507137,29.87,25.95,0,0,80.31000000000006,18.036191780821955,4.779917808219109,92,505.40999999999985,27.734456521739364,4,92,547.1799999999894,28.526847826086335,2
Andaman and Nicobar Islands,NICOBARS,2006,Whole Year,Black pepper,22.16,0.68,0.0306859205776173,54,Andaman and Nicobar Islands|Black pepper|Whole Year,2006-07-01,2007-06-30,365,365,0,state_zone+crop+season,v1.0,decided_project_convention,annual_reporting_window,south_coastal,black_pepper,Whole Year mapped to the complete July-June crop-year reporting cycle.,Annual reporting window; do not calculate planting/harvest flags.,IND_ANDAMAN_AND_NICOBAR_ISLANDS_NICOBARS,DYP_0028D95CC3DED0F1,Census 2011,Census 2001,DPV_BA890C247AB782E0,WPT_CC1ED26C57F3AA025BF3,7.00040199,93.81029172,alternate_layer_confirmed_name,working_strong,1,0,WW_64E2CEC0D8590C886422,365,365,1.0,True,1630.0499999999738,4.465890410958832,281,84,5,22,31,27.89561643835603,28.280931506849456,27.470684931507137,29.87,25.95,0,0,80.31000000000006,18.036191780821955,4.779917808219109,92,505.40999999999985,27.734456521739364,4,92,547.1799999999894,28.526847826086335,2
Andaman and Nicobar Islands,NICOBARS,2006,Whole Year,Cashewnut,450.0,85.13,0.1891777777777777,55,Andaman and Nicobar Islands|Cashewnut|Whole Year,2006-07-01,2007-06-30,365,365,0,state_zone+crop+season,v1.0,decided_project_convention,annual_reporting_window,south_coastal,cashew,Whole Year mapped to the complete July-June crop-year reporting cycle.,Annual reporting window; do not calculate planting/harvest flags.,IND_ANDAMAN_AND_NICOBAR_ISLANDS_NICOBARS,DYP_0028D95CC3DED0F1,Census 2011,Census 2001,DPV_BA890C247AB782E0,WPT_CC1ED26C57F3AA025BF3,7.00040199,93.81029172,alternate_layer_confirmed_name,working_strong,1,0,WW_64E2CEC0D8590C886422,365,365,1.0,True,1630.0499999999738,4.465890410958832,281,84,5,22,31,27.89561643835603,28.280931506849456,27.470684931507137,29.87,25.95,0,0,80.31000000000006,18.036191780821955,4.779917808219109,92,505.40999999999985,27.734456521739364,4,92,547.1799999999894,28.526847826086335,2
Andaman and Nicobar Islands,NICOBARS,2006,Whole Year,Coconut,14358.0,59370000.0,4134.977016297535,56,Andaman and Nicobar Islands|Coconut|Whole Year,2006-07-01,2007-06-30,365,365,0,state_zone+crop+season,v1.0,decided_project_convention,annual_reporting_window,south_coastal,coconut,Whole Year mapped to the complete July-June crop-year reporting cycle.,Annual reporting window; do not calculate planting/harvest flags.,IND_ANDAMAN_AND_NICOBAR_ISLANDS_NICOBARS,DYP_0028D95CC3DED0F1,Census 2011,Census 2001,DPV_BA890C247AB782E0,WPT_CC1ED26C57F3AA025BF3,7.00040199,93.81029172,alternate_layer_confirmed_name,working_strong,1,0,WW_64E2CEC0D8590C886422,365,365,1.0,True,1630.0499999999738,4.465890410958832,281,84,5,22,31,27.89561643835603,28.280931506849456,27.470684931507137,29.87,25.95,0,0,80.31000000000006,18.036191780821955,4.779917808219109,92,505.40999999999985,27.734456521739364,4,92,547.1799999999894,28.526847826086335,2
Andaman and Nicobar Islands,NICOBARS,2006,Whole Year,Dry chillies,3.0,9.0,3.0,57,Andaman and Nicobar Islands|Dry chillies|Whole Year,2006-07-01,2007-06-30,365,365,0,state_zone+crop+season,v1.0,decided_project_convention,annual_reporting_window,south_coastal,chilli,Whole Year mapped to the complete July-June crop-year reporting cycle.,Annual reporting window; do not calculate planting/harvest flags.,IND_ANDAMAN_AND_NICOBAR_ISLANDS_NICOBARS,DYP_0028D95CC3DED0F1,Census 2011,Census 2001,DPV_BA890C247AB782E0,WPT_CC1ED26C57F3AA025BF3,7.00040199,93.81029172,alternate_layer_confirmed_name,working_strong,1,0,WW_64E2CEC0D8590C886422,365,365,1.0,True,1630.0499999999738,4.465890410958832,281,84,5,22,31,27.89561643835603,28.280931506849456,27.470684931507137,29.87,25.95,0,0,80.31000000000006,18.036191780821955,4.779917808219109,92,505.40999999999985,27.734456521739364,4,92,547.1799999999894,28.526847826086335,2
Andaman and Nicobar Islands,NICOBARS,2006,Whole Year,Dry ginger,6.0,21.0,3.5,58,Andaman and Nicobar Islands|Dry ginger|Whole Year,2006-07-01,2007-06-30,365,365,0,state_zone+crop+season,v1.0,decided_project_convention,annual_reporting_window,south_coastal,ginger,Whole Year mapped to the complete July-June crop-year reporting cycle.,Annual reporting window; do not calculate planting/harvest flags.,IND_ANDAMAN_AND_NICOBAR_ISLANDS_NICOBARS,DYP_0028D95CC3DED0F1,Census 2011,Census 2001,DPV_BA890C247AB782E0,WPT_CC1ED26C57F3AA025BF3,7.00040199,93.81029172,alternate_layer_confirmed_name,working_strong,1,0,WW_64E2CEC0D8590C886422,365,365,1.0,True,1630.0499999999738,4.465890410958832,281,84,5,22,31,27.89561643835603,28.280931506849456,27.470684931507137,29.87,25.95,0,0,80.31000000000006,18.036191780821955,4.779917808219109,92,505.40999999999985,27.734456521739364,4,92,547.1799999999894,28.526847826086335,2
Andaman and Nicobar Islands,NICOBARS,2006,Whole Year,Sugarcane,0.2,0.5,2.5,59,Andaman and Nicobar Islands|Sugarcane|Whole Year,2006-07-01,2007-06-30,365,365,0,state_zone+crop+season,v1.0,decided_project_convention,annual_reporting_window,south_coastal,sugarcane,Whole Year mapped to the complete July-June crop-year reporting cycle.,Annual reporting window; do not calculate planting/harvest flags.,IND_ANDAMAN_AND_NICOBAR_ISLANDS_NICOBARS,DYP_0028D95CC3DED0F1,Census 2011,Census 2001,DPV_BA890C247AB782E0,WPT_CC1ED26C57F3AA025BF3,7.00040199,93.81029172,alternate_layer_confirmed_name,working_strong,1,0,WW_64E2CEC0D8590C886422,365,365,1.0,True,1630.0499999999738,4.465890410958832,281,84,5,22,31,27.89561643835603,28.280931506849456,27.470684931507137,29.87,25.95,0,0,80.31000000000006,18.036191780821955,4.779917808219109,92,505.40999999999985,27.734456521739364,4,92,547.1799999999894,28.526847826086335,2
Andaman and Nicobar Islands,NICOBARS,2006,Whole Year,Sweet potato,18.0,86.0,4.777777777777778,60,Andaman and Nicobar Islands|Sweet potato|Whole Year,2006-07-01,2007-06-30,365,365,0,state_zone+crop+season,v1.0,decided_project_convention,annual_reporting_window,south_coastal,sweet_potato,Whole Year mapped to the complete July-June crop-year reporting cycle.,Annual reporting window; do not calculate planting/harvest flags.,IND_ANDAMAN_AND_NICOBAR_ISLANDS_NICOBARS,DYP_0028D95CC3DED0F1,Census 2011,Census 2001,DPV_BA890C247AB782E0,WPT_CC1ED26C57F3AA025BF3,7.00040199,93.81029172,alternate_layer_confirmed_name,working_strong,1,0,WW_64E2CEC0D8590C886422,365,365,1.0,True,1630.0499999999738,4.465890410958832,281,84,5,22,31,27.89561643835603,28.280931506849456,27.470684931507137,29.87,25.95,0,0,80.31000000000006,18.036191780821955,4.779917808219109,92,505.40999999999985,27.734456521739364,4,92,547.1799999999894,28.526847826086335,2
Andaman and Nicobar Islands,NICOBARS,2006,Whole Year,Tapioca,52.03,450.0,8.64885642898328,61,Andaman and Nicobar Islands|Tapioca|Whole Year,2006-07-01,2007-06-30,365,365,0,state_zone+crop+season,v1.0,decided_project_convention,annual_reporting_window,south_coastal,tapioca,Whole Year mapped to the complete July-June crop-year reporting cycle.,Annual reporting window; do not calculate planting/harvest flags.,IND_ANDAMAN_AND_NICOBAR_ISLANDS_NICOBARS,DYP_0028D95CC3DED0F1,Census 2011,Census 2001,DPV_BA890C247AB782E0,WPT_CC1ED26C57F3AA025BF3,7.00040199,93.81029172,alternate_layer_confirmed_name,working_strong,1,0,WW_64E2CEC0D8590C886422,365,365,1.0,True,1630.0499999999738,4.465890410958832,281,84,5,22,31,27.89561643835603,28.280931506849456,27.470684931507137,29.87,25.95,0,0,80.31000000000006,18.036191780821955,4.779917808219109,92,505.40999999999985,27.734456521739364,4,92,547.1799999999894,28.526847826086335,2
Andaman and Nicobar Islands,NICOBARS,2006,Whole Year,Turmeric,2.5,1.03,0.412,62,Andaman and Nicobar Islands|Turmeric|Whole Year,2006-07-01,2007-06-30,365,365,0,state_zone+crop+season,v1.0,decided_project_convention,annual_reporting_window,south_coastal,turmeric,Whole Year mapped to the complete July-June crop-year reporting cycle.,Annual reporting window; do not calculate planting/harvest flags.,IND_ANDAMAN_AND_NICOBAR_ISLANDS_NICOBARS,DYP_0028D95CC3DED0F1,Census 2011,Census 2001,DPV_BA890C247AB782E0,WPT_CC1ED26C57F3AA025BF3,7.00040199,93.81029172,alternate_layer_confirmed_name,working_strong,1,0,WW_64E2CEC0D8590C886422,365,365,1.0,True,1630.0499999999738,4.465890410958832,281,84,5,22,31,27.89561643835603,28.280931506849456,27.470684931507137,29.87,25.95,0,0,80.31000000000006,18.036191780821955,4.779917808219109,92,505.40999999999985,27.734456521739364,4,92,547.1799999999894,28.526847826086335,2
Andaman and Nicobar Islands,NICOBARS,2010,Autumn,Rice,3.5,10.0,2.857142857142857,63,Andaman and Nicobar Islands|Rice|Autumn,2010-03-01,2010-08-27,180,180,0,state_zone+crop+season,v1.0,decided_project_convention,crop_cycle_estimate,south_coastal,rice,Crop-specific 180-day cycle starting from the south_coastal Autumn anchor.,Autumn rice: early rice crop; the window starts well before meteorological autumn.,IND_ANDAMAN_AND_NICOBAR_ISLANDS_NICOBARS,DYP_0A0E43FDDDB74697,Census 2011,Census 2001,DPV_BA890C247AB782E0,WPT_CC1ED26C57F3AA025BF3,7.00040199,93.81029172,alternate_layer_confirmed_name,working_strong,1,0,WW_360E6A02F7E41B0964CF,180,180,1.0,True,1071.8899999999812,5.95494444444434,158,22,4,5,53,28.68377777777884,29.07911111111025,28.219833333331998,31.1,26.62,0,0,79.02144444444308,17.84022222222193,4.2450555555555995,45,101.90000000000146,28.85400000000114,5,45,382.1799999999821,27.87755555555535,1
Andaman and Nicobar Islands,NICOBARS,2010,Autumn,Sugarcane,13.4,41.75,3.1156716417910446,64,Andaman and Nicobar Islands|Sugarcane|Autumn,2010-04-01,2011-03-31,365,365,0,state_zone+crop+season,v1.0,decided_project_convention,crop_cycle_estimate,south_coastal,sugarcane,Crop-specific 365-day cycle starting from the south_coastal Autumn anchor.,,IND_ANDAMAN_AND_NICOBAR_ISLANDS_NICOBARS,DYP_0A0E43FDDDB74697,Census 2011,Census 2001,DPV_BA890C247AB782E0,WPT_CC1ED26C57F3AA025BF3,7.00040199,93.81029172,alternate_layer_confirmed_name,working_strong,1,0,WW_CE3CC5DD3F204508E093,365,365,1.0,True,2640.2099999999846,7.233452054794478,330,35,19,6,105,27.91345205479445,28.28128767123148,27.478657534245716,31.1,24.18,0,0,80.3590410958891,16.301671232876316,4.262410958904156,92,573.8500000000022,29.14336956521868,5,92,559.5900000000183,27.464239130434695,6
Andaman and Nicobar Islands,NICOBARS,2010,Rabi,Arecanut,944.0,1610.0,1.7055084745762712,65,Andaman and Nicobar Islands|Arecanut|Rabi,2010-10-01,2011-04-30,212,212,0,state_zone+crop+season,v1.0,decided_project_convention,seasonal_reporting_window,south_coastal,arecanut,Perennial or plantation crop mapped to its recorded reporting season.,Seasonal reporting window for a perennial/plantation crop; not its full biological life cycle.,IND_ANDAMAN_AND_NICOBAR_ISLANDS_NICOBARS,DYP_0A0E43FDDDB74697,Census 2011,Census 2001,DPV_BA890C247AB782E0,WPT_CC1ED26C57F3AA025BF3,7.00040199,93.81029172,alternate_layer_confirmed_name,working_strong,1,0,WW_883AF99AE6B793B73DD8,212,212,1.0,True,1541.020000000004,7.268962264150963,183,29,15,6,49,27.453207547169065,27.809858490564814,27.028254716981227,29.04,24.18,0,0,80.23575471697858,16.31952830188668,3.877547169811359,53,534.989999999998,27.418113207545588,5,53,373.57999999999447,27.86905660377409,5
Andaman and Nicobar Islands,NICOBARS,2010,Rabi,Black pepper,23.0,8.5,0.3695652173913043,66,Andaman and Nicobar Islands|Black pepper|Rabi,2010-10-01,2011-04-30,212,212,0,state_zone+crop+season,v1.0,decided_project_convention,seasonal_reporting_window,south_coastal,black_pepper,Perennial or plantation crop mapped to its recorded reporting season.,Seasonal reporting window for a perennial/plantation crop; not its full biological life cycle.,IND_ANDAMAN_AND_NICOBAR_ISLANDS_NICOBARS,DYP_0A0E43FDDDB74697,Census 2011,Census 2001,DPV_BA890C247AB782E0,WPT_CC1ED26C57F3AA025BF3,7.00040199,93.81029172,alternate_layer_confirmed_name,working_strong,1,0,WW_883AF99AE6B793B73DD8,212,212,1.0,True,1541.020000000004,7.268962264150963,183,29,15,6,49,27.453207547169065,27.809858490564814,27.028254716981227,29.04,24.18,0,0,80.23575471697858,16.31952830188668,3.877547169811359,53,534.989999999998,27.418113207545588,5,53,373.57999999999447,27.86905660377409,5
Andaman and Nicobar Islands,NICOBARS,2010,Rabi,Cashewnut,1000.5,260.5,0.2603698150924537,67,Andaman and Nicobar Islands|Cashewnut|Rabi,2010-10-01,2011-04-30,212,212,0,state_zone+crop+season,v1.0,decided_project_convention,seasonal_reporting_window,south_coastal,cashew,Perennial or plantation crop mapped to its recorded reporting season.,Seasonal reporting window for a perennial/plantation crop; not its full biological life cycle.,IND_ANDAMAN_AND_NICOBAR_ISLANDS_NICOBARS,DYP_0A0E43FDDDB74697,Census 2011,Census 2001,DPV_BA890C247AB782E0,WPT_CC1ED26C57F3AA025BF3,7.00040199,93.81029172,alternate_layer_confirmed_name,working_strong,1,0,WW_883AF99AE6B793B73DD8,212,212,1.0,True,1541.020000000004,7.268962264150963,183,29,15,6,49,27.453207547169065,27.809858490564814,27.028254716981227,29.04,24.18,0,0,80.23575471697858,16.31952830188668,3.877547169811359,53,534.989999999998,27.418113207545588,5,53,373.57999999999447,27.86905660377409,5
Andaman and Nicobar Islands,NICOBARS,2010,Rabi,Dry chillies,12.0,25.0,2.083333333333333,68,Andaman and Nicobar Islands|Dry chillies|Rabi,2010-10-01,2011-03-29,180,180,0,state_zone+crop+season,v1.0,decided_project_convention,crop_cycle_estimate,south_coastal,chilli,Crop-specific 180-day cycle starting from the south_coastal Rabi anchor.,,IND_ANDAMAN_AND_NICOBAR_ISLANDS_NICOBARS,DYP_0A0E43FDDDB74697,Census 2011,Census 2001,DPV_BA890C247AB782E0,WPT_CC1ED26C57F3AA025BF3,7.00040199,93.81029172,alternate_layer_confirmed_name,working_strong,1,0,WW_BF54DABF24DB8550D69E,180,180,1.0,True,1404.1500000000087,7.800833333333382,156,24,15,6,49,27.339222222221238,27.700499999998524,26.910055555555058,28.75,24.18,0,0,80.71461111110888,15.468888888888776,4.10650000000001,45,465.4399999999987,27.4804444444424,5,45,311.0900000000074,27.6820000000007,5
Andaman and Nicobar Islands,NICOBARS,2010,Rabi,Dry ginger,7.0,9.64,1.3771428571428572,69,Andaman and Nicobar Islands|Dry ginger|Rabi,2010-10-01,2011-05-28,240,240,0,state_zone+crop+season,v1.0,decided_project_convention,crop_cycle_estimate,south_coastal,ginger,Crop-specific 240-day cycle starting from the south_coastal Rabi anchor.,,IND_ANDAMAN_AND_NICOBAR_ISLANDS_NICOBARS,DYP_0A0E43FDDDB74697,Census 2011,Census 2001,DPV_BA890C247AB782E0,WPT_CC1ED26C57F3AA025BF3,7.00040199,93.81029172,alternate_layer_confirmed_name,working_strong,1,0,WW_63ACDF024D9C08958C82,240,240,1.0,True,1670.8000000000102,6.9616666666667095,203,37,16,6,49,27.581166666666224,27.935124999999122,27.157125000000086,29.5,24.18,0,0,80.09562499999738,16.72583333333314,3.941916666666733,60,593.4200000000019,27.403166666664767,5,60,266.65000000000146,28.307000000001185,1
Andaman and Nicobar Islands,NICOBARS,2010,Rabi,Maize,3.84,18.22,4.744791666666667,70,Andaman and Nicobar Islands|Maize|Rabi,2010-10-01,2011-01-28,120,120,0,state_zone+crop+season,v1.0,decided_project_convention,crop_cycle_estimate,south_coastal,maize,Crop-specific 120-day cycle starting from the south_coastal Rabi anchor.,,IND_ANDAMAN_AND_NICOBAR_ISLANDS_NICOBARS,DYP_0A0E43FDDDB74697,Census 2011,Census 2001,DPV_BA890C247AB782E0,WPT_CC1ED26C57F3AA025BF3,7.00040199,93.81029172,alternate_layer_confirmed_name,working_strong,1,0,WW_DE91BB353D16B86CFAC7,120,120,1.0,True,1025.130000000001,8.542750000000009,102,18,10,6,49,27.189249999998477,27.56149999999834,26.748249999999825,28.75,24.18,0,0,81.40324999999672,14.264083333333595,4.392249999999967,30,223.83000000000175,27.748333333331782,5,30,168.72000000000844,27.137333333333178,1
Andaman and Nicobar Islands,NICOBARS,2010,Rabi,Moong(Green Gram),1.5,1.1,0.7333333333333334,71,Andaman and Nicobar Islands|Moong(Green Gram)|Rabi,2010-10-01,2010-12-29,90,90,0,state_zone+crop+season,v1.0,decided_project_convention,crop_cycle_estimate,south_coastal,green_gram,Crop-specific 90-day cycle starting from the south_coastal Rabi anchor.,,IND_ANDAMAN_AND_NICOBAR_ISLANDS_NICOBARS,DYP_0A0E43FDDDB74697,Census 2011,Census 2001,DPV_BA890C247AB782E0,WPT_CC1ED26C57F3AA025BF3,7.00040199,93.81029172,alternate_layer_confirmed_name,working_strong,1,0,WW_21CBFB03C92B88D76A0B,90,90,1.0,True,856.4099999999926,9.515666666666585,80,10,9,5,49,27.206555555553578,27.563777777776057,26.79955555555514,28.75,25.61,0,0,82.09011111110708,13.611666666667022,4.361111111111071,23,174.51000000000204,27.887391304345446,5,23,171.55999999999403,26.758695652170623,1
Andaman and Nicobar Islands,NICOBARS,2010,Rabi,Sweet potato,22.0,208.0,9.454545454545457,72,Andaman and Nicobar Islands|Sweet potato|Rabi,2010-10-01,2011-01-28,120,120,0,state_zone+crop+season,v1.0,decided_project_convention,crop_cycle_estimate,south_coastal,sweet_potato,Crop-specific 120-day cycle starting from the south_coastal Rabi anchor.,,IND_ANDAMAN_AND_NICOBAR_ISLANDS_NICOBARS,DYP_0A0E43FDDDB74697,Census 2011,Census 2001,DPV_BA890C247AB782E0,WPT_CC1ED26C57F3AA025BF3,7.00040199,93.81029172,alternate_layer_confirmed_name,working_strong,1,0,WW_DE91BB353D16B86CFAC7,120,120,1.0,True,1025.130000000001,8.542750000000009,102,18,10,6,49,27.189249999998477,27.56149999999834,26.748249999999825,28.75,24.18,0,0,81.40324999999672,14.264083333333595,4.392249999999967,30,223.83000000000175,27.748333333331782,5,30,168.72000000000844,27.137333333333178,1
Andaman and Nicobar Islands,NICOBARS,2010,Rabi,Turmeric,2.0,0.5,0.25,73,Andaman and Nicobar Islands|Turmeric|Rabi,2010-10-01,2011-06-27,270,270,0,state_zone+crop+season,v1.0,decided_project_convention,crop_cycle_estimate,south_coastal,turmeric,Crop-specific 270-day cycle starting from the south_coastal Rabi anchor.,,IND_ANDAMAN_AND_NICOBAR_ISLANDS_NICOBARS,DYP_0A0E43FDDDB74697,Census 2011,Census 2001,DPV_BA890C247AB782E0,WPT_CC1ED26C57F3AA025BF3,7.00040199,93.81029172,alternate_layer_confirmed_name,working_strong,1,0,WW_5A31799FC4F48DB1D6D6,270,270,1.0,True,1797.270000000015,6.656555555555611,231,39,16,6,49,27.706074074073587,28.05537037036966,27.28696296296311,29.5,24.18,0,0,80.15162962962705,16.73359259259246,4.21474074074082,68,689.3299999999981,27.34617647058664,5,68,333.36000000000786,28.582941176470793,1
Andaman and Nicobar Islands,NICOBARS,2010,Rabi,Urad,1.5,1.16,0.7733333333333333,74,Andaman and Nicobar Islands|Urad|Rabi,2010-10-01,2011-01-03,95,95,0,state_zone+crop+season,v1.0,decided_project_convention,crop_cycle_estimate,south_coastal,black_gram,Crop-specific 95-day cycle starting from the south_coastal Rabi anchor.,,IND_ANDAMAN_AND_NICOBAR_ISLANDS_NICOBARS,DYP_0A0E43FDDDB74697,Census 2011,Census 2001,DPV_BA890C247AB782E0,WPT_CC1ED26C57F3AA025BF3,7.00040199,93.81029172,alternate_layer_confirmed_name,working_strong,1,0,WW_BBD08C3AF18DECA63622,95,95,1.0,True,898.4399999999987,9.457263157894722,85,10,9,5,49,27.200105263156154,27.553578947366546,26.79115789473657,28.75,25.61,0,0,82.23231578946947,13.52473684210563,4.419578947368389,24,175.76000000000204,27.886666666664194,5,24,183.04000000000087,26.863333333332168,1
Andaman and Nicobar Islands,NICOBARS,2010,Whole Year,Banana,593.0,3425.0,5.775716694772344,75,Andaman and Nicobar Islands|Banana|Whole Year,2010-07-01,2011-06-30,365,365,0,state_zone+crop+season,v1.0,decided_project_convention,annual_reporting_window,south_coastal,fruit_perennial,Whole Year mapped to the complete July-June crop-year reporting cycle.,Annual reporting window; do not calculate planting/harvest flags.,IND_ANDAMAN_AND_NICOBAR_ISLANDS_NICOBARS,DYP_0A0E43FDDDB74697,Census 2011,Census 2001,DPV_BA890C247AB782E0,WPT_CC1ED26C57F3AA025BF3,7.00040199,93.81029172,alternate_layer_confirmed_name,working_strong,1,0,WW_AA7C15D634EB6AF9CDF3,365,365,1.0,True,2478.109999999986,6.7893424657533865,325,40,17,6,105,27.738684931506597,28.086383561642954,27.32635616438339,29.5,24.18,0,0,80.64657534246416,16.516465753424285,4.462493150685045,92,664.6699999999728,27.825217391304804,1,92,401.7300000000032,28.44032608695694,1
Andaman and Nicobar Islands,NICOBARS,2010,Whole Year,Coconut,14560.0,71300000.0,4896.978021978022,76,Andaman and Nicobar Islands|Coconut|Whole Year,2010-07-01,2011-06-30,365,365,0,state_zone+crop+season,v1.0,decided_project_convention,annual_reporting_window,south_coastal,coconut,Whole Year mapped to the complete July-June crop-year reporting cycle.,Annual reporting window; do not calculate planting/harvest flags.,IND_ANDAMAN_AND_NICOBAR_ISLANDS_NICOBARS,DYP_0A0E43FDDDB74697,Census 2011,Census 2001,DPV_BA890C247AB782E0,WPT_CC1ED26C57F3AA025BF3,7.00040199,93.81029172,alternate_layer_confirmed_name,working_strong,1,0,WW_AA7C15D634EB6AF9CDF3,365,365,1.0,True,2478.109999999986,6.7893424657533865,325,40,17,6,105,27.738684931506597,28.086383561642954,27.32635616438339,29.5,24.18,0,0,80.64657534246416,16.516465753424285,4.462493150685045,92,664.6699999999728,27.825217391304804,1,92,401.7300000000032,28.44032608695694,1
Andaman and Nicobar Islands,NICOBARS,2010,Whole Year,Tapioca,69.0,575.0,8.333333333333334,77,Andaman and Nicobar Islands|Tapioca|Whole Year,2010-07-01,2011-06-30,365,365,0,state_zone+crop+season,v1.0,decided_project_convention,annual_reporting_window,south_coastal,tapioca,Whole Year mapped to the complete July-June crop-year reporting cycle.,Annual reporting window; do not calculate planting/harvest flags.,IND_ANDAMAN_AND_NICOBAR_ISLANDS_NICOBARS,DYP_0A0E43FDDDB74697,Census 2011,Census 2001,DPV_BA890C247AB782E0,WPT_CC1ED26C57F3AA025BF3,7.00040199,93.81029172,alternate_layer_confirmed_name,working_strong,1,0,WW_AA7C15D634EB6AF9CDF3,365,365,1.0,True,2478.109999999986,6.7893424657533865,325,40,17,6,105,27.738684931506597,28.086383561642954,27.32635616438339,29.5,24.18,0,0,80.64657534246416,16.516465753424285,4.462493150685045,92,664.6699999999728,27.825217391304804,1,92,401.7300000000032,28.44032608695694,1
Andaman and Nicobar Islands,NORTH AND MIDDLE ANDAMAN,2000,Kharif,Arecanut,3100.0,5200.0,1.6774193548387095,78,Andaman and Nicobar Islands|Arecanut|Kharif,2000-05-15,2000-11-30,200,200,0,state_zone+crop+season,v1.0,decided_project_convention,seasonal_reporting_window,south_coastal,arecanut,Perennial or plantation crop mapped to its recorded reporting season.,Seasonal reporting window for a perennial/plantation crop; not its full biological life cycle.,IND_ANDAMAN_AND_NICOBAR_ISLANDS_NORTH_AND_MIDDLE_ANDAMAN,DYP_EC967830D874E417,Census 2001,Census 2011,DPV_4EDC241068BF452A,WPT_E7B8C84966BA8B4D2DC0,12.61158497,92.83153129,alternate_layer_confirmed_name,working_strong,1,0,WW_6EEE649CFF43E83AAFA1,200,200,1.0,True,1940.479999999996,9.70239999999998,174,26,21,10,71,27.48615000000025,28.199849999999714,26.86279999999999,29.68,25.82,0,0,84.08024999999994,16.409399999999877,5.226750000000015,50,547.3199999999961,27.696200000000026,0,50,251.24999999999454,27.400199999999895,1
Andaman and Nicobar Islands,NORTH AND MIDDLE ANDAMAN,2000,Kharif,Other Kharif pulses,668.0,448.0,0.6706586826347305,79,Andaman and Nicobar Islands|Other Kharif pulses|Kharif,2000-05-15,2000-11-30,200,200,0,state_zone+crop+season,v1.0,decided_project_convention,aggregate_reporting_window,south_coastal,aggregate_kharif_pulses,Aggregate crop category mapped to the complete reporting-season window.,Aggregate crop category; uses the full reporting-season window.,IND_ANDAMAN_AND_NICOBAR_ISLANDS_NORTH_AND_MIDDLE_ANDAMAN,DYP_EC967830D874E417,Census 2001,Census 2011,DPV_4EDC241068BF452A,WPT_E7B8C84966BA8B4D2DC0,12.61158497,92.83153129,alternate_layer_confirmed_name,working_strong,1,0,WW_6EEE649CFF43E83AAFA1,200,200,1.0,True,1940.479999999996,9.70239999999998,174,26,21,10,71,27.48615000000025,28.199849999999714,26.86279999999999,29.68,25.82,0,0,84.08024999999994,16.409399999999877,5.226750000000015,50,547.3199999999961,27.696200000000026,0,50,251.24999999999454,27.400199999999895,1
Andaman and Nicobar Islands,NORTH AND MIDDLE ANDAMAN,2000,Kharif,Rice,10779.0,31863.0,2.956025605343724,80,Andaman and Nicobar Islands|Rice|Kharif,2000-05-15,2000-10-11,150,150,0,state_zone+crop+season,v1.0,decided_project_convention,crop_cycle_estimate,south_coastal,rice,Crop-specific 150-day cycle starting from the south_coastal Kharif anchor.,,IND_ANDAMAN_AND_NICOBAR_ISLANDS_NORTH_AND_MIDDLE_ANDAMAN,DYP_EC967830D874E417,Census 2001,Census 2011,DPV_4EDC241068BF452A,WPT_E7B8C84966BA8B4D2DC0,12.61158497,92.83153129,alternate_layer_confirmed_name,working_strong,1,0,WW_7C825741ADDFA23ACCB6,150,150,1.0,True,1689.2300000000014,11.261533333333343,144,6,20,2,71,27.51480000000037,28.160799999999824,26.954199999999886,29.68,25.82,0,0,85.65180000000012,15.973599999999884,5.5980000000000105,38,408.7299999999959,27.853421052631873,0,38,355.4100000000053,27.22500000000046,4
Andaman and Nicobar Islands,NORTH AND MIDDLE ANDAMAN,2000,Whole Year,Banana,1531.0,12073.0,7.885695623775311,81,Andaman and Nicobar Islands|Banana|Whole Year,2000-07-01,2001-06-30,365,365,0,state_zone+crop+season,v1.0,decided_project_convention,annual_reporting_window,south_coastal,fruit_perennial,Whole Year mapped to the complete July-June crop-year reporting cycle.,Annual reporting window; do not calculate planting/harvest flags.,IND_ANDAMAN_AND_NICOBAR_ISLANDS_NORTH_AND_MIDDLE_ANDAMAN,DYP_EC967830D874E417,Census 2001,Census 2011,DPV_4EDC241068BF452A,WPT_E7B8C84966BA8B4D2DC0,12.61158497,92.83153129,alternate_layer_confirmed_name,working_strong,1,0,WW_E0D95DDB49AF21D5A4A7,365,365,1.0,True,2747.1600000000053,7.526465753424672,235,130,36,21,38,27.43336986301376,28.507616438355964,26.492547945205455,32.32,22.79,0,0,79.98616438356152,18.003342465753416,4.4463013698630105,92,1007.4900000000016,27.461956521739683,2,92,1023.5999999999949,28.708695652173564,15
Andaman and Nicobar Islands,NORTH AND MIDDLE ANDAMAN,2000,Whole Year,Cashewnut,80.0,54.0,0.675,82,Andaman and Nicobar Islands|Cashewnut|Whole Year,2000-07-01,2001-06-30,365,365,0,state_zone+crop+season,v1.0,decided_project_convention,annual_reporting_window,south_coastal,cashew,Whole Year mapped to the complete July-June crop-year reporting cycle.,Annual reporting window; do not calculate planting/harvest flags.,IND_ANDAMAN_AND_NICOBAR_ISLANDS_NORTH_AND_MIDDLE_ANDAMAN,DYP_EC967830D874E417,Census 2001,Census 2011,DPV_4EDC241068BF452A,WPT_E7B8C84966BA8B4D2DC0,12.61158497,92.83153129,alternate_layer_confirmed_name,working_strong,1,0,WW_E0D95DDB49AF21D5A4A7,365,365,1.0,True,2747.1600000000053,7.526465753424672,235,130,36,21,38,27.43336986301376,28.507616438355964,26.492547945205455,32.32,22.79,0,0,79.98616438356152,18.003342465753416,4.4463013698630105,92,1007.4900000000016,27.461956521739683,2,92,1023.5999999999949,28.708695652173564,15
Andaman and Nicobar Islands,NORTH AND MIDDLE ANDAMAN,2000,Whole Year,Coconut,6992.0,23900000.0,3418.192219679634,83,Andaman and Nicobar Islands|Coconut|Whole Year,2000-07-01,2001-06-30,365,365,0,state_zone+crop+season,v1.0,decided_project_convention,annual_reporting_window,south_coastal,coconut,Whole Year mapped to the complete July-June crop-year reporting cycle.,Annual reporting window; do not calculate planting/harvest flags.,IND_ANDAMAN_AND_NICOBAR_ISLANDS_NORTH_AND_MIDDLE_ANDAMAN,DYP_EC967830D874E417,Census 2001,Census 2011,DPV_4EDC241068BF452A,WPT_E7B8C84966BA8B4D2DC0,12.61158497,92.83153129,alternate_layer_confirmed_name,working_strong,1,0,WW_E0D95DDB49AF21D5A4A7,365,365,1.0,True,2747.1600000000053,7.526465753424672,235,130,36,21,38,27.43336986301376,28.507616438355964,26.492547945205455,32.32,22.79,0,0,79.98616438356152,18.003342465753416,4.4463013698630105,92,1007.4900000000016,27.461956521739683,2,92,1023.5999999999949,28.708695652173564,15
Andaman and Nicobar Islands,NORTH AND MIDDLE ANDAMAN,2000,Whole Year,Dry ginger,352.0,1120.0,3.1818181818181817,84,Andaman and Nicobar Islands|Dry ginger|Whole Year,2000-07-01,2001-06-30,365,365,0,state_zone+crop+season,v1.0,decided_project_convention,annual_reporting_window,south_coastal,ginger,Whole Year mapped to the complete July-June crop-year reporting cycle.,Annual reporting window; do not calculate planting/harvest flags.,IND_ANDAMAN_AND_NICOBAR_ISLANDS_NORTH_AND_MIDDLE_ANDAMAN,DYP_EC967830D874E417,Census 2001,Census 2011,DPV_4EDC241068BF452A,WPT_E7B8C84966BA8B4D2DC0,12.61158497,92.83153129,alternate_layer_confirmed_name,working_strong,1,0,WW_E0D95DDB49AF21D5A4A7,365,365,1.0,True,2747.1600000000053,7.526465753424672,235,130,36,21,38,27.43336986301376,28.507616438355964,26.492547945205455,32.32,22.79,0,0,79.98616438356152,18.003342465753416,4.4463013698630105,92,1007.4900000000016,27.461956521739683,2,92,1023.5999999999949,28.708695652173564,15
Andaman and Nicobar Islands,NORTH AND MIDDLE ANDAMAN,2000,Whole Year,other oilseeds,133.0,55.0,0.4135338345864661,85,Andaman and Nicobar Islands|other oilseeds|Whole Year,2000-07-01,2001-06-30,365,365,0,state_zone+crop+season,v1.0,decided_project_convention,annual_reporting_window,south_coastal,other_oilseed,Whole Year mapped to the complete July-June crop-year reporting cycle.,Annual reporting window; do not calculate planting/harvest flags.,IND_ANDAMAN_AND_NICOBAR_ISLANDS_NORTH_AND_MIDDLE_ANDAMAN,DYP_EC967830D874E417,Census 2001,Census 2011,DPV_4EDC241068BF452A,WPT_E7B8C84966BA8B4D2DC0,12.61158497,92.83153129,alternate_layer_confirmed_name,working_strong,1,0,WW_E0D95DDB49AF21D5A4A7,365,365,1.0,True,2747.1600000000053,7.526465753424672,235,130,36,21,38,27.43336986301376,28.507616438355964,26.492547945205455,32.32,22.79,0,0,79.98616438356152,18.003342465753416,4.4463013698630105,92,1007.4900000000016,27.461956521739683,2,92,1023.5999999999949,28.708695652173564,15
Andaman and Nicobar Islands,NORTH AND MIDDLE ANDAMAN,2000,Whole Year,Sugarcane,141.0,3736.0,26.49645390070922,86,Andaman and Nicobar Islands|Sugarcane|Whole Year,2000-07-01,2001-06-30,365,365,0,state_zone+crop+season,v1.0,decided_project_convention,annual_reporting_window,south_coastal,sugarcane,Whole Year mapped to the complete July-June crop-year reporting cycle.,Annual reporting window; do not calculate planting/harvest flags.,IND_ANDAMAN_AND_NICOBAR_ISLANDS_NORTH_AND_MIDDLE_ANDAMAN,DYP_EC967830D874E417,Census 2001,Census 2011,DPV_4EDC241068BF452A,WPT_E7B8C84966BA8B4D2DC0,12.61158497,92.83153129,alternate_layer_confirmed_name,working_strong,1,0,WW_E0D95DDB49AF21D5A4A7,365,365,1.0,True,2747.1600000000053,7.526465753424672,235,130,36,21,38,27.43336986301376,28.507616438355964,26.492547945205455,32.32,22.79,0,0,79.98616438356152,18.003342465753416,4.4463013698630105,92,1007.4900000000016,27.461956521739683,2,92,1023.5999999999949,28.708695652173564,15
Andaman and Nicobar Islands,NORTH AND MIDDLE ANDAMAN,2000,Whole Year,Sweet potato,78.0,843.0,10.807692307692308,87,Andaman and Nicobar Islands|Sweet potato|Whole Year,2000-07-01,2001-06-30,365,365,0,state_zone+crop+season,v1.0,decided_project_convention,annual_reporting_window,south_coastal,sweet_potato,Whole Year mapped to the complete July-June crop-year reporting cycle.,Annual reporting window; do not calculate planting/harvest flags.,IND_ANDAMAN_AND_NICOBAR_ISLANDS_NORTH_AND_MIDDLE_ANDAMAN,DYP_EC967830D874E417,Census 2001,Census 2011,DPV_4EDC241068BF452A,WPT_E7B8C84966BA8B4D2DC0,12.61158497,92.83153129,alternate_layer_confirmed_name,working_strong,1,0,WW_E0D95DDB49AF21D5A4A7,365,365,1.0,True,2747.1600000000053,7.526465753424672,235,130,36,21,38,27.43336986301376,28.507616438355964,26.492547945205455,32.32,22.79,0,0,79.98616438356152,18.003342465753416,4.4463013698630105,92,1007.4900000000016,27.461956521739683,2,92,1023.5999999999949,28.708695652173564,15
Andaman and Nicobar Islands,NORTH AND MIDDLE ANDAMAN,2000,Whole Year,Tapioca,160.0,2108.0,13.175,88,Andaman and Nicobar Islands|Tapioca|Whole Year,2000-07-01,2001-06-30,365,365,0,state_zone+crop+season,v1.0,decided_project_convention,annual_reporting_window,south_coastal,tapioca,Whole Year mapped to the complete July-June crop-year reporting cycle.,Annual reporting window; do not calculate planting/harvest flags.,IND_ANDAMAN_AND_NICOBAR_ISLANDS_NORTH_AND_MIDDLE_ANDAMAN,DYP_EC967830D874E417,Census 2001,Census 2011,DPV_4EDC241068BF452A,WPT_E7B8C84966BA8B4D2DC0,12.61158497,92.83153129,alternate_layer_confirmed_name,working_strong,1,0,WW_E0D95DDB49AF21D5A4A7,365,365,1.0,True,2747.1600000000053,7.526465753424672,235,130,36,21,38,27.43336986301376,28.507616438355964,26.492547945205455,32.32,22.79,0,0,79.98616438356152,18.003342465753416,4.4463013698630105,92,1007.4900000000016,27.461956521739683,2,92,1023.5999999999949,28.708695652173564,15
Andaman and Nicobar Islands,NORTH AND MIDDLE ANDAMAN,2001,Kharif,Arecanut,3100.0,5239.0,1.69,89,Andaman and Nicobar Islands|Arecanut|Kharif,2001-05-15,2001-11-30,200,200,0,state_zone+crop+season,v1.0,decided_project_convention,seasonal_reporting_window,south_coastal,arecanut,Perennial or plantation crop mapped to its recorded reporting season.,Seasonal reporting window for a perennial/plantation crop; not its full biological life cycle.,IND_ANDAMAN_AND_NICOBAR_ISLANDS_NORTH_AND_MIDDLE_ANDAMAN,DYP_E5A5DA5869F92013,Census 2001,Census 2011,DPV_4EDC241068BF452A,WPT_E7B8C84966BA8B4D2DC0,12.61158497,92.83153129,alternate_layer_confirmed_name,working_strong,1,0,WW_2C307BB2BD771E8B6D0C,200,200,1.0,True,2042.230000000005,10.211150000000025,182,18,29,7,108,27.540649999999985,28.27709999999992,26.889749999999875,29.79,24.68,0,0,84.70480000000025,16.50455000000011,5.164149999999999,50,724.5099999999984,28.09479999999967,1,50,227.9899999999925,26.952200000000012,1
Andaman and Nicobar Islands,NORTH AND MIDDLE ANDAMAN,2001,Kharif,Other Kharif pulses,418.0,199.0,0.4760765550239234,90,Andaman and Nicobar Islands|Other Kharif pulses|Kharif,2001-05-15,2001-11-30,200,200,0,state_zone+crop+season,v1.0,decided_project_convention,aggregate_reporting_window,south_coastal,aggregate_kharif_pulses,Aggregate crop category mapped to the complete reporting-season window.,Aggregate crop category; uses the full reporting-season window.,IND_ANDAMAN_AND_NICOBAR_ISLANDS_NORTH_AND_MIDDLE_ANDAMAN,DYP_E5A5DA5869F92013,Census 2001,Census 2011,DPV_4EDC241068BF452A,WPT_E7B8C84966BA8B4D2DC0,12.61158497,92.83153129,alternate_layer_confirmed_name,working_strong,1,0,WW_2C307BB2BD771E8B6D0C,200,200,1.0,True,2042.230000000005,10.211150000000025,182,18,29,7,108,27.540649999999985,28.27709999999992,26.889749999999875,29.79,24.68,0,0,84.70480000000025,16.50455000000011,5.164149999999999,50,724.5099999999984,28.09479999999967,1,50,227.9899999999925,26.952200000000012,1
Andaman and Nicobar Islands,NORTH AND MIDDLE ANDAMAN,2001,Kharif,Rice,9718.0,27033.0,2.781745215064828,91,Andaman and Nicobar Islands|Rice|Kharif,2001-05-15,2001-10-11,150,150,0,state_zone+crop+season,v1.0,decided_project_convention,crop_cycle_estimate,south_coastal,rice,Crop-specific 150-day cycle starting from the south_coastal Kharif anchor.,,IND_ANDAMAN_AND_NICOBAR_ISLANDS_NORTH_AND_MIDDLE_ANDAMAN,DYP_E5A5DA5869F92013,Census 2001,Census 2011,DPV_4EDC241068BF452A,WPT_E7B8C84966BA8B4D2DC0,12.61158497,92.83153129,alternate_layer_confirmed_name,working_strong,1,0,WW_638AE9BA60B8D6A570C4,150,150,1.0,True,1814.2400000000125,12.094933333333417,147,3,28,2,78,27.736799999999977,28.43800000000003,27.130933333333136,29.79,26.03,0,0,85.72226666666644,16.14320000000007,5.571200000000008,38,567.6900000000005,28.16210526315741,1,38,373.41000000000713,27.275526315789694,6
Andaman and Nicobar Islands,NORTH AND MIDDLE ANDAMAN,2001,Whole Year,Cashewnut,81.0,33.0,0.4074074074074074,92,Andaman and Nicobar Islands|Cashewnut|Whole Year,2001-07-01,2002-06-30,365,365,0,state_zone+crop+season,v1.0,decided_project_convention,annual_reporting_window,south_coastal,cashew,Whole Year mapped to the complete July-June crop-year reporting cycle.,Annual reporting window; do not calculate planting/harvest flags.,IND_ANDAMAN_AND_NICOBAR_ISLANDS_NORTH_AND_MIDDLE_ANDAMAN,DYP_E5A5DA5869F92013,Census 2001,Census 2011,DPV_4EDC241068BF452A,WPT_E7B8C84966BA8B4D2DC0,12.61158497,92.83153129,alternate_layer_confirmed_name,working_strong,1,0,WW_EC3E29F2D0265E875C12,365,365,1.0,True,2228.9900000000125,6.1068219178082535,233,132,27,26,108,27.634383561643862,28.734876712328735,26.663342465753313,32.31,23.38,0,0,79.6477260273965,18.256684931506985,4.318027397260261,92,1074.1600000000108,27.612717391304454,2,92,727.8600000000042,28.78108695652135,6
Andaman and Nicobar Islands,NORTH AND MIDDLE ANDAMAN,2001,Whole Year,Coconut,7015.0,25250000.0,3599.429793300071,93,Andaman and Nicobar Islands|Coconut|Whole Year,2001-07-01,2002-06-30,365,365,0,state_zone+crop+season,v1.0,decided_project_convention,annual_reporting_window,south_coastal,coconut,Whole Year mapped to the complete July-June crop-year reporting cycle.,Annual reporting window; do not calculate planting/harvest flags.,IND_ANDAMAN_AND_NICOBAR_ISLANDS_NORTH_AND_MIDDLE_ANDAMAN,DYP_E5A5DA5869F92013,Census 2001,Census 2011,DPV_4EDC241068BF452A,WPT_E7B8C84966BA8B4D2DC0,12.61158497,92.83153129,alternate_layer_confirmed_name,working_strong,1,0,WW_EC3E29F2D0265E875C12,365,365,1.0,True,2228.9900000000125,6.1068219178082535,233,132,27,26,108,27.634383561643862,28.734876712328735,26.663342465753313,32.31,23.38,0,0,79.6477260273965,18.256684931506985,4.318027397260261,92,1074.1600000000108,27.612717391304454,2,92,727.8600000000042,28.78108695652135,6
Andaman and Nicobar Islands,NORTH AND MIDDLE ANDAMAN,2001,Whole Year,Dry ginger,344.0,1124.0,3.2674418604651163,94,Andaman and Nicobar Islands|Dry ginger|Whole Year,2001-07-01,2002-06-30,365,365,0,state_zone+crop+season,v1.0,decided_project_convention,annual_reporting_window,south_coastal,ginger,Whole Year mapped to the complete July-June crop-year reporting cycle.,Annual reporting window; do not calculate planting/harvest flags.,IND_ANDAMAN_AND_NICOBAR_ISLANDS_NORTH_AND_MIDDLE_ANDAMAN,DYP_E5A5DA5869F92013,Census 2001,Census 2011,DPV_4EDC241068BF452A,WPT_E7B8C84966BA8B4D2DC0,12.61158497,92.83153129,alternate_layer_confirmed_name,working_strong,1,0,WW_EC3E29F2D0265E875C12,365,365,1.0,True,2228.9900000000125,6.1068219178082535,233,132,27,26,108,27.634383561643862,28.734876712328735,26.663342465753313,32.31,23.38,0,0,79.6477260273965,18.256684931506985,4.318027397260261,92,1074.1600000000108,27.612717391304454,2,92,727.8600000000042,28.78108695652135,6
Andaman and Nicobar Islands,NORTH AND MIDDLE ANDAMAN,2001,Whole Year,Sugarcane,81.0,2379.0,29.37037037037037,95,Andaman and Nicobar Islands|Sugarcane|Whole Year,2001-07-01,2002-06-30,365,365,0,state_zone+crop+season,v1.0,decided_project_convention,annual_reporting_window,south_coastal,sugarcane,Whole Year mapped to the complete July-June crop-year reporting cycle.,Annual reporting window; do not calculate planting/harvest flags.,IND_ANDAMAN_AND_NICOBAR_ISLANDS_NORTH_AND_MIDDLE_ANDAMAN,DYP_E5A5DA5869F92013,Census 2001,Census 2011,DPV_4EDC241068BF452A,WPT_E7B8C84966BA8B4D2DC0,12.61158497,92.83153129,alternate_layer_confirmed_name,working_strong,1,0,WW_EC3E29F2D0265E875C12,365,365,1.0,True,2228.9900000000125,6.1068219178082535,233,132,27,26,108,27.634383561643862,28.734876712328735,26.663342465753313,32.31,23.38,0,0,79.6477260273965,18.256684931506985,4.318027397260261,92,1074.1600000000108,27.612717391304454,2,92,727.8600000000042,28.78108695652135,6
Andaman and Nicobar Islands,NORTH AND MIDDLE ANDAMAN,2001,Whole Year,Sweet potato,100.0,5.0,0.05,96,Andaman and Nicobar Islands|Sweet potato|Whole Year,2001-07-01,2002-06-30,365,365,0,state_zone+crop+season,v1.0,decided_project_convention,annual_reporting_window,south_coastal,sweet_potato,Whole Year mapped to the complete July-June crop-year reporting cycle.,Annual reporting window; do not calculate planting/harvest flags.,IND_ANDAMAN_AND_NICOBAR_ISLANDS_NORTH_AND_MIDDLE_ANDAMAN,DYP_E5A5DA5869F92013,Census 2001,Census 2011,DPV_4EDC241068BF452A,WPT_E7B8C84966BA8B4D2DC0,12.61158497,92.83153129,alternate_layer_confirmed_name,working_strong,1,0,WW_EC3E29F2D0265E875C12,365,365,1.0,True,2228.9900000000125,6.1068219178082535,233,132,27,26,108,27.634383561643862,28.734876712328735,26.663342465753313,32.31,23.38,0,0,79.6477260273965,18.256684931506985,4.318027397260261,92,1074.1600000000108,27.612717391304454,2,92,727.8600000000042,28.78108695652135,6
Andaman and Nicobar Islands,NORTH AND MIDDLE ANDAMAN,2006,Kharif,Rice,6854.3,18995.62,2.771343536174372,97,Andaman and Nicobar Islands|Rice|Kharif,2006-05-15,2006-10-11,150,150,0,state_zone+crop+season,v1.0,decided_project_convention,crop_cycle_estimate,south_coastal,rice,Crop-specific 150-day cycle starting from the south_coastal Kharif anchor.,,IND_ANDAMAN_AND_NICOBAR_ISLANDS_NORTH_AND_MIDDLE_ANDAMAN,DYP_5CA0DCCDB56EE6DD,Census 2011,Census 2011,DPV_93CD20EFEFF2EF86,WPT_E7B8C84966BA8B4D2DC0,12.61158497,92.83153129,confirmed_exact_unique,confirmed,0,0,WW_B1AC5EF035A614225DC5,150,150,1.0,True,2014.0500000000247,13.427000000000165,149,1,29,1,146,27.768066666666225,28.426066666666884,27.19613333333303,29.91,25.93,0,0,85.09133333333419,15.34813333333334,6.012666666666664,38,471.0800000000054,28.198684210525244,0,38,610.2400000000016,27.19157894736724,12
Andaman and Nicobar Islands,NORTH AND MIDDLE ANDAMAN,2006,Whole Year,Arecanut,1160.0,3011.7,2.596293103448276,98,Andaman and Nicobar Islands|Arecanut|Whole Year,2006-07-01,2007-06-30,365,365,0,state_zone+crop+season,v1.0,decided_project_convention,annual_reporting_window,south_coastal,arecanut,Whole Year mapped to the complete July-June crop-year reporting cycle.,Annual reporting window; do not calculate planting/harvest flags.,IND_ANDAMAN_AND_NICOBAR_ISLANDS_NORTH_AND_MIDDLE_ANDAMAN,DYP_5CA0DCCDB56EE6DD,Census 2011,Census 2011,DPV_93CD20EFEFF2EF86,WPT_E7B8C84966BA8B4D2DC0,12.61158497,92.83153129,confirmed_exact_unique,confirmed,0,0,WW_528587D0F462A7894BF7,365,365,1.0,True,2297.2899999999972,6.293945205479445,206,159,29,34,99,27.683041095890445,28.836493150684753,26.68734246575312,31.97,23.45,0,0,78.05306849315052,18.54487671232876,4.659479452054748,92,1221.5600000000195,27.668260869565174,0,92,667.7299999999959,28.951956521739465,7
Andaman and Nicobar Islands,NORTH AND MIDDLE ANDAMAN,2006,Whole Year,Banana,957.57,8582.0,8.962269076934323,99,Andaman and Nicobar Islands|Banana|Whole Year,2006-07-01,2007-06-30,365,365,0,state_zone+crop+season,v1.0,decided_project_convention,annual_reporting_window,south_coastal,fruit_perennial,Whole Year mapped to the complete July-June crop-year reporting cycle.,Annual reporting window; do not calculate planting/harvest flags.,IND_ANDAMAN_AND_NICOBAR_ISLANDS_NORTH_AND_MIDDLE_ANDAMAN,DYP_5CA0DCCDB56EE6DD,Census 2011,Census 2011,DPV_93CD20EFEFF2EF86,WPT_E7B8C84966BA8B4D2DC0,12.61158497,92.83153129,confirmed_exact_unique,confirmed,0,0,WW_528587D0F462A7894BF7,365,365,1.0,True,2297.2899999999972,6.293945205479445,206,159,29,34,99,27.683041095890445,28.836493150684753,26.68734246575312,31.97,23.45,0,0,78.05306849315052,18.54487671232876,4.659479452054748,92,1221.5600000000195,27.668260869565174,0,92,667.7299999999959,28.951956521739465,7
Andaman and Nicobar Islands,NORTH AND MIDDLE ANDAMAN,2006,Whole Year,Black pepper,175.0,191.14,1.092228571428571,100,Andaman and Nicobar Islands|Black pepper|Whole Year,2006-07-01,2007-06-30,365,365,0,state_zone+crop+season,v1.0,decided_project_convention,annual_reporting_window,south_coastal,black_pepper,Whole Year mapped to the complete July-June crop-year reporting cycle.,Annual reporting window; do not calculate planting/harvest flags.,IND_ANDAMAN_AND_NICOBAR_ISLANDS_NORTH_AND_MIDDLE_ANDAMAN,DYP_5CA0DCCDB56EE6DD,Census 2011,Census 2011,DPV_93CD20EFEFF2EF86,WPT_E7B8C84966BA8B4D2DC0,12.61158497,92.83153129,confirmed_exact_unique,confirmed,0,0,WW_528587D0F462A7894BF7,365,365,1.0,True,2297.2899999999972,6.293945205479445,206,159,29,34,99,27.683041095890445,28.836493150684753,26.68734246575312,31.97,23.45,0,0,78.05306849315052,18.54487671232876,4.659479452054748,92,1221.5600000000195,27.668260869565174,0,92,667.7299999999959,28.951956521739465,7
Andaman and Nicobar Islands,NORTH AND MIDDLE ANDAMAN,2006,Whole Year,Cashewnut,40.5,44.0,1.0864197530864197,101,Andaman and Nicobar Islands|Cashewnut|Whole Year,2006-07-01,2007-06-30,365,365,0,state_zone+crop+season,v1.0,decided_project_convention,annual_reporting_window,south_coastal,cashew,Whole Year mapped to the complete July-June crop-year reporting cycle.,Annual reporting window; do not calculate planting/harvest flags.,IND_ANDAMAN_AND_NICOBAR_ISLANDS_NORTH_AND_MIDDLE_ANDAMAN,DYP_5CA0DCCDB56EE6DD,Census 2011,Census 2011,DPV_93CD20EFEFF2EF86,WPT_E7B8C84966BA8B4D2DC0,12.61158497,92.83153129,confirmed_exact_unique,confirmed,0,0,WW_528587D0F462A7894BF7,365,365,1.0,True,2297.2899999999972,6.293945205479445,206,159,29,34,99,27.683041095890445,28.836493150684753,26.68734246575312,31.97,23.45,0,0,78.05306849315052,18.54487671232876,4.659479452054748,92,1221.5600000000195,27.668260869565174,0,92,667.7299999999959,28.951956521739465,7
Andaman and Nicobar Islands,NORTH AND MIDDLE ANDAMAN,2006,Whole Year,Coconut,3575.0,15400000.0,4307.692307692308,102,Andaman and Nicobar Islands|Coconut|Whole Year,2006-07-01,2007-06-30,365,365,0,state_zone+crop+season,v1.0,decided_project_convention,annual_reporting_window,south_coastal,coconut,Whole Year mapped to the complete July-June crop-year reporting cycle.,Annual reporting window; do not calculate planting/harvest flags.,IND_ANDAMAN_AND_NICOBAR_ISLANDS_NORTH_AND_MIDDLE_ANDAMAN,DYP_5CA0DCCDB56EE6DD,Census 2011,Census 2011,DPV_93CD20EFEFF2EF86,WPT_E7B8C84966BA8B4D2DC0,12.61158497,92.83153129,confirmed_exact_unique,confirmed,0,0,WW_528587D0F462A7894BF7,365,365,1.0,True,2297.2899999999972,6.293945205479445,206,159,29,34,99,27.683041095890445,28.836493150684753,26.68734246575312,31.97,23.45,0,0,78.05306849315052,18.54487671232876,4.659479452054748,92,1221.5600000000195,27.668260869565174,0,92,667.7299999999959,28.951956521739465,7
Andaman and Nicobar Islands,NORTH AND MIDDLE ANDAMAN,2006,Whole Year,Dry chillies,235.72,824.3,3.4969455285932463,103,Andaman and Nicobar Islands|Dry chillies|Whole Year,2006-07-01,2007-06-30,365,365,0,state_zone+crop+season,v1.0,decided_project_convention,annual_reporting_window,south_coastal,chilli,Whole Year mapped to the complete July-June crop-year reporting cycle.,Annual reporting window; do not calculate planting/harvest flags.,IND_ANDAMAN_AND_NICOBAR_ISLANDS_NORTH_AND_MIDDLE_ANDAMAN,DYP_5CA0DCCDB56EE6DD,Census 2011,Census 2011,DPV_93CD20EFEFF2EF86,WPT_E7B8C84966BA8B4D2DC0,12.61158497,92.83153129,confirmed_exact_unique,confirmed,0,0,WW_528587D0F462A7894BF7,365,365,1.0,True,2297.2899999999972,6.293945205479445,206,159,29,34,99,27.683041095890445,28.836493150684753,26.68734246575312,31.97,23.45,0,0,78.05306849315052,18.54487671232876,4.659479452054748,92,1221.5600000000195,27.668260869565174,0,92,667.7299999999959,28.951956521739465,7
Andaman and Nicobar Islands,NORTH AND MIDDLE ANDAMAN,2006,Whole Year,Dry ginger,98.66,929.0,9.416176768700588,104,Andaman and Nicobar Islands|Dry ginger|Whole Year,2006-07-01,2007-06-30,365,365,0,state_zone+crop+season,v1.0,decided_project_convention,annual_reporting_window,south_coastal,ginger,Whole Year mapped to the complete July-June crop-year reporting cycle.,Annual reporting window; do not calculate planting/harvest flags.,IND_ANDAMAN_AND_NICOBAR_ISLANDS_NORTH_AND_MIDDLE_ANDAMAN,DYP_5CA0DCCDB56EE6DD,Census 2011,Census 2011,DPV_93CD20EFEFF2EF86,WPT_E7B8C84966BA8B4D2DC0,12.61158497,92.83153129,confirmed_exact_unique,confirmed,0,0,WW_528587D0F462A7894BF7,365,365,1.0,True,2297.2899999999972,6.293945205479445,206,159,29,34,99,27.683041095890445,28.836493150684753,26.68734246575312,31.97,23.45,0,0,78.05306849315052,18.54487671232876,4.659479452054748,92,1221.5600000000195,27.668260869565174,0,92,667.7299999999959,28.951956521739465,7
Andaman and Nicobar Islands,NORTH AND MIDDLE ANDAMAN,2006,Whole Year,other oilseeds,35.62,21.4,0.60078607523863,105,Andaman and Nicobar Islands|other oilseeds|Whole Year,2006-07-01,2007-06-30,365,365,0,state_zone+crop+season,v1.0,decided_project_convention,annual_reporting_window,south_coastal,other_oilseed,Whole Year mapped to the complete July-June crop-year reporting cycle.,Annual reporting window; do not calculate planting/harvest flags.,IND_ANDAMAN_AND_NICOBAR_ISLANDS_NORTH_AND_MIDDLE_ANDAMAN,DYP_5CA0DCCDB56EE6DD,Census 2011,Census 2011,DPV_93CD20EFEFF2EF86,WPT_E7B8C84966BA8B4D2DC0,12.61158497,92.83153129,confirmed_exact_unique,confirmed,0,0,WW_528587D0F462A7894BF7,365,365,1.0,True,2297.2899999999972,6.293945205479445,206,159,29,34,99,27.683041095890445,28.836493150684753,26.68734246575312,31.97,23.45,0,0,78.05306849315052,18.54487671232876,4.659479452054748,92,1221.5600000000195,27.668260869565174,0,92,667.7299999999959,28.951956521739465,7
Andaman and Nicobar Islands,NORTH AND MIDDLE ANDAMAN,2006,Whole Year,Sugarcane,71.3,1500.0,21.03786816269285,106,Andaman and Nicobar Islands|Sugarcane|Whole Year,2006-07-01,2007-06-30,365,365,0,state_zone+crop+season,v1.0,decided_project_convention,annual_reporting_window,south_coastal,sugarcane,Whole Year mapped to the complete July-June crop-year reporting cycle.,Annual reporting window; do not calculate planting/harvest flags.,IND_ANDAMAN_AND_NICOBAR_ISLANDS_NORTH_AND_MIDDLE_ANDAMAN,DYP_5CA0DCCDB56EE6DD,Census 2011,Census 2011,DPV_93CD20EFEFF2EF86,WPT_E7B8C84966BA8B4D2DC0,12.61158497,92.83153129,confirmed_exact_unique,confirmed,0,0,WW_528587D0F462A7894BF7,365,365,1.0,True,2297.2899999999972,6.293945205479445,206,159,29,34,99,27.683041095890445,28.836493150684753,26.68734246575312,31.97,23.45,0,0,78.05306849315052,18.54487671232876,4.659479452054748,92,1221.5600000000195,27.668260869565174,0,92,667.7299999999959,28.951956521739465,7
Andaman and Nicobar Islands,NORTH AND MIDDLE ANDAMAN,2006,Whole Year,Sweet potato,30.0,240.0,8.0,107,Andaman and Nicobar Islands|Sweet potato|Whole Year,2006-07-01,2007-06-30,365,365,0,state_zone+crop+season,v1.0,decided_project_convention,annual_reporting_window,south_coastal,sweet_potato,Whole Year mapped to the complete July-June crop-year reporting cycle.,Annual reporting window; do not calculate planting/harvest flags.,IND_ANDAMAN_AND_NICOBAR_ISLANDS_NORTH_AND_MIDDLE_ANDAMAN,DYP_5CA0DCCDB56EE6DD,Census 2011,Census 2011,DPV_93CD20EFEFF2EF86,WPT_E7B8C84966BA8B4D2DC0,12.61158497,92.83153129,confirmed_exact_unique,confirmed,0,0,WW_528587D0F462A7894BF7,365,365,1.0,True,2297.2899999999972,6.293945205479445,206,159,29,34,99,27.683041095890445,28.836493150684753,26.68734246575312,31.97,23.45,0,0,78.05306849315052,18.54487671232876,4.659479452054748,92,1221.5600000000195,27.668260869565174,0,92,667.7299999999959,28.951956521739465,7
Andaman and Nicobar Islands,NORTH AND MIDDLE ANDAMAN,2006,Whole Year,Tapioca,255.0,1420.0,5.568627450980392,108,Andaman and Nicobar Islands|Tapioca|Whole Year,2006-07-01,2007-06-30,365,365,0,state_zone+crop+season,v1.0,decided_project_convention,annual_reporting_window,south_coastal,tapioca,Whole Year mapped to the complete July-June crop-year reporting cycle.,Annual reporting window; do not calculate planting/harvest flags.,IND_ANDAMAN_AND_NICOBAR_ISLANDS_NORTH_AND_MIDDLE_ANDAMAN,DYP_5CA0DCCDB56EE6DD,Census 2011,Census 2011,DPV_93CD20EFEFF2EF86,WPT_E7B8C84966BA8B4D2DC0,12.61158497,92.83153129,confirmed_exact_unique,confirmed,0,0,WW_528587D0F462A7894BF7,365,365,1.0,True,2297.2899999999972,6.293945205479445,206,159,29,34,99,27.683041095890445,28.836493150684753,26.68734246575312,31.97,23.45,0,0,78.05306849315052,18.54487671232876,4.659479452054748,92,1221.5600000000195,27.668260869565174,0,92,667.7299999999959,28.951956521739465,7
Andaman and Nicobar Islands,NORTH AND MIDDLE ANDAMAN,2006,Whole Year,Turmeric,68.0,408.0,6.0,109,Andaman and Nicobar Islands|Turmeric|Whole Year,2006-07-01,2007-06-30,365,365,0,state_zone+crop+season,v1.0,decided_project_convention,annual_reporting_window,south_coastal,turmeric,Whole Year mapped to the complete July-June crop-year reporting cycle.,Annual reporting window; do not calculate planting/harvest flags.,IND_ANDAMAN_AND_NICOBAR_ISLANDS_NORTH_AND_MIDDLE_ANDAMAN,DYP_5CA0DCCDB56EE6DD,Census 2011,Census 2011,DPV_93CD20EFEFF2EF86,WPT_E7B8C84966BA8B4D2DC0,12.61158497,92.83153129,confirmed_exact_unique,confirmed,0,0,WW_528587D0F462A7894BF7,365,365,1.0,True,2297.2899999999972,6.293945205479445,206,159,29,34,99,27.683041095890445,28.836493150684753,26.68734246575312,31.97,23.45,0,0,78.05306849315052,18.54487671232876,4.659479452054748,92,1221.5600000000195,27.668260869565174,0,92,667.7299999999959,28.951956521739465,7
Andaman and Nicobar Islands,NORTH AND MIDDLE ANDAMAN,2010,Autumn,Rice,6791.0,20118.0,2.9624503018701223,110,Andaman and Nicobar Islands|Rice|Autumn,2010-03-01,2010-08-27,180,180,0,state_zone+crop+season,v1.0,decided_project_convention,crop_cycle_estimate,south_coastal,rice,Crop-specific 180-day cycle starting from the south_coastal Autumn anchor.,Autumn rice: early rice crop; the window starts well before meteorological autumn.,IND_ANDAMAN_AND_NICOBAR_ISLANDS_NORTH_AND_MIDDLE_ANDAMAN,DYP_9E916B41EE766A7F,Census 2011,Census 2011,DPV_93CD20EFEFF2EF86,WPT_E7B8C84966BA8B4D2DC0,12.61158497,92.83153129,confirmed_exact_unique,confirmed,0,0,WW_A4CAA8787D64393AE80B,180,180,1.0,True,1938.709999999941,10.770611111110783,122,58,34,21,58,29.128055555555004,30.2613888888885,28.099388888888644,33.78,24.35,0,0,75.88761111111121,18.41238888888919,3.93100000000001,45,13.789999999993597,29.45688888888819,15,45,804.2199999999648,27.840444444443953,15
Andaman and Nicobar Islands,NORTH AND MIDDLE ANDAMAN,2010,Autumn,Sugarcane,73.33,889.2,12.126005727533071,111,Andaman and Nicobar Islands|Sugarcane|Autumn,2010-04-01,2011-03-31,365,365,0,state_zone+crop+season,v1.0,decided_project_convention,crop_cycle_estimate,south_coastal,sugarcane,Crop-specific 365-day cycle starting from the south_coastal Autumn anchor.,,IND_ANDAMAN_AND_NICOBAR_ISLANDS_NORTH_AND_MIDDLE_ANDAMAN,DYP_9E916B41EE766A7F,Census 2011,Census 2011,DPV_93CD20EFEFF2EF86,WPT_E7B8C84966BA8B4D2DC0,12.61158497,92.83153129,confirmed_exact_unique,confirmed,0,0,WW_FA4259FAD6EB734534C0,365,365,1.0,True,3545.3799999999683,9.713369863013611,272,93,57,21,74,27.965205479452102,28.9272328767117,27.10895890411,33.78,22.74,0,0,78.79389041095895,16.831260273972532,4.175780821917808,92,953.0899999999892,30.017499999999533,21,92,395.3700000000317,26.64532608695679,4
Andaman and Nicobar Islands,NORTH AND MIDDLE ANDAMAN,2010,Rabi,Arecanut,1296.0,2290.0,1.7669753086419753,112,Andaman and Nicobar Islands|Arecanut|Rabi,2010-10-01,2011-04-30,212,212,0,state_zone+crop+season,v1.0,decided_project_convention,seasonal_reporting_window,south_coastal,arecanut,Perennial or plantation crop mapped to its recorded reporting season.,Seasonal reporting window for a perennial/plantation crop; not its full biological life cycle.,IND_ANDAMAN_AND_NICOBAR_ISLANDS_NORTH_AND_MIDDLE_ANDAMAN,DYP_9E916B41EE766A7F,Census 2011,Census 2011,DPV_93CD20EFEFF2EF86,WPT_E7B8C84966BA8B4D2DC0,12.61158497,92.83153129,confirmed_exact_unique,confirmed,0,0,WW_1668978EBE3CAA3FF19C,212,212,1.0,True,1276.8400000000038,6.022830188679263,137,75,15,17,30,27.17764150943439,28.200141509433518,26.271037735849568,30.49,22.74,0,0,78.36806603773626,17.295047169810854,3.8924999999999614,53,566.7399999999907,27.560566037737892,2,53,329.75999999999476,27.64056603773497,4
Andaman and Nicobar Islands,NORTH AND MIDDLE ANDAMAN,2010,Rabi,Arhar/Tur,294.5,90.8,0.3083191850594227,113,Andaman and Nicobar Islands|Arhar/Tur|Rabi,2010-10-01,2011-02-27,150,150,0,state_zone+crop+season,v1.0,decided_project_convention,crop_cycle_estimate,south_coastal,pigeon_pea,Crop-specific 150-day cycle starting from the south_coastal Rabi anchor.,,IND_ANDAMAN_AND_NICOBAR_ISLANDS_NORTH_AND_MIDDLE_ANDAMAN,DYP_9E916B41EE766A7F,Census 2011,Census 2011,DPV_93CD20EFEFF2EF86,WPT_E7B8C84966BA8B4D2DC0,12.61158497,92.83153129,confirmed_exact_unique,confirmed,0,0,WW_45C56AB41C22E496B1C9,150,150,1.0,True,946.9800000000105,6.313200000000069,103,47,11,17,30,26.98253333333414,27.95480000000001,26.124066666667545,29.63,22.74,0,0,78.79746666666702,16.274466666665685,4.230866666666601,38,471.9800000000032,27.634210526318242,2,38,69.08000000000175,26.52868421052699,0
Andaman and Nicobar Islands,NORTH AND MIDDLE ANDAMAN,2010,Rabi,Black pepper,168.0,13.5,0.0803571428571428,114,Andaman and Nicobar Islands|Black pepper|Rabi,2010-10-01,2011-04-30,212,212,0,state_zone+crop+season,v1.0,decided_project_convention,seasonal_reporting_window,south_coastal,black_pepper,Perennial or plantation crop mapped to its recorded reporting season.,Seasonal reporting window for a perennial/plantation crop; not its full biological life cycle.,IND_ANDAMAN_AND_NICOBAR_ISLANDS_NORTH_AND_MIDDLE_ANDAMAN,DYP_9E916B41EE766A7F,Census 2011,Census 2011,DPV_93CD20EFEFF2EF86,WPT_E7B8C84966BA8B4D2DC0,12.61158497,92.83153129,confirmed_exact_unique,confirmed,0,0,WW_1668978EBE3CAA3FF19C,212,212,1.0,True,1276.8400000000038,6.022830188679263,137,75,15,17,30,27.17764150943439,28.200141509433518,26.271037735849568,30.49,22.74,0,0,78.36806603773626,17.295047169810854,3.8924999999999614,53,566.7399999999907,27.560566037737892,2,53,329.75999999999476,27.64056603773497,4
Andaman and Nicobar Islands,NORTH AND MIDDLE ANDAMAN,2010,Rabi,Cashewnut,84.5,39.0,0.4615384615384615,115,Andaman and Nicobar Islands|Cashewnut|Rabi,2010-10-01,2011-04-30,212,212,0,state_zone+crop+season,v1.0,decided_project_convention,seasonal_reporting_window,south_coastal,cashew,Perennial or plantation crop mapped to its recorded reporting season.,Seasonal reporting window for a perennial/plantation crop; not its full biological life cycle.,IND_ANDAMAN_AND_NICOBAR_ISLANDS_NORTH_AND_MIDDLE_ANDAMAN,DYP_9E916B41EE766A7F,Census 2011,Census 2011,DPV_93CD20EFEFF2EF86,WPT_E7B8C84966BA8B4D2DC0,12.61158497,92.83153129,confirmed_exact_unique,confirmed,0,0,WW_1668978EBE3CAA3FF19C,212,212,1.0,True,1276.8400000000038,6.022830188679263,137,75,15,17,30,27.17764150943439,28.200141509433518,26.271037735849568,30.49,22.74,0,0,78.36806603773626,17.295047169810854,3.8924999999999614,53,566.7399999999907,27.560566037737892,2,53,329.75999999999476,27.64056603773497,4
Andaman and Nicobar Islands,NORTH AND MIDDLE ANDAMAN,2010,Rabi,Dry chillies,254.0,402.0,1.5826771653543308,116,Andaman and Nicobar Islands|Dry chillies|Rabi,2010-10-01,2011-03-29,180,180,0,state_zone+crop+season,v1.0,decided_project_convention,crop_cycle_estimate,south_coastal,chilli,Crop-specific 180-day cycle starting from the south_coastal Rabi anchor.,,IND_ANDAMAN_AND_NICOBAR_ISLANDS_NORTH_AND_MIDDLE_ANDAMAN,DYP_9E916B41EE766A7F,Census 2011,Census 2011,DPV_93CD20EFEFF2EF86,WPT_E7B8C84966BA8B4D2DC0,12.61158497,92.83153129,confirmed_exact_unique,confirmed,0,0,WW_5460B515836E3162F539,180,180,1.0,True,1187.0400000000154,6.594666666666752,119,61,15,17,30,27.008166666666998,28.023444444444127,26.115944444444903,30.44,22.74,0,0,78.624666666667,16.5149999999995,4.146166666666634,45,533.8300000000017,27.595333333335454,2,45,255.24000000001251,27.04599999999951,4
Andaman and Nicobar Islands,NORTH AND MIDDLE ANDAMAN,2010,Rabi,Dry ginger,110.0,1011.84,9.198545454545457,117,Andaman and Nicobar Islands|Dry ginger|Rabi,2010-10-01,2011-05-28,240,240,0,state_zone+crop+season,v1.0,decided_project_convention,crop_cycle_estimate,south_coastal,ginger,Crop-specific 240-day cycle starting from the south_coastal Rabi anchor.,,IND_ANDAMAN_AND_NICOBAR_ISLANDS_NORTH_AND_MIDDLE_ANDAMAN,DYP_9E916B41EE766A7F,Census 2011,Census 2011,DPV_93CD20EFEFF2EF86,WPT_E7B8C84966BA8B4D2DC0,12.61158497,92.83153129,confirmed_exact_unique,confirmed,0,0,WW_DE8B21207AFB147E98C4,240,240,1.0,True,1569.0900000000038,6.537875000000016,159,81,20,17,30,27.363125000000462,28.36499999999978,26.47133333333392,30.49,22.74,0,0,78.52883333333399,17.527166666666258,3.916624999999946,60,576.1699999999837,27.620166666667988,2,60,382.04999999998836,28.428000000000853,5
Andaman and Nicobar Islands,NORTH AND MIDDLE ANDAMAN,2010,Rabi,Groundnut,4.75,6.8,1.431578947368421,118,Andaman and Nicobar Islands|Groundnut|Rabi,2010-10-01,2011-01-28,120,120,0,state_zone+crop+season,v1.0,decided_project_convention,crop_cycle_estimate,south_coastal,groundnut,Crop-specific 120-day cycle starting from the south_coastal Rabi anchor.,,IND_ANDAMAN_AND_NICOBAR_ISLANDS_NORTH_AND_MIDDLE_ANDAMAN,DYP_9E916B41EE766A7F,Census 2011,Census 2011,DPV_93CD20EFEFF2EF86,WPT_E7B8C84966BA8B4D2DC0,12.61158497,92.83153129,confirmed_exact_unique,confirmed,0,0,WW_741375DDE1C88EF5D1DC,120,120,1.0,True,883.1300000000119,7.359416666666766,92,28,11,13,30,27.095750000000894,27.949333333333197,26.34458333333508,29.49,23.58,0,0,79.78475000000084,15.573083333332155,4.430583333333319,30,379.3600000000006,27.66700000000225,0,30,89.99000000002707,26.23933333333601,0
Andaman and Nicobar Islands,NORTH AND MIDDLE ANDAMAN,2010,Rabi,Maize,86.7,96.4,1.1118800461361016,119,Andaman and Nicobar Islands|Maize|Rabi,2010-10-01,2011-01-28,120,120,0,state_zone+crop+season,v1.0,decided_project_convention,crop_cycle_estimate,south_coastal,maize,Crop-specific 120-day cycle starting from the south_coastal Rabi anchor.,,IND_ANDAMAN_AND_NICOBAR_ISLANDS_NORTH_AND_MIDDLE_ANDAMAN,DYP_9E916B41EE766A7F,Census 2011,Census 2011,DPV_93CD20EFEFF2EF86,WPT_E7B8C84966BA8B4D2DC0,12.61158497,92.83153129,confirmed_exact_unique,confirmed,0,0,WW_741375DDE1C88EF5D1DC,120,120,1.0,True,883.1300000000119,7.359416666666766,92,28,11,13,30,27.095750000000894,27.949333333333197,26.34458333333508,29.49,23.58,0,0,79.78475000000084,15.573083333332155,4.430583333333319,30,379.3600000000006,27.66700000000225,0,30,89.99000000002707,26.23933333333601,0
Andaman and Nicobar Islands,NORTH AND MIDDLE ANDAMAN,2010,Rabi,Moong(Green Gram),1168.6,556.55,0.4762536368303953,120,Andaman and Nicobar Islands|Moong(Green Gram)|Rabi,2010-10-01,2010-12-29,90,90,0,state_zone+crop+season,v1.0,decided_project_convention,crop_cycle_estimate,south_coastal,green_gram,Crop-specific 90-day cycle starting from the south_coastal Rabi anchor.,,IND_ANDAMAN_AND_NICOBAR_ISLANDS_NORTH_AND_MIDDLE_ANDAMAN,DYP_9E916B41EE766A7F,Census 2011,Census 2011,DPV_93CD20EFEFF2EF86,WPT_E7B8C84966BA8B4D2DC0,12.61158497,92.83153129,confirmed_exact_unique,confirmed,0,0,WW_820528BD7AB1D3950D54,90,90,1.0,True,793.1399999999849,8.812666666666498,77,13,11,4,30,27.38122222222252,28.158444444444225,26.699777777779836,29.49,25.31,0,0,81.0312222222222,14.991444444443268,4.535000000000097,23,294.40000000000146,27.711304347828012,0,23,131.0500000000029,26.646521739127703,1
Andaman and Nicobar Islands,NORTH AND MIDDLE ANDAMAN,2010,Rabi,Sunflower,2.9,1.9,0.6551724137931034,121,Andaman and Nicobar Islands|Sunflower|Rabi,2010-10-01,2011-01-18,110,110,0,state_zone+crop+season,v1.0,decided_project_convention,crop_cycle_estimate,south_coastal,sunflower,Crop-specific 110-day cycle starting from the south_coastal Rabi anchor.,,IND_ANDAMAN_AND_NICOBAR_ISLANDS_NORTH_AND_MIDDLE_ANDAMAN,DYP_9E916B41EE766A7F,Census 2011,Census 2011,DPV_93CD20EFEFF2EF86,WPT_E7B8C84966BA8B4D2DC0,12.61158497,92.83153129,confirmed_exact_unique,confirmed,0,0,WW_9606703578EF77ABE1D4,110,110,1.0,True,877.7400000000052,7.979454545454593,90,20,11,5,30,27.16136363636443,27.97345454545443,26.44527272727441,29.49,23.58,0,0,80.31718181818195,15.208818181817135,4.423727272727311,28,351.7900000000009,27.6939285714304,0,28,133.56000000003405,26.27464285714398,1
Andaman and Nicobar Islands,NORTH AND MIDDLE ANDAMAN,2010,Rabi,Sweet potato,109.0,480.0,4.403669724770642,122,Andaman and Nicobar Islands|Sweet potato|Rabi,2010-10-01,2011-01-28,120,120,0,state_zone+crop+season,v1.0,decided_project_convention,crop_cycle_estimate,south_coastal,sweet_potato,Crop-specific 120-day cycle starting from the south_coastal Rabi anchor.,,IND_ANDAMAN_AND_NICOBAR_ISLANDS_NORTH_AND_MIDDLE_ANDAMAN,DYP_9E916B41EE766A7F,Census 2011,Census 2011,DPV_93CD20EFEFF2EF86,WPT_E7B8C84966BA8B4D2DC0,12.61158497,92.83153129,confirmed_exact_unique,confirmed,0,0,WW_741375DDE1C88EF5D1DC,120,120,1.0,True,883.1300000000119,7.359416666666766,92,28,11,13,30,27.095750000000894,27.949333333333197,26.34458333333508,29.49,23.58,0,0,79.78475000000084,15.573083333332155,4.430583333333319,30,379.3600000000006,27.66700000000225,0,30,89.99000000002707,26.23933333333601,0
Andaman and Nicobar Islands,NORTH AND MIDDLE ANDAMAN,2010,Rabi,Turmeric,68.0,376.5,5.536764705882353,123,Andaman and Nicobar Islands|Turmeric|Rabi,2010-10-01,2011-06-27,270,270,0,state_zone+crop+season,v1.0,decided_project_convention,crop_cycle_estimate,south_coastal,turmeric,Crop-specific 270-day cycle starting from the south_coastal Rabi anchor.,,IND_ANDAMAN_AND_NICOBAR_ISLANDS_NORTH_AND_MIDDLE_ANDAMAN,DYP_9E916B41EE766A7F,Census 2011,Census 2011,DPV_93CD20EFEFF2EF86,WPT_E7B8C84966BA8B4D2DC0,12.61158497,92.83153129,confirmed_exact_unique,confirmed,0,0,WW_F305DBF13BD55BAC5D6F,270,270,1.0,True,1989.429999999993,7.368259259259234,188,82,27,17,34,27.47633333333382,28.4383703703701,26.622111111111547,30.49,22.74,0,0,79.09711111111145,17.284999999999666,4.216555555555506,68,670.8999999999796,27.621911764707285,2,68,770.8899999999921,28.579411764707082,12
Andaman and Nicobar Islands,NORTH AND MIDDLE ANDAMAN,2010,Rabi,Urad,1059.5,458.79,0.4330250117980179,124,Andaman and Nicobar Islands|Urad|Rabi,2010-10-01,2011-01-03,95,95,0,state_zone+crop+season,v1.0,decided_project_convention,crop_cycle_estimate,south_coastal,black_gram,Crop-specific 95-day cycle starting from the south_coastal Rabi anchor.,,IND_ANDAMAN_AND_NICOBAR_ISLANDS_NORTH_AND_MIDDLE_ANDAMAN,DYP_9E916B41EE766A7F,Census 2011,Census 2011,DPV_93CD20EFEFF2EF86,WPT_E7B8C84966BA8B4D2DC0,12.61158497,92.83153129,confirmed_exact_unique,confirmed,0,0,WW_E9484E029B38A3C86CFD,95,95,1.0,True,811.0199999999968,8.537052631578913,80,15,11,4,30,27.347473684210932,28.130105263157443,26.65894736842326,29.49,25.31,0,0,80.86831578947358,15.058631578946217,4.521157894736902,24,304.6800000000003,27.710416666668607,0,24,117.72000000002299,26.6383333333312,1
Andaman and Nicobar Islands,NORTH AND MIDDLE ANDAMAN,2010,Whole Year,Banana,657.0,7968.0,12.127853881278538,125,Andaman and Nicobar Islands|Banana|Whole Year,2010-07-01,2011-06-30,365,365,0,state_zone+crop+season,v1.0,decided_project_convention,annual_reporting_window,south_coastal,fruit_perennial,Whole Year mapped to the complete July-June crop-year reporting cycle.,Annual reporting window; do not calculate planting/harvest flags.,IND_ANDAMAN_AND_NICOBAR_ISLANDS_NORTH_AND_MIDDLE_ANDAMAN,DYP_9E916B41EE766A7F,Census 2011,Census 2011,DPV_93CD20EFEFF2EF86,WPT_E7B8C84966BA8B4D2DC0,12.61158497,92.83153129,confirmed_exact_unique,confirmed,0,0,WW_F649BF6528D7E2F6BDA7,365,365,1.0,True,3442.1899999999587,9.430657534246462,281,84,54,17,74,27.565808219178532,28.447999999999492,26.77216438356207,30.49,22.74,0,0,80.49895890410974,16.748986301369797,4.360136986301372,92,1437.7799999999625,27.80358695652198,1,92,815.9599999999773,28.426739130435834,12
Andaman and Nicobar Islands,NORTH AND MIDDLE ANDAMAN,2010,Whole Year,Coconut,3668.0,12700000.0,3462.3773173391496,126,Andaman and Nicobar Islands|Coconut|Whole Year,2010-07-01,2011-06-30,365,365,0,state_zone+crop+season,v1.0,decided_project_convention,annual_reporting_window,south_coastal,coconut,Whole Year mapped to the complete July-June crop-year reporting cycle.,Annual reporting window; do not calculate planting/harvest flags.,IND_ANDAMAN_AND_NICOBAR_ISLANDS_NORTH_AND_MIDDLE_ANDAMAN,DYP_9E916B41EE766A7F,Census 2011,Census 2011,DPV_93CD20EFEFF2EF86,WPT_E7B8C84966BA8B4D2DC0,12.61158497,92.83153129,confirmed_exact_unique,confirmed,0,0,WW_F649BF6528D7E2F6BDA7,365,365,1.0,True,3442.1899999999587,9.430657534246462,281,84,54,17,74,27.565808219178532,28.447999999999492,26.77216438356207,30.49,22.74,0,0,80.49895890410974,16.748986301369797,4.360136986301372,92,1437.7799999999625,27.80358695652198,1,92,815.9599999999773,28.426739130435834,12
Andaman and Nicobar Islands,NORTH AND MIDDLE ANDAMAN,2010,Whole Year,Tapioca,186.5,1355.0,7.265415549597855,127,Andaman and Nicobar Islands|Tapioca|Whole Year,2010-07-01,2011-06-30,365,365,0,state_zone+crop+season,v1.0,decided_project_convention,annual_reporting_window,south_coastal,tapioca,Whole Year mapped to the complete July-June crop-year reporting cycle.,Annual reporting window; do not calculate planting/harvest flags.,IND_ANDAMAN_AND_NICOBAR_ISLANDS_NORTH_AND_MIDDLE_ANDAMAN,DYP_9E916B41EE766A7F,Census 2011,Census 2011,DPV_93CD20EFEFF2EF86,WPT_E7B8C84966BA8B4D2DC0,12.61158497,92.83153129,confirmed_exact_unique,confirmed,0,0,WW_F649BF6528D7E2F6BDA7,365,365,1.0,True,3442.1899999999587,9.430657534246462,281,84,54,17,74,27.565808219178532,28.447999999999492,26.77216438356207,30.49,22.74,0,0,80.49895890410974,16.748986301369797,4.360136986301372,92,1437.7799999999625,27.80358695652198,1,92,815.9599999999773,28.426739130435834,12
Andaman and Nicobar Islands,SOUTH ANDAMANS,2002,Kharif,Rice,10695.8,31600.82,2.954507376727314,128,Andaman and Nicobar Islands|Rice|Kharif,2002-05-15,2002-10-11,150,150,0,state_zone+crop+season,v1.0,decided_project_convention,crop_cycle_estimate,south_coastal,rice,Crop-specific 150-day cycle starting from the south_coastal Kharif anchor.,,IND_ANDAMAN_AND_NICOBAR_ISLANDS_SOUTH_ANDAMANS,DYP_84B19B62AE93EEC0,Census 2001,Census 2001,DPV_D880621EB684EC7F,WPT_E7B8C84966BA8B4D2DC0,12.61158497,92.83153129,working_fuzzy_same_state,working_fallback,0,1,WW_C4DB091FBFDD1A474589,150,150,1.0,True,1725.590000000002,11.503933333333347,145,5,19,4,71,27.875600000000023,28.550933333333234,27.28859999999986,30.08,25.93,0,0,85.04933333333175,16.313999999999798,5.770466666666622,38,428.81000000000677,28.251315789472994,0,38,365.0699999999979,27.41026315789522,4
Andaman and Nicobar Islands,SOUTH ANDAMANS,2002,Whole Year,Arecanut,3105.0,5267.0,1.6962962962962962,129,Andaman and Nicobar Islands|Arecanut|Whole Year,2002-07-01,2003-06-30,365,365,0,state_zone+crop+season,v1.0,decided_project_convention,annual_reporting_window,south_coastal,arecanut,Whole Year mapped to the complete July-June crop-year reporting cycle.,Annual reporting window; do not calculate planting/harvest flags.,IND_ANDAMAN_AND_NICOBAR_ISLANDS_SOUTH_ANDAMANS,DYP_84B19B62AE93EEC0,Census 2001,Census 2001,DPV_D880621EB684EC7F,WPT_E7B8C84966BA8B4D2DC0,12.61158497,92.83153129,working_fuzzy_same_state,working_fallback,0,1,WW_A7261337245FDA31CD14,365,365,1.0,True,2467.099999999995,6.759178082191767,248,117,29,32,71,27.80306849315087,28.863123287671154,26.876054794520634,32.83,22.78,0,0,79.3058082191779,18.53405479452059,4.545643835616463,92,1193.3599999999933,27.770434782608984,2,92,640.4999999999982,29.138913043478485,9
Andaman and Nicobar Islands,SOUTH ANDAMANS,2002,Whole Year,Banana,1524.0,10882.0,7.140419947506562,130,Andaman and Nicobar Islands|Banana|Whole Year,2002-07-01,2003-06-30,365,365,0,state_zone+crop+season,v1.0,decided_project_convention,annual_reporting_window,south_coastal,fruit_perennial,Whole Year mapped to the complete July-June crop-year reporting cycle.,Annual reporting window; do not calculate planting/harvest flags.,IND_ANDAMAN_AND_NICOBAR_ISLANDS_SOUTH_ANDAMANS,DYP_84B19B62AE93EEC0,Census 2001,Census 2001,DPV_D880621EB684EC7F,WPT_E7B8C84966BA8B4D2DC0,12.61158497,92.83153129,working_fuzzy_same_state,working_fallback,0,1,WW_A7261337245FDA31CD14,365,365,1.0,True,2467.099999999995,6.759178082191767,248,117,29,32,71,27.80306849315087,28.863123287671154,26.876054794520634,32.83,22.78,0,0,79.3058082191779,18.53405479452059,4.545643835616463,92,1193.3599999999933,27.770434782608984,2,92,640.4999999999982,29.138913043478485,9
Andaman and Nicobar Islands,SOUTH ANDAMANS,2002,Whole Year,Black pepper,487.0,102.5,0.2104722792607803,131,Andaman and Nicobar Islands|Black pepper|Whole Year,2002-07-01,2003-06-30,365,365,0,state_zone+crop+season,v1.0,decided_project_convention,annual_reporting_window,south_coastal,black_pepper,Whole Year mapped to the complete July-June crop-year reporting cycle.,Annual reporting window; do not calculate planting/harvest flags.,IND_ANDAMAN_AND_NICOBAR_ISLANDS_SOUTH_ANDAMANS,DYP_84B19B62AE93EEC0,Census 2001,Census 2001,DPV_D880621EB684EC7F,WPT_E7B8C84966BA8B4D2DC0,12.61158497,92.83153129,working_fuzzy_same_state,working_fallback,0,1,WW_A7261337245FDA31CD14,365,365,1.0,True,2467.099999999995,6.759178082191767,248,117,29,32,71,27.80306849315087,28.863123287671154,26.876054794520634,32.83,22.78,0,0,79.3058082191779,18.53405479452059,4.545643835616463,92,1193.3599999999933,27.770434782608984,2,92,640.4999999999982,29.138913043478485,9
Andaman and Nicobar Islands,SOUTH ANDAMANS,2002,Whole Year,Cashewnut,81.0,24.0,0.2962962962962963,132,Andaman and Nicobar Islands|Cashewnut|Whole Year,2002-07-01,2003-06-30,365,365,0,state_zone+crop+season,v1.0,decided_project_convention,annual_reporting_window,south_coastal,cashew,Whole Year mapped to the complete July-June crop-year reporting cycle.,Annual reporting window; do not calculate planting/harvest flags.,IND_ANDAMAN_AND_NICOBAR_ISLANDS_SOUTH_ANDAMANS,DYP_84B19B62AE93EEC0,Census 2001,Census 2001,DPV_D880621EB684EC7F,WPT_E7B8C84966BA8B4D2DC0,12.61158497,92.83153129,working_fuzzy_same_state,working_fallback,0,1,WW_A7261337245FDA31CD14,365,365,1.0,True,2467.099999999995,6.759178082191767,248,117,29,32,71,27.80306849315087,28.863123287671154,26.876054794520634,32.83,22.78,0,0,79.3058082191779,18.53405479452059,4.545643835616463,92,1193.3599999999933,27.770434782608984,2,92,640.4999999999982,29.138913043478485,9
Andaman and Nicobar Islands,SOUTH ANDAMANS,2002,Whole Year,Coconut,7060.0,26830000.0,3800.28328611898,133,Andaman and Nicobar Islands|Coconut|Whole Year,2002-07-01,2003-06-30,365,365,0,state_zone+crop+season,v1.0,decided_project_convention,annual_reporting_window,south_coastal,coconut,Whole Year mapped to the complete July-June crop-year reporting cycle.,Annual reporting window; do not calculate planting/harvest flags.,IND_ANDAMAN_AND_NICOBAR_ISLANDS_SOUTH_ANDAMANS,DYP_84B19B62AE93EEC0,Census 2001,Census 2001,DPV_D880621EB684EC7F,WPT_E7B8C84966BA8B4D2DC0,12.61158497,92.83153129,working_fuzzy_same_state,working_fallback,0,1,WW_A7261337245FDA31CD14,365,365,1.0,True,2467.099999999995,6.759178082191767,248,117,29,32,71,27.80306849315087,28.863123287671154,26.876054794520634,32.83,22.78,0,0,79.3058082191779,18.53405479452059,4.545643835616463,92,1193.3599999999933,27.770434782608984,2,92,640.4999999999982,29.138913043478485,9
Andaman and Nicobar Islands,SOUTH ANDAMANS,2002,Whole Year,Dry chillies,239.0,20.9,0.0874476987447698,134,Andaman and Nicobar Islands|Dry chillies|Whole Year,2002-07-01,2003-06-30,365,365,0,state_zone+crop+season,v1.0,decided_project_convention,annual_reporting_window,south_coastal,chilli,Whole Year mapped to the complete July-June crop-year reporting cycle.,Annual reporting window; do not calculate planting/harvest flags.,IND_ANDAMAN_AND_NICOBAR_ISLANDS_SOUTH_ANDAMANS,DYP_84B19B62AE93EEC0,Census 2001,Census 2001,DPV_D880621EB684EC7F,WPT_E7B8C84966BA8B4D2DC0,12.61158497,92.83153129,working_fuzzy_same_state,working_fallback,0,1,WW_A7261337245FDA31CD14,365,365,1.0,True,2467.099999999995,6.759178082191767,248,117,29,32,71,27.80306849315087,28.863123287671154,26.876054794520634,32.83,22.78,0,0,79.3058082191779,18.53405479452059,4.545643835616463,92,1193.3599999999933,27.770434782608984,2,92,640.4999999999982,29.138913043478485,9
Andaman and Nicobar Islands,SOUTH ANDAMANS,2002,Whole Year,Dry ginger,352.0,1145.0,3.252840909090909,135,Andaman and Nicobar Islands|Dry ginger|Whole Year,2002-07-01,2003-06-30,365,365,0,state_zone+crop+season,v1.0,decided_project_convention,annual_reporting_window,south_coastal,ginger,Whole Year mapped to the complete July-June crop-year reporting cycle.,Annual reporting window; do not calculate planting/harvest flags.,IND_ANDAMAN_AND_NICOBAR_ISLANDS_SOUTH_ANDAMANS,DYP_84B19B62AE93EEC0,Census 2001,Census 2001,DPV_D880621EB684EC7F,WPT_E7B8C84966BA8B4D2DC0,12.61158497,92.83153129,working_fuzzy_same_state,working_fallback,0,1,WW_A7261337245FDA31CD14,365,365,1.0,True,2467.099999999995,6.759178082191767,248,117,29,32,71,27.80306849315087,28.863123287671154,26.876054794520634,32.83,22.78,0,0,79.3058082191779,18.53405479452059,4.545643835616463,92,1193.3599999999933,27.770434782608984,2,92,640.4999999999982,29.138913043478485,9
Andaman and Nicobar Islands,SOUTH ANDAMANS,2002,Whole Year,other oilseeds,85.1,40.31,0.4736780258519389,136,Andaman and Nicobar Islands|other oilseeds|Whole Year,2002-07-01,2003-06-30,365,365,0,state_zone+crop+season,v1.0,decided_project_convention,annual_reporting_window,south_coastal,other_oilseed,Whole Year mapped to the complete July-June crop-year reporting cycle.,Annual reporting window; do not calculate planting/harvest flags.,IND_ANDAMAN_AND_NICOBAR_ISLANDS_SOUTH_ANDAMANS,DYP_84B19B62AE93EEC0,Census 2001,Census 2001,DPV_D880621EB684EC7F,WPT_E7B8C84966BA8B4D2DC0,12.61158497,92.83153129,working_fuzzy_same_state,working_fallback,0,1,WW_A7261337245FDA31CD14,365,365,1.0,True,2467.099999999995,6.759178082191767,248,117,29,32,71,27.80306849315087,28.863123287671154,26.876054794520634,32.83,22.78,0,0,79.3058082191779,18.53405479452059,4.545643835616463,92,1193.3599999999933,27.770434782608984,2,92,640.4999999999982,29.138913043478485,9
Andaman and Nicobar Islands,SOUTH ANDAMANS,2002,Whole Year,Sugarcane,455.0,13760.0,30.24175824175824,137,Andaman and Nicobar Islands|Sugarcane|Whole Year,2002-07-01,2003-06-30,365,365,0,state_zone+crop+season,v1.0,decided_project_convention,annual_reporting_window,south_coastal,sugarcane,Whole Year mapped to the complete July-June crop-year reporting cycle.,Annual reporting window; do not calculate planting/harvest flags.,IND_ANDAMAN_AND_NICOBAR_ISLANDS_SOUTH_ANDAMANS,DYP_84B19B62AE93EEC0,Census 2001,Census 2001,DPV_D880621EB684EC7F,WPT_E7B8C84966BA8B4D2DC0,12.61158497,92.83153129,working_fuzzy_same_state,working_fallback,0,1,WW_A7261337245FDA31CD14,365,365,1.0,True,2467.099999999995,6.759178082191767,248,117,29,32,71,27.80306849315087,28.863123287671154,26.876054794520634,32.83,22.78,0,0,79.3058082191779,18.53405479452059,4.545643835616463,92,1193.3599999999933,27.770434782608984,2,92,640.4999999999982,29.138913043478485,9
Andaman and Nicobar Islands,SOUTH ANDAMANS,2003,Kharif,Rice,10509.37,30760.7,2.92697849633232,138,Andaman and Nicobar Islands|Rice|Kharif,2003-05-15,2003-10-11,150,150,0,state_zone+crop+season,v1.0,decided_project_convention,crop_cycle_estimate,south_coastal,rice,Crop-specific 150-day cycle starting from the south_coastal Kharif anchor.,,IND_ANDAMAN_AND_NICOBAR_ISLANDS_SOUTH_ANDAMANS,DYP_2B4EBAB394B48536,Census 2001,Census 2001,DPV_D880621EB684EC7F,WPT_E7B8C84966BA8B4D2DC0,12.61158497,92.83153129,working_fuzzy_same_state,working_fallback,0,1,WW_916D38DE6B39C82D45E2,150,150,1.0,True,1797.479999999994,11.983199999999961,147,3,28,3,123,27.94533333333374,28.637933333333493,27.35473333333352,30.98,26.3,0,0,85.01093333333226,16.16199999999997,5.6572666666666915,38,397.0599999999995,28.783947368421074,3,38,435.0599999999977,27.586052631579822,7
Andaman and Nicobar Islands,SOUTH ANDAMANS,2003,Whole Year,Arecanut,3118.0,5182.0,1.6619627966645285,139,Andaman and Nicobar Islands|Arecanut|Whole Year,2003-07-01,2004-06-30,366,365,1,state_zone+crop+season,v1.0,decided_project_convention,annual_reporting_window,south_coastal,arecanut,Whole Year mapped to the complete July-June crop-year reporting cycle.,Annual reporting window; do not calculate planting/harvest flags.,IND_ANDAMAN_AND_NICOBAR_ISLANDS_SOUTH_ANDAMANS,DYP_2B4EBAB394B48536,Census 2001,Census 2001,DPV_D880621EB684EC7F,WPT_E7B8C84966BA8B4D2DC0,12.61158497,92.83153129,working_fuzzy_same_state,working_fallback,0,1,WW_3CF161B7CC7B73ADCF5D,366,366,1.0,True,2694.1000000000004,7.360928961748635,215,151,44,21,119,27.761475409836315,28.850983606557552,26.79423497267746,33.15,23.34,0,0,78.54803278688505,18.02737704918016,4.389672131147533,92,1186.92,27.6130434782612,0,92,1049.440000000006,28.960217391304784,18
Andaman and Nicobar Islands,SOUTH ANDAMANS,2003,Whole Year,Banana,1530.0,11558.0,7.554248366013072,140,Andaman and Nicobar Islands|Banana|Whole Year,2003-07-01,2004-06-30,366,365,1,state_zone+crop+season,v1.0,decided_project_convention,annual_reporting_window,south_coastal,fruit_perennial,Whole Year mapped to the complete July-June crop-year reporting cycle.,Annual reporting window; do not calculate planting/harvest flags.,IND_ANDAMAN_AND_NICOBAR_ISLANDS_SOUTH_ANDAMANS,DYP_2B4EBAB394B48536,Census 2001,Census 2001,DPV_D880621EB684EC7F,WPT_E7B8C84966BA8B4D2DC0,12.61158497,92.83153129,working_fuzzy_same_state,working_fallback,0,1,WW_3CF161B7CC7B73ADCF5D,366,366,1.0,True,2694.1000000000004,7.360928961748635,215,151,44,21,119,27.761475409836315,28.850983606557552,26.79423497267746,33.15,23.34,0,0,78.54803278688505,18.02737704918016,4.389672131147533,92,1186.92,27.6130434782612,0,92,1049.440000000006,28.960217391304784,18
Andaman and Nicobar Islands,SOUTH ANDAMANS,2003,Whole Year,Black pepper,497.0,104.37,0.21,141,Andaman and Nicobar Islands|Black pepper|Whole Year,2003-07-01,2004-06-30,366,365,1,state_zone+crop+season,v1.0,decided_project_convention,annual_reporting_window,south_coastal,black_pepper,Whole Year mapped to the complete July-June crop-year reporting cycle.,Annual reporting window; do not calculate planting/harvest flags.,IND_ANDAMAN_AND_NICOBAR_ISLANDS_SOUTH_ANDAMANS,DYP_2B4EBAB394B48536,Census 2001,Census 2001,DPV_D880621EB684EC7F,WPT_E7B8C84966BA8B4D2DC0,12.61158497,92.83153129,working_fuzzy_same_state,working_fallback,0,1,WW_3CF161B7CC7B73ADCF5D,366,366,1.0,True,2694.1000000000004,7.360928961748635,215,151,44,21,119,27.761475409836315,28.850983606557552,26.79423497267746,33.15,23.34,0,0,78.54803278688505,18.02737704918016,4.389672131147533,92,1186.92,27.6130434782612,0,92,1049.440000000006,28.960217391304784,18
Andaman and Nicobar Islands,SOUTH ANDAMANS,2003,Whole Year,Cashewnut,116.5,26.14,0.2243776824034334,142,Andaman and Nicobar Islands|Cashewnut|Whole Year,2003-07-01,2004-06-30,366,365,1,state_zone+crop+season,v1.0,decided_project_convention,annual_reporting_window,south_coastal,cashew,Whole Year mapped to the complete July-June crop-year reporting cycle.,Annual reporting window; do not calculate planting/harvest flags.,IND_ANDAMAN_AND_NICOBAR_ISLANDS_SOUTH_ANDAMANS,DYP_2B4EBAB394B48536,Census 2001,Census 2001,DPV_D880621EB684EC7F,WPT_E7B8C84966BA8B4D2DC0,12.61158497,92.83153129,working_fuzzy_same_state,working_fallback,0,1,WW_3CF161B7CC7B73ADCF5D,366,366,1.0,True,2694.1000000000004,7.360928961748635,215,151,44,21,119,27.761475409836315,28.850983606557552,26.79423497267746,33.15,23.34,0,0,78.54803278688505,18.02737704918016,4.389672131147533,92,1186.92,27.6130434782612,0,92,1049.440000000006,28.960217391304784,18
Andaman and Nicobar Islands,SOUTH ANDAMANS,2003,Whole Year,Coconut,7110.0,26660000.0,3749.648382559775,143,Andaman and Nicobar Islands|Coconut|Whole Year,2003-07-01,2004-06-30,366,365,1,state_zone+crop+season,v1.0,decided_project_convention,annual_reporting_window,south_coastal,coconut,Whole Year mapped to the complete July-June crop-year reporting cycle.,Annual reporting window; do not calculate planting/harvest flags.,IND_ANDAMAN_AND_NICOBAR_ISLANDS_SOUTH_ANDAMANS,DYP_2B4EBAB394B48536,Census 2001,Census 2001,DPV_D880621EB684EC7F,WPT_E7B8C84966BA8B4D2DC0,12.61158497,92.83153129,working_fuzzy_same_state,working_fallback,0,1,WW_3CF161B7CC7B73ADCF5D,366,366,1.0,True,2694.1000000000004,7.360928961748635,215,151,44,21,119,27.761475409836315,28.850983606557552,26.79423497267746,33.15,23.34,0,0,78.54803278688505,18.02737704918016,4.389672131147533,92,1186.92,27.6130434782612,0,92,1049.440000000006,28.960217391304784,18
Andaman and Nicobar Islands,SOUTH ANDAMANS,2003,Whole Year,Dry chillies,340.0,578.0,1.7,144,Andaman and Nicobar Islands|Dry chillies|Whole Year,2003-07-01,2004-06-30,366,365,1,state_zone+crop+season,v1.0,decided_project_convention,annual_reporting_window,south_coastal,chilli,Whole Year mapped to the complete July-June crop-year reporting cycle.,Annual reporting window; do not calculate planting/harvest flags.,IND_ANDAMAN_AND_NICOBAR_ISLANDS_SOUTH_ANDAMANS,DYP_2B4EBAB394B48536,Census 2001,Census 2001,DPV_D880621EB684EC7F,WPT_E7B8C84966BA8B4D2DC0,12.61158497,92.83153129,working_fuzzy_same_state,working_fallback,0,1,WW_3CF161B7CC7B73ADCF5D,366,366,1.0,True,2694.1000000000004,7.360928961748635,215,151,44,21,119,27.761475409836315,28.850983606557552,26.79423497267746,33.15,23.34,0,0,78.54803278688505,18.02737704918016,4.389672131147533,92,1186.92,27.6130434782612,0,92,1049.440000000006,28.960217391304784,18
Andaman and Nicobar Islands,SOUTH ANDAMANS,2003,Whole Year,Dry ginger,406.0,1299.2,3.2,145,Andaman and Nicobar Islands|Dry ginger|Whole Year,2003-07-01,2004-06-30,366,365,1,state_zone+crop+season,v1.0,decided_project_convention,annual_reporting_window,south_coastal,ginger,Whole Year mapped to the complete July-June crop-year reporting cycle.,Annual reporting window; do not calculate planting/harvest flags.,IND_ANDAMAN_AND_NICOBAR_ISLANDS_SOUTH_ANDAMANS,DYP_2B4EBAB394B48536,Census 2001,Census 2001,DPV_D880621EB684EC7F,WPT_E7B8C84966BA8B4D2DC0,12.61158497,92.83153129,working_fuzzy_same_state,working_fallback,0,1,WW_3CF161B7CC7B73ADCF5D,366,366,1.0,True,2694.1000000000004,7.360928961748635,215,151,44,21,119,27.761475409836315,28.850983606557552,26.79423497267746,33.15,23.34,0,0,78.54803278688505,18.02737704918016,4.389672131147533,92,1186.92,27.6130434782612,0,92,1049.440000000006,28.960217391304784,18
Andaman and Nicobar Islands,SOUTH ANDAMANS,2003,Whole Year,other oilseeds,82.09,35.51,0.4325740041417955,146,Andaman and Nicobar Islands|other oilseeds|Whole Year,2003-07-01,2004-06-30,366,365,1,state_zone+crop+season,v1.0,decided_project_convention,annual_reporting_window,south_coastal,other_oilseed,Whole Year mapped to the complete July-June crop-year reporting cycle.,Annual reporting window; do not calculate planting/harvest flags.,IND_ANDAMAN_AND_NICOBAR_ISLANDS_SOUTH_ANDAMANS,DYP_2B4EBAB394B48536,Census 2001,Census 2001,DPV_D880621EB684EC7F,WPT_E7B8C84966BA8B4D2DC0,12.61158497,92.83153129,working_fuzzy_same_state,working_fallback,0,1,WW_3CF161B7CC7B73ADCF5D,366,366,1.0,True,2694.1000000000004,7.360928961748635,215,151,44,21,119,27.761475409836315,28.850983606557552,26.79423497267746,33.15,23.34,0,0,78.54803278688505,18.02737704918016,4.389672131147533,92,1186.92,27.6130434782612,0,92,1049.440000000006,28.960217391304784,18
Andaman and Nicobar Islands,SOUTH ANDAMANS,2003,Whole Year,Sugarcane,268.0,2879.52,10.7444776119403,147,Andaman and Nicobar Islands|Sugarcane|Whole Year,2003-07-01,2004-06-30,366,365,1,state_zone+crop+season,v1.0,decided_project_convention,annual_reporting_window,south_coastal,sugarcane,Whole Year mapped to the complete July-June crop-year reporting cycle.,Annual reporting window; do not calculate planting/harvest flags.,IND_ANDAMAN_AND_NICOBAR_ISLANDS_SOUTH_ANDAMANS,DYP_2B4EBAB394B48536,Census 2001,Census 2001,DPV_D880621EB684EC7F,WPT_E7B8C84966BA8B4D2DC0,12.61158497,92.83153129,working_fuzzy_same_state,working_fallback,0,1,WW_3CF161B7CC7B73ADCF5D,366,366,1.0,True,2694.1000000000004,7.360928961748635,215,151,44,21,119,27.761475409836315,28.850983606557552,26.79423497267746,33.15,23.34,0,0,78.54803278688505,18.02737704918016,4.389672131147533,92,1186.92,27.6130434782612,0,92,1049.440000000006,28.960217391304784,18
Andaman and Nicobar Islands,SOUTH ANDAMANS,2004,Kharif,Rice,10681.98,29119.66,2.726054532961118,148,Andaman and Nicobar Islands|Rice|Kharif,2004-05-15,2004-10-11,150,150,0,state_zone+crop+season,v1.0,decided_project_convention,crop_cycle_estimate,south_coastal,rice,Crop-specific 150-day cycle starting from the south_coastal Kharif anchor.,,IND_ANDAMAN_AND_NICOBAR_ISLANDS_SOUTH_ANDAMANS,DYP_476CEA276E158196,Census 2001,Census 2001,DPV_D880621EB684EC7F,WPT_E7B8C84966BA8B4D2DC0,12.61158497,92.83153129,working_fuzzy_same_state,working_fallback,0,1,WW_1E955BD0E9D8B072335E,150,150,1.0,True,1877.130000000001,12.514200000000006,142,8,26,5,76,27.72539999999979,28.366066666666494,27.142000000000213,30.05,25.95,0,0,85.51700000000031,16.026333333333508,5.573133333333304,38,691.799999999992,27.965789473683753,0,38,407.6900000000096,27.319736842104344,3
Andaman and Nicobar Islands,SOUTH ANDAMANS,2004,Whole Year,Arecanut,3160.67,3975.2,1.2577080176038624,149,Andaman and Nicobar Islands|Arecanut|Whole Year,2004-07-01,2005-06-30,365,365,0,state_zone+crop+season,v1.0,decided_project_convention,annual_reporting_window,south_coastal,arecanut,Whole Year mapped to the complete July-June crop-year reporting cycle.,Annual reporting window; do not calculate planting/harvest flags.,IND_ANDAMAN_AND_NICOBAR_ISLANDS_SOUTH_ANDAMANS,DYP_476CEA276E158196,Census 2001,Census 2001,DPV_D880621EB684EC7F,WPT_E7B8C84966BA8B4D2DC0,12.61158497,92.83153129,working_fuzzy_same_state,working_fallback,0,1,WW_E3214BD30440ED16E21C,365,365,1.0,True,2376.3800000000156,6.510630136986344,220,145,32,52,76,27.76350684931505,28.85435616438351,26.791260273972718,32.67,23.57,0,0,79.08090410958896,18.50890410958904,4.12627397260275,92,1001.0699999999997,27.645869565217215,5,92,939.1400000000103,28.860869565217676,16
Andaman and Nicobar Islands,SOUTH ANDAMANS,2004,Whole Year,Banana,1912.1,17374.4,9.086554050520371,150,Andaman and Nicobar Islands|Banana|Whole Year,2004-07-01,2005-06-30,365,365,0,state_zone+crop+season,v1.0,decided_project_convention,annual_reporting_window,south_coastal,fruit_perennial,Whole Year mapped to the complete July-June crop-year reporting cycle.,Annual reporting window; do not calculate planting/harvest flags.,IND_ANDAMAN_AND_NICOBAR_ISLANDS_SOUTH_ANDAMANS,DYP_476CEA276E158196,Census 2001,Census 2001,DPV_D880621EB684EC7F,WPT_E7B8C84966BA8B4D2DC0,12.61158497,92.83153129,working_fuzzy_same_state,working_fallback,0,1,WW_E3214BD30440ED16E21C,365,365,1.0,True,2376.3800000000156,6.510630136986344,220,145,32,52,76,27.76350684931505,28.85435616438351,26.791260273972718,32.67,23.57,0,0,79.08090410958896,18.50890410958904,4.12627397260275,92,1001.0699999999997,27.645869565217215,5,92,939.1400000000103,28.860869565217676,16
Andaman and Nicobar Islands,SOUTH ANDAMANS,2004,Whole Year,Black pepper,570.0,104.36,0.1830877192982456,151,Andaman and Nicobar Islands|Black pepper|Whole Year,2004-07-01,2005-06-30,365,365,0,state_zone+crop+season,v1.0,decided_project_convention,annual_reporting_window,south_coastal,black_pepper,Whole Year mapped to the complete July-June crop-year reporting cycle.,Annual reporting window; do not calculate planting/harvest flags.,IND_ANDAMAN_AND_NICOBAR_ISLANDS_SOUTH_ANDAMANS,DYP_476CEA276E158196,Census 2001,Census 2001,DPV_D880621EB684EC7F,WPT_E7B8C84966BA8B4D2DC0,12.61158497,92.83153129,working_fuzzy_same_state,working_fallback,0,1,WW_E3214BD30440ED16E21C,365,365,1.0,True,2376.3800000000156,6.510630136986344,220,145,32,52,76,27.76350684931505,28.85435616438351,26.791260273972718,32.67,23.57,0,0,79.08090410958896,18.50890410958904,4.12627397260275,92,1001.0699999999997,27.645869565217215,5,92,939.1400000000103,28.860869565217676,16
Andaman and Nicobar Islands,SOUTH ANDAMANS,2004,Whole Year,Cashewnut,116.5,25.1,0.215450643776824,152,Andaman and Nicobar Islands|Cashewnut|Whole Year,2004-07-01,2005-06-30,365,365,0,state_zone+crop+season,v1.0,decided_project_convention,annual_reporting_window,south_coastal,cashew,Whole Year mapped to the complete July-June crop-year reporting cycle.,Annual reporting window; do not calculate planting/harvest flags.,IND_ANDAMAN_AND_NICOBAR_ISLANDS_SOUTH_ANDAMANS,DYP_476CEA276E158196,Census 2001,Census 2001,DPV_D880621EB684EC7F,WPT_E7B8C84966BA8B4D2DC0,12.61158497,92.83153129,working_fuzzy_same_state,working_fallback,0,1,WW_E3214BD30440ED16E21C,365,365,1.0,True,2376.3800000000156,6.510630136986344,220,145,32,52,76,27.76350684931505,28.85435616438351,26.791260273972718,32.67,23.57,0,0,79.08090410958896,18.50890410958904,4.12627397260275,92,1001.0699999999997,27.645869565217215,5,92,939.1400000000103,28.860869565217676,16
Andaman and Nicobar Islands,SOUTH ANDAMANS,2004,Whole Year,Coconut,7156.7,34750000.0,4855.589866838068,153,Andaman and Nicobar Islands|Coconut|Whole Year,2004-07-01,2005-06-30,365,365,0,state_zone+crop+season,v1.0,decided_project_convention,annual_reporting_window,south_coastal,coconut,Whole Year mapped to the complete July-June crop-year reporting cycle.,Annual reporting window; do not calculate planting/harvest flags.,IND_ANDAMAN_AND_NICOBAR_ISLANDS_SOUTH_ANDAMANS,DYP_476CEA276E158196,Census 2001,Census 2001,DPV_D880621EB684EC7F,WPT_E7B8C84966BA8B4D2DC0,12.61158497,92.83153129,working_fuzzy_same_state,working_fallback,0,1,WW_E3214BD30440ED16E21C,365,365,1.0,True,2376.3800000000156,6.510630136986344,220,145,32,52,76,27.76350684931505,28.85435616438351,26.791260273972718,32.67,23.57,0,0,79.08090410958896,18.50890410958904,4.12627397260275,92,1001.0699999999997,27.645869565217215,5,92,939.1400000000103,28.860869565217676,16
Andaman and Nicobar Islands,SOUTH ANDAMANS,2004,Whole Year,Dry chillies,340.0,822.8,2.42,154,Andaman and Nicobar Islands|Dry chillies|Whole Year,2004-07-01,2005-06-30,365,365,0,state_zone+crop+season,v1.0,decided_project_convention,annual_reporting_window,south_coastal,chilli,Whole Year mapped to the complete July-June crop-year reporting cycle.,Annual reporting window; do not calculate planting/harvest flags.,IND_ANDAMAN_AND_NICOBAR_ISLANDS_SOUTH_ANDAMANS,DYP_476CEA276E158196,Census 2001,Census 2001,DPV_D880621EB684EC7F,WPT_E7B8C84966BA8B4D2DC0,12.61158497,92.83153129,working_fuzzy_same_state,working_fallback,0,1,WW_E3214BD30440ED16E21C,365,365,1.0,True,2376.3800000000156,6.510630136986344,220,145,32,52,76,27.76350684931505,28.85435616438351,26.791260273972718,32.67,23.57,0,0,79.08090410958896,18.50890410958904,4.12627397260275,92,1001.0699999999997,27.645869565217215,5,92,939.1400000000103,28.860869565217676,16
Andaman and Nicobar Islands,SOUTH ANDAMANS,2004,Whole Year,Dry ginger,410.0,1462.0,3.565853658536585,155,Andaman and Nicobar Islands|Dry ginger|Whole Year,2004-07-01,2005-06-30,365,365,0,state_zone+crop+season,v1.0,decided_project_convention,annual_reporting_window,south_coastal,ginger,Whole Year mapped to the complete July-June crop-year reporting cycle.,Annual reporting window; do not calculate planting/harvest flags.,IND_ANDAMAN_AND_NICOBAR_ISLANDS_SOUTH_ANDAMANS,DYP_476CEA276E158196,Census 2001,Census 2001,DPV_D880621EB684EC7F,WPT_E7B8C84966BA8B4D2DC0,12.61158497,92.83153129,working_fuzzy_same_state,working_fallback,0,1,WW_E3214BD30440ED16E21C,365,365,1.0,True,2376.3800000000156,6.510630136986344,220,145,32,52,76,27.76350684931505,28.85435616438351,26.791260273972718,32.67,23.57,0,0,79.08090410958896,18.50890410958904,4.12627397260275,92,1001.0699999999997,27.645869565217215,5,92,939.1400000000103,28.860869565217676,16
Andaman and Nicobar Islands,SOUTH ANDAMANS,2004,Whole Year,other oilseeds,89.3,46.5,0.5207166853303472,156,Andaman and Nicobar Islands|other oilseeds|Whole Year,2004-07-01,2005-06-30,365,365,0,state_zone+crop+season,v1.0,decided_project_convention,annual_reporting_window,south_coastal,other_oilseed,Whole Year mapped to the complete July-June crop-year reporting cycle.,Annual reporting window; do not calculate planting/harvest flags.,IND_ANDAMAN_AND_NICOBAR_ISLANDS_SOUTH_ANDAMANS,DYP_476CEA276E158196,Census 2001,Census 2001,DPV_D880621EB684EC7F,WPT_E7B8C84966BA8B4D2DC0,12.61158497,92.83153129,working_fuzzy_same_state,working_fallback,0,1,WW_E3214BD30440ED16E21C,365,365,1.0,True,2376.3800000000156,6.510630136986344,220,145,32,52,76,27.76350684931505,28.85435616438351,26.791260273972718,32.67,23.57,0,0,79.08090410958896,18.50890410958904,4.12627397260275,92,1001.0699999999997,27.645869565217215,5,92,939.1400000000103,28.860869565217676,16
Andaman and Nicobar Islands,SOUTH ANDAMANS,2004,Whole Year,Sugarcane,145.26,1560.0,10.7393638992152,157,Andaman and Nicobar Islands|Sugarcane|Whole Year,2004-07-01,2005-06-30,365,365,0,state_zone+crop+season,v1.0,decided_project_convention,annual_reporting_window,south_coastal,sugarcane,Whole Year mapped to the complete July-June crop-year reporting cycle.,Annual reporting window; do not calculate planting/harvest flags.,IND_ANDAMAN_AND_NICOBAR_ISLANDS_SOUTH_ANDAMANS,DYP_476CEA276E158196,Census 2001,Census 2001,DPV_D880621EB684EC7F,WPT_E7B8C84966BA8B4D2DC0,12.61158497,92.83153129,working_fuzzy_same_state,working_fallback,0,1,WW_E3214BD30440ED16E21C,365,365,1.0,True,2376.3800000000156,6.510630136986344,220,145,32,52,76,27.76350684931505,28.85435616438351,26.791260273972718,32.67,23.57,0,0,79.08090410958896,18.50890410958904,4.12627397260275,92,1001.0699999999997,27.645869565217215,5,92,939.1400000000103,28.860869565217676,16
Andaman and Nicobar Islands,SOUTH ANDAMANS,2005,Kharif,Rice,8683.38,25870.98,2.979367481326396,158,Andaman and Nicobar Islands|Rice|Kharif,2005-05-15,2005-10-11,150,150,0,state_zone+crop+season,v1.0,decided_project_convention,crop_cycle_estimate,south_coastal,rice,Crop-specific 150-day cycle starting from the south_coastal Kharif anchor.,,IND_ANDAMAN_AND_NICOBAR_ISLANDS_SOUTH_ANDAMANS,DYP_70F7E631CAF571F9,Census 2001,Census 2001,DPV_D880621EB684EC7F,WPT_E7B8C84966BA8B4D2DC0,12.61158497,92.83153129,working_fuzzy_same_state,working_fallback,0,1,WW_7F593EC73F8899A74665,150,150,1.0,True,1999.180000000004,13.327866666666694,147,3,37,2,62,27.984000000000428,28.627266666666838,27.400266666666916,30.47,26.08,0,0,85.29380000000043,15.561266666666537,5.352866666666657,38,685.3900000000067,28.483421052632604,0,38,510.6900000000023,27.563947368421253,12
Andaman and Nicobar Islands,SOUTH ANDAMANS,2005,Whole Year,Arecanut,3250.78,3058.46,0.9408388140692387,159,Andaman and Nicobar Islands|Arecanut|Whole Year,2005-07-01,2006-06-30,365,365,0,state_zone+crop+season,v1.0,decided_project_convention,annual_reporting_window,south_coastal,arecanut,Whole Year mapped to the complete July-June crop-year reporting cycle.,Annual reporting window; do not calculate planting/harvest flags.,IND_ANDAMAN_AND_NICOBAR_ISLANDS_SOUTH_ANDAMANS,DYP_70F7E631CAF571F9,Census 2001,Census 2001,DPV_D880621EB684EC7F,WPT_E7B8C84966BA8B4D2DC0,12.61158497,92.83153129,working_fuzzy_same_state,working_fallback,0,1,WW_09749A8A8EBFE9275A2F,365,365,1.0,True,2797.7099999999846,7.664958904109547,265,100,43,19,71,27.69224657534222,28.666465753424724,26.823808219178247,32.1,23.77,0,0,80.09010958904177,17.436164383561557,4.345232876712309,92,1217.7099999999955,27.819347826087483,2,92,816.330000000009,28.57499999999962,9
Andaman and Nicobar Islands,SOUTH ANDAMANS,2005,Whole Year,Banana,1656.8,10251.13,6.187306856591018,160,Andaman and Nicobar Islands|Banana|Whole Year,2005-07-01,2006-06-30,365,365,0,state_zone+crop+season,v1.0,decided_project_convention,annual_reporting_window,south_coastal,fruit_perennial,Whole Year mapped to the complete July-June crop-year reporting cycle.,Annual reporting window; do not calculate planting/harvest flags.,IND_ANDAMAN_AND_NICOBAR_ISLANDS_SOUTH_ANDAMANS,DYP_70F7E631CAF571F9,Census 2001,Census 2001,DPV_D880621EB684EC7F,WPT_E7B8C84966BA8B4D2DC0,12.61158497,92.83153129,working_fuzzy_same_state,working_fallback,0,1,WW_09749A8A8EBFE9275A2F,365,365,1.0,True,2797.7099999999846,7.664958904109547,265,100,43,19,71,27.69224657534222,28.666465753424724,26.823808219178247,32.1,23.77,0,0,80.09010958904177,17.436164383561557,4.345232876712309,92,1217.7099999999955,27.819347826087483,2,92,816.330000000009,28.57499999999962,9
Andaman and Nicobar Islands,SOUTH ANDAMANS,2005,Whole Year,Black pepper,656.45,35.95,0.0547642623200548,161,Andaman and Nicobar Islands|Black pepper|Whole Year,2005-07-01,2006-06-30,365,365,0,state_zone+crop+season,v1.0,decided_project_convention,annual_reporting_window,south_coastal,black_pepper,Whole Year mapped to the complete July-June crop-year reporting cycle.,Annual reporting window; do not calculate planting/harvest flags.,IND_ANDAMAN_AND_NICOBAR_ISLANDS_SOUTH_ANDAMANS,DYP_70F7E631CAF571F9,Census 2001,Census 2001,DPV_D880621EB684EC7F,WPT_E7B8C84966BA8B4D2DC0,12.61158497,92.83153129,working_fuzzy_same_state,working_fallback,0,1,WW_09749A8A8EBFE9275A2F,365,365,1.0,True,2797.7099999999846,7.664958904109547,265,100,43,19,71,27.69224657534222,28.666465753424724,26.823808219178247,32.1,23.77,0,0,80.09010958904177,17.436164383561557,4.345232876712309,92,1217.7099999999955,27.819347826087483,2,92,816.330000000009,28.57499999999962,9
Andaman and Nicobar Islands,SOUTH ANDAMANS,2005,Whole Year,Cashewnut,118.5,30.22,0.2550210970464135,162,Andaman and Nicobar Islands|Cashewnut|Whole Year,2005-07-01,2006-06-30,365,365,0,state_zone+crop+season,v1.0,decided_project_convention,annual_reporting_window,south_coastal,cashew,Whole Year mapped to the complete July-June crop-year reporting cycle.,Annual reporting window; do not calculate planting/harvest flags.,IND_ANDAMAN_AND_NICOBAR_ISLANDS_SOUTH_ANDAMANS,DYP_70F7E631CAF571F9,Census 2001,Census 2001,DPV_D880621EB684EC7F,WPT_E7B8C84966BA8B4D2DC0,12.61158497,92.83153129,working_fuzzy_same_state,working_fallback,0,1,WW_09749A8A8EBFE9275A2F,365,365,1.0,True,2797.7099999999846,7.664958904109547,265,100,43,19,71,27.69224657534222,28.666465753424724,26.823808219178247,32.1,23.77,0,0,80.09010958904177,17.436164383561557,4.345232876712309,92,1217.7099999999955,27.819347826087483,2,92,816.330000000009,28.57499999999962,9
Andaman and Nicobar Islands,SOUTH ANDAMANS,2005,Whole Year,Coconut,7050.45,26430000.0,3748.696891687765,163,Andaman and Nicobar Islands|Coconut|Whole Year,2005-07-01,2006-06-30,365,365,0,state_zone+crop+season,v1.0,decided_project_convention,annual_reporting_window,south_coastal,coconut,Whole Year mapped to the complete July-June crop-year reporting cycle.,Annual reporting window; do not calculate planting/harvest flags.,IND_ANDAMAN_AND_NICOBAR_ISLANDS_SOUTH_ANDAMANS,DYP_70F7E631CAF571F9,Census 2001,Census 2001,DPV_D880621EB684EC7F,WPT_E7B8C84966BA8B4D2DC0,12.61158497,92.83153129,working_fuzzy_same_state,working_fallback,0,1,WW_09749A8A8EBFE9275A2F,365,365,1.0,True,2797.7099999999846,7.664958904109547,265,100,43,19,71,27.69224657534222,28.666465753424724,26.823808219178247,32.1,23.77,0,0,80.09010958904177,17.436164383561557,4.345232876712309,92,1217.7099999999955,27.819347826087483,2,92,816.330000000009,28.57499999999962,9
Andaman and Nicobar Islands,SOUTH ANDAMANS,2005,Whole Year,Dry chillies,370.7,877.6,2.36741300242784,164,Andaman and Nicobar Islands|Dry chillies|Whole Year,2005-07-01,2006-06-30,365,365,0,state_zone+crop+season,v1.0,decided_project_convention,annual_reporting_window,south_coastal,chilli,Whole Year mapped to the complete July-June crop-year reporting cycle.,Annual reporting window; do not calculate planting/harvest flags.,IND_ANDAMAN_AND_NICOBAR_ISLANDS_SOUTH_ANDAMANS,DYP_70F7E631CAF571F9,Census 2001,Census 2001,DPV_D880621EB684EC7F,WPT_E7B8C84966BA8B4D2DC0,12.61158497,92.83153129,working_fuzzy_same_state,working_fallback,0,1,WW_09749A8A8EBFE9275A2F,365,365,1.0,True,2797.7099999999846,7.664958904109547,265,100,43,19,71,27.69224657534222,28.666465753424724,26.823808219178247,32.1,23.77,0,0,80.09010958904177,17.436164383561557,4.345232876712309,92,1217.7099999999955,27.819347826087483,2,92,816.330000000009,28.57499999999962,9
Andaman and Nicobar Islands,SOUTH ANDAMANS,2005,Whole Year,Dry ginger,200.0,1800.0,9.0,165,Andaman and Nicobar Islands|Dry ginger|Whole Year,2005-07-01,2006-06-30,365,365,0,state_zone+crop+season,v1.0,decided_project_convention,annual_reporting_window,south_coastal,ginger,Whole Year mapped to the complete July-June crop-year reporting cycle.,Annual reporting window; do not calculate planting/harvest flags.,IND_ANDAMAN_AND_NICOBAR_ISLANDS_SOUTH_ANDAMANS,DYP_70F7E631CAF571F9,Census 2001,Census 2001,DPV_D880621EB684EC7F,WPT_E7B8C84966BA8B4D2DC0,12.61158497,92.83153129,working_fuzzy_same_state,working_fallback,0,1,WW_09749A8A8EBFE9275A2F,365,365,1.0,True,2797.7099999999846,7.664958904109547,265,100,43,19,71,27.69224657534222,28.666465753424724,26.823808219178247,32.1,23.77,0,0,80.09010958904177,17.436164383561557,4.345232876712309,92,1217.7099999999955,27.819347826087483,2,92,816.330000000009,28.57499999999962,9
Andaman and Nicobar Islands,SOUTH ANDAMANS,2005,Whole Year,other oilseeds,53.55,34.2,0.638655462184874,166,Andaman and Nicobar Islands|other oilseeds|Whole Year,2005-07-01,2006-06-30,365,365,0,state_zone+crop+season,v1.0,decided_project_convention,annual_reporting_window,south_coastal,other_oilseed,Whole Year mapped to the complete July-June crop-year reporting cycle.,Annual reporting window; do not calculate planting/harvest flags.,IND_ANDAMAN_AND_NICOBAR_ISLANDS_SOUTH_ANDAMANS,DYP_70F7E631CAF571F9,Census 2001,Census 2001,DPV_D880621EB684EC7F,WPT_E7B8C84966BA8B4D2DC0,12.61158497,92.83153129,working_fuzzy_same_state,working_fallback,0,1,WW_09749A8A8EBFE9275A2F,365,365,1.0,True,2797.7099999999846,7.664958904109547,265,100,43,19,71,27.69224657534222,28.666465753424724,26.823808219178247,32.1,23.77,0,0,80.09010958904177,17.436164383561557,4.345232876712309,92,1217.7099999999955,27.819347826087483,2,92,816.330000000009,28.57499999999962,9
Andaman and Nicobar Islands,SOUTH ANDAMANS,2005,Whole Year,Sugarcane,128.02,2448.2,19.12357444149352,167,Andaman and Nicobar Islands|Sugarcane|Whole Year,2005-07-01,2006-06-30,365,365,0,state_zone+crop+season,v1.0,decided_project_convention,annual_reporting_window,south_coastal,sugarcane,Whole Year mapped to the complete July-June crop-year reporting cycle.,Annual reporting window; do not calculate planting/harvest flags.,IND_ANDAMAN_AND_NICOBAR_ISLANDS_SOUTH_ANDAMANS,DYP_70F7E631CAF571F9,Census 2001,Census 2001,DPV_D880621EB684EC7F,WPT_E7B8C84966BA8B4D2DC0,12.61158497,92.83153129,working_fuzzy_same_state,working_fallback,0,1,WW_09749A8A8EBFE9275A2F,365,365,1.0,True,2797.7099999999846,7.664958904109547,265,100,43,19,71,27.69224657534222,28.666465753424724,26.823808219178247,32.1,23.77,0,0,80.09010958904177,17.436164383561557,4.345232876712309,92,1217.7099999999955,27.819347826087483,2,92,816.330000000009,28.57499999999962,9
Andaman and Nicobar Islands,SOUTH ANDAMANS,2005,Whole Year,Sweet potato,131.9,700.35,5.309704321455648,168,Andaman and Nicobar Islands|Sweet potato|Whole Year,2005-07-01,2006-06-30,365,365,0,state_zone+crop+season,v1.0,decided_project_convention,annual_reporting_window,south_coastal,sweet_potato,Whole Year mapped to the complete July-June crop-year reporting cycle.,Annual reporting window; do not calculate planting/harvest flags.,IND_ANDAMAN_AND_NICOBAR_ISLANDS_SOUTH_ANDAMANS,DYP_70F7E631CAF571F9,Census 2001,Census 2001,DPV_D880621EB684EC7F,WPT_E7B8C84966BA8B4D2DC0,12.61158497,92.83153129,working_fuzzy_same_state,working_fallback,0,1,WW_09749A8A8EBFE9275A2F,365,365,1.0,True,2797.7099999999846,7.664958904109547,265,100,43,19,71,27.69224657534222,28.666465753424724,26.823808219178247,32.1,23.77,0,0,80.09010958904177,17.436164383561557,4.345232876712309,92,1217.7099999999955,27.819347826087483,2,92,816.330000000009,28.57499999999962,9
Andaman and Nicobar Islands,SOUTH ANDAMANS,2005,Whole Year,Tapioca,254.5,1480.0,5.81532416502947,169,Andaman and Nicobar Islands|Tapioca|Whole Year,2005-07-01,2006-06-30,365,365,0,state_zone+crop+season,v1.0,decided_project_convention,annual_reporting_window,south_coastal,tapioca,Whole Year mapped to the complete July-June crop-year reporting cycle.,Annual reporting window; do not calculate planting/harvest flags.,IND_ANDAMAN_AND_NICOBAR_ISLANDS_SOUTH_ANDAMANS,DYP_70F7E631CAF571F9,Census 2001,Census 2001,DPV_D880621EB684EC7F,WPT_E7B8C84966BA8B4D2DC0,12.61158497,92.83153129,working_fuzzy_same_state,working_fallback,0,1,WW_09749A8A8EBFE9275A2F,365,365,1.0,True,2797.7099999999846,7.664958904109547,265,100,43,19,71,27.69224657534222,28.666465753424724,26.823808219178247,32.1,23.77,0,0,80.09010958904177,17.436164383561557,4.345232876712309,92,1217.7099999999955,27.819347826087483,2,92,816.330000000009,28.57499999999962,9
Andaman and Nicobar Islands,SOUTH ANDAMANS,2005,Whole Year,Turmeric,81.7,572.0,7.001223990208078,170,Andaman and Nicobar Islands|Turmeric|Whole Year,2005-07-01,2006-06-30,365,365,0,state_zone+crop+season,v1.0,decided_project_convention,annual_reporting_window,south_coastal,turmeric,Whole Year mapped to the complete July-June crop-year reporting cycle.,Annual reporting window; do not calculate planting/harvest flags.,IND_ANDAMAN_AND_NICOBAR_ISLANDS_SOUTH_ANDAMANS,DYP_70F7E631CAF571F9,Census 2001,Census 2001,DPV_D880621EB684EC7F,WPT_E7B8C84966BA8B4D2DC0,12.61158497,92.83153129,working_fuzzy_same_state,working_fallback,0,1,WW_09749A8A8EBFE9275A2F,365,365,1.0,True,2797.7099999999846,7.664958904109547,265,100,43,19,71,27.69224657534222,28.666465753424724,26.823808219178247,32.1,23.77,0,0,80.09010958904177,17.436164383561557,4.345232876712309,92,1217.7099999999955,27.819347826087483,2,92,816.330000000009,28.57499999999962,9
Andaman and Nicobar Islands,SOUTH ANDAMANS,2006,Kharif,Rice,921.87,2539.64,2.7548786705283823,171,Andaman and Nicobar Islands|Rice|Kharif,2006-05-15,2006-10-11,150,150,0,state_zone+crop+season,v1.0,decided_project_convention,crop_cycle_estimate,south_coastal,rice,Crop-specific 150-day cycle starting from the south_coastal Kharif anchor.,,IND_ANDAMAN_AND_NICOBAR_ISLANDS_SOUTH_ANDAMANS,DYP_2FF6B7DD82652D9D,Census 2011,Census 2011,DPV_6C75931787073AC5,WPT_7A7FB5FEDF11E8B21545,10.70434741,92.48893577,working_fuzzy_same_state,working_fallback,0,0,WW_0ADBE6090EF41C351A75,150,150,1.0,True,1495.2800000000025,9.96853333333335,146,4,19,4,94,28.0824000000002,28.40573333333392,27.72506666666663,29.71,26.34,0,0,83.46506666666635,16.443133333333197,6.6267999999999665,38,362.18999999999505,28.43868421052627,0,38,577.1700000000055,27.479210526315192,10
Andaman and Nicobar Islands,SOUTH ANDAMANS,2006,Whole Year,Arecanut,2000.0,2350.0,1.175,172,Andaman and Nicobar Islands|Arecanut|Whole Year,2006-07-01,2007-06-30,365,365,0,state_zone+crop+season,v1.0,decided_project_convention,annual_reporting_window,south_coastal,arecanut,Whole Year mapped to the complete July-June crop-year reporting cycle.,Annual reporting window; do not calculate planting/harvest flags.,IND_ANDAMAN_AND_NICOBAR_ISLANDS_SOUTH_ANDAMANS,DYP_2FF6B7DD82652D9D,Census 2011,Census 2011,DPV_6C75931787073AC5,WPT_7A7FB5FEDF11E8B21545,10.70434741,92.48893577,working_fuzzy_same_state,working_fallback,0,0,WW_134CEC3B498E39A9A283,365,365,1.0,True,1695.5399999999645,4.645315068493053,212,153,15,69,95,27.960767123287972,28.440657534246846,27.442739726027096,30.34,25.36,0,0,78.90602739726015,18.80597260273941,5.15515068493151,92,817.6100000000079,28.00739130434838,4,92,513.9399999999841,28.827173913043858,3
Andaman and Nicobar Islands,SOUTH ANDAMANS,2006,Whole Year,Banana,483.0,4150.0,8.592132505175984,173,Andaman and Nicobar Islands|Banana|Whole Year,2006-07-01,2007-06-30,365,365,0,state_zone+crop+season,v1.0,decided_project_convention,annual_reporting_window,south_coastal,fruit_perennial,Whole Year mapped to the complete July-June crop-year reporting cycle.,Annual reporting window; do not calculate planting/harvest flags.,IND_ANDAMAN_AND_NICOBAR_ISLANDS_SOUTH_ANDAMANS,DYP_2FF6B7DD82652D9D,Census 2011,Census 2011,DPV_6C75931787073AC5,WPT_7A7FB5FEDF11E8B21545,10.70434741,92.48893577,working_fuzzy_same_state,working_fallback,0,0,WW_134CEC3B498E39A9A283,365,365,1.0,True,1695.5399999999645,4.645315068493053,212,153,15,69,95,27.960767123287972,28.440657534246846,27.442739726027096,30.34,25.36,0,0,78.90602739726015,18.80597260273941,5.15515068493151,92,817.6100000000079,28.00739130434838,4,92,513.9399999999841,28.827173913043858,3
Andaman and Nicobar Islands,SOUTH ANDAMANS,2006,Whole Year,Black pepper,413.1,20.18,0.0488501573468893,174,Andaman and Nicobar Islands|Black pepper|Whole Year,2006-07-01,2007-06-30,365,365,0,state_zone+crop+season,v1.0,decided_project_convention,annual_reporting_window,south_coastal,black_pepper,Whole Year mapped to the complete July-June crop-year reporting cycle.,Annual reporting window; do not calculate planting/harvest flags.,IND_ANDAMAN_AND_NICOBAR_ISLANDS_SOUTH_ANDAMANS,DYP_2FF6B7DD82652D9D,Census 2011,Census 2011,DPV_6C75931787073AC5,WPT_7A7FB5FEDF11E8B21545,10.70434741,92.48893577,working_fuzzy_same_state,working_fallback,0,0,WW_134CEC3B498E39A9A283,365,365,1.0,True,1695.5399999999645,4.645315068493053,212,153,15,69,95,27.960767123287972,28.440657534246846,27.442739726027096,30.34,25.36,0,0,78.90602739726015,18.80597260273941,5.15515068493151,92,817.6100000000079,28.00739130434838,4,92,513.9399999999841,28.827173913043858,3
Andaman and Nicobar Islands,SOUTH ANDAMANS,2006,Whole Year,Cashewnut,79.5,26.0,0.3270440251572327,175,Andaman and Nicobar Islands|Cashewnut|Whole Year,2006-07-01,2007-06-30,365,365,0,state_zone+crop+season,v1.0,decided_project_convention,annual_reporting_window,south_coastal,cashew,Whole Year mapped to the complete July-June crop-year reporting cycle.,Annual reporting window; do not calculate planting/harvest flags.,IND_ANDAMAN_AND_NICOBAR_ISLANDS_SOUTH_ANDAMANS,DYP_2FF6B7DD82652D9D,Census 2011,Census 2011,DPV_6C75931787073AC5,WPT_7A7FB5FEDF11E8B21545,10.70434741,92.48893577,working_fuzzy_same_state,working_fallback,0,0,WW_134CEC3B498E39A9A283,365,365,1.0,True,1695.5399999999645,4.645315068493053,212,153,15,69,95,27.960767123287972,28.440657534246846,27.442739726027096,30.34,25.36,0,0,78.90602739726015,18.80597260273941,5.15515068493151,92,817.6100000000079,28.00739130434838,4,92,513.9399999999841,28.827173913043858,3
Andaman and Nicobar Islands,SOUTH ANDAMANS,2006,Whole Year,Coconut,3483.09,14190000.0,4073.968803562354,176,Andaman and Nicobar Islands|Coconut|Whole Year,2006-07-01,2007-06-30,365,365,0,state_zone+crop+season,v1.0,decided_project_convention,annual_reporting_window,south_coastal,coconut,Whole Year mapped to the complete July-June crop-year reporting cycle.,Annual reporting window; do not calculate planting/harvest flags.,IND_ANDAMAN_AND_NICOBAR_ISLANDS_SOUTH_ANDAMANS,DYP_2FF6B7DD82652D9D,Census 2011,Census 2011,DPV_6C75931787073AC5,WPT_7A7FB5FEDF11E8B21545,10.70434741,92.48893577,working_fuzzy_same_state,working_fallback,0,0,WW_134CEC3B498E39A9A283,365,365,1.0,True,1695.5399999999645,4.645315068493053,212,153,15,69,95,27.960767123287972,28.440657534246846,27.442739726027096,30.34,25.36,0,0,78.90602739726015,18.80597260273941,5.15515068493151,92,817.6100000000079,28.00739130434838,4,92,513.9399999999841,28.827173913043858,3
Andaman and Nicobar Islands,SOUTH ANDAMANS,2006,Whole Year,Dry chillies,124.6,34.7,0.2784911717495987,177,Andaman and Nicobar Islands|Dry chillies|Whole Year,2006-07-01,2007-06-30,365,365,0,state_zone+crop+season,v1.0,decided_project_convention,annual_reporting_window,south_coastal,chilli,Whole Year mapped to the complete July-June crop-year reporting cycle.,Annual reporting window; do not calculate planting/harvest flags.,IND_ANDAMAN_AND_NICOBAR_ISLANDS_SOUTH_ANDAMANS,DYP_2FF6B7DD82652D9D,Census 2011,Census 2011,DPV_6C75931787073AC5,WPT_7A7FB5FEDF11E8B21545,10.70434741,92.48893577,working_fuzzy_same_state,working_fallback,0,0,WW_134CEC3B498E39A9A283,365,365,1.0,True,1695.5399999999645,4.645315068493053,212,153,15,69,95,27.960767123287972,28.440657534246846,27.442739726027096,30.34,25.36,0,0,78.90602739726015,18.80597260273941,5.15515068493151,92,817.6100000000079,28.00739130434838,4,92,513.9399999999841,28.827173913043858,3
Andaman and Nicobar Islands,SOUTH ANDAMANS,2006,Whole Year,Dry ginger,100.9,900.0,8.919722497522299,178,Andaman and Nicobar Islands|Dry ginger|Whole Year,2006-07-01,2007-06-30,365,365,0,state_zone+crop+season,v1.0,decided_project_convention,annual_reporting_window,south_coastal,ginger,Whole Year mapped to the complete July-June crop-year reporting cycle.,Annual reporting window; do not calculate planting/harvest flags.,IND_ANDAMAN_AND_NICOBAR_ISLANDS_SOUTH_ANDAMANS,DYP_2FF6B7DD82652D9D,Census 2011,Census 2011,DPV_6C75931787073AC5,WPT_7A7FB5FEDF11E8B21545,10.70434741,92.48893577,working_fuzzy_same_state,working_fallback,0,0,WW_134CEC3B498E39A9A283,365,365,1.0,True,1695.5399999999645,4.645315068493053,212,153,15,69,95,27.960767123287972,28.440657534246846,27.442739726027096,30.34,25.36,0,0,78.90602739726015,18.80597260273941,5.15515068493151,92,817.6100000000079,28.00739130434838,4,92,513.9399999999841,28.827173913043858,3
Andaman and Nicobar Islands,SOUTH ANDAMANS,2006,Whole Year,other oilseeds,24.0,14.98,0.6241666666666666,179,Andaman and Nicobar Islands|other oilseeds|Whole Year,2006-07-01,2007-06-30,365,365,0,state_zone+crop+season,v1.0,decided_project_convention,annual_reporting_window,south_coastal,other_oilseed,Whole Year mapped to the complete July-June crop-year reporting cycle.,Annual reporting window; do not calculate planting/harvest flags.,IND_ANDAMAN_AND_NICOBAR_ISLANDS_SOUTH_ANDAMANS,DYP_2FF6B7DD82652D9D,Census 2011,Census 2011,DPV_6C75931787073AC5,WPT_7A7FB5FEDF11E8B21545,10.70434741,92.48893577,working_fuzzy_same_state,working_fallback,0,0,WW_134CEC3B498E39A9A283,365,365,1.0,True,1695.5399999999645,4.645315068493053,212,153,15,69,95,27.960767123287972,28.440657534246846,27.442739726027096,30.34,25.36,0,0,78.90602739726015,18.80597260273941,5.15515068493151,92,817.6100000000079,28.00739130434838,4,92,513.9399999999841,28.827173913043858,3
Andaman and Nicobar Islands,SOUTH ANDAMANS,2006,Whole Year,Sugarcane,53.5,999.5,18.682242990654206,180,Andaman and Nicobar Islands|Sugarcane|Whole Year,2006-07-01,2007-06-30,365,365,0,state_zone+crop+season,v1.0,decided_project_convention,annual_reporting_window,south_coastal,sugarcane,Whole Year mapped to the complete July-June crop-year reporting cycle.,Annual reporting window; do not calculate planting/harvest flags.,IND_ANDAMAN_AND_NICOBAR_ISLANDS_SOUTH_ANDAMANS,DYP_2FF6B7DD82652D9D,Census 2011,Census 2011,DPV_6C75931787073AC5,WPT_7A7FB5FEDF11E8B21545,10.70434741,92.48893577,working_fuzzy_same_state,working_fallback,0,0,WW_134CEC3B498E39A9A283,365,365,1.0,True,1695.5399999999645,4.645315068493053,212,153,15,69,95,27.960767123287972,28.440657534246846,27.442739726027096,30.34,25.36,0,0,78.90602739726015,18.80597260273941,5.15515068493151,92,817.6100000000079,28.00739130434838,4,92,513.9399999999841,28.827173913043858,3
Andaman and Nicobar Islands,SOUTH ANDAMANS,2006,Whole Year,Sweet potato,30.4,220.0,7.236842105263158,181,Andaman and Nicobar Islands|Sweet potato|Whole Year,2006-07-01,2007-06-30,365,365,0,state_zone+crop+season,v1.0,decided_project_convention,annual_reporting_window,south_coastal,sweet_potato,Whole Year mapped to the complete July-June crop-year reporting cycle.,Annual reporting window; do not calculate planting/harvest flags.,IND_ANDAMAN_AND_NICOBAR_ISLANDS_SOUTH_ANDAMANS,DYP_2FF6B7DD82652D9D,Census 2011,Census 2011,DPV_6C75931787073AC5,WPT_7A7FB5FEDF11E8B21545,10.70434741,92.48893577,working_fuzzy_same_state,working_fallback,0,0,WW_134CEC3B498E39A9A283,365,365,1.0,True,1695.5399999999645,4.645315068493053,212,153,15,69,95,27.960767123287972,28.440657534246846,27.442739726027096,30.34,25.36,0,0,78.90602739726015,18.80597260273941,5.15515068493151,92,817.6100000000079,28.00739130434838,4,92,513.9399999999841,28.827173913043858,3
Andaman and Nicobar Islands,SOUTH ANDAMANS,2006,Whole Year,Tapioca,40.0,160.0,4.0,182,Andaman and Nicobar Islands|Tapioca|Whole Year,2006-07-01,2007-06-30,365,365,0,state_zone+crop+season,v1.0,decided_project_convention,annual_reporting_window,south_coastal,tapioca,Whole Year mapped to the complete July-June crop-year reporting cycle.,Annual reporting window; do not calculate planting/harvest flags.,IND_ANDAMAN_AND_NICOBAR_ISLANDS_SOUTH_ANDAMANS,DYP_2FF6B7DD82652D9D,Census 2011,Census 2011,DPV_6C75931787073AC5,WPT_7A7FB5FEDF11E8B21545,10.70434741,92.48893577,working_fuzzy_same_state,working_fallback,0,0,WW_134CEC3B498E39A9A283,365,365,1.0,True,1695.5399999999645,4.645315068493053,212,153,15,69,95,27.960767123287972,28.440657534246846,27.442739726027096,30.34,25.36,0,0,78.90602739726015,18.80597260273941,5.15515068493151,92,817.6100000000079,28.00739130434838,4,92,513.9399999999841,28.827173913043858,3
Andaman and Nicobar Islands,SOUTH ANDAMANS,2006,Whole Year,Turmeric,10.0,60.0,6.0,183,Andaman and Nicobar Islands|Turmeric|Whole Year,2006-07-01,2007-06-30,365,365,0,state_zone+crop+season,v1.0,decided_project_convention,annual_reporting_window,south_coastal,turmeric,Whole Year mapped to the complete July-June crop-year reporting cycle.,Annual reporting window; do not calculate planting/harvest flags.,IND_ANDAMAN_AND_NICOBAR_ISLANDS_SOUTH_ANDAMANS,DYP_2FF6B7DD82652D9D,Census 2011,Census 2011,DPV_6C75931787073AC5,WPT_7A7FB5FEDF11E8B21545,10.70434741,92.48893577,working_fuzzy_same_state,working_fallback,0,0,WW_134CEC3B498E39A9A283,365,365,1.0,True,1695.5399999999645,4.645315068493053,212,153,15,69,95,27.960767123287972,28.440657534246846,27.442739726027096,30.34,25.36,0,0,78.90602739726015,18.80597260273941,5.15515068493151,92,817.6100000000079,28.00739130434838,4,92,513.9399999999841,28.827173913043858,3
Andaman and Nicobar Islands,SOUTH ANDAMANS,2010,Autumn,Rice,1595.5,3788.0,2.3741773738639926,184,Andaman and Nicobar Islands|Rice|Autumn,2010-03-01,2010-08-27,180,180,0,state_zone+crop+season,v1.0,decided_project_convention,crop_cycle_estimate,south_coastal,rice,Crop-specific 180-day cycle starting from the south_coastal Autumn anchor.,Autumn rice: early rice crop; the window starts well before meteorological autumn.,IND_ANDAMAN_AND_NICOBAR_ISLANDS_SOUTH_ANDAMANS,DYP_486D5431EBD85EAC,Census 2011,Census 2011,DPV_6C75931787073AC5,WPT_7A7FB5FEDF11E8B21545,10.70434741,92.48893577,working_fuzzy_same_state,working_fallback,0,0,WW_80EC2A767F0F9501BBC7,180,180,1.0,True,1258.6100000000006,6.992277777777781,120,60,15,30,57,29.027888888888185,29.542833333333128,28.472944444443662,31.95,25.63,0,0,77.19483333333564,18.32105555555471,4.335611111110989,45,12.739999999990687,29.186444444440873,19,45,514.7000000000007,28.044444444443798,6
Andaman and Nicobar Islands,SOUTH ANDAMANS,2010,Autumn,Sugarcane,67.5,402.0,5.955555555555556,185,Andaman and Nicobar Islands|Sugarcane|Autumn,2010-04-01,2011-03-31,365,365,0,state_zone+crop+season,v1.0,decided_project_convention,crop_cycle_estimate,south_coastal,sugarcane,Crop-specific 365-day cycle starting from the south_coastal Autumn anchor.,,IND_ANDAMAN_AND_NICOBAR_ISLANDS_SOUTH_ANDAMANS,DYP_486D5431EBD85EAC,Census 2011,Census 2011,DPV_6C75931787073AC5,WPT_7A7FB5FEDF11E8B21545,10.70434741,92.48893577,working_fuzzy_same_state,working_fallback,0,0,WW_ECC24B947CB3A388E2D9,365,365,1.0,True,2673.769999999997,7.325397260273964,282,83,25,25,73,28.105232876712098,28.541369863013475,27.611287671232663,31.95,25.42,0,0,79.60013698630277,16.790301369862632,4.5931506849315165,92,633.820000000007,29.727717391304473,25,92,455.30000000000655,27.280652173914067,2
Andaman and Nicobar Islands,SOUTH ANDAMANS,2010,Rabi,Arecanut,1912.0,1900.0,0.9937238493723848,186,Andaman and Nicobar Islands|Arecanut|Rabi,2010-10-01,2011-04-30,212,212,0,state_zone+crop+season,v1.0,decided_project_convention,seasonal_reporting_window,south_coastal,arecanut,Perennial or plantation crop mapped to its recorded reporting season.,Seasonal reporting window for a perennial/plantation crop; not its full biological life cycle.,IND_ANDAMAN_AND_NICOBAR_ISLANDS_SOUTH_ANDAMANS,DYP_486D5431EBD85EAC,Census 2011,Census 2011,DPV_6C75931787073AC5,WPT_7A7FB5FEDF11E8B21545,10.70434741,92.48893577,working_fuzzy_same_state,working_fallback,0,0,WW_B38E1D6B4E448FC31199,212,212,1.0,True,1263.409999999989,5.959481132075419,151,61,9,10,35,27.501792452830074,27.921037735849513,27.01905660377431,29.64,25.42,0,0,79.45900943396308,17.08188679245263,4.250849056603826,53,463.24999999999636,27.57528301886665,1,53,340.6899999999987,27.946792452830056,3
Andaman and Nicobar Islands,SOUTH ANDAMANS,2010,Rabi,Arhar/Tur,20.5,13.2,0.6439024390243903,187,Andaman and Nicobar Islands|Arhar/Tur|Rabi,2010-10-01,2011-02-27,150,150,0,state_zone+crop+season,v1.0,decided_project_convention,crop_cycle_estimate,south_coastal,pigeon_pea,Crop-specific 150-day cycle starting from the south_coastal Rabi anchor.,,IND_ANDAMAN_AND_NICOBAR_ISLANDS_SOUTH_ANDAMANS,DYP_486D5431EBD85EAC,Census 2011,Census 2011,DPV_6C75931787073AC5,WPT_7A7FB5FEDF11E8B21545,10.70434741,92.48893577,working_fuzzy_same_state,working_fallback,0,0,WW_A7BD9BB7A2529123D1E0,150,150,1.0,True,918.6699999999873,6.124466666666582,114,36,6,10,35,27.302266666666448,27.72400000000004,26.819200000000418,28.96,25.42,0,0,80.17366666666736,15.948933333333214,4.717000000000068,38,345.4099999999962,27.692368421051803,1,38,122.06000000000131,27.251578947369893,0
Andaman and Nicobar Islands,SOUTH ANDAMANS,2010,Rabi,Black pepper,409.0,98.0,0.2396088019559902,188,Andaman and Nicobar Islands|Black pepper|Rabi,2010-10-01,2011-04-30,212,212,0,state_zone+crop+season,v1.0,decided_project_convention,seasonal_reporting_window,south_coastal,black_pepper,Perennial or plantation crop mapped to its recorded reporting season.,Seasonal reporting window for a perennial/plantation crop; not its full biological life cycle.,IND_ANDAMAN_AND_NICOBAR_ISLANDS_SOUTH_ANDAMANS,DYP_486D5431EBD85EAC,Census 2011,Census 2011,DPV_6C75931787073AC5,WPT_7A7FB5FEDF11E8B21545,10.70434741,92.48893577,working_fuzzy_same_state,working_fallback,0,0,WW_B38E1D6B4E448FC31199,212,212,1.0,True,1263.409999999989,5.959481132075419,151,61,9,10,35,27.501792452830074,27.921037735849513,27.01905660377431,29.64,25.42,0,0,79.45900943396308,17.08188679245263,4.250849056603826,53,463.24999999999636,27.57528301886665,1,53,340.6899999999987,27.946792452830056,3
Andaman and Nicobar Islands,SOUTH ANDAMANS,2010,Rabi,Cashewnut,15.0,10.5,0.7,189,Andaman and Nicobar Islands|Cashewnut|Rabi,2010-10-01,2011-04-30,212,212,0,state_zone+crop+season,v1.0,decided_project_convention,seasonal_reporting_window,south_coastal,cashew,Perennial or plantation crop mapped to its recorded reporting season.,Seasonal reporting window for a perennial/plantation crop; not its full biological life cycle.,IND_ANDAMAN_AND_NICOBAR_ISLANDS_SOUTH_ANDAMANS,DYP_486D5431EBD85EAC,Census 2011,Census 2011,DPV_6C75931787073AC5,WPT_7A7FB5FEDF11E8B21545,10.70434741,92.48893577,working_fuzzy_same_state,working_fallback,0,0,WW_B38E1D6B4E448FC31199,212,212,1.0,True,1263.409999999989,5.959481132075419,151,61,9,10,35,27.501792452830074,27.921037735849513,27.01905660377431,29.64,25.42,0,0,79.45900943396308,17.08188679245263,4.250849056603826,53,463.24999999999636,27.57528301886665,1,53,340.6899999999987,27.946792452830056,3
Andaman and Nicobar Islands,SOUTH ANDAMANS,2010,Rabi,Dry chillies,128.0,148.0,1.15625,190,Andaman and Nicobar Islands|Dry chillies|Rabi,2010-10-01,2011-03-29,180,180,0,state_zone+crop+season,v1.0,decided_project_convention,crop_cycle_estimate,south_coastal,chilli,Crop-specific 180-day cycle starting from the south_coastal Rabi anchor.,,IND_ANDAMAN_AND_NICOBAR_ISLANDS_SOUTH_ANDAMANS,DYP_486D5431EBD85EAC,Census 2011,Census 2011,DPV_6C75931787073AC5,WPT_7A7FB5FEDF11E8B21545,10.70434741,92.48893577,working_fuzzy_same_state,working_fallback,0,0,WW_311936F3E1BAB2DA3ADA,180,180,1.0,True,1154.719999999994,6.415111111111077,133,47,8,10,35,27.35633333333325,27.784222222222404,26.866555555556097,29.01,25.42,0,0,79.90666666666738,16.295611111111064,4.544666666666752,45,419.6599999999926,27.630666666666123,1,45,266.950000000008,27.587111111112044,2
Andaman and Nicobar Islands,SOUTH ANDAMANS,2010,Rabi,Dry ginger,94.0,828.52,8.81404255319149,191,Andaman and Nicobar Islands|Dry ginger|Rabi,2010-10-01,2011-05-28,240,240,0,state_zone+crop+season,v1.0,decided_project_convention,crop_cycle_estimate,south_coastal,ginger,Crop-specific 240-day cycle starting from the south_coastal Rabi anchor.,,IND_ANDAMAN_AND_NICOBAR_ISLANDS_SOUTH_ANDAMANS,DYP_486D5431EBD85EAC,Census 2011,Census 2011,DPV_6C75931787073AC5,WPT_7A7FB5FEDF11E8B21545,10.70434741,92.48893577,working_fuzzy_same_state,working_fallback,0,0,WW_6EC6FE38B464B089C222,240,240,1.0,True,1447.1499999999833,6.029791666666597,170,70,12,10,35,27.645541666666638,28.064000000000064,27.16620833333412,29.74,25.42,0,0,79.50075000000021,17.340458333333178,4.278458333333386,60,488.7799999999952,27.60949999999866,1,60,292.4299999999894,28.5131666666668,4
Andaman and Nicobar Islands,SOUTH ANDAMANS,2010,Rabi,Groundnut,15.5,7.6,0.4903225806451612,192,Andaman and Nicobar Islands|Groundnut|Rabi,2010-10-01,2011-01-28,120,120,0,state_zone+crop+season,v1.0,decided_project_convention,crop_cycle_estimate,south_coastal,groundnut,Crop-specific 120-day cycle starting from the south_coastal Rabi anchor.,,IND_ANDAMAN_AND_NICOBAR_ISLANDS_SOUTH_ANDAMANS,DYP_486D5431EBD85EAC,Census 2011,Census 2011,DPV_6C75931787073AC5,WPT_7A7FB5FEDF11E8B21545,10.70434741,92.48893577,working_fuzzy_same_state,working_fallback,0,0,WW_510677F9E475BC171D44,120,120,1.0,True,821.5199999999895,6.845999999999913,100,20,6,10,35,27.31724999999933,27.72599999999972,26.85783333333311,28.96,25.42,0,0,80.77750000000233,15.28799999999986,4.86850000000001,30,245.8299999999981,27.80966666666694,1,30,118.67000000000553,26.9426666666676,0
Andaman and Nicobar Islands,SOUTH ANDAMANS,2010,Rabi,Maize,73.0,253.0,3.4657534246575343,193,Andaman and Nicobar Islands|Maize|Rabi,2010-10-01,2011-01-28,120,120,0,state_zone+crop+season,v1.0,decided_project_convention,crop_cycle_estimate,south_coastal,maize,Crop-specific 120-day cycle starting from the south_coastal Rabi anchor.,,IND_ANDAMAN_AND_NICOBAR_ISLANDS_SOUTH_ANDAMANS,DYP_486D5431EBD85EAC,Census 2011,Census 2011,DPV_6C75931787073AC5,WPT_7A7FB5FEDF11E8B21545,10.70434741,92.48893577,working_fuzzy_same_state,working_fallback,0,0,WW_510677F9E475BC171D44,120,120,1.0,True,821.5199999999895,6.845999999999913,100,20,6,10,35,27.31724999999933,27.72599999999972,26.85783333333311,28.96,25.42,0,0,80.77750000000233,15.28799999999986,4.86850000000001,30,245.8299999999981,27.80966666666694,1,30,118.67000000000553,26.9426666666676,0
Andaman and Nicobar Islands,SOUTH ANDAMANS,2010,Rabi,Moong(Green Gram),29.9,17.85,0.596989966555184,194,Andaman and Nicobar Islands|Moong(Green Gram)|Rabi,2010-10-01,2010-12-29,90,90,0,state_zone+crop+season,v1.0,decided_project_convention,crop_cycle_estimate,south_coastal,green_gram,Crop-specific 90-day cycle starting from the south_coastal Rabi anchor.,,IND_ANDAMAN_AND_NICOBAR_ISLANDS_SOUTH_ANDAMANS,DYP_486D5431EBD85EAC,Census 2011,Census 2011,DPV_6C75931787073AC5,WPT_7A7FB5FEDF11E8B21545,10.70434741,92.48893577,working_fuzzy_same_state,working_fallback,0,0,WW_CA569C1D0A829B2D1438,90,90,1.0,True,702.849999999984,7.809444444444266,82,8,6,4,35,27.44211111110991,27.840888888889136,26.987888888888282,28.96,25.64,0,0,81.74277777778076,15.14344444444416,4.885333333333255,23,182.29000000000087,27.93782608695556,1,23,109.98999999999432,26.95086956521719,0
Andaman and Nicobar Islands,SOUTH ANDAMANS,2010,Rabi,Sunflower,1.0,0.5,0.5,195,Andaman and Nicobar Islands|Sunflower|Rabi,2010-10-01,2011-01-18,110,110,0,state_zone+crop+season,v1.0,decided_project_convention,crop_cycle_estimate,south_coastal,sunflower,Crop-specific 110-day cycle starting from the south_coastal Rabi anchor.,,IND_ANDAMAN_AND_NICOBAR_ISLANDS_SOUTH_ANDAMANS,DYP_486D5431EBD85EAC,Census 2011,Census 2011,DPV_6C75931787073AC5,WPT_7A7FB5FEDF11E8B21545,10.70434741,92.48893577,working_fuzzy_same_state,working_fallback,0,0,WW_0D82F2B3DC7493527D5B,110,110,1.0,True,796.4299999999857,7.240272727272598,95,15,6,5,35,27.33281818181726,27.73700000000033,26.879999999999892,28.96,25.42,0,0,81.2128181818206,15.27136363636369,4.812272727272714,28,224.29999999999927,27.855714285715035,1,28,137.15000000000146,26.838928571428237,0
Andaman and Nicobar Islands,SOUTH ANDAMANS,2010,Rabi,Sweet potato,32.0,235.0,7.34375,196,Andaman and Nicobar Islands|Sweet potato|Rabi,2010-10-01,2011-01-28,120,120,0,state_zone+crop+season,v1.0,decided_project_convention,crop_cycle_estimate,south_coastal,sweet_potato,Crop-specific 120-day cycle starting from the south_coastal Rabi anchor.,,IND_ANDAMAN_AND_NICOBAR_ISLANDS_SOUTH_ANDAMANS,DYP_486D5431EBD85EAC,Census 2011,Census 2011,DPV_6C75931787073AC5,WPT_7A7FB5FEDF11E8B21545,10.70434741,92.48893577,working_fuzzy_same_state,working_fallback,0,0,WW_510677F9E475BC171D44,120,120,1.0,True,821.5199999999895,6.845999999999913,100,20,6,10,35,27.31724999999933,27.72599999999972,26.85783333333311,28.96,25.42,0,0,80.77750000000233,15.28799999999986,4.86850000000001,30,245.8299999999981,27.80966666666694,1,30,118.67000000000553,26.9426666666676,0
Andaman and Nicobar Islands,SOUTH ANDAMANS,2010,Rabi,Turmeric,10.0,105.0,10.5,197,Andaman and Nicobar Islands|Turmeric|Rabi,2010-10-01,2011-06-27,270,270,0,state_zone+crop+season,v1.0,decided_project_convention,crop_cycle_estimate,south_coastal,turmeric,Crop-specific 270-day cycle starting from the south_coastal Rabi anchor.,,IND_ANDAMAN_AND_NICOBAR_ISLANDS_SOUTH_ANDAMANS,DYP_486D5431EBD85EAC,Census 2011,Census 2011,DPV_6C75931787073AC5,WPT_7A7FB5FEDF11E8B21545,10.70434741,92.48893577,working_fuzzy_same_state,working_fallback,0,0,WW_19BC5F5C716B148E96E3,270,270,1.0,True,1739.7399999999907,6.443481481481447,197,73,14,10,35,27.75137037037046,28.164666666666637,27.276000000000824,29.74,25.42,0,0,79.83377777777775,17.23733333333334,4.575444444444521,68,599.6399999999885,27.596911764704547,1,68,552.7799999999988,28.663382352941397,6
Andaman and Nicobar Islands,SOUTH ANDAMANS,2010,Rabi,Urad,34.0,15.05,0.4426470588235294,198,Andaman and Nicobar Islands|Urad|Rabi,2010-10-01,2011-01-03,95,95,0,state_zone+crop+season,v1.0,decided_project_convention,crop_cycle_estimate,south_coastal,black_gram,Crop-specific 95-day cycle starting from the south_coastal Rabi anchor.,,IND_ANDAMAN_AND_NICOBAR_ISLANDS_SOUTH_ANDAMANS,DYP_486D5431EBD85EAC,Census 2011,Census 2011,DPV_6C75931787073AC5,WPT_7A7FB5FEDF11E8B21545,10.70434741,92.48893577,working_fuzzy_same_state,working_fallback,0,0,WW_ADA2EE354BE14151F425,95,95,1.0,True,736.4299999999821,7.751894736841916,86,9,6,4,35,27.433894736840585,27.830842105263084,26.982210526315153,28.96,25.64,0,0,81.71021052631795,14.94905263157883,4.91484210526308,24,192.63999999999942,27.937083333332946,1,24,115.45999999999185,27.0412499999984,0
Andaman and Nicobar Islands,SOUTH ANDAMANS,2010,Whole Year,Banana,360.0,5517.0,15.325,199,Andaman and Nicobar Islands|Banana|Whole Year,2010-07-01,2011-06-30,365,365,0,state_zone+crop+season,v1.0,decided_project_convention,annual_reporting_window,south_coastal,fruit_perennial,Whole Year mapped to the complete July-June crop-year reporting cycle.,Annual reporting window; do not calculate planting/harvest flags.,IND_ANDAMAN_AND_NICOBAR_ISLANDS_SOUTH_ANDAMANS,DYP_486D5431EBD85EAC,Census 2011,Census 2011,DPV_6C75931787073AC5,WPT_7A7FB5FEDF11E8B21545,10.70434741,92.48893577,working_fuzzy_same_state,working_fallback,0,0,WW_662E79BC33E4FD66B431,365,365,1.0,True,2640.5499999999884,7.234383561643804,287,78,23,10,73,27.809479452054614,28.210328767123098,27.340575342466067,29.74,25.42,0,0,80.70175342465757,16.890630136986186,4.7777808219178866,92,895.3099999999977,27.956739130434038,3,92,588.5099999999984,28.550434782608846,6
Andaman and Nicobar Islands,SOUTH ANDAMANS,2010,Whole Year,Coconut,3540.0,11000000.0,3107.3446327683614,200,Andaman and Nicobar Islands|Coconut|Whole Year,2010-07-01,2011-06-30,365,365,0,state_zone+crop+season,v1.0,decided_project_convention,annual_reporting_window,south_coastal,coconut,Whole Year mapped to the complete July-June crop-year reporting cycle.,Annual reporting window; do not calculate planting/harvest flags.,IND_ANDAMAN_AND_NICOBAR_ISLANDS_SOUTH_ANDAMANS,DYP_486D5431EBD85EAC,Census 2011,Census 2011,DPV_6C75931787073AC5,WPT_7A7FB5FEDF11E8B21545,10.70434741,92.48893577,working_fuzzy_same_state,working_fallback,0,0,WW_662E79BC33E4FD66B431,365,365,1.0,True,2640.5499999999884,7.234383561643804,287,78,23,10,73,27.809479452054614,28.210328767123098,27.340575342466067,29.74,25.42,0,0,80.70175342465757,16.890630136986186,4.7777808219178866,92,895.3099999999977,27.956739130434038,3,92,588.5099999999984,28.550434782608846,6
