State_Name,District_Name,first_year,last_year,crop_rows,unique_years,unique_crops,unique_seasons,district_id,normalized_state_name,normalized_district_name,state_compare_key,district_compare_key,flag_name_too_short,flag_single_character_name,flag_contains_digit,flag_contains_parentheses,flag_contains_unusual_punctuation,flag_multiple_spaces_original,flag_leading_or_trailing_space_original,flag_duplicate_normalized_within_state,flag_same_district_name_multiple_states,flag_multiple_raw_names_same_normalized_key,flag_possible_truncation,issue_count,review_priority,flag_requires_manual_review,review_status
Andaman and Nicobar Islands,Andaman and Nicobar Islands,2007,2009,72,3,20,5,IND_ANDAMAN_AND_NICOBAR_ISLANDS_ANDAMAN_AND_NICOBAR_ISLANDS,ANDAMAN AND NICOBAR ISLANDS,ANDAMAN AND NICOBAR ISLANDS,ANDAMAN AND NICOBAR ISLANDS,ANDAMAN AND NICOBAR ISLANDS,0,0,0,0,0,0,0,0,0,0,0,0,low,0,no_issue_detected
Andaman and Nicobar Islands,NICOBARS,2000,2014,209,12,19,4,IND_ANDAMAN_AND_NICOBAR_ISLANDS_NICOBARS,ANDAMAN AND NICOBAR ISLANDS,NICOBARS,ANDAMAN AND NICOBAR ISLANDS,NICOBARS,0,0,0,0,0,0,0,0,0,0,0,0,low,0,no_issue_detected
Andaman and Nicobar Islands,NORTH AND MIDDLE ANDAMAN,2000,2014,184,8,25,5,IND_ANDAMAN_AND_NICOBAR_ISLANDS_NORTH_AND_MIDDLE_ANDAMAN,ANDAMAN AND NICOBAR ISLANDS,NORTH AND MIDDLE ANDAMAN,ANDAMAN AND NICOBAR ISLANDS,NORTH AND MIDDLE ANDAMAN,0,0,0,0,0,0,0,0,0,0,0,0,low,0,no_issue_detected
Andaman and Nicobar Islands,SOUTH ANDAMANS,2002,2014,225,10,24,5,IND_ANDAMAN_AND_NICOBAR_ISLANDS_SOUTH_ANDAMANS,ANDAMAN AND NICOBAR ISLANDS,SOUTH ANDAMANS,ANDAMAN AND NICOBAR ISLANDS,SOUTH ANDAMANS,0,0,0,0,0,0,0,0,0,0,0,0,low,0,no_issue_detected
Andhra Pradesh,ADILABAD,1997,2012,548,16,38,3,IND_ANDHRA_PRADESH_ADILABAD,ANDHRA PRADESH,ADILABAD,ANDHRA PRADESH,ADILABAD,0,0,0,0,0,0,0,0,1,0,0,1,medium,1,pending
Andhra Pradesh,ANANTAPUR,1997,2014,1474,18,60,3,IND_ANDHRA_PRADESH_ANANTAPUR,ANDHRA PRADESH,ANANTAPUR,ANDHRA PRADESH,ANANTAPUR,0,0,0,0,0,0,0,0,0,0,0,0,low,0,no_issue_detected
Andhra Pradesh,CHITTOOR,1997,2014,1469,18,60,3,IND_ANDHRA_PRADESH_CHITTOOR,ANDHRA PRADESH,CHITTOOR,ANDHRA PRADESH,CHITTOOR,0,0,0,0,0,0,0,0,0,0,0,0,low,0,no_issue_detected
Andhra Pradesh,EAST GODAVARI,1997,2014,1423,18,63,3,IND_ANDHRA_PRADESH_EAST_GODAVARI,ANDHRA PRADESH,EAST GODAVARI,ANDHRA PRADESH,EAST GODAVARI,0,0,0,0,0,0,0,0,0,0,0,0,low,0,no_issue_detected
Andhra Pradesh,GUNTUR,1997,2014,1290,18,54,3,IND_ANDHRA_PRADESH_GUNTUR,ANDHRA PRADESH,GUNTUR,ANDHRA PRADESH,GUNTUR,0,0,0,0,0,0,0,0,0,0,0,0,low,0,no_issue_detected
Andhra Pradesh,HYDERABAD,1997,2000,8,4,2,2,IND_ANDHRA_PRADESH_HYDERABAD,ANDHRA PRADESH,HYDERABAD,ANDHRA PRADESH,HYDERABAD,0,0,0,0,0,0,0,0,1,0,0,1,medium,1,pending
Andhra Pradesh,KADAPA,1997,2014,1542,18,63,3,IND_ANDHRA_PRADESH_KADAPA,ANDHRA PRADESH,KADAPA,ANDHRA PRADESH,KADAPA,0,0,0,0,0,0,0,0,0,0,0,0,low,0,no_issue_detected
Andhra Pradesh,KARIMNAGAR,1997,2012,486,16,32,3,IND_ANDHRA_PRADESH_KARIMNAGAR,ANDHRA PRADESH,KARIMNAGAR,ANDHRA PRADESH,KARIMNAGAR,0,0,0,0,0,0,0,0,1,0,0,1,medium,1,pending
Andhra Pradesh,KHAMMAM,1997,2012,506,16,36,3,IND_ANDHRA_PRADESH_KHAMMAM,ANDHRA PRADESH,KHAMMAM,ANDHRA PRADESH,KHAMMAM,0,0,0,0,0,0,0,0,1,0,0,1,medium,1,pending
Andhra Pradesh,KRISHNA,1997,2014,1192,18,57,3,IND_ANDHRA_PRADESH_KRISHNA,ANDHRA PRADESH,KRISHNA,ANDHRA PRADESH,KRISHNA,0,0,0,0,0,0,0,0,0,0,0,0,low,0,no_issue_detected
Andhra Pradesh,KURNOOL,1997,2014,1553,18,62,3,IND_ANDHRA_PRADESH_KURNOOL,ANDHRA PRADESH,KURNOOL,ANDHRA PRADESH,KURNOOL,0,0,0,0,0,0,0,0,0,0,0,0,low,0,no_issue_detected
Andhra Pradesh,MAHBUBNAGAR,1997,2012,560,16,36,3,IND_ANDHRA_PRADESH_MAHBUBNAGAR,ANDHRA PRADESH,MAHBUBNAGAR,ANDHRA PRADESH,MAHBUBNAGAR,0,0,0,0,0,0,0,0,1,0,0,1,medium,1,pending
Andhra Pradesh,MEDAK,1997,2012,597,16,40,3,IND_ANDHRA_PRADESH_MEDAK,ANDHRA PRADESH,MEDAK,ANDHRA PRADESH,MEDAK,0,0,0,0,0,0,0,0,1,0,0,1,medium,1,pending
Andhra Pradesh,NALGONDA,1997,2012,447,16,32,3,IND_ANDHRA_PRADESH_NALGONDA,ANDHRA PRADESH,NALGONDA,ANDHRA PRADESH,NALGONDA,0,0,0,0,0,0,0,0,1,0,0,1,medium,1,pending
Andhra Pradesh,NIZAMABAD,1997,2012,560,16,37,3,IND_ANDHRA_PRADESH_NIZAMABAD,ANDHRA PRADESH,NIZAMABAD,ANDHRA PRADESH,NIZAMABAD,0,0,0,0,0,0,0,0,1,0,0,1,medium,1,pending
Andhra Pradesh,PRAKASAM,1997,2014,1514,18,60,3,IND_ANDHRA_PRADESH_PRAKASAM,ANDHRA PRADESH,PRAKASAM,ANDHRA PRADESH,PRAKASAM,0,0,0,0,0,0,0,0,0,0,0,0,low,0,no_issue_detected
Andhra Pradesh,RANGAREDDI,1997,2012,580,16,39,3,IND_ANDHRA_PRADESH_RANGAREDDI,ANDHRA PRADESH,RANGAREDDI,ANDHRA PRADESH,RANGAREDDI,0,0,0,0,0,0,0,0,1,0,0,1,medium,1,pending
Andhra Pradesh,SPSR NELLORE,1997,2014,1287,18,54,3,IND_ANDHRA_PRADESH_SPSR_NELLORE,ANDHRA PRADESH,SPSR NELLORE,ANDHRA PRADESH,SPSR NELLORE,0,0,0,0,0,0,0,0,0,0,0,0,low,0,no_issue_detected
Andhra Pradesh,SRIKAKULAM,1997,2014,1297,18,53,3,IND_ANDHRA_PRADESH_SRIKAKULAM,ANDHRA PRADESH,SRIKAKULAM,ANDHRA PRADESH,SRIKAKULAM,0,0,0,0,0,0,0,0,0,0,0,0,low,0,no_issue_detected
Andhra Pradesh,VISAKHAPATANAM,1997,2014,1539,18,60,3,IND_ANDHRA_PRADESH_VISAKHAPATANAM,ANDHRA PRADESH,VISAKHAPATANAM,ANDHRA PRADESH,VISAKHAPATANAM,0,0,0,0,0,0,0,0,0,0,0,0,low,0,no_issue_detected
Andhra Pradesh,VIZIANAGARAM,1997,2014,1388,18,57,3,IND_ANDHRA_PRADESH_VIZIANAGARAM,ANDHRA PRADESH,VIZIANAGARAM,ANDHRA PRADESH,VIZIANAGARAM,0,0,0,0,0,0,0,0,0,0,0,0,low,0,no_issue_detected
Andhra Pradesh,WARANGAL,1997,2012,485,16,30,3,IND_ANDHRA_PRADESH_WARANGAL,ANDHRA PRADESH,WARANGAL,ANDHRA PRADESH,WARANGAL,0,0,0,0,0,0,0,0,1,0,0,1,medium,1,pending
Andhra Pradesh,WEST GODAVARI,1997,2014,1083,18,56,3,IND_ANDHRA_PRADESH_WEST_GODAVARI,ANDHRA PRADESH,WEST GODAVARI,ANDHRA PRADESH,WEST GODAVARI,0,0,0,0,0,0,0,0,0,0,0,0,low,0,no_issue_detected
Arunachal Pradesh,ANJAW,2004,2014,204,11,11,3,IND_ARUNACHAL_PRADESH_ANJAW,ARUNACHAL PRADESH,ANJAW,ARUNACHAL PRADESH,ANJAW,0,0,0,0,0,0,0,0,0,0,0,0,low,0,no_issue_detected
Arunachal Pradesh,CHANGLANG,1997,2014,373,18,17,3,IND_ARUNACHAL_PRADESH_CHANGLANG,ARUNACHAL PRADESH,CHANGLANG,ARUNACHAL PRADESH,CHANGLANG,0,0,0,0,0,0,0,0,0,0,0,0,low,0,no_issue_detected
Arunachal Pradesh,DIBANG VALLEY,1997,2014,289,18,17,3,IND_ARUNACHAL_PRADESH_DIBANG_VALLEY,ARUNACHAL PRADESH,DIBANG VALLEY,ARUNACHAL PRADESH,DIBANG VALLEY,0,0,0,0,0,0,0,0,0,0,0,0,low,0,no_issue_detected
Arunachal Pradesh,EAST KAMENG,1997,2014,311,18,17,3,IND_ARUNACHAL_PRADESH_EAST_KAMENG,ARUNACHAL PRADESH,EAST KAMENG,ARUNACHAL PRADESH,EAST KAMENG,0,0,0,0,0,0,0,0,0,0,0,0,low,0,no_issue_detected
Arunachal Pradesh,EAST SIANG,1997,2014,375,18,17,3,IND_ARUNACHAL_PRADESH_EAST_SIANG,ARUNACHAL PRADESH,EAST SIANG,ARUNACHAL PRADESH,EAST SIANG,0,0,0,0,0,0,0,0,0,0,0,0,low,0,no_issue_detected
Arunachal Pradesh,KURUNG KUMEY,2002,2014,197,13,12,3,IND_ARUNACHAL_PRADESH_KURUNG_KUMEY,ARUNACHAL PRADESH,KURUNG KUMEY,ARUNACHAL PRADESH,KURUNG KUMEY,0,0,0,0,0,0,0,0,0,0,0,0,low,0,no_issue_detected
Arunachal Pradesh,LOHIT,1997,2014,375,18,17,3,IND_ARUNACHAL_PRADESH_LOHIT,ARUNACHAL PRADESH,LOHIT,ARUNACHAL PRADESH,LOHIT,0,0,0,0,0,0,0,0,0,0,0,0,low,0,no_issue_detected
Arunachal Pradesh,LONGDING,2013,2014,26,2,8,2,IND_ARUNACHAL_PRADESH_LONGDING,ARUNACHAL PRADESH,LONGDING,ARUNACHAL PRADESH,LONGDING,0,0,0,0,0,0,0,0,0,0,0,0,low,0,no_issue_detected
Arunachal Pradesh,LOWER DIBANG VALLEY,2002,2014,259,13,12,3,IND_ARUNACHAL_PRADESH_LOWER_DIBANG_VALLEY,ARUNACHAL PRADESH,LOWER DIBANG VALLEY,ARUNACHAL PRADESH,LOWER DIBANG VALLEY,0,0,0,0,0,0,0,0,0,0,0,0,low,0,no_issue_detected
Arunachal Pradesh,LOWER SUBANSIRI,1997,2014,335,18,17,3,IND_ARUNACHAL_PRADESH_LOWER_SUBANSIRI,ARUNACHAL PRADESH,LOWER SUBANSIRI,ARUNACHAL PRADESH,LOWER SUBANSIRI,0,0,0,0,0,0,0,0,0,0,0,0,low,0,no_issue_detected
Arunachal Pradesh,NAMSAI,2014,2014,2,1,1,1,IND_ARUNACHAL_PRADESH_NAMSAI,ARUNACHAL PRADESH,NAMSAI,ARUNACHAL PRADESH,NAMSAI,0,0,0,0,0,0,0,0,0,0,0,0,low,0,no_issue_detected
Arunachal Pradesh,PAPUM PARE,1997,2014,361,18,17,3,IND_ARUNACHAL_PRADESH_PAPUM_PARE,ARUNACHAL PRADESH,PAPUM PARE,ARUNACHAL PRADESH,PAPUM PARE,0,0,0,0,0,0,0,0,0,0,0,0,low,0,no_issue_detected
Arunachal Pradesh,TAWANG,1997,2014,313,18,15,3,IND_ARUNACHAL_PRADESH_TAWANG,ARUNACHAL PRADESH,TAWANG,ARUNACHAL PRADESH,TAWANG,0,0,0,0,0,0,0,0,0,0,0,0,low,0,no_issue_detected
Arunachal Pradesh,TIRAP,1997,2014,315,18,16,3,IND_ARUNACHAL_PRADESH_TIRAP,ARUNACHAL PRADESH,TIRAP,ARUNACHAL PRADESH,TIRAP,0,0,0,0,0,0,0,0,0,0,0,0,low,0,no_issue_detected
Arunachal Pradesh,UPPER SIANG,1997,2014,287,18,16,3,IND_ARUNACHAL_PRADESH_UPPER_SIANG,ARUNACHAL PRADESH,UPPER SIANG,ARUNACHAL PRADESH,UPPER SIANG,0,0,0,0,0,0,0,0,0,0,0,0,low,0,no_issue_detected
Arunachal Pradesh,UPPER SUBANSIRI,1997,2014,333,18,17,3,IND_ARUNACHAL_PRADESH_UPPER_SUBANSIRI,ARUNACHAL PRADESH,UPPER SUBANSIRI,ARUNACHAL PRADESH,UPPER SUBANSIRI,0,0,0,0,0,0,0,0,0,0,0,0,low,0,no_issue_detected
Arunachal Pradesh,WEST KAMENG,1997,2014,301,18,14,3,IND_ARUNACHAL_PRADESH_WEST_KAMENG,ARUNACHAL PRADESH,WEST KAMENG,ARUNACHAL PRADESH,WEST KAMENG,0,0,0,0,0,0,0,0,0,0,0,0,low,0,no_issue_detected
Arunachal Pradesh,WEST SIANG,1997,2014,367,18,17,3,IND_ARUNACHAL_PRADESH_WEST_SIANG,ARUNACHAL PRADESH,WEST SIANG,ARUNACHAL PRADESH,WEST SIANG,0,0,0,0,0,0,0,0,0,0,0,0,low,0,no_issue_detected
Assam,BAKSA,2005,2014,678,10,39,6,IND_ASSAM_BAKSA,ASSAM,BAKSA,ASSAM,BAKSA,0,0,0,0,0,0,0,0,0,0,0,0,low,0,no_issue_detected
Assam,BARPETA,1997,2014,1153,18,40,6,IND_ASSAM_BARPETA,ASSAM,BARPETA,ASSAM,BARPETA,0,0,0,0,0,0,0,0,0,0,0,0,low,0,no_issue_detected
Assam,BONGAIGAON,1997,2014,1141,18,40,6,IND_ASSAM_BONGAIGAON,ASSAM,BONGAIGAON,ASSAM,BONGAIGAON,0,0,0,0,0,0,0,0,0,0,0,0,low,0,no_issue_detected
Assam,CACHAR,1997,2014,1118,18,39,6,IND_ASSAM_CACHAR,ASSAM,CACHAR,ASSAM,CACHAR,0,0,0,0,0,0,0,0,0,0,0,0,low,0,no_issue_detected
Assam,CHIRANG,2005,2014,674,10,39,6,IND_ASSAM_CHIRANG,ASSAM,CHIRANG,ASSAM,CHIRANG,0,0,0,0,0,0,0,0,0,0,0,0,low,0,no_issue_detected
Assam,DARRANG,1997,2014,1127,18,40,6,IND_ASSAM_DARRANG,ASSAM,DARRANG,ASSAM,DARRANG,0,0,0,0,0,0,0,0,0,0,0,0,low,0,no_issue_detected
Assam,DHEMAJI,1997,2014,1149,18,40,6,IND_ASSAM_DHEMAJI,ASSAM,DHEMAJI,ASSAM,DHEMAJI,0,0,0,0,0,0,0,0,0,0,0,0,low,0,no_issue_detected
Assam,DHUBRI,1997,2014,1115,18,40,6,IND_ASSAM_DHUBRI,ASSAM,DHUBRI,ASSAM,DHUBRI,0,0,0,0,0,0,0,0,0,0,0,0,low,0,no_issue_detected
Assam,DIBRUGARH,1997,2014,1047,18,40,6,IND_ASSAM_DIBRUGARH,ASSAM,DIBRUGARH,ASSAM,DIBRUGARH,0,0,0,0,0,0,0,0,0,0,0,0,low,0,no_issue_detected
Assam,DIMA HASAO,1997,2014,1119,18,40,6,IND_ASSAM_DIMA_HASAO,ASSAM,DIMA HASAO,ASSAM,DIMA HASAO,0,0,0,0,0,0,0,0,0,0,0,0,low,0,no_issue_detected
Assam,GOALPARA,1997,2014,1148,18,40,6,IND_ASSAM_GOALPARA,ASSAM,GOALPARA,ASSAM,GOALPARA,0,0,0,0,0,0,0,0,0,0,0,0,low,0,no_issue_detected
Assam,GOLAGHAT,1997,2014,1129,18,40,6,IND_ASSAM_GOLAGHAT,ASSAM,GOLAGHAT,ASSAM,GOLAGHAT,0,0,0,0,0,0,0,0,0,0,0,0,low,0,no_issue_detected
Assam,HAILAKANDI,1997,2014,1036,18,40,6,IND_ASSAM_HAILAKANDI,ASSAM,HAILAKANDI,ASSAM,HAILAKANDI,0,0,0,0,0,0,0,0,0,0,0,0,low,0,no_issue_detected
Assam,JORHAT,1997,2014,1071,18,40,6,IND_ASSAM_JORHAT,ASSAM,JORHAT,ASSAM,JORHAT,0,0,0,0,0,0,0,0,0,0,0,0,low,0,no_issue_detected
Assam,KAMRUP,1997,2014,1151,18,40,6,IND_ASSAM_KAMRUP,ASSAM,KAMRUP,ASSAM,KAMRUP,0,0,0,0,0,0,0,0,0,0,0,0,low,0,no_issue_detected
Assam,KAMRUP METRO,2005,2014,670,10,39,6,IND_ASSAM_KAMRUP_METRO,ASSAM,KAMRUP METRO,ASSAM,KAMRUP METRO,0,0,0,0,0,0,0,0,0,0,0,0,low,0,no_issue_detected
Assam,KARBI ANGLONG,1997,2014,1146,18,39,6,IND_ASSAM_KARBI_ANGLONG,ASSAM,KARBI ANGLONG,ASSAM,KARBI ANGLONG,0,0,0,0,0,0,0,0,0,0,0,0,low,0,no_issue_detected
Assam,KARIMGANJ,1997,2014,999,18,40,6,IND_ASSAM_KARIMGANJ,ASSAM,KARIMGANJ,ASSAM,KARIMGANJ,0,0,0,0,0,0,0,0,0,0,0,0,low,0,no_issue_detected
Assam,KOKRAJHAR,1997,2014,1151,18,40,6,IND_ASSAM_KOKRAJHAR,ASSAM,KOKRAJHAR,ASSAM,KOKRAJHAR,0,0,0,0,0,0,0,0,0,0,0,0,low,0,no_issue_detected
Assam,LAKHIMPUR,1997,2014,1149,18,40,6,IND_ASSAM_LAKHIMPUR,ASSAM,LAKHIMPUR,ASSAM,LAKHIMPUR,0,0,0,0,0,0,0,0,0,0,0,0,low,0,no_issue_detected
Assam,MARIGAON,1997,2014,1153,18,40,6,IND_ASSAM_MARIGAON,ASSAM,MARIGAON,ASSAM,MARIGAON,0,0,0,0,0,0,0,0,0,0,0,0,low,0,no_issue_detected
Assam,NAGAON,1997,2014,1151,18,40,6,IND_ASSAM_NAGAON,ASSAM,NAGAON,ASSAM,NAGAON,0,0,0,0,0,0,0,0,0,0,0,0,low,0,no_issue_detected
Assam,NALBARI,1997,2014,1151,18,40,6,IND_ASSAM_NALBARI,ASSAM,NALBARI,ASSAM,NALBARI,0,0,0,0,0,0,0,0,0,0,0,0,low,0,no_issue_detected
Assam,SIVASAGAR,1997,2014,1097,18,40,6,IND_ASSAM_SIVASAGAR,ASSAM,SIVASAGAR,ASSAM,SIVASAGAR,0,0,0,0,0,0,0,0,0,0,0,0,low,0,no_issue_detected
Assam,SONITPUR,1997,2014,1149,18,40,6,IND_ASSAM_SONITPUR,ASSAM,SONITPUR,ASSAM,SONITPUR,0,0,0,0,0,0,0,0,0,0,0,0,low,0,no_issue_detected
Assam,TINSUKIA,1997,2014,1107,18,40,6,IND_ASSAM_TINSUKIA,ASSAM,TINSUKIA,ASSAM,TINSUKIA,0,0,0,0,0,0,0,0,0,0,0,0,low,0,no_issue_detected
Assam,UDALGURI,2005,2014,660,10,39,6,IND_ASSAM_UDALGURI,ASSAM,UDALGURI,ASSAM,UDALGURI,0,0,0,0,0,0,0,0,0,0,0,0,low,0,no_issue_detected
Bihar,ARARIA,1997,2014,1132,18,41,6,IND_BIHAR_ARARIA,BIHAR,ARARIA,BIHAR,ARARIA,0,0,0,0,0,0,0,0,0,0,0,0,low,0,no_issue_detected
Bihar,ARWAL,2003,2014,594,11,37,6,IND_BIHAR_ARWAL,BIHAR,ARWAL,BIHAR,ARWAL,0,0,0,0,0,0,0,0,0,0,0,0,low,0,no_issue_detected
Bihar,AURANGABAD,1997,2014,892,18,39,6,IND_BIHAR_AURANGABAD,BIHAR,AURANGABAD,BIHAR,AURANGABAD,0,0,0,0,0,0,0,0,1,0,0,1,medium,1,pending
Bihar,BANKA,1997,2014,874,18,38,6,IND_BIHAR_BANKA,BIHAR,BANKA,BIHAR,BANKA,0,0,0,0,0,0,0,0,0,0,0,0,low,0,no_issue_detected
Bihar,BEGUSARAI,1997,2014,1180,18,41,6,IND_BIHAR_BEGUSARAI,BIHAR,BEGUSARAI,BIHAR,BEGUSARAI,0,0,0,0,0,0,0,0,0,0,0,0,low,0,no_issue_detected
Bihar,BHAGALPUR,1997,2014,1222,18,41,6,IND_BIHAR_BHAGALPUR,BIHAR,BHAGALPUR,BIHAR,BHAGALPUR,0,0,0,0,0,0,0,0,0,0,0,0,low,0,no_issue_detected
Bihar,BHOJPUR,1997,2014,992,18,33,6,IND_BIHAR_BHOJPUR,BIHAR,BHOJPUR,BIHAR,BHOJPUR,0,0,0,0,0,0,0,0,0,0,0,0,low,0,no_issue_detected
Bihar,BOKARO,1997,1999,45,3,21,6,IND_BIHAR_BOKARO,BIHAR,BOKARO,BIHAR,BOKARO,0,0,0,0,0,0,0,0,1,0,0,1,medium,1,pending
Bihar,BUXAR,1997,2014,826,18,32,6,IND_BIHAR_BUXAR,BIHAR,BUXAR,BIHAR,BUXAR,0,0,0,0,0,0,0,0,0,0,0,0,low,0,no_issue_detected
Bihar,CHATRA,1997,1999,52,3,23,6,IND_BIHAR_CHATRA,BIHAR,CHATRA,BIHAR,CHATRA,0,0,0,0,0,0,0,0,1,0,0,1,medium,1,pending
Bihar,DARBHANGA,1997,2014,998,18,39,6,IND_BIHAR_DARBHANGA,BIHAR,DARBHANGA,BIHAR,DARBHANGA,0,0,0,0,0,0,0,0,0,0,0,0,low,0,no_issue_detected
Bihar,DEOGHAR,1997,1999,44,3,19,6,IND_BIHAR_DEOGHAR,BIHAR,DEOGHAR,BIHAR,DEOGHAR,0,0,0,0,0,0,0,0,1,0,0,1,medium,1,pending
Bihar,DHANBAD,1997,1999,33,3,15,6,IND_BIHAR_DHANBAD,BIHAR,DHANBAD,BIHAR,DHANBAD,0,0,0,0,0,0,0,0,1,0,0,1,medium,1,pending
Bihar,DUMKA,1997,1999,59,3,24,6,IND_BIHAR_DUMKA,BIHAR,DUMKA,BIHAR,DUMKA,0,0,0,0,0,0,0,0,1,0,0,1,medium,1,pending
Bihar,EAST SINGHBUM,1997,1999,38,3,19,6,IND_BIHAR_EAST_SINGHBUM,BIHAR,EAST SINGHBUM,BIHAR,EAST SINGHBUM,0,0,0,0,0,0,0,0,1,0,0,1,medium,1,pending
Bihar,GARHWA,1997,1999,67,3,29,6,IND_BIHAR_GARHWA,BIHAR,GARHWA,BIHAR,GARHWA,0,0,0,0,0,0,0,0,1,0,0,1,medium,1,pending
Bihar,GAYA,1997,2014,1150,18,41,6,IND_BIHAR_GAYA,BIHAR,GAYA,BIHAR,GAYA,0,0,0,0,0,0,0,0,0,0,0,0,low,0,no_issue_detected
Bihar,GIRIDIH,1997,1999,52,3,22,6,IND_BIHAR_GIRIDIH,BIHAR,GIRIDIH,BIHAR,GIRIDIH,0,0,0,0,0,0,0,0,1,0,0,1,medium,1,pending
Bihar,GODDA,1997,1999,61,3,25,6,IND_BIHAR_GODDA,BIHAR,GODDA,BIHAR,GODDA,0,0,0,0,0,0,0,0,1,0,0,1,medium,1,pending
Bihar,GOPALGANJ,1997,2014,1044,18,38,6,IND_BIHAR_GOPALGANJ,BIHAR,GOPALGANJ,BIHAR,GOPALGANJ,0,0,0,0,0,0,0,0,0,0,0,0,low,0,no_issue_detected
Bihar,GUMLA,1997,1999,61,3,26,6,IND_BIHAR_GUMLA,BIHAR,GUMLA,BIHAR,GUMLA,0,0,0,0,0,0,0,0,1,0,0,1,medium,1,pending
Bihar,HAZARIBAGH,1997,1999,63,3,27,6,IND_BIHAR_HAZARIBAGH,BIHAR,HAZARIBAGH,BIHAR,HAZARIBAGH,0,0,0,0,0,0,0,0,1,0,0,1,medium,1,pending
Bihar,JAMUI,1997,2014,754,18,30,6,IND_BIHAR_JAMUI,BIHAR,JAMUI,BIHAR,JAMUI,0,0,0,0,0,0,0,0,0,0,0,0,low,0,no_issue_detected
Bihar,JEHANABAD,1997,2014,952,18,40,6,IND_BIHAR_JEHANABAD,BIHAR,JEHANABAD,BIHAR,JEHANABAD,0,0,0,0,0,0,0,0,0,0,0,0,low,0,no_issue_detected
Bihar,KAIMUR (BHABUA),1997,2014,806,18,37,6,IND_BIHAR_KAIMUR_BHABUA,BIHAR,KAIMUR (BHABUA),BIHAR,KAIMUR BHABUA,0,0,0,1,0,0,0,0,0,0,0,1,medium,1,pending
Bihar,KATIHAR,1997,2014,1158,18,43,6,IND_BIHAR_KATIHAR,BIHAR,KATIHAR,BIHAR,KATIHAR,0,0,0,0,0,0,0,0,0,0,0,0,low,0,no_issue_detected
Bihar,KHAGARIA,1997,2014,1156,18,40,6,IND_BIHAR_KHAGARIA,BIHAR,KHAGARIA,BIHAR,KHAGARIA,0,0,0,0,0,0,0,0,0,0,0,0,low,0,no_issue_detected
Bihar,KISHANGANJ,1997,2014,1097,18,42,6,IND_BIHAR_KISHANGANJ,BIHAR,KISHANGANJ,BIHAR,KISHANGANJ,0,0,0,0,0,0,0,0,0,0,0,0,low,0,no_issue_detected
Bihar,KODERMA,1997,1999,49,3,25,5,IND_BIHAR_KODERMA,BIHAR,KODERMA,BIHAR,KODERMA,0,0,0,0,0,0,0,0,1,0,0,1,medium,1,pending
Bihar,LAKHISARAI,1997,2014,548,18,28,6,IND_BIHAR_LAKHISARAI,BIHAR,LAKHISARAI,BIHAR,LAKHISARAI,0,0,0,0,0,0,0,0,0,0,0,0,low,0,no_issue_detected
Bihar,LOHARDAGA,1997,1999,65,3,28,6,IND_BIHAR_LOHARDAGA,BIHAR,LOHARDAGA,BIHAR,LOHARDAGA,0,0,0,0,0,0,0,0,1,0,0,1,medium,1,pending
Bihar,MADHEPURA,1997,2014,1078,18,42,6,IND_BIHAR_MADHEPURA,BIHAR,MADHEPURA,BIHAR,MADHEPURA,0,0,0,0,0,0,0,0,0,0,0,0,low,0,no_issue_detected
Bihar,MADHUBANI,1997,2014,1174,18,41,6,IND_BIHAR_MADHUBANI,BIHAR,MADHUBANI,BIHAR,MADHUBANI,0,0,0,0,0,0,0,0,0,0,0,0,low,0,no_issue_detected
Bihar,MUNGER,1997,2014,816,18,34,6,IND_BIHAR_MUNGER,BIHAR,MUNGER,BIHAR,MUNGER,0,0,0,0,0,0,0,0,0,0,0,0,low,0,no_issue_detected
Bihar,MUZAFFARPUR,1997,2014,1108,18,41,6,IND_BIHAR_MUZAFFARPUR,BIHAR,MUZAFFARPUR,BIHAR,MUZAFFARPUR,0,0,0,0,0,0,0,0,0,0,0,0,low,0,no_issue_detected
Bihar,NALANDA,1997,2014,920,18,36,6,IND_BIHAR_NALANDA,BIHAR,NALANDA,BIHAR,NALANDA,0,0,0,0,0,0,0,0,0,0,0,0,low,0,no_issue_detected
Bihar,NAWADA,1997,2014,1036,18,41,6,IND_BIHAR_NAWADA,BIHAR,NAWADA,BIHAR,NAWADA,0,0,0,0,0,0,0,0,0,0,0,0,low,0,no_issue_detected
Bihar,PAKUR,1997,1999,53,3,23,6,IND_BIHAR_PAKUR,BIHAR,PAKUR,BIHAR,PAKUR,0,0,0,0,0,0,0,0,1,0,0,1,medium,1,pending
Bihar,PALAMU,1997,1999,65,3,27,6,IND_BIHAR_PALAMU,BIHAR,PALAMU,BIHAR,PALAMU,0,0,0,0,0,0,0,0,1,0,0,1,medium,1,pending
Bihar,PASHCHIM CHAMPARAN,1997,2014,1148,18,40,6,IND_BIHAR_PASHCHIM_CHAMPARAN,BIHAR,PASHCHIM CHAMPARAN,BIHAR,PASHCHIM CHAMPARAN,0,0,0,0,0,0,0,0,0,0,0,0,low,0,no_issue_detected
Bihar,PATNA,1997,2014,906,18,33,6,IND_BIHAR_PATNA,BIHAR,PATNA,BIHAR,PATNA,0,0,0,0,0,0,0,0,0,0,0,0,low,0,no_issue_detected
Bihar,PURBI CHAMPARAN,1997,2014,1099,18,39,6,IND_BIHAR_PURBI_CHAMPARAN,BIHAR,PURBI CHAMPARAN,BIHAR,PURBI CHAMPARAN,0,0,0,0,0,0,0,0,0,0,0,0,low,0,no_issue_detected
Bihar,PURNIA,1997,2014,1092,18,42,6,IND_BIHAR_PURNIA,BIHAR,PURNIA,BIHAR,PURNIA,0,0,0,0,0,0,0,0,0,0,0,0,low,0,no_issue_detected
Bihar,RANCHI,1997,1999,73,3,34,6,IND_BIHAR_RANCHI,BIHAR,RANCHI,BIHAR,RANCHI,0,0,0,0,0,0,0,0,1,0,0,1,medium,1,pending
Bihar,ROHTAS,1997,2014,996,18,39,6,IND_BIHAR_ROHTAS,BIHAR,ROHTAS,BIHAR,ROHTAS,0,0,0,0,0,0,0,0,0,0,0,0,low,0,no_issue_detected
Bihar,SAHARSA,1997,2014,1010,18,39,6,IND_BIHAR_SAHARSA,BIHAR,SAHARSA,BIHAR,SAHARSA,0,0,0,0,0,0,0,0,0,0,0,0,low,0,no_issue_detected
Bihar,SAHEBGANJ,1997,1999,52,3,23,6,IND_BIHAR_SAHEBGANJ,BIHAR,SAHEBGANJ,BIHAR,SAHEBGANJ,0,0,0,0,0,0,0,0,1,0,0,1,medium,1,pending
Bihar,SAMASTIPUR,1997,2014,1154,18,42,6,IND_BIHAR_SAMASTIPUR,BIHAR,SAMASTIPUR,BIHAR,SAMASTIPUR,0,0,0,0,0,0,0,0,0,0,0,0,low,0,no_issue_detected
Bihar,SARAN,1997,2014,1010,18,37,6,IND_BIHAR_SARAN,BIHAR,SARAN,BIHAR,SARAN,0,0,0,0,0,0,0,0,0,0,0,0,low,0,no_issue_detected
Bihar,SHEIKHPURA,1997,2014,592,18,28,6,IND_BIHAR_SHEIKHPURA,BIHAR,SHEIKHPURA,BIHAR,SHEIKHPURA,0,0,0,0,0,0,0,0,0,0,0,0,low,0,no_issue_detected
Bihar,SHEOHAR,1997,2014,834,18,35,6,IND_BIHAR_SHEOHAR,BIHAR,SHEOHAR,BIHAR,SHEOHAR,0,0,0,0,0,0,0,0,0,0,0,0,low,0,no_issue_detected
Bihar,SITAMARHI,1997,2014,1059,18,41,6,IND_BIHAR_SITAMARHI,BIHAR,SITAMARHI,BIHAR,SITAMARHI,0,0,0,0,0,0,0,0,0,0,0,0,low,0,no_issue_detected
Bihar,SIWAN,1997,2014,1100,18,42,6,IND_BIHAR_SIWAN,BIHAR,SIWAN,BIHAR,SIWAN,0,0,0,0,0,0,0,0,0,0,0,0,low,0,no_issue_detected
Bihar,SUPAUL,1997,2014,1092,18,41,6,IND_BIHAR_SUPAUL,BIHAR,SUPAUL,BIHAR,SUPAUL,0,0,0,0,0,0,0,0,0,0,0,0,low,0,no_issue_detected
Bihar,VAISHALI,1997,2014,1144,18,41,6,IND_BIHAR_VAISHALI,BIHAR,VAISHALI,BIHAR,VAISHALI,0,0,0,0,0,0,0,0,0,0,0,0,low,0,no_issue_detected
Bihar,WEST SINGHBHUM,1997,1999,57,3,25,6,IND_BIHAR_WEST_SINGHBHUM,BIHAR,WEST SINGHBHUM,BIHAR,WEST SINGHBHUM,0,0,0,0,0,0,0,0,1,0,0,1,medium,1,pending
Chandigarh,CHANDIGARH,1998,2014,198,17,12,3,IND_CHANDIGARH_CHANDIGARH,CHANDIGARH,CHANDIGARH,CHANDIGARH,CHANDIGARH,0,0,0,0,0,0,0,0,0,0,0,0,low,0,no_issue_detected
Chhattisgarh,BALOD,2011,2014,264,4,36,3,IND_CHHATTISGARH_BALOD,CHHATTISGARH,BALOD,CHHATTISGARH,BALOD,0,0,0,0,0,0,0,0,0,0,0,0,low,0,no_issue_detected
Chhattisgarh,BALODA BAZAR,2011,2014,296,4,38,3,IND_CHHATTISGARH_BALODA_BAZAR,CHHATTISGARH,BALODA BAZAR,CHHATTISGARH,BALODA BAZAR,0,0,0,0,0,0,0,0,0,0,0,0,low,0,no_issue_detected
Chhattisgarh,BALRAMPUR,2011,2014,320,4,40,4,IND_CHHATTISGARH_BALRAMPUR,CHHATTISGARH,BALRAMPUR,CHHATTISGARH,BALRAMPUR,0,0,0,0,0,0,0,0,1,0,0,1,medium,1,pending
Chhattisgarh,BASTAR,2000,2014,1150,15,42,3,IND_CHHATTISGARH_BASTAR,CHHATTISGARH,BASTAR,CHHATTISGARH,BASTAR,0,0,0,0,0,0,0,0,1,0,0,1,medium,1,pending
Chhattisgarh,BEMETARA,2011,2014,276,4,38,3,IND_CHHATTISGARH_BEMETARA,CHHATTISGARH,BEMETARA,CHHATTISGARH,BEMETARA,0,0,0,0,0,0,0,0,0,0,0,0,low,0,no_issue_detected
Chhattisgarh,BIJAPUR,2006,2014,412,9,30,3,IND_CHHATTISGARH_BIJAPUR,CHHATTISGARH,BIJAPUR,CHHATTISGARH,BIJAPUR,0,0,0,0,0,0,0,0,1,0,0,1,medium,1,pending
Chhattisgarh,BILASPUR,2000,2014,1150,15,41,3,IND_CHHATTISGARH_BILASPUR,CHHATTISGARH,BILASPUR,CHHATTISGARH,BILASPUR,0,0,0,0,0,0,0,0,1,0,0,1,medium,1,pending
Chhattisgarh,DANTEWADA,2000,2014,918,15,38,3,IND_CHHATTISGARH_DANTEWADA,CHHATTISGARH,DANTEWADA,CHHATTISGARH,DANTEWADA,0,0,0,0,0,0,0,0,1,0,0,1,medium,1,pending
Chhattisgarh,DHAMTARI,2000,2014,1099,15,40,3,IND_CHHATTISGARH_DHAMTARI,CHHATTISGARH,DHAMTARI,CHHATTISGARH,DHAMTARI,0,0,0,0,0,0,0,0,1,0,0,1,medium,1,pending
Chhattisgarh,DURG,2000,2014,1118,15,43,3,IND_CHHATTISGARH_DURG,CHHATTISGARH,DURG,CHHATTISGARH,DURG,0,0,0,0,0,0,0,0,1,0,0,1,medium,1,pending
Chhattisgarh,GARIYABAND,2011,2014,302,4,39,3,IND_CHHATTISGARH_GARIYABAND,CHHATTISGARH,GARIYABAND,CHHATTISGARH,GARIYABAND,0,0,0,0,0,0,0,0,0,0,0,0,low,0,no_issue_detected
Chhattisgarh,JANJGIR-CHAMPA,2000,2014,1098,15,38,3,IND_CHHATTISGARH_JANJGIR_CHAMPA,CHHATTISGARH,JANJGIR-CHAMPA,CHHATTISGARH,JANJGIRCHAMPA,0,0,0,0,0,0,0,0,1,0,0,1,medium,1,pending
Chhattisgarh,JASHPUR,2000,2014,1124,15,41,3,IND_CHHATTISGARH_JASHPUR,CHHATTISGARH,JASHPUR,CHHATTISGARH,JASHPUR,0,0,0,0,0,0,0,0,1,0,0,1,medium,1,pending
Chhattisgarh,KABIRDHAM,2000,2014,983,15,40,3,IND_CHHATTISGARH_KABIRDHAM,CHHATTISGARH,KABIRDHAM,CHHATTISGARH,KABIRDHAM,0,0,0,0,0,0,0,0,1,0,0,1,medium,1,pending
Chhattisgarh,KANKER,2000,2014,1084,15,40,3,IND_CHHATTISGARH_KANKER,CHHATTISGARH,KANKER,CHHATTISGARH,KANKER,0,0,0,0,0,0,0,0,1,0,0,1,medium,1,pending
Chhattisgarh,KONDAGAON,2011,2014,276,4,38,3,IND_CHHATTISGARH_KONDAGAON,CHHATTISGARH,KONDAGAON,CHHATTISGARH,KONDAGAON,0,0,0,0,0,0,0,0,0,0,0,0,low,0,no_issue_detected
Chhattisgarh,KORBA,2000,2014,1074,15,38,3,IND_CHHATTISGARH_KORBA,CHHATTISGARH,KORBA,CHHATTISGARH,KORBA,0,0,0,0,0,0,0,0,1,0,0,1,medium,1,pending
Chhattisgarh,KOREA,2000,2014,939,15,39,3,IND_CHHATTISGARH_KOREA,CHHATTISGARH,KOREA,CHHATTISGARH,KOREA,0,0,0,0,0,0,0,0,1,0,0,1,medium,1,pending
Chhattisgarh,MAHASAMUND,2000,2014,1041,15,41,3,IND_CHHATTISGARH_MAHASAMUND,CHHATTISGARH,MAHASAMUND,CHHATTISGARH,MAHASAMUND,0,0,0,0,0,0,0,0,1,0,0,1,medium,1,pending
Chhattisgarh,MUNGELI,2011,2014,246,4,32,3,IND_CHHATTISGARH_MUNGELI,CHHATTISGARH,MUNGELI,CHHATTISGARH,MUNGELI,0,0,0,0,0,0,0,0,0,0,0,0,low,0,no_issue_detected
Chhattisgarh,NARAYANPUR,2005,2014,400,10,32,3,IND_CHHATTISGARH_NARAYANPUR,CHHATTISGARH,NARAYANPUR,CHHATTISGARH,NARAYANPUR,0,0,0,0,0,0,0,0,0,0,0,0,low,0,no_issue_detected
Chhattisgarh,RAIGARH,2000,2014,1157,15,41,3,IND_CHHATTISGARH_RAIGARH,CHHATTISGARH,RAIGARH,CHHATTISGARH,RAIGARH,0,0,0,0,0,0,0,0,0,0,0,0,low,0,no_issue_detected
Chhattisgarh,RAIPUR,2000,2014,1148,15,42,3,IND_CHHATTISGARH_RAIPUR,CHHATTISGARH,RAIPUR,CHHATTISGARH,RAIPUR,0,0,0,0,0,0,0,0,1,0,0,1,medium,1,pending
Chhattisgarh,RAJNANDGAON,2000,2014,1206,15,43,3,IND_CHHATTISGARH_RAJNANDGAON,CHHATTISGARH,RAJNANDGAON,CHHATTISGARH,RAJNANDGAON,0,0,0,0,0,0,0,0,1,0,0,1,medium,1,pending
Chhattisgarh,SUKMA,2011,2014,212,4,30,3,IND_CHHATTISGARH_SUKMA,CHHATTISGARH,SUKMA,CHHATTISGARH,SUKMA,0,0,0,0,0,0,0,0,0,0,0,0,low,0,no_issue_detected
Chhattisgarh,SURAJPUR,2011,2014,292,4,38,3,IND_CHHATTISGARH_SURAJPUR,CHHATTISGARH,SURAJPUR,CHHATTISGARH,SURAJPUR,0,0,0,0,0,0,0,0,0,0,0,0,low,0,no_issue_detected
Chhattisgarh,SURGUJA,2000,2014,1130,15,43,3,IND_CHHATTISGARH_SURGUJA,CHHATTISGARH,SURGUJA,CHHATTISGARH,SURGUJA,0,0,0,0,0,0,0,0,1,0,0,1,medium,1,pending
Dadra and Nagar Haveli,DADRA AND NAGAR HAVELI,1998,2014,526,17,22,3,IND_DADRA_AND_NAGAR_HAVELI_DADRA_AND_NAGAR_HAVELI,DADRA AND NAGAR HAVELI,DADRA AND NAGAR HAVELI,DADRA AND NAGAR HAVELI,DADRA AND NAGAR HAVELI,0,0,0,0,0,0,0,0,0,0,0,0,low,0,no_issue_detected
Daman and Diu,DAMAN,2013,2014,2,2,1,1,IND_DAMAN_AND_DIU_DAMAN,DAMAN AND DIU,DAMAN,DAMAN AND DIU,DAMAN,0,0,0,0,0,0,0,0,0,0,0,0,low,0,no_issue_detected
Daman and Diu,DIU,2013,2014,2,2,1,1,IND_DAMAN_AND_DIU_DIU,DAMAN AND DIU,DIU,DAMAN AND DIU,DIU,0,0,0,0,0,0,0,0,0,0,0,0,low,0,no_issue_detected
Daman and Diu,Daman and Diu,1998,2012,30,15,2,1,IND_DAMAN_AND_DIU_DAMAN_AND_DIU,DAMAN AND DIU,DAMAN AND DIU,DAMAN AND DIU,DAMAN AND DIU,0,0,0,0,0,0,0,0,0,0,0,0,low,0,no_issue_detected
Delhi,DELHI_TOTAL,2008,2014,62,7,9,3,IND_DELHI_DELHI_TOTAL,DELHI,DELHI_TOTAL,DELHI,DELHI_TOTAL,0,0,0,0,1,0,0,0,0,0,0,1,medium,1,pending
Delhi,Delhi,1998,2007,105,10,12,3,IND_DELHI_DELHI,DELHI,DELHI,DELHI,DELHI,0,0,0,0,0,0,0,0,0,0,0,0,low,0,no_issue_detected
Goa,Goa,1998,2003,84,6,12,3,IND_GOA_GOA,GOA,GOA,GOA,GOA,0,0,0,0,0,0,0,0,0,0,0,0,low,0,no_issue_detected
Goa,NORTH GOA,1997,2014,206,12,16,3,IND_GOA_NORTH_GOA,GOA,NORTH GOA,GOA,NORTH GOA,0,0,0,0,0,0,0,0,0,0,0,0,low,0,no_issue_detected
Goa,SOUTH GOA,1997,2014,192,12,16,3,IND_GOA_SOUTH_GOA,GOA,SOUTH GOA,GOA,SOUTH GOA,0,0,0,0,0,0,0,0,0,0,0,0,low,0,no_issue_detected
Gujarat,AHMADABAD,1997,2014,786,18,31,4,IND_GUJARAT_AHMADABAD,GUJARAT,AHMADABAD,GUJARAT,AHMADABAD,0,0,0,0,0,0,0,0,0,0,0,0,low,0,no_issue_detected
Gujarat,AMRELI,1997,2014,734,18,32,4,IND_GUJARAT_AMRELI,GUJARAT,AMRELI,GUJARAT,AMRELI,0,0,0,0,0,0,0,0,0,0,0,0,low,0,no_issue_detected
Gujarat,ANAND,2003,2014,546,12,29,4,IND_GUJARAT_ANAND,GUJARAT,ANAND,GUJARAT,ANAND,0,0,0,0,0,0,0,0,0,0,0,0,low,0,no_issue_detected
Gujarat,ARAVALLI,2014,2014,27,1,21,4,IND_GUJARAT_ARAVALLI,GUJARAT,ARAVALLI,GUJARAT,ARAVALLI,0,0,0,0,0,0,0,0,0,0,0,0,low,0,no_issue_detected
Gujarat,BANAS KANTHA,1997,2014,843,18,31,4,IND_GUJARAT_BANAS_KANTHA,GUJARAT,BANAS KANTHA,GUJARAT,BANAS KANTHA,0,0,0,0,0,0,0,0,0,0,0,0,low,0,no_issue_detected
Gujarat,BHARUCH,1997,2014,856,18,33,4,IND_GUJARAT_BHARUCH,GUJARAT,BHARUCH,GUJARAT,BHARUCH,0,0,0,0,0,0,0,0,0,0,0,0,low,0,no_issue_detected
Gujarat,BHAVNAGAR,1997,2014,731,18,31,4,IND_GUJARAT_BHAVNAGAR,GUJARAT,BHAVNAGAR,GUJARAT,BHAVNAGAR,0,0,0,0,0,0,0,0,0,0,0,0,low,0,no_issue_detected
Gujarat,BOTAD,2014,2014,18,1,15,4,IND_GUJARAT_BOTAD,GUJARAT,BOTAD,GUJARAT,BOTAD,0,0,0,0,0,0,0,0,0,0,0,0,low,0,no_issue_detected
Gujarat,CHHOTAUDEPUR,2014,2014,30,1,23,4,IND_GUJARAT_CHHOTAUDEPUR,GUJARAT,CHHOTAUDEPUR,GUJARAT,CHHOTAUDEPUR,0,0,0,0,0,0,0,0,0,0,0,0,low,0,no_issue_detected
Gujarat,DANG,1997,2014,488,18,26,4,IND_GUJARAT_DANG,GUJARAT,DANG,GUJARAT,DANG,0,0,0,0,0,0,0,0,0,0,0,0,low,0,no_issue_detected
Gujarat,DEVBHUMI DWARKA,2014,2014,20,1,16,4,IND_GUJARAT_DEVBHUMI_DWARKA,GUJARAT,DEVBHUMI DWARKA,GUJARAT,DEVBHUMI DWARKA,0,0,0,0,0,0,0,0,0,0,0,0,low,0,no_issue_detected
Gujarat,DOHAD,2003,2014,481,12,26,4,IND_GUJARAT_DOHAD,GUJARAT,DOHAD,GUJARAT,DOHAD,0,0,0,0,0,0,0,0,0,0,0,0,low,0,no_issue_detected
Gujarat,GANDHINAGAR,1997,2014,698,18,27,4,IND_GUJARAT_GANDHINAGAR,GUJARAT,GANDHINAGAR,GUJARAT,GANDHINAGAR,0,0,0,0,0,0,0,0,0,0,0,0,low,0,no_issue_detected
Gujarat,GIR SOMNATH,2014,2014,23,1,18,4,IND_GUJARAT_GIR_SOMNATH,GUJARAT,GIR SOMNATH,GUJARAT,GIR SOMNATH,0,0,0,0,0,0,0,0,0,0,0,0,low,0,no_issue_detected
Gujarat,JAMNAGAR,1997,2014,773,18,29,4,IND_GUJARAT_JAMNAGAR,GUJARAT,JAMNAGAR,GUJARAT,JAMNAGAR,0,0,0,0,0,0,0,0,0,0,0,0,low,0,no_issue_detected
Gujarat,JUNAGADH,1997,2014,773,18,31,4,IND_GUJARAT_JUNAGADH,GUJARAT,JUNAGADH,GUJARAT,JUNAGADH,0,0,0,0,0,0,0,0,0,0,0,0,low,0,no_issue_detected
Gujarat,KACHCHH,1997,2014,670,18,29,4,IND_GUJARAT_KACHCHH,GUJARAT,KACHCHH,GUJARAT,KACHCHH,0,0,0,0,0,0,0,0,0,0,0,0,low,0,no_issue_detected
Gujarat,KHEDA,1997,2014,968,18,33,4,IND_GUJARAT_KHEDA,GUJARAT,KHEDA,GUJARAT,KHEDA,0,0,0,0,0,0,0,0,0,0,0,0,low,0,no_issue_detected
Gujarat,MAHESANA,1997,2014,895,18,31,4,IND_GUJARAT_MAHESANA,GUJARAT,MAHESANA,GUJARAT,MAHESANA,0,0,0,0,0,0,0,0,0,0,0,0,low,0,no_issue_detected
Gujarat,MAHISAGAR,2014,2014,33,1,25,4,IND_GUJARAT_MAHISAGAR,GUJARAT,MAHISAGAR,GUJARAT,MAHISAGAR,0,0,0,0,0,0,0,0,0,0,0,0,low,0,no_issue_detected
Gujarat,MORBI,2014,2014,23,1,18,4,IND_GUJARAT_MORBI,GUJARAT,MORBI,GUJARAT,MORBI,0,0,0,0,0,0,0,0,0,0,0,0,low,0,no_issue_detected
Gujarat,NARMADA,2003,2014,460,12,28,4,IND_GUJARAT_NARMADA,GUJARAT,NARMADA,GUJARAT,NARMADA,0,0,0,0,0,0,0,0,0,0,0,0,low,0,no_issue_detected
Gujarat,NAVSARI,2003,2014,461,12,27,4,IND_GUJARAT_NAVSARI,GUJARAT,NAVSARI,GUJARAT,NAVSARI,0,0,0,0,0,0,0,0,0,0,0,0,low,0,no_issue_detected
Gujarat,PANCH MAHALS,1997,2014,1014,18,34,4,IND_GUJARAT_PANCH_MAHALS,GUJARAT,PANCH MAHALS,GUJARAT,PANCH MAHALS,0,0,0,0,0,0,0,0,0,0,0,0,low,0,no_issue_detected
Gujarat,PATAN,2003,2014,446,12,28,4,IND_GUJARAT_PATAN,GUJARAT,PATAN,GUJARAT,PATAN,0,0,0,0,0,0,0,0,0,0,0,0,low,0,no_issue_detected
Gujarat,PORBANDAR,2003,2014,372,12,24,4,IND_GUJARAT_PORBANDAR,GUJARAT,PORBANDAR,GUJARAT,PORBANDAR,0,0,0,0,0,0,0,0,0,0,0,0,low,0,no_issue_detected
Gujarat,RAJKOT,1997,2014,740,18,29,4,IND_GUJARAT_RAJKOT,GUJARAT,RAJKOT,GUJARAT,RAJKOT,0,0,0,0,0,0,0,0,0,0,0,0,low,0,no_issue_detected
Gujarat,SABAR KANTHA,1997,2014,837,18,30,4,IND_GUJARAT_SABAR_KANTHA,GUJARAT,SABAR KANTHA,GUJARAT,SABAR KANTHA,0,0,0,0,0,0,0,0,0,0,0,0,low,0,no_issue_detected
Gujarat,SURAT,1997,2014,864,18,34,4,IND_GUJARAT_SURAT,GUJARAT,SURAT,GUJARAT,SURAT,0,0,0,0,0,0,0,0,0,0,0,0,low,0,no_issue_detected
Gujarat,SURENDRANAGAR,1997,2014,708,18,30,4,IND_GUJARAT_SURENDRANAGAR,GUJARAT,SURENDRANAGAR,GUJARAT,SURENDRANAGAR,0,0,0,0,0,0,0,0,0,0,0,0,low,0,no_issue_detected
Gujarat,TAPI,2008,2014,291,7,26,4,IND_GUJARAT_TAPI,GUJARAT,TAPI,GUJARAT,TAPI,0,0,0,0,0,0,0,0,0,0,0,0,low,0,no_issue_detected
Gujarat,VADODARA,1997,2014,984,18,33,4,IND_GUJARAT_VADODARA,GUJARAT,VADODARA,GUJARAT,VADODARA,0,0,0,0,0,0,0,0,0,0,0,0,low,0,no_issue_detected
Gujarat,VALSAD,1997,2014,620,18,28,4,IND_GUJARAT_VALSAD,GUJARAT,VALSAD,GUJARAT,VALSAD,0,0,0,0,0,0,0,0,0,0,0,0,low,0,no_issue_detected
Haryana,AMBALA,1997,2014,436,18,33,3,IND_HARYANA_AMBALA,HARYANA,AMBALA,HARYANA,AMBALA,0,0,0,0,0,0,0,0,0,0,0,0,low,0,no_issue_detected
Haryana,BHIWANI,1997,2014,520,18,30,3,IND_HARYANA_BHIWANI,HARYANA,BHIWANI,HARYANA,BHIWANI,0,0,0,0,0,0,0,0,0,0,0,0,low,0,no_issue_detected
Haryana,CHARKI DADRI,2014,2014,2,1,2,1,IND_HARYANA_CHARKI_DADRI,HARYANA,CHARKI DADRI,HARYANA,CHARKI DADRI,0,0,0,0,0,0,0,0,0,0,0,0,low,0,no_issue_detected
Haryana,FARIDABAD,1997,2014,409,18,32,3,IND_HARYANA_FARIDABAD,HARYANA,FARIDABAD,HARYANA,FARIDABAD,0,0,0,0,0,0,0,0,0,0,0,0,low,0,no_issue_detected
Haryana,FATEHABAD,1997,2014,510,18,30,3,IND_HARYANA_FATEHABAD,HARYANA,FATEHABAD,HARYANA,FATEHABAD,0,0,0,0,0,0,0,0,0,0,0,0,low,0,no_issue_detected
Haryana,GURGAON,1997,2014,430,18,31,3,IND_HARYANA_GURGAON,HARYANA,GURGAON,HARYANA,GURGAON,0,0,0,0,0,0,0,0,0,0,0,0,low,0,no_issue_detected
Haryana,HISAR,1997,2014,556,18,35,3,IND_HARYANA_HISAR,HARYANA,HISAR,HARYANA,HISAR,0,0,0,0,0,0,0,0,0,0,0,0,low,0,no_issue_detected
Haryana,JHAJJAR,1997,2014,453,18,28,3,IND_HARYANA_JHAJJAR,HARYANA,JHAJJAR,HARYANA,JHAJJAR,0,0,0,0,0,0,0,0,0,0,0,0,low,0,no_issue_detected
Haryana,JIND,1997,2014,411,18,31,3,IND_HARYANA_JIND,HARYANA,JIND,HARYANA,JIND,0,0,0,0,0,0,0,0,0,0,0,0,low,0,no_issue_detected
Haryana,KAITHAL,1997,2014,424,18,32,3,IND_HARYANA_KAITHAL,HARYANA,KAITHAL,HARYANA,KAITHAL,0,0,0,0,0,0,0,0,0,0,0,0,low,0,no_issue_detected
Haryana,KARNAL,1997,2014,491,18,35,3,IND_HARYANA_KARNAL,HARYANA,KARNAL,HARYANA,KARNAL,0,0,0,0,0,0,0,0,0,0,0,0,low,0,no_issue_detected
Haryana,KURUKSHETRA,1997,2014,406,18,30,3,IND_HARYANA_KURUKSHETRA,HARYANA,KURUKSHETRA,HARYANA,KURUKSHETRA,0,0,0,0,0,0,0,0,0,0,0,0,low,0,no_issue_detected
Haryana,MAHENDRAGARH,1997,2014,349,18,28,3,IND_HARYANA_MAHENDRAGARH,HARYANA,MAHENDRAGARH,HARYANA,MAHENDRAGARH,0,0,0,0,0,0,0,0,0,0,0,0,low,0,no_issue_detected
Haryana,MEWAT,2005,2014,212,10,23,3,IND_HARYANA_MEWAT,HARYANA,MEWAT,HARYANA,MEWAT,0,0,0,0,0,0,0,0,0,0,0,0,low,0,no_issue_detected
Haryana,PALWAL,2008,2014,134,7,20,3,IND_HARYANA_PALWAL,HARYANA,PALWAL,HARYANA,PALWAL,0,0,0,0,0,0,0,0,0,0,0,0,low,0,no_issue_detected
Haryana,PANCHKULA,1997,2014,496,18,35,3,IND_HARYANA_PANCHKULA,HARYANA,PANCHKULA,HARYANA,PANCHKULA,0,0,0,0,0,0,0,0,0,0,0,0,low,0,no_issue_detected
Haryana,PANIPAT,1997,2014,424,18,34,3,IND_HARYANA_PANIPAT,HARYANA,PANIPAT,HARYANA,PANIPAT,0,0,0,0,0,0,0,0,0,0,0,0,low,0,no_issue_detected
Haryana,REWARI,1997,2014,407,18,29,3,IND_HARYANA_REWARI,HARYANA,REWARI,HARYANA,REWARI,0,0,0,0,0,0,0,0,0,0,0,0,low,0,no_issue_detected
Haryana,ROHTAK,1997,2014,450,18,32,3,IND_HARYANA_ROHTAK,HARYANA,ROHTAK,HARYANA,ROHTAK,0,0,0,0,0,0,0,0,0,0,0,0,low,0,no_issue_detected
Haryana,SIRSA,1997,2014,496,18,29,3,IND_HARYANA_SIRSA,HARYANA,SIRSA,HARYANA,SIRSA,0,0,0,0,0,0,0,0,0,0,0,0,low,0,no_issue_detected
Haryana,SONIPAT,1997,2014,483,18,33,3,IND_HARYANA_SONIPAT,HARYANA,SONIPAT,HARYANA,SONIPAT,0,0,0,0,0,0,0,0,0,0,0,0,low,0,no_issue_detected
Haryana,YAMUNANAGAR,1997,2014,483,18,33,3,IND_HARYANA_YAMUNANAGAR,HARYANA,YAMUNANAGAR,HARYANA,YAMUNANAGAR,0,0,0,0,0,0,0,0,0,0,0,0,low,0,no_issue_detected
Himachal Pradesh,BILASPUR,1998,2014,528,17,34,3,IND_HIMACHAL_PRADESH_BILASPUR,HIMACHAL PRADESH,BILASPUR,HIMACHAL PRADESH,BILASPUR,0,0,0,0,0,0,0,0,1,0,0,1,medium,1,pending
Himachal Pradesh,CHAMBA,1998,2014,543,17,32,3,IND_HIMACHAL_PRADESH_CHAMBA,HIMACHAL PRADESH,CHAMBA,HIMACHAL PRADESH,CHAMBA,0,0,0,0,0,0,0,0,0,0,0,0,low,0,no_issue_detected
Himachal Pradesh,HAMIRPUR,1998,2014,455,17,32,3,IND_HIMACHAL_PRADESH_HAMIRPUR,HIMACHAL PRADESH,HAMIRPUR,HIMACHAL PRADESH,HAMIRPUR,0,0,0,0,0,0,0,0,1,0,0,1,medium,1,pending
Himachal Pradesh,KANGRA,1998,2014,649,17,35,3,IND_HIMACHAL_PRADESH_KANGRA,HIMACHAL PRADESH,KANGRA,HIMACHAL PRADESH,KANGRA,0,0,0,0,0,0,0,0,0,0,0,0,low,0,no_issue_detected
Himachal Pradesh,KINNAUR,1998,2014,270,17,17,3,IND_HIMACHAL_PRADESH_KINNAUR,HIMACHAL PRADESH,KINNAUR,HIMACHAL PRADESH,KINNAUR,0,0,0,0,0,0,0,0,0,0,0,0,low,0,no_issue_detected
Himachal Pradesh,KULLU,1998,2014,532,17,28,3,IND_HIMACHAL_PRADESH_KULLU,HIMACHAL PRADESH,KULLU,HIMACHAL PRADESH,KULLU,0,0,0,0,0,0,0,0,0,0,0,0,low,0,no_issue_detected
Himachal Pradesh,LAHUL AND SPITI,1998,2014,191,17,10,3,IND_HIMACHAL_PRADESH_LAHUL_AND_SPITI,HIMACHAL PRADESH,LAHUL AND SPITI,HIMACHAL PRADESH,LAHUL AND SPITI,0,0,0,0,0,0,0,0,0,0,0,0,low,0,no_issue_detected
Himachal Pradesh,MANDI,1998,2014,648,17,33,3,IND_HIMACHAL_PRADESH_MANDI,HIMACHAL PRADESH,MANDI,HIMACHAL PRADESH,MANDI,0,0,0,0,0,0,0,0,0,0,0,0,low,0,no_issue_detected
Himachal Pradesh,SHIMLA,1998,2014,633,17,31,3,IND_HIMACHAL_PRADESH_SHIMLA,HIMACHAL PRADESH,SHIMLA,HIMACHAL PRADESH,SHIMLA,0,0,0,0,0,0,0,0,0,0,0,0,low,0,no_issue_detected
Himachal Pradesh,SIRMAUR,1998,2014,650,17,33,3,IND_HIMACHAL_PRADESH_SIRMAUR,HIMACHAL PRADESH,SIRMAUR,HIMACHAL PRADESH,SIRMAUR,0,0,0,0,0,0,0,0,0,0,0,0,low,0,no_issue_detected
Himachal Pradesh,SOLAN,1998,2014,544,17,30,3,IND_HIMACHAL_PRADESH_SOLAN,HIMACHAL PRADESH,SOLAN,HIMACHAL PRADESH,SOLAN,0,0,0,0,0,0,0,0,0,0,0,0,low,0,no_issue_detected
Himachal Pradesh,UNA,1998,2014,503,17,31,3,IND_HIMACHAL_PRADESH_UNA,HIMACHAL PRADESH,UNA,HIMACHAL PRADESH,UNA,0,0,0,0,0,0,0,0,0,0,0,0,low,0,no_issue_detected
Jammu and Kashmir,ANANTNAG,1997,2014,240,17,20,3,IND_JAMMU_AND_KASHMIR_ANANTNAG,JAMMU AND KASHMIR,ANANTNAG,JAMMU AND KASHMIR,ANANTNAG,0,0,0,0,0,0,0,0,0,0,0,0,low,0,no_issue_detected
Jammu and Kashmir,BADGAM,1997,2014,280,17,22,3,IND_JAMMU_AND_KASHMIR_BADGAM,JAMMU AND KASHMIR,BADGAM,JAMMU AND KASHMIR,BADGAM,0,0,0,0,0,0,0,0,0,0,0,0,low,0,no_issue_detected
Jammu and Kashmir,BANDIPORA,2007,2014,95,8,17,2,IND_JAMMU_AND_KASHMIR_BANDIPORA,JAMMU AND KASHMIR,BANDIPORA,JAMMU AND KASHMIR,BANDIPORA,0,0,0,0,0,0,0,0,0,0,0,0,low,0,no_issue_detected
Jammu and Kashmir,BARAMULLA,1997,2014,229,17,26,3,IND_JAMMU_AND_KASHMIR_BARAMULLA,JAMMU AND KASHMIR,BARAMULLA,JAMMU AND KASHMIR,BARAMULLA,0,0,0,0,0,0,0,0,0,0,0,0,low,0,no_issue_detected
Jammu and Kashmir,DODA,1997,2014,300,17,27,3,IND_JAMMU_AND_KASHMIR_DODA,JAMMU AND KASHMIR,DODA,JAMMU AND KASHMIR,DODA,0,0,0,0,0,0,0,0,0,0,0,0,low,0,no_issue_detected
Jammu and Kashmir,GANDERBAL,2007,2014,60,8,11,2,IND_JAMMU_AND_KASHMIR_GANDERBAL,JAMMU AND KASHMIR,GANDERBAL,JAMMU AND KASHMIR,GANDERBAL,0,0,0,0,0,0,0,0,0,0,0,0,low,0,no_issue_detected
Jammu and Kashmir,JAMMU,1997,2014,461,17,40,3,IND_JAMMU_AND_KASHMIR_JAMMU,JAMMU AND KASHMIR,JAMMU,JAMMU AND KASHMIR,JAMMU,0,0,0,0,0,0,0,0,0,0,0,0,low,0,no_issue_detected
Jammu and Kashmir,KARGIL,1997,2014,104,16,17,3,IND_JAMMU_AND_KASHMIR_KARGIL,JAMMU AND KASHMIR,KARGIL,JAMMU AND KASHMIR,KARGIL,0,0,0,0,0,0,0,0,0,0,0,0,low,0,no_issue_detected
Jammu and Kashmir,KATHUA,1997,2014,459,17,38,3,IND_JAMMU_AND_KASHMIR_KATHUA,JAMMU AND KASHMIR,KATHUA,JAMMU AND KASHMIR,KATHUA,0,0,0,0,0,0,0,0,0,0,0,0,low,0,no_issue_detected
Jammu and Kashmir,KISHTWAR,2007,2014,118,8,18,2,IND_JAMMU_AND_KASHMIR_KISHTWAR,JAMMU AND KASHMIR,KISHTWAR,JAMMU AND KASHMIR,KISHTWAR,0,0,0,0,0,0,0,0,0,0,0,0,low,0,no_issue_detected
Jammu and Kashmir,KULGAM,2007,2014,99,8,15,2,IND_JAMMU_AND_KASHMIR_KULGAM,JAMMU AND KASHMIR,KULGAM,JAMMU AND KASHMIR,KULGAM,0,0,0,0,0,0,0,0,0,0,0,0,low,0,no_issue_detected
Jammu and Kashmir,KUPWARA,1997,2014,112,15,12,3,IND_JAMMU_AND_KASHMIR_KUPWARA,JAMMU AND KASHMIR,KUPWARA,JAMMU AND KASHMIR,KUPWARA,0,0,0,0,0,0,0,0,0,0,0,0,low,0,no_issue_detected
Jammu and Kashmir,LEH LADAKH,1997,2014,190,17,22,3,IND_JAMMU_AND_KASHMIR_LEH_LADAKH,JAMMU AND KASHMIR,LEH LADAKH,JAMMU AND KASHMIR,LEH LADAKH,0,0,0,0,0,0,0,0,0,0,0,0,low,0,no_issue_detected
Jammu and Kashmir,POONCH,1997,2014,189,17,18,3,IND_JAMMU_AND_KASHMIR_POONCH,JAMMU AND KASHMIR,POONCH,JAMMU AND KASHMIR,POONCH,0,0,0,0,0,0,0,0,0,0,0,0,low,0,no_issue_detected
Jammu and Kashmir,PULWAMA,1997,2014,253,17,17,3,IND_JAMMU_AND_KASHMIR_PULWAMA,JAMMU AND KASHMIR,PULWAMA,JAMMU AND KASHMIR,PULWAMA,0,0,0,0,0,0,0,0,0,0,0,0,low,0,no_issue_detected
Jammu and Kashmir,RAJAURI,1997,2014,296,17,35,3,IND_JAMMU_AND_KASHMIR_RAJAURI,JAMMU AND KASHMIR,RAJAURI,JAMMU AND KASHMIR,RAJAURI,0,0,0,0,0,0,0,0,0,0,0,0,low,0,no_issue_detected
Jammu and Kashmir,RAMBAN,2007,2014,46,8,5,2,IND_JAMMU_AND_KASHMIR_RAMBAN,JAMMU AND KASHMIR,RAMBAN,JAMMU AND KASHMIR,RAMBAN,0,0,0,0,0,0,0,0,0,0,0,0,low,0,no_issue_detected
Jammu and Kashmir,REASI,2007,2014,152,8,29,2,IND_JAMMU_AND_KASHMIR_REASI,JAMMU AND KASHMIR,REASI,JAMMU AND KASHMIR,REASI,0,0,0,0,0,0,0,0,0,0,0,0,low,0,no_issue_detected
Jammu and Kashmir,SAMBA,2007,2014,154,8,26,2,IND_JAMMU_AND_KASHMIR_SAMBA,JAMMU AND KASHMIR,SAMBA,JAMMU AND KASHMIR,SAMBA,0,0,0,0,0,0,0,0,0,0,0,0,low,0,no_issue_detected
Jammu and Kashmir,SHOPIAN,2007,2014,58,8,8,2,IND_JAMMU_AND_KASHMIR_SHOPIAN,JAMMU AND KASHMIR,SHOPIAN,JAMMU AND KASHMIR,SHOPIAN,0,0,0,0,0,0,0,0,0,0,0,0,low,0,no_issue_detected
Jammu and Kashmir,SRINAGAR,1997,2014,277,17,26,3,IND_JAMMU_AND_KASHMIR_SRINAGAR,JAMMU AND KASHMIR,SRINAGAR,JAMMU AND KASHMIR,SRINAGAR,0,0,0,0,0,0,0,0,0,0,0,0,low,0,no_issue_detected
Jammu and Kashmir,UDHAMPUR,1997,2014,417,17,34,3,IND_JAMMU_AND_KASHMIR_UDHAMPUR,JAMMU AND KASHMIR,UDHAMPUR,JAMMU AND KASHMIR,UDHAMPUR,0,0,0,0,0,0,0,0,0,0,0,0,low,0,no_issue_detected
Jharkhand,BOKARO,2002,2014,156,13,9,3,IND_JHARKHAND_BOKARO,JHARKHAND,BOKARO,JHARKHAND,BOKARO,0,0,0,0,0,0,0,0,1,0,0,1,medium,1,pending
Jharkhand,CHATRA,2002,2014,196,13,12,5,IND_JHARKHAND_CHATRA,JHARKHAND,CHATRA,JHARKHAND,CHATRA,0,0,0,0,0,0,0,0,1,0,0,1,medium,1,pending
Jharkhand,DEOGHAR,2002,2014,166,13,10,3,IND_JHARKHAND_DEOGHAR,JHARKHAND,DEOGHAR,JHARKHAND,DEOGHAR,0,0,0,0,0,0,0,0,1,0,0,1,medium,1,pending
Jharkhand,DHANBAD,2002,2014,128,13,9,3,IND_JHARKHAND_DHANBAD,JHARKHAND,DHANBAD,JHARKHAND,DHANBAD,0,0,0,0,0,0,0,0,1,0,0,1,medium,1,pending
Jharkhand,DUMKA,2002,2014,190,13,10,4,IND_JHARKHAND_DUMKA,JHARKHAND,DUMKA,JHARKHAND,DUMKA,0,0,0,0,0,0,0,0,1,0,0,1,medium,1,pending
Jharkhand,EAST SINGHBUM,2002,2014,156,13,12,4,IND_JHARKHAND_EAST_SINGHBUM,JHARKHAND,EAST SINGHBUM,JHARKHAND,EAST SINGHBUM,0,0,0,0,0,0,0,0,1,0,0,1,medium,1,pending
Jharkhand,GARHWA,2002,2014,209,13,13,5,IND_JHARKHAND_GARHWA,JHARKHAND,GARHWA,JHARKHAND,GARHWA,0,0,0,0,0,0,0,0,1,0,0,1,medium,1,pending
Jharkhand,GIRIDIH,2002,2014,184,13,9,4,IND_JHARKHAND_GIRIDIH,JHARKHAND,GIRIDIH,JHARKHAND,GIRIDIH,0,0,0,0,0,0,0,0,1,0,0,1,medium,1,pending
Jharkhand,GODDA,2002,2014,212,13,12,5,IND_JHARKHAND_GODDA,JHARKHAND,GODDA,JHARKHAND,GODDA,0,0,0,0,0,0,0,0,1,0,0,1,medium,1,pending
Jharkhand,GUMLA,2002,2014,210,13,12,5,IND_JHARKHAND_GUMLA,JHARKHAND,GUMLA,JHARKHAND,GUMLA,0,0,0,0,0,0,0,0,1,0,0,1,medium,1,pending
Jharkhand,HAZARIBAGH,2002,2014,232,13,13,5,IND_JHARKHAND_HAZARIBAGH,JHARKHAND,HAZARIBAGH,JHARKHAND,HAZARIBAGH,0,0,0,0,0,0,0,0,1,0,0,1,medium,1,pending
Jharkhand,JAMTARA,2003,2014,156,12,9,3,IND_JHARKHAND_JAMTARA,JHARKHAND,JAMTARA,JHARKHAND,JAMTARA,0,0,0,0,0,0,0,0,0,0,0,0,low,0,no_issue_detected
Jharkhand,KHUNTI,2008,2014,82,7,11,3,IND_JHARKHAND_KHUNTI,JHARKHAND,KHUNTI,JHARKHAND,KHUNTI,0,0,0,0,0,0,0,0,0,0,0,0,low,0,no_issue_detected
Jharkhand,KODERMA,2002,2014,189,13,12,5,IND_JHARKHAND_KODERMA,JHARKHAND,KODERMA,JHARKHAND,KODERMA,0,0,0,0,0,0,0,0,1,0,0,1,medium,1,pending
Jharkhand,LATEHAR,2003,2014,196,12,12,5,IND_JHARKHAND_LATEHAR,JHARKHAND,LATEHAR,JHARKHAND,LATEHAR,0,0,0,0,0,0,0,0,0,0,0,0,low,0,no_issue_detected
Jharkhand,LOHARDAGA,2002,2014,200,13,12,5,IND_JHARKHAND_LOHARDAGA,JHARKHAND,LOHARDAGA,JHARKHAND,LOHARDAGA,0,0,0,0,0,0,0,0,1,0,0,1,medium,1,pending
Jharkhand,PAKUR,2002,2014,176,13,11,5,IND_JHARKHAND_PAKUR,JHARKHAND,PAKUR,JHARKHAND,PAKUR,0,0,0,0,0,0,0,0,1,0,0,1,medium,1,pending
Jharkhand,PALAMU,2002,2014,222,13,13,5,IND_JHARKHAND_PALAMU,JHARKHAND,PALAMU,JHARKHAND,PALAMU,0,0,0,0,0,0,0,0,1,0,0,1,medium,1,pending
Jharkhand,RAMGARH,2008,2014,79,7,9,3,IND_JHARKHAND_RAMGARH,JHARKHAND,RAMGARH,JHARKHAND,RAMGARH,0,0,0,0,0,0,0,0,0,0,0,0,low,0,no_issue_detected
Jharkhand,RANCHI,2002,2014,217,13,11,5,IND_JHARKHAND_RANCHI,JHARKHAND,RANCHI,JHARKHAND,RANCHI,0,0,0,0,0,0,0,0,1,0,0,1,medium,1,pending
Jharkhand,SAHEBGANJ,2002,2014,170,13,12,5,IND_JHARKHAND_SAHEBGANJ,JHARKHAND,SAHEBGANJ,JHARKHAND,SAHEBGANJ,0,0,0,0,0,0,0,0,1,0,0,1,medium,1,pending
Jharkhand,SARAIKELA KHARSAWAN,2003,2014,150,12,12,5,IND_JHARKHAND_SARAIKELA_KHARSAWAN,JHARKHAND,SARAIKELA KHARSAWAN,JHARKHAND,SARAIKELA KHARSAWAN,0,0,0,0,0,0,0,0,0,0,0,0,low,0,no_issue_detected
Jharkhand,SIMDEGA,2003,2014,179,12,12,5,IND_JHARKHAND_SIMDEGA,JHARKHAND,SIMDEGA,JHARKHAND,SIMDEGA,0,0,0,0,0,0,0,0,0,0,0,0,low,0,no_issue_detected
Jharkhand,WEST SINGHBHUM,2002,2014,168,13,11,4,IND_JHARKHAND_WEST_SINGHBHUM,JHARKHAND,WEST SINGHBHUM,JHARKHAND,WEST SINGHBHUM,0,0,0,0,0,0,0,0,1,0,0,1,medium,1,pending
Karnataka,BAGALKOT,1998,2014,1445,17,52,4,IND_KARNATAKA_BAGALKOT,KARNATAKA,BAGALKOT,KARNATAKA,BAGALKOT,0,0,0,0,0,0,0,0,0,0,0,0,low,0,no_issue_detected
Karnataka,BANGALORE RURAL,1997,2014,1556,18,55,4,IND_KARNATAKA_BANGALORE_RURAL,KARNATAKA,BANGALORE RURAL,KARNATAKA,BANGALORE RURAL,0,0,0,0,0,0,0,0,0,0,0,0,low,0,no_issue_detected
Karnataka,BELGAUM,1997,2014,1827,18,58,4,IND_KARNATAKA_BELGAUM,KARNATAKA,BELGAUM,KARNATAKA,BELGAUM,0,0,0,0,0,0,0,0,0,0,0,0,low,0,no_issue_detected
Karnataka,BELLARY,1997,2014,1752,18,55,4,IND_KARNATAKA_BELLARY,KARNATAKA,BELLARY,KARNATAKA,BELLARY,0,0,0,0,0,0,0,0,0,0,0,0,low,0,no_issue_detected
Karnataka,BENGALURU URBAN,1997,2014,1319,18,50,4,IND_KARNATAKA_BENGALURU_URBAN,KARNATAKA,BENGALURU URBAN,KARNATAKA,BENGALURU URBAN,0,0,0,0,0,0,0,0,0,0,0,0,low,0,no_issue_detected
Karnataka,BIDAR,1997,2014,1541,18,54,4,IND_KARNATAKA_BIDAR,KARNATAKA,BIDAR,KARNATAKA,BIDAR,0,0,0,0,0,0,0,0,0,0,0,0,low,0,no_issue_detected
Karnataka,BIJAPUR,1997,2014,1380,18,45,4,IND_KARNATAKA_BIJAPUR,KARNATAKA,BIJAPUR,KARNATAKA,BIJAPUR,0,0,0,0,0,0,0,0,1,0,0,1,medium,1,pending
Karnataka,CHAMARAJANAGAR,1998,2014,1663,17,56,4,IND_KARNATAKA_CHAMARAJANAGAR,KARNATAKA,CHAMARAJANAGAR,KARNATAKA,CHAMARAJANAGAR,0,0,0,0,0,0,0,0,0,0,0,0,low,0,no_issue_detected
Karnataka,CHIKBALLAPUR,2007,2014,656,8,34,4,IND_KARNATAKA_CHIKBALLAPUR,KARNATAKA,CHIKBALLAPUR,KARNATAKA,CHIKBALLAPUR,0,0,0,0,0,0,0,0,0,0,0,0,low,0,no_issue_detected
Karnataka,CHIKMAGALUR,1997,2014,1619,18,58,4,IND_KARNATAKA_CHIKMAGALUR,KARNATAKA,CHIKMAGALUR,KARNATAKA,CHIKMAGALUR,0,0,0,0,0,0,0,0,0,0,0,0,low,0,no_issue_detected
Karnataka,CHITRADURGA,1997,2014,1656,18,55,4,IND_KARNATAKA_CHITRADURGA,KARNATAKA,CHITRADURGA,KARNATAKA,CHITRADURGA,0,0,0,0,0,0,0,0,0,0,0,0,low,0,no_issue_detected
Karnataka,DAKSHIN KANNAD,1997,2014,714,18,37,4,IND_KARNATAKA_DAKSHIN_KANNAD,KARNATAKA,DAKSHIN KANNAD,KARNATAKA,DAKSHIN KANNAD,0,0,0,0,0,0,0,0,0,0,0,0,low,0,no_issue_detected
Karnataka,DAVANGERE,1998,2014,1742,17,58,4,IND_KARNATAKA_DAVANGERE,KARNATAKA,DAVANGERE,KARNATAKA,DAVANGERE,0,0,0,0,0,0,0,0,0,0,0,0,low,0,no_issue_detected
Karnataka,DHARWAD,1997,2014,1624,18,57,4,IND_KARNATAKA_DHARWAD,KARNATAKA,DHARWAD,KARNATAKA,DHARWAD,0,0,0,0,0,0,0,0,0,0,0,0,low,0,no_issue_detected
Karnataka,GADAG,1998,2014,1493,17,52,4,IND_KARNATAKA_GADAG,KARNATAKA,GADAG,KARNATAKA,GADAG,0,0,0,0,0,0,0,0,0,0,0,0,low,0,no_issue_detected
Karnataka,GULBARGA,1997,2014,1645,18,55,4,IND_KARNATAKA_GULBARGA,KARNATAKA,GULBARGA,KARNATAKA,GULBARGA,0,0,0,0,0,0,0,0,0,0,0,0,low,0,no_issue_detected
Karnataka,HASSAN,1997,2014,1767,18,57,4,IND_KARNATAKA_HASSAN,KARNATAKA,HASSAN,KARNATAKA,HASSAN,0,0,0,0,0,0,0,0,0,0,0,0,low,0,no_issue_detected
Karnataka,HAVERI,1998,2014,1714,17,57,4,IND_KARNATAKA_HAVERI,KARNATAKA,HAVERI,KARNATAKA,HAVERI,0,0,0,0,0,0,0,0,0,0,0,0,low,0,no_issue_detected
Karnataka,KODAGU,1997,2014,825,18,45,4,IND_KARNATAKA_KODAGU,KARNATAKA,KODAGU,KARNATAKA,KODAGU,0,0,0,0,0,0,0,0,0,0,0,0,low,0,no_issue_detected
Karnataka,KOLAR,1997,2014,1234,18,49,4,IND_KARNATAKA_KOLAR,KARNATAKA,KOLAR,KARNATAKA,KOLAR,0,0,0,0,0,0,0,0,0,0,0,0,low,0,no_issue_detected
Karnataka,KOPPAL,1998,2014,1341,17,44,4,IND_KARNATAKA_KOPPAL,KARNATAKA,KOPPAL,KARNATAKA,KOPPAL,0,0,0,0,0,0,0,0,0,0,0,0,low,0,no_issue_detected
Karnataka,MANDYA,1997,2014,1531,18,55,4,IND_KARNATAKA_MANDYA,KARNATAKA,MANDYA,KARNATAKA,MANDYA,0,0,0,0,0,0,0,0,0,0,0,0,low,0,no_issue_detected
Karnataka,MYSORE,1997,2014,1640,18,58,4,IND_KARNATAKA_MYSORE,KARNATAKA,MYSORE,KARNATAKA,MYSORE,0,0,0,0,0,0,0,0,0,0,0,0,low,0,no_issue_detected
Karnataka,RAICHUR,1997,2014,1365,18,47,4,IND_KARNATAKA_RAICHUR,KARNATAKA,RAICHUR,KARNATAKA,RAICHUR,0,0,0,0,0,0,0,0,0,0,0,0,low,0,no_issue_detected
Karnataka,RAMANAGARA,2007,2014,620,8,39,4,IND_KARNATAKA_RAMANAGARA,KARNATAKA,RAMANAGARA,KARNATAKA,RAMANAGARA,0,0,0,0,0,0,0,0,0,0,0,0,low,0,no_issue_detected
Karnataka,SHIMOGA,1997,2014,1625,18,58,4,IND_KARNATAKA_SHIMOGA,KARNATAKA,SHIMOGA,KARNATAKA,SHIMOGA,0,0,0,0,0,0,0,0,0,0,0,0,low,0,no_issue_detected
Karnataka,TUMKUR,1997,2014,1837,18,59,4,IND_KARNATAKA_TUMKUR,KARNATAKA,TUMKUR,KARNATAKA,TUMKUR,0,0,0,0,0,0,0,0,0,0,0,0,low,0,no_issue_detected
Karnataka,UDUPI,1998,2014,738,17,37,4,IND_KARNATAKA_UDUPI,KARNATAKA,UDUPI,KARNATAKA,UDUPI,0,0,0,0,0,0,0,0,0,0,0,0,low,0,no_issue_detected
Karnataka,UTTAR KANNAD,1997,2014,1325,18,49,4,IND_KARNATAKA_UTTAR_KANNAD,KARNATAKA,UTTAR KANNAD,KARNATAKA,UTTAR KANNAD,0,0,0,0,0,0,0,0,0,0,0,0,low,0,no_issue_detected
Karnataka,YADGIR,2010,2014,420,5,29,4,IND_KARNATAKA_YADGIR,KARNATAKA,YADGIR,KARNATAKA,YADGIR,0,0,0,0,0,0,0,0,0,0,0,0,low,0,no_issue_detected
Kerala,ALAPPUZHA,1997,2014,526,18,30,5,IND_KERALA_ALAPPUZHA,KERALA,ALAPPUZHA,KERALA,ALAPPUZHA,0,0,0,0,0,0,0,0,0,0,0,0,low,0,no_issue_detected
Kerala,ERNAKULAM,1997,2014,507,18,31,5,IND_KERALA_ERNAKULAM,KERALA,ERNAKULAM,KERALA,ERNAKULAM,0,0,0,0,0,0,0,0,0,0,0,0,low,0,no_issue_detected
Kerala,IDUKKI,1997,2014,636,18,40,5,IND_KERALA_IDUKKI,KERALA,IDUKKI,KERALA,IDUKKI,0,0,0,0,0,0,0,0,0,0,0,0,low,0,no_issue_detected
Kerala,KANNUR,1997,2014,500,18,31,5,IND_KERALA_KANNUR,KERALA,KANNUR,KERALA,KANNUR,0,0,0,0,0,0,0,0,0,0,0,0,low,0,no_issue_detected
Kerala,KASARAGOD,1997,2014,558,18,37,5,IND_KERALA_KASARAGOD,KERALA,KASARAGOD,KERALA,KASARAGOD,0,0,0,0,0,0,0,0,0,0,0,0,low,0,no_issue_detected
Kerala,KOLLAM,1997,2014,502,18,33,5,IND_KERALA_KOLLAM,KERALA,KOLLAM,KERALA,KOLLAM,0,0,0,0,0,0,0,0,0,0,0,0,low,0,no_issue_detected
Kerala,KOTTAYAM,1997,2014,532,18,32,5,IND_KERALA_KOTTAYAM,KERALA,KOTTAYAM,KERALA,KOTTAYAM,0,0,0,0,0,0,0,0,0,0,0,0,low,0,no_issue_detected
Kerala,KOZHIKODE,1997,2014,476,18,29,5,IND_KERALA_KOZHIKODE,KERALA,KOZHIKODE,KERALA,KOZHIKODE,0,0,0,0,0,0,0,0,0,0,0,0,low,0,no_issue_detected
Kerala,MALAPPURAM,1997,2014,543,18,34,5,IND_KERALA_MALAPPURAM,KERALA,MALAPPURAM,KERALA,MALAPPURAM,0,0,0,0,0,0,0,0,0,0,0,0,low,0,no_issue_detected
Kerala,PALAKKAD,1997,2014,710,18,42,5,IND_KERALA_PALAKKAD,KERALA,PALAKKAD,KERALA,PALAKKAD,0,0,0,0,0,0,0,0,0,0,0,0,low,0,no_issue_detected
Kerala,PATHANAMTHITTA,1997,2014,515,18,31,5,IND_KERALA_PATHANAMTHITTA,KERALA,PATHANAMTHITTA,KERALA,PATHANAMTHITTA,0,0,0,0,0,0,0,0,0,0,0,0,low,0,no_issue_detected
Kerala,THIRUVANANTHAPURAM,1997,2014,481,18,34,5,IND_KERALA_THIRUVANANTHAPURAM,KERALA,THIRUVANANTHAPURAM,KERALA,THIRUVANANTHAPURAM,0,0,0,0,0,0,0,0,0,0,0,0,low,0,no_issue_detected
Kerala,THRISSUR,1997,2014,510,18,34,5,IND_KERALA_THRISSUR,KERALA,THRISSUR,KERALA,THRISSUR,0,0,0,0,0,0,0,0,0,0,0,0,low,0,no_issue_detected
Kerala,WAYANAD,1997,2014,534,18,37,4,IND_KERALA_WAYANAD,KERALA,WAYANAD,KERALA,WAYANAD,0,0,0,0,0,0,0,0,0,0,0,0,low,0,no_issue_detected
Madhya Pradesh,AGAR MALWA,2013,2014,68,2,30,3,IND_MADHYA_PRADESH_AGAR_MALWA,MADHYA PRADESH,AGAR MALWA,MADHYA PRADESH,AGAR MALWA,0,0,0,0,0,0,0,0,0,0,0,0,low,0,no_issue_detected
Madhya Pradesh,ALIRAJPUR,2008,2014,368,7,32,3,IND_MADHYA_PRADESH_ALIRAJPUR,MADHYA PRADESH,ALIRAJPUR,MADHYA PRADESH,ALIRAJPUR,0,0,0,0,0,0,0,0,0,0,0,0,low,0,no_issue_detected
Madhya Pradesh,ANUPPUR,2002,2014,678,13,50,3,IND_MADHYA_PRADESH_ANUPPUR,MADHYA PRADESH,ANUPPUR,MADHYA PRADESH,ANUPPUR,0,0,0,0,0,0,0,0,0,0,0,0,low,0,no_issue_detected
Madhya Pradesh,ASHOKNAGAR,2003,2014,580,12,47,3,IND_MADHYA_PRADESH_ASHOKNAGAR,MADHYA PRADESH,ASHOKNAGAR,MADHYA PRADESH,ASHOKNAGAR,0,0,0,0,0,0,0,0,0,0,0,0,low,0,no_issue_detected
Madhya Pradesh,BALAGHAT,1997,2014,1130,18,58,3,IND_MADHYA_PRADESH_BALAGHAT,MADHYA PRADESH,BALAGHAT,MADHYA PRADESH,BALAGHAT,0,0,0,0,0,0,0,0,0,0,0,0,low,0,no_issue_detected
Madhya Pradesh,BARWANI,1998,2014,958,17,55,3,IND_MADHYA_PRADESH_BARWANI,MADHYA PRADESH,BARWANI,MADHYA PRADESH,BARWANI,0,0,0,0,0,0,0,0,0,0,0,0,low,0,no_issue_detected
Madhya Pradesh,BASTAR,1997,1999,44,3,25,3,IND_MADHYA_PRADESH_BASTAR,MADHYA PRADESH,BASTAR,MADHYA PRADESH,BASTAR,0,0,0,0,0,0,0,0,1,0,0,1,medium,1,pending
Madhya Pradesh,BETUL,1997,2014,1002,18,56,3,IND_MADHYA_PRADESH_BETUL,MADHYA PRADESH,BETUL,MADHYA PRADESH,BETUL,0,0,0,0,0,0,0,0,0,0,0,0,low,0,no_issue_detected
Madhya Pradesh,BHIND,1997,2014,775,18,50,3,IND_MADHYA_PRADESH_BHIND,MADHYA PRADESH,BHIND,MADHYA PRADESH,BHIND,0,0,0,0,0,0,0,0,0,0,0,0,low,0,no_issue_detected
Madhya Pradesh,BHOPAL,1997,2014,802,18,49,3,IND_MADHYA_PRADESH_BHOPAL,MADHYA PRADESH,BHOPAL,MADHYA PRADESH,BHOPAL,0,0,0,0,0,0,0,0,0,0,0,0,low,0,no_issue_detected
Madhya Pradesh,BILASPUR,1997,1999,44,3,25,3,IND_MADHYA_PRADESH_BILASPUR,MADHYA PRADESH,BILASPUR,MADHYA PRADESH,BILASPUR,0,0,0,0,0,0,0,0,1,0,0,1,medium,1,pending
Madhya Pradesh,BURHANPUR,2003,2014,662,12,51,3,IND_MADHYA_PRADESH_BURHANPUR,MADHYA PRADESH,BURHANPUR,MADHYA PRADESH,BURHANPUR,0,0,0,0,0,0,0,0,0,0,0,0,low,0,no_issue_detected
Madhya Pradesh,CHHATARPUR,1997,2014,1018,18,54,3,IND_MADHYA_PRADESH_CHHATARPUR,MADHYA PRADESH,CHHATARPUR,MADHYA PRADESH,CHHATARPUR,0,0,0,0,0,0,0,0,0,0,0,0,low,0,no_issue_detected
Madhya Pradesh,CHHINDWARA,1997,2014,1131,18,58,3,IND_MADHYA_PRADESH_CHHINDWARA,MADHYA PRADESH,CHHINDWARA,MADHYA PRADESH,CHHINDWARA,0,0,0,0,0,0,0,0,0,0,0,0,low,0,no_issue_detected
Madhya Pradesh,DAMOH,1997,2014,975,18,52,3,IND_MADHYA_PRADESH_DAMOH,MADHYA PRADESH,DAMOH,MADHYA PRADESH,DAMOH,0,0,0,0,0,0,0,0,0,0,0,0,low,0,no_issue_detected
Madhya Pradesh,DANTEWADA,1998,1999,31,2,24,3,IND_MADHYA_PRADESH_DANTEWADA,MADHYA PRADESH,DANTEWADA,MADHYA PRADESH,DANTEWADA,0,0,0,0,0,0,0,0,1,0,0,1,medium,1,pending
Madhya Pradesh,DATIA,1997,2014,855,18,50,3,IND_MADHYA_PRADESH_DATIA,MADHYA PRADESH,DATIA,MADHYA PRADESH,DATIA,0,0,0,0,0,0,0,0,0,0,0,0,low,0,no_issue_detected
Madhya Pradesh,DEWAS,1997,2014,919,18,55,3,IND_MADHYA_PRADESH_DEWAS,MADHYA PRADESH,DEWAS,MADHYA PRADESH,DEWAS,0,0,0,0,0,0,0,0,0,0,0,0,low,0,no_issue_detected
Madhya Pradesh,DHAMTARI,1998,1999,28,2,20,3,IND_MADHYA_PRADESH_DHAMTARI,MADHYA PRADESH,DHAMTARI,MADHYA PRADESH,DHAMTARI,0,0,0,0,0,0,0,0,1,0,0,1,medium,1,pending
Madhya Pradesh,DHAR,1997,2014,1095,18,59,3,IND_MADHYA_PRADESH_DHAR,MADHYA PRADESH,DHAR,MADHYA PRADESH,DHAR,0,0,0,0,0,0,0,0,0,0,0,0,low,0,no_issue_detected
Madhya Pradesh,DINDORI,1998,2014,806,17,43,3,IND_MADHYA_PRADESH_DINDORI,MADHYA PRADESH,DINDORI,MADHYA PRADESH,DINDORI,0,0,0,0,0,0,0,0,0,0,0,0,low,0,no_issue_detected
Madhya Pradesh,DURG,1997,1999,43,3,23,3,IND_MADHYA_PRADESH_DURG,MADHYA PRADESH,DURG,MADHYA PRADESH,DURG,0,0,0,0,0,0,0,0,1,0,0,1,medium,1,pending
Madhya Pradesh,GUNA,1997,2014,880,18,50,3,IND_MADHYA_PRADESH_GUNA,MADHYA PRADESH,GUNA,MADHYA PRADESH,GUNA,0,0,0,0,0,0,0,0,0,0,0,0,low,0,no_issue_detected
Madhya Pradesh,GWALIOR,1997,2014,783,18,45,3,IND_MADHYA_PRADESH_GWALIOR,MADHYA PRADESH,GWALIOR,MADHYA PRADESH,GWALIOR,0,0,0,0,0,0,0,0,0,0,0,0,low,0,no_issue_detected
Madhya Pradesh,HARDA,1998,2014,928,17,55,3,IND_MADHYA_PRADESH_HARDA,MADHYA PRADESH,HARDA,MADHYA PRADESH,HARDA,0,0,0,0,0,0,0,0,0,0,0,0,low,0,no_issue_detected
Madhya Pradesh,HOSHANGABAD,1997,2014,1060,18,60,3,IND_MADHYA_PRADESH_HOSHANGABAD,MADHYA PRADESH,HOSHANGABAD,MADHYA PRADESH,HOSHANGABAD,0,0,0,0,0,0,0,0,0,0,0,0,low,0,no_issue_detected
Madhya Pradesh,INDORE,1997,2014,810,18,50,3,IND_MADHYA_PRADESH_INDORE,MADHYA PRADESH,INDORE,MADHYA PRADESH,INDORE,0,0,0,0,0,0,0,0,0,0,0,0,low,0,no_issue_detected
Madhya Pradesh,JABALPUR,1997,2014,987,18,54,3,IND_MADHYA_PRADESH_JABALPUR,MADHYA PRADESH,JABALPUR,MADHYA PRADESH,JABALPUR,0,0,0,0,0,0,0,0,0,0,0,0,low,0,no_issue_detected
Madhya Pradesh,JANJGIR-CHAMPA,1998,1999,29,2,21,3,IND_MADHYA_PRADESH_JANJGIR_CHAMPA,MADHYA PRADESH,JANJGIR-CHAMPA,MADHYA PRADESH,JANJGIRCHAMPA,0,0,0,0,0,0,0,0,1,0,0,1,medium,1,pending
Madhya Pradesh,JASHPUR,1998,1999,30,2,22,3,IND_MADHYA_PRADESH_JASHPUR,MADHYA PRADESH,JASHPUR,MADHYA PRADESH,JASHPUR,0,0,0,0,0,0,0,0,1,0,0,1,medium,1,pending
Madhya Pradesh,JHABUA,1997,2014,942,18,54,3,IND_MADHYA_PRADESH_JHABUA,MADHYA PRADESH,JHABUA,MADHYA PRADESH,JHABUA,0,0,0,0,0,0,0,0,0,0,0,0,low,0,no_issue_detected
Madhya Pradesh,KABIRDHAM,1998,1998,12,1,12,3,IND_MADHYA_PRADESH_KABIRDHAM,MADHYA PRADESH,KABIRDHAM,MADHYA PRADESH,KABIRDHAM,0,0,0,0,0,0,0,0,1,0,0,1,medium,1,pending
Madhya Pradesh,KANKER,1998,1999,31,2,23,3,IND_MADHYA_PRADESH_KANKER,MADHYA PRADESH,KANKER,MADHYA PRADESH,KANKER,0,0,0,0,0,0,0,0,1,0,0,1,medium,1,pending
Madhya Pradesh,KATNI,1998,2014,923,17,52,3,IND_MADHYA_PRADESH_KATNI,MADHYA PRADESH,KATNI,MADHYA PRADESH,KATNI,0,0,0,0,0,0,0,0,0,0,0,0,low,0,no_issue_detected
Madhya Pradesh,KHANDWA,1997,2014,1123,18,62,3,IND_MADHYA_PRADESH_KHANDWA,MADHYA PRADESH,KHANDWA,MADHYA PRADESH,KHANDWA,0,0,0,0,0,0,0,0,0,0,0,0,low,0,no_issue_detected
Madhya Pradesh,KHARGONE,1997,2014,1012,18,58,3,IND_MADHYA_PRADESH_KHARGONE,MADHYA PRADESH,KHARGONE,MADHYA PRADESH,KHARGONE,0,0,0,0,0,0,0,0,0,0,0,0,low,0,no_issue_detected
Madhya Pradesh,KORBA,1998,1999,29,2,21,3,IND_MADHYA_PRADESH_KORBA,MADHYA PRADESH,KORBA,MADHYA PRADESH,KORBA,0,0,0,0,0,0,0,0,1,0,0,1,medium,1,pending
Madhya Pradesh,KOREA,1998,1999,29,2,22,3,IND_MADHYA_PRADESH_KOREA,MADHYA PRADESH,KOREA,MADHYA PRADESH,KOREA,0,0,0,0,0,0,0,0,1,0,0,1,medium,1,pending
Madhya Pradesh,MAHASAMUND,1998,1999,29,2,21,3,IND_MADHYA_PRADESH_MAHASAMUND,MADHYA PRADESH,MAHASAMUND,MADHYA PRADESH,MAHASAMUND,0,0,0,0,0,0,0,0,1,0,0,1,medium,1,pending
Madhya Pradesh,MANDLA,1997,2014,953,18,48,3,IND_MADHYA_PRADESH_MANDLA,MADHYA PRADESH,MANDLA,MADHYA PRADESH,MANDLA,0,0,0,0,0,0,0,0,0,0,0,0,low,0,no_issue_detected
Madhya Pradesh,MANDSAUR,1997,2014,866,18,55,3,IND_MADHYA_PRADESH_MANDSAUR,MADHYA PRADESH,MANDSAUR,MADHYA PRADESH,MANDSAUR,0,0,0,0,0,0,0,0,0,0,0,0,low,0,no_issue_detected
Madhya Pradesh,MORENA,1997,2014,766,18,43,3,IND_MADHYA_PRADESH_MORENA,MADHYA PRADESH,MORENA,MADHYA PRADESH,MORENA,0,0,0,0,0,0,0,0,0,0,0,0,low,0,no_issue_detected
Madhya Pradesh,NARSINGHPUR,1997,2014,972,18,54,3,IND_MADHYA_PRADESH_NARSINGHPUR,MADHYA PRADESH,NARSINGHPUR,MADHYA PRADESH,NARSINGHPUR,0,0,0,0,0,0,0,0,0,0,0,0,low,0,no_issue_detected
Madhya Pradesh,NEEMUCH,1998,2014,802,17,51,3,IND_MADHYA_PRADESH_NEEMUCH,MADHYA PRADESH,NEEMUCH,MADHYA PRADESH,NEEMUCH,0,0,0,0,0,0,0,0,0,0,0,0,low,0,no_issue_detected
Madhya Pradesh,PANNA,1997,2014,956,18,55,3,IND_MADHYA_PRADESH_PANNA,MADHYA PRADESH,PANNA,MADHYA PRADESH,PANNA,0,0,0,0,0,0,0,0,0,0,0,0,low,0,no_issue_detected
Madhya Pradesh,RAIPUR,1997,1999,46,3,25,3,IND_MADHYA_PRADESH_RAIPUR,MADHYA PRADESH,RAIPUR,MADHYA PRADESH,RAIPUR,0,0,0,0,0,0,0,0,1,0,0,1,medium,1,pending
Madhya Pradesh,RAISEN,1997,2014,949,18,54,3,IND_MADHYA_PRADESH_RAISEN,MADHYA PRADESH,RAISEN,MADHYA PRADESH,RAISEN,0,0,0,0,0,0,0,0,0,0,0,0,low,0,no_issue_detected
Madhya Pradesh,RAJGARH,1997,2014,835,18,58,3,IND_MADHYA_PRADESH_RAJGARH,MADHYA PRADESH,RAJGARH,MADHYA PRADESH,RAJGARH,0,0,0,0,0,0,0,0,0,0,0,0,low,0,no_issue_detected
Madhya Pradesh,RAJNANDGAON,1997,1999,45,3,26,3,IND_MADHYA_PRADESH_RAJNANDGAON,MADHYA PRADESH,RAJNANDGAON,MADHYA PRADESH,RAJNANDGAON,0,0,0,0,0,0,0,0,1,0,0,1,medium,1,pending
Madhya Pradesh,RATLAM,1997,2014,976,18,57,3,IND_MADHYA_PRADESH_RATLAM,MADHYA PRADESH,RATLAM,MADHYA PRADESH,RATLAM,0,0,0,0,0,0,0,0,0,0,0,0,low,0,no_issue_detected
Madhya Pradesh,REWA,1997,2014,996,18,56,3,IND_MADHYA_PRADESH_REWA,MADHYA PRADESH,REWA,MADHYA PRADESH,REWA,0,0,0,0,0,0,0,0,0,0,0,0,low,0,no_issue_detected
Madhya Pradesh,SAGAR,1997,2014,1036,18,57,3,IND_MADHYA_PRADESH_SAGAR,MADHYA PRADESH,SAGAR,MADHYA PRADESH,SAGAR,0,0,0,0,0,0,0,0,0,0,0,0,low,0,no_issue_detected
Madhya Pradesh,SATNA,1997,2014,976,18,56,3,IND_MADHYA_PRADESH_SATNA,MADHYA PRADESH,SATNA,MADHYA PRADESH,SATNA,0,0,0,0,0,0,0,0,0,0,0,0,low,0,no_issue_detected
Madhya Pradesh,SEHORE,1997,2014,886,18,51,3,IND_MADHYA_PRADESH_SEHORE,MADHYA PRADESH,SEHORE,MADHYA PRADESH,SEHORE,0,0,0,0,0,0,0,0,0,0,0,0,low,0,no_issue_detected
Madhya Pradesh,SEONI,1997,2014,1067,18,58,3,IND_MADHYA_PRADESH_SEONI,MADHYA PRADESH,SEONI,MADHYA PRADESH,SEONI,0,0,0,0,0,0,0,0,0,0,0,0,low,0,no_issue_detected
Madhya Pradesh,SHAHDOL,1997,2014,1004,18,58,3,IND_MADHYA_PRADESH_SHAHDOL,MADHYA PRADESH,SHAHDOL,MADHYA PRADESH,SHAHDOL,0,0,0,0,0,0,0,0,0,0,0,0,low,0,no_issue_detected
Madhya Pradesh,SHAJAPUR,1997,2014,882,18,54,3,IND_MADHYA_PRADESH_SHAJAPUR,MADHYA PRADESH,SHAJAPUR,MADHYA PRADESH,SHAJAPUR,0,0,0,0,0,0,0,0,0,0,0,0,low,0,no_issue_detected
Madhya Pradesh,SHEOPUR,1998,2014,736,17,42,3,IND_MADHYA_PRADESH_SHEOPUR,MADHYA PRADESH,SHEOPUR,MADHYA PRADESH,SHEOPUR,0,0,0,0,0,0,0,0,0,0,0,0,low,0,no_issue_detected
Madhya Pradesh,SHIVPURI,1997,2014,948,18,54,3,IND_MADHYA_PRADESH_SHIVPURI,MADHYA PRADESH,SHIVPURI,MADHYA PRADESH,SHIVPURI,0,0,0,0,0,0,0,0,0,0,0,0,low,0,no_issue_detected
Madhya Pradesh,SIDHI,1997,2014,976,18,55,3,IND_MADHYA_PRADESH_SIDHI,MADHYA PRADESH,SIDHI,MADHYA PRADESH,SIDHI,0,0,0,0,0,0,0,0,0,0,0,0,low,0,no_issue_detected
Madhya Pradesh,SINGRAULI,2008,2014,373,7,35,3,IND_MADHYA_PRADESH_SINGRAULI,MADHYA PRADESH,SINGRAULI,MADHYA PRADESH,SINGRAULI,0,0,0,0,0,0,0,0,0,0,0,0,low,0,no_issue_detected
Madhya Pradesh,SURGUJA,1997,1999,45,3,25,3,IND_MADHYA_PRADESH_SURGUJA,MADHYA PRADESH,SURGUJA,MADHYA PRADESH,SURGUJA,0,0,0,0,0,0,0,0,1,0,0,1,medium,1,pending
Madhya Pradesh,TIKAMGARH,1997,2014,957,18,53,3,IND_MADHYA_PRADESH_TIKAMGARH,MADHYA PRADESH,TIKAMGARH,MADHYA PRADESH,TIKAMGARH,0,0,0,0,0,0,0,0,0,0,0,0,low,0,no_issue_detected
Madhya Pradesh,UJJAIN,1997,2014,888,18,57,3,IND_MADHYA_PRADESH_UJJAIN,MADHYA PRADESH,UJJAIN,MADHYA PRADESH,UJJAIN,0,0,0,0,0,0,0,0,0,0,0,0,low,0,no_issue_detected
Madhya Pradesh,UMARIA,1998,2014,866,17,48,3,IND_MADHYA_PRADESH_UMARIA,MADHYA PRADESH,UMARIA,MADHYA PRADESH,UMARIA,0,0,0,0,0,0,0,0,0,0,0,0,low,0,no_issue_detected
Madhya Pradesh,VIDISHA,1997,2014,872,18,52,3,IND_MADHYA_PRADESH_VIDISHA,MADHYA PRADESH,VIDISHA,MADHYA PRADESH,VIDISHA,0,0,0,0,0,0,0,0,0,0,0,0,low,0,no_issue_detected
Maharashtra,AHMEDNAGAR,1997,2014,1010,18,35,5,IND_MAHARASHTRA_AHMEDNAGAR,MAHARASHTRA,AHMEDNAGAR,MAHARASHTRA,AHMEDNAGAR,0,0,0,0,0,0,0,0,0,0,0,0,low,0,no_issue_detected
Maharashtra,AKOLA,1997,2014,722,18,31,4,IND_MAHARASHTRA_AKOLA,MAHARASHTRA,AKOLA,MAHARASHTRA,AKOLA,0,0,0,0,0,0,0,0,0,0,0,0,low,0,no_issue_detected
Maharashtra,AMRAVATI,1997,2014,820,18,34,4,IND_MAHARASHTRA_AMRAVATI,MAHARASHTRA,AMRAVATI,MAHARASHTRA,AMRAVATI,0,0,0,0,0,0,0,0,0,0,0,0,low,0,no_issue_detected
Maharashtra,AURANGABAD,1997,2014,879,18,32,4,IND_MAHARASHTRA_AURANGABAD,MAHARASHTRA,AURANGABAD,MAHARASHTRA,AURANGABAD,0,0,0,0,0,0,0,0,1,0,0,1,medium,1,pending
Maharashtra,BEED,1997,2014,964,18,34,4,IND_MAHARASHTRA_BEED,MAHARASHTRA,BEED,MAHARASHTRA,BEED,0,0,0,0,0,0,0,0,0,0,0,0,low,0,no_issue_detected
Maharashtra,BHANDARA,1997,2014,585,18,29,4,IND_MAHARASHTRA_BHANDARA,MAHARASHTRA,BHANDARA,MAHARASHTRA,BHANDARA,0,0,0,0,0,0,0,0,0,0,0,0,low,0,no_issue_detected
Maharashtra,BULDHANA,1997,2014,826,18,34,4,IND_MAHARASHTRA_BULDHANA,MAHARASHTRA,BULDHANA,MAHARASHTRA,BULDHANA,0,0,0,0,0,0,0,0,0,0,0,0,low,0,no_issue_detected
Maharashtra,CHANDRAPUR,1997,2014,678,18,31,4,IND_MAHARASHTRA_CHANDRAPUR,MAHARASHTRA,CHANDRAPUR,MAHARASHTRA,CHANDRAPUR,0,0,0,0,0,0,0,0,0,0,0,0,low,0,no_issue_detected
Maharashtra,DHULE,1997,2014,868,18,34,5,IND_MAHARASHTRA_DHULE,MAHARASHTRA,DHULE,MAHARASHTRA,DHULE,0,0,0,0,0,0,0,0,0,0,0,0,low,0,no_issue_detected
Maharashtra,GADCHIROLI,1997,2014,629,18,28,4,IND_MAHARASHTRA_GADCHIROLI,MAHARASHTRA,GADCHIROLI,MAHARASHTRA,GADCHIROLI,0,0,0,0,0,0,0,0,0,0,0,0,low,0,no_issue_detected
Maharashtra,GONDIA,1999,2014,472,16,25,4,IND_MAHARASHTRA_GONDIA,MAHARASHTRA,GONDIA,MAHARASHTRA,GONDIA,0,0,0,0,0,0,0,0,0,0,0,0,low,0,no_issue_detected
Maharashtra,HINGOLI,1999,2014,786,16,30,4,IND_MAHARASHTRA_HINGOLI,MAHARASHTRA,HINGOLI,MAHARASHTRA,HINGOLI,0,0,0,0,0,0,0,0,0,0,0,0,low,0,no_issue_detected
Maharashtra,JALGAON,1997,2014,828,18,32,5,IND_MAHARASHTRA_JALGAON,MAHARASHTRA,JALGAON,MAHARASHTRA,JALGAON,0,0,0,0,0,0,0,0,0,0,0,0,low,0,no_issue_detected
Maharashtra,JALNA,1997,2014,883,18,34,4,IND_MAHARASHTRA_JALNA,MAHARASHTRA,JALNA,MAHARASHTRA,JALNA,0,0,0,0,0,0,0,0,0,0,0,0,low,0,no_issue_detected
Maharashtra,KOLHAPUR,1997,2014,855,18,32,4,IND_MAHARASHTRA_KOLHAPUR,MAHARASHTRA,KOLHAPUR,MAHARASHTRA,KOLHAPUR,0,0,0,0,0,0,0,0,0,0,0,0,low,0,no_issue_detected
Maharashtra,LATUR,1997,2014,970,18,32,4,IND_MAHARASHTRA_LATUR,MAHARASHTRA,LATUR,MAHARASHTRA,LATUR,0,0,0,0,0,0,0,0,0,0,0,0,low,0,no_issue_detected
Maharashtra,MUMBAI,1997,1997,2,1,1,1,IND_MAHARASHTRA_MUMBAI,MAHARASHTRA,MUMBAI,MAHARASHTRA,MUMBAI,0,0,0,0,0,0,0,0,0,0,0,0,low,0,no_issue_detected
Maharashtra,NAGPUR,1997,2014,789,18,32,4,IND_MAHARASHTRA_NAGPUR,MAHARASHTRA,NAGPUR,MAHARASHTRA,NAGPUR,0,0,0,0,0,0,0,0,0,0,0,0,low,0,no_issue_detected
Maharashtra,NANDED,1997,2014,950,18,33,4,IND_MAHARASHTRA_NANDED,MAHARASHTRA,NANDED,MAHARASHTRA,NANDED,0,0,0,0,0,0,0,0,0,0,0,0,low,0,no_issue_detected
Maharashtra,NANDURBAR,1999,2014,786,16,30,4,IND_MAHARASHTRA_NANDURBAR,MAHARASHTRA,NANDURBAR,MAHARASHTRA,NANDURBAR,0,0,0,0,0,0,0,0,0,0,0,0,low,0,no_issue_detected
Maharashtra,NASHIK,1997,2014,946,18,34,5,IND_MAHARASHTRA_NASHIK,MAHARASHTRA,NASHIK,MAHARASHTRA,NASHIK,0,0,0,0,0,0,0,0,0,0,0,0,low,0,no_issue_detected
Maharashtra,OSMANABAD,1997,2014,962,18,34,5,IND_MAHARASHTRA_OSMANABAD,MAHARASHTRA,OSMANABAD,MAHARASHTRA,OSMANABAD,0,0,0,0,0,0,0,0,0,0,0,0,low,0,no_issue_detected
Maharashtra,PALGHAR,2005,2014,23,3,12,3,IND_MAHARASHTRA_PALGHAR,MAHARASHTRA,PALGHAR,MAHARASHTRA,PALGHAR,0,0,0,0,0,0,0,0,0,0,0,0,low,0,no_issue_detected
Maharashtra,PARBHANI,1997,2014,971,18,34,4,IND_MAHARASHTRA_PARBHANI,MAHARASHTRA,PARBHANI,MAHARASHTRA,PARBHANI,0,0,0,0,0,0,0,0,0,0,0,0,low,0,no_issue_detected
Maharashtra,PUNE,1997,2014,1013,18,34,5,IND_MAHARASHTRA_PUNE,MAHARASHTRA,PUNE,MAHARASHTRA,PUNE,0,0,0,0,0,0,0,0,0,0,0,0,low,0,no_issue_detected
Maharashtra,RAIGAD,1997,2014,492,18,22,4,IND_MAHARASHTRA_RAIGAD,MAHARASHTRA,RAIGAD,MAHARASHTRA,RAIGAD,0,0,0,0,0,0,0,0,0,0,0,0,low,0,no_issue_detected
Maharashtra,RATNAGIRI,1997,2014,445,18,21,4,IND_MAHARASHTRA_RATNAGIRI,MAHARASHTRA,RATNAGIRI,MAHARASHTRA,RATNAGIRI,0,0,0,0,0,0,0,0,0,0,0,0,low,0,no_issue_detected
Maharashtra,SANGLI,1997,2014,929,18,33,4,IND_MAHARASHTRA_SANGLI,MAHARASHTRA,SANGLI,MAHARASHTRA,SANGLI,0,0,0,0,0,0,0,0,0,0,0,0,low,0,no_issue_detected
Maharashtra,SATARA,1997,2014,985,18,34,4,IND_MAHARASHTRA_SATARA,MAHARASHTRA,SATARA,MAHARASHTRA,SATARA,0,0,0,0,0,0,0,0,0,0,0,0,low,0,no_issue_detected
Maharashtra,SINDHUDURG,1997,2014,426,18,20,4,IND_MAHARASHTRA_SINDHUDURG,MAHARASHTRA,SINDHUDURG,MAHARASHTRA,SINDHUDURG,0,0,0,0,0,0,0,0,0,0,0,0,low,0,no_issue_detected
Maharashtra,SOLAPUR,1997,2014,938,18,34,4,IND_MAHARASHTRA_SOLAPUR,MAHARASHTRA,SOLAPUR,MAHARASHTRA,SOLAPUR,0,0,0,0,0,0,0,0,0,0,0,0,low,0,no_issue_detected
Maharashtra,THANE,1997,2014,569,18,24,4,IND_MAHARASHTRA_THANE,MAHARASHTRA,THANE,MAHARASHTRA,THANE,0,0,0,0,0,0,0,0,0,0,0,0,low,0,no_issue_detected
Maharashtra,WARDHA,1997,2014,653,18,33,4,IND_MAHARASHTRA_WARDHA,MAHARASHTRA,WARDHA,MAHARASHTRA,WARDHA,0,0,0,0,0,0,0,0,0,0,0,0,low,0,no_issue_detected
Maharashtra,WASHIM,1999,2014,616,16,29,4,IND_MAHARASHTRA_WASHIM,MAHARASHTRA,WASHIM,MAHARASHTRA,WASHIM,0,0,0,0,0,0,0,0,0,0,0,0,low,0,no_issue_detected
Maharashtra,YAVATMAL,1997,2014,713,18,34,4,IND_MAHARASHTRA_YAVATMAL,MAHARASHTRA,YAVATMAL,MAHARASHTRA,YAVATMAL,0,0,0,0,0,0,0,0,0,0,0,0,low,0,no_issue_detected
Manipur,BISHNUPUR,1997,2014,419,18,45,6,IND_MANIPUR_BISHNUPUR,MANIPUR,BISHNUPUR,MANIPUR,BISHNUPUR,0,0,0,0,0,0,0,0,0,0,0,0,low,0,no_issue_detected
Manipur,CHANDEL,1997,2014,437,18,45,6,IND_MANIPUR_CHANDEL,MANIPUR,CHANDEL,MANIPUR,CHANDEL,0,0,0,0,0,0,0,0,0,0,0,0,low,0,no_issue_detected
Manipur,CHURACHANDPUR,1997,2014,418,18,47,6,IND_MANIPUR_CHURACHANDPUR,MANIPUR,CHURACHANDPUR,MANIPUR,CHURACHANDPUR,0,0,0,0,0,0,0,0,0,0,0,0,low,0,no_issue_detected
Manipur,IMPHAL EAST,1997,2014,374,18,46,6,IND_MANIPUR_IMPHAL_EAST,MANIPUR,IMPHAL EAST,MANIPUR,IMPHAL EAST,0,0,0,0,0,0,0,0,0,0,0,0,low,0,no_issue_detected
Manipur,IMPHAL WEST,1997,2014,367,18,43,6,IND_MANIPUR_IMPHAL_WEST,MANIPUR,IMPHAL WEST,MANIPUR,IMPHAL WEST,0,0,0,0,0,0,0,0,0,0,0,0,low,0,no_issue_detected
Manipur,SENAPATI,1997,2014,449,18,45,6,IND_MANIPUR_SENAPATI,MANIPUR,SENAPATI,MANIPUR,SENAPATI,0,0,0,0,0,0,0,0,0,0,0,0,low,0,no_issue_detected
Manipur,TAMENGLONG,1997,2014,349,18,43,6,IND_MANIPUR_TAMENGLONG,MANIPUR,TAMENGLONG,MANIPUR,TAMENGLONG,0,0,0,0,0,0,0,0,0,0,0,0,low,0,no_issue_detected
Manipur,THOUBAL,1997,2014,379,18,43,6,IND_MANIPUR_THOUBAL,MANIPUR,THOUBAL,MANIPUR,THOUBAL,0,0,0,0,0,0,0,0,0,0,0,0,low,0,no_issue_detected
Manipur,UKHRUL,1997,2014,392,18,43,6,IND_MANIPUR_UKHRUL,MANIPUR,UKHRUL,MANIPUR,UKHRUL,0,0,0,0,0,0,0,0,0,0,0,0,low,0,no_issue_detected
Meghalaya,EAST GARO HILLS,1997,2014,936,18,39,6,IND_MEGHALAYA_EAST_GARO_HILLS,MEGHALAYA,EAST GARO HILLS,MEGHALAYA,EAST GARO HILLS,0,0,0,0,0,0,0,0,0,0,0,0,low,0,no_issue_detected
Meghalaya,EAST JAINTIA HILLS,1997,2014,650,18,30,6,IND_MEGHALAYA_EAST_JAINTIA_HILLS,MEGHALAYA,EAST JAINTIA HILLS,MEGHALAYA,EAST JAINTIA HILLS,0,0,0,0,0,0,0,0,0,0,0,0,low,0,no_issue_detected
Meghalaya,EAST KHASI HILLS,1997,2014,607,18,29,6,IND_MEGHALAYA_EAST_KHASI_HILLS,MEGHALAYA,EAST KHASI HILLS,MEGHALAYA,EAST KHASI HILLS,0,0,0,0,0,0,0,0,0,0,0,0,low,0,no_issue_detected
Meghalaya,NORTH GARO HILLS,2013,2014,117,2,30,6,IND_MEGHALAYA_NORTH_GARO_HILLS,MEGHALAYA,NORTH GARO HILLS,MEGHALAYA,NORTH GARO HILLS,0,0,0,0,0,0,0,0,0,0,0,0,low,0,no_issue_detected
Meghalaya,RI BHOI,1997,2014,603,18,30,6,IND_MEGHALAYA_RI_BHOI,MEGHALAYA,RI BHOI,MEGHALAYA,RI BHOI,0,0,0,0,0,0,0,0,0,0,0,0,low,0,no_issue_detected
Meghalaya,SOUTH GARO HILLS,1997,2014,868,18,37,6,IND_MEGHALAYA_SOUTH_GARO_HILLS,MEGHALAYA,SOUTH GARO HILLS,MEGHALAYA,SOUTH GARO HILLS,0,0,0,0,0,0,0,0,0,0,0,0,low,0,no_issue_detected
Meghalaya,SOUTH WEST GARO HILLS,2013,2014,121,2,31,6,IND_MEGHALAYA_SOUTH_WEST_GARO_HILLS,MEGHALAYA,SOUTH WEST GARO HILLS,MEGHALAYA,SOUTH WEST GARO HILLS,0,0,0,0,0,0,0,0,0,0,0,0,low,0,no_issue_detected
Meghalaya,SOUTH WEST KHASI HILLS,2013,2014,73,2,19,6,IND_MEGHALAYA_SOUTH_WEST_KHASI_HILLS,MEGHALAYA,SOUTH WEST KHASI HILLS,MEGHALAYA,SOUTH WEST KHASI HILLS,0,0,0,0,0,0,0,0,0,0,0,0,low,0,no_issue_detected
Meghalaya,WEST GARO HILLS,1997,2014,964,18,40,6,IND_MEGHALAYA_WEST_GARO_HILLS,MEGHALAYA,WEST GARO HILLS,MEGHALAYA,WEST GARO HILLS,0,0,0,0,0,0,0,0,0,0,0,0,low,0,no_issue_detected
Meghalaya,WEST JAINTIA HILLS,2013,2014,77,2,20,6,IND_MEGHALAYA_WEST_JAINTIA_HILLS,MEGHALAYA,WEST JAINTIA HILLS,MEGHALAYA,WEST JAINTIA HILLS,0,0,0,0,0,0,0,0,0,0,0,0,low,0,no_issue_detected
Meghalaya,WEST KHASI HILLS,1997,2014,683,18,31,6,IND_MEGHALAYA_WEST_KHASI_HILLS,MEGHALAYA,WEST KHASI HILLS,MEGHALAYA,WEST KHASI HILLS,0,0,0,0,0,0,0,0,0,0,0,0,low,0,no_issue_detected
Mizoram,AIZAWL,1997,2014,427,18,26,4,IND_MIZORAM_AIZAWL,MIZORAM,AIZAWL,MIZORAM,AIZAWL,0,0,0,0,0,0,0,0,0,0,0,0,low,0,no_issue_detected
Mizoram,CHAMPHAI,1997,2014,348,18,21,4,IND_MIZORAM_CHAMPHAI,MIZORAM,CHAMPHAI,MIZORAM,CHAMPHAI,0,0,0,0,0,0,0,0,0,0,0,0,low,0,no_issue_detected
Mizoram,KOLASIB,1997,2014,437,18,24,4,IND_MIZORAM_KOLASIB,MIZORAM,KOLASIB,MIZORAM,KOLASIB,0,0,0,0,0,0,0,0,0,0,0,0,low,0,no_issue_detected
Mizoram,LAWNGTLAI,2004,2014,184,11,20,4,IND_MIZORAM_LAWNGTLAI,MIZORAM,LAWNGTLAI,MIZORAM,LAWNGTLAI,0,0,0,0,0,0,0,0,0,0,0,0,low,0,no_issue_detected
Mizoram,LUNGLEI,1997,2014,449,18,25,4,IND_MIZORAM_LUNGLEI,MIZORAM,LUNGLEI,MIZORAM,LUNGLEI,0,0,0,0,0,0,0,0,0,0,0,0,low,0,no_issue_detected
Mizoram,MAMIT,2003,2014,287,12,23,4,IND_MIZORAM_MAMIT,MIZORAM,MAMIT,MIZORAM,MAMIT,0,0,0,0,0,0,0,0,0,0,0,0,low,0,no_issue_detected
Mizoram,SAIHA,2003,2014,188,12,20,4,IND_MIZORAM_SAIHA,MIZORAM,SAIHA,MIZORAM,SAIHA,0,0,0,0,0,0,0,0,0,0,0,0,low,0,no_issue_detected
Mizoram,SERCHHIP,2004,2014,136,11,14,4,IND_MIZORAM_SERCHHIP,MIZORAM,SERCHHIP,MIZORAM,SERCHHIP,0,0,0,0,0,0,0,0,0,0,0,0,low,0,no_issue_detected
Nagaland,DIMAPUR,2000,2014,822,15,44,3,IND_NAGALAND_DIMAPUR,NAGALAND,DIMAPUR,NAGALAND,DIMAPUR,0,0,0,0,0,0,0,0,0,0,0,0,low,0,no_issue_detected
Nagaland,KIPHIRE,2008,2014,342,7,40,2,IND_NAGALAND_KIPHIRE,NAGALAND,KIPHIRE,NAGALAND,KIPHIRE,0,0,0,0,0,0,0,0,0,0,0,0,low,0,no_issue_detected
Nagaland,KOHIMA,1997,2014,848,18,47,3,IND_NAGALAND_KOHIMA,NAGALAND,KOHIMA,NAGALAND,KOHIMA,0,0,0,0,0,0,0,0,0,0,0,0,low,0,no_issue_detected
Nagaland,LONGLENG,2008,2014,306,7,39,2,IND_NAGALAND_LONGLENG,NAGALAND,LONGLENG,NAGALAND,LONGLENG,0,0,0,0,0,0,0,0,0,0,0,0,low,0,no_issue_detected
Nagaland,MOKOKCHUNG,1997,2014,856,18,48,3,IND_NAGALAND_MOKOKCHUNG,NAGALAND,MOKOKCHUNG,NAGALAND,MOKOKCHUNG,0,0,0,0,0,0,0,0,0,0,0,0,low,0,no_issue_detected
Nagaland,MON,1997,2014,867,18,49,3,IND_NAGALAND_MON,NAGALAND,MON,NAGALAND,MON,0,0,0,0,0,0,0,0,0,0,0,0,low,0,no_issue_detected
Nagaland,PEREN,2008,2014,354,7,35,2,IND_NAGALAND_PEREN,NAGALAND,PEREN,NAGALAND,PEREN,0,0,0,0,0,0,0,0,0,0,0,0,low,0,no_issue_detected
Nagaland,PHEK,1997,2014,830,18,46,3,IND_NAGALAND_PHEK,NAGALAND,PHEK,NAGALAND,PHEK,0,0,0,0,0,0,0,0,0,0,0,0,low,0,no_issue_detected
Nagaland,TUENSANG,1997,2014,774,18,47,3,IND_NAGALAND_TUENSANG,NAGALAND,TUENSANG,NAGALAND,TUENSANG,0,0,0,0,0,0,0,0,0,0,0,0,low,0,no_issue_detected
Nagaland,WOKHA,1997,2014,898,18,48,3,IND_NAGALAND_WOKHA,NAGALAND,WOKHA,NAGALAND,WOKHA,0,0,0,0,0,0,0,0,0,0,0,0,low,0,no_issue_detected
Nagaland,ZUNHEBOTO,1997,2014,808,18,45,3,IND_NAGALAND_ZUNHEBOTO,NAGALAND,ZUNHEBOTO,NAGALAND,ZUNHEBOTO,0,0,0,0,0,0,0,0,0,0,0,0,low,0,no_issue_detected
Odisha,ANUGUL,1997,2014,947,18,35,6,IND_ODISHA_ANUGUL,ODISHA,ANUGUL,ODISHA,ANUGUL,0,0,0,0,0,0,0,0,0,0,0,0,low,0,no_issue_detected
Odisha,BALANGIR,1997,2014,991,18,38,6,IND_ODISHA_BALANGIR,ODISHA,BALANGIR,ODISHA,BALANGIR,0,0,0,0,0,0,0,0,0,0,0,0,low,0,no_issue_detected
Odisha,BALESHWAR,1997,2014,727,18,32,6,IND_ODISHA_BALESHWAR,ODISHA,BALESHWAR,ODISHA,BALESHWAR,0,0,0,0,0,0,0,0,0,0,0,0,low,0,no_issue_detected
Odisha,BARGARH,1997,2014,879,18,34,6,IND_ODISHA_BARGARH,ODISHA,BARGARH,ODISHA,BARGARH,0,0,0,0,0,0,0,0,0,0,0,0,low,0,no_issue_detected
Odisha,BHADRAK,1997,2014,653,18,28,6,IND_ODISHA_BHADRAK,ODISHA,BHADRAK,ODISHA,BHADRAK,0,0,0,0,0,0,0,0,0,0,0,0,low,0,no_issue_detected
Odisha,BOUDH,1997,2014,909,18,34,6,IND_ODISHA_BOUDH,ODISHA,BOUDH,ODISHA,BOUDH,0,0,0,0,0,0,0,0,0,0,0,0,low,0,no_issue_detected
Odisha,CUTTACK,1997,2014,927,18,33,6,IND_ODISHA_CUTTACK,ODISHA,CUTTACK,ODISHA,CUTTACK,0,0,0,0,0,0,0,0,0,0,0,0,low,0,no_issue_detected
Odisha,DEOGARH,1997,2014,891,18,32,6,IND_ODISHA_DEOGARH,ODISHA,DEOGARH,ODISHA,DEOGARH,0,0,0,0,0,0,0,0,0,0,0,0,low,0,no_issue_detected
Odisha,DHENKANAL,1997,2014,897,18,32,6,IND_ODISHA_DHENKANAL,ODISHA,DHENKANAL,ODISHA,DHENKANAL,0,0,0,0,0,0,0,0,0,0,0,0,low,0,no_issue_detected
Odisha,GAJAPATI,1997,2014,871,18,37,6,IND_ODISHA_GAJAPATI,ODISHA,GAJAPATI,ODISHA,GAJAPATI,0,0,0,0,0,0,0,0,0,0,0,0,low,0,no_issue_detected
Odisha,GANJAM,1997,2014,1001,18,38,6,IND_ODISHA_GANJAM,ODISHA,GANJAM,ODISHA,GANJAM,0,0,0,0,0,0,0,0,0,0,0,0,low,0,no_issue_detected
Odisha,JAGATSINGHAPUR,1997,2014,673,18,31,6,IND_ODISHA_JAGATSINGHAPUR,ODISHA,JAGATSINGHAPUR,ODISHA,JAGATSINGHAPUR,0,0,0,0,0,0,0,0,0,0,0,0,low,0,no_issue_detected
Odisha,JAJAPUR,1997,2014,803,18,32,6,IND_ODISHA_JAJAPUR,ODISHA,JAJAPUR,ODISHA,JAJAPUR,0,0,0,0,0,0,0,0,0,0,0,0,low,0,no_issue_detected
Odisha,JHARSUGUDA,1997,2014,747,18,30,6,IND_ODISHA_JHARSUGUDA,ODISHA,JHARSUGUDA,ODISHA,JHARSUGUDA,0,0,0,0,0,0,0,0,0,0,0,0,low,0,no_issue_detected
Odisha,KALAHANDI,1997,2014,951,18,40,6,IND_ODISHA_KALAHANDI,ODISHA,KALAHANDI,ODISHA,KALAHANDI,0,0,0,0,0,0,0,0,0,0,0,0,low,0,no_issue_detected
Odisha,KANDHAMAL,1997,2014,845,18,36,6,IND_ODISHA_KANDHAMAL,ODISHA,KANDHAMAL,ODISHA,KANDHAMAL,0,0,0,0,0,0,0,0,0,0,0,0,low,0,no_issue_detected
Odisha,KENDRAPARA,1997,2014,653,18,29,6,IND_ODISHA_KENDRAPARA,ODISHA,KENDRAPARA,ODISHA,KENDRAPARA,0,0,0,0,0,0,0,0,0,0,0,0,low,0,no_issue_detected
Odisha,KENDUJHAR,1997,2014,987,18,39,6,IND_ODISHA_KENDUJHAR,ODISHA,KENDUJHAR,ODISHA,KENDUJHAR,0,0,0,0,0,0,0,0,0,0,0,0,low,0,no_issue_detected
Odisha,KHORDHA,1997,2014,829,18,33,6,IND_ODISHA_KHORDHA,ODISHA,KHORDHA,ODISHA,KHORDHA,0,0,0,0,0,0,0,0,0,0,0,0,low,0,no_issue_detected
Odisha,KORAPUT,1997,2014,979,18,39,6,IND_ODISHA_KORAPUT,ODISHA,KORAPUT,ODISHA,KORAPUT,0,0,0,0,0,0,0,0,0,0,0,0,low,0,no_issue_detected
Odisha,MALKANGIRI,1997,2014,721,18,35,6,IND_ODISHA_MALKANGIRI,ODISHA,MALKANGIRI,ODISHA,MALKANGIRI,0,0,0,0,0,0,0,0,0,0,0,0,low,0,no_issue_detected
Odisha,MAYURBHANJ,1997,2014,1009,18,38,6,IND_ODISHA_MAYURBHANJ,ODISHA,MAYURBHANJ,ODISHA,MAYURBHANJ,0,0,0,0,0,0,0,0,0,0,0,0,low,0,no_issue_detected
Odisha,NABARANGPUR,1997,2014,861,18,38,6,IND_ODISHA_NABARANGPUR,ODISHA,NABARANGPUR,ODISHA,NABARANGPUR,0,0,0,0,0,0,0,0,0,0,0,0,low,0,no_issue_detected
Odisha,NAYAGARH,1997,2014,881,18,37,6,IND_ODISHA_NAYAGARH,ODISHA,NAYAGARH,ODISHA,NAYAGARH,0,0,0,0,0,0,0,0,0,0,0,0,low,0,no_issue_detected
Odisha,NUAPADA,1997,2014,913,18,40,6,IND_ODISHA_NUAPADA,ODISHA,NUAPADA,ODISHA,NUAPADA,0,0,0,0,0,0,0,0,0,0,0,0,low,0,no_issue_detected
Odisha,PURI,1997,2014,649,18,30,6,IND_ODISHA_PURI,ODISHA,PURI,ODISHA,PURI,0,0,0,0,0,0,0,0,0,0,0,0,low,0,no_issue_detected
Odisha,RAYAGADA,1997,2014,987,18,35,6,IND_ODISHA_RAYAGADA,ODISHA,RAYAGADA,ODISHA,RAYAGADA,0,0,0,0,0,0,0,0,0,0,0,0,low,0,no_issue_detected
Odisha,SAMBALPUR,1997,2014,919,18,32,6,IND_ODISHA_SAMBALPUR,ODISHA,SAMBALPUR,ODISHA,SAMBALPUR,0,0,0,0,0,0,0,0,0,0,0,0,low,0,no_issue_detected
Odisha,SONEPUR,1997,2014,833,18,34,6,IND_ODISHA_SONEPUR,ODISHA,SONEPUR,ODISHA,SONEPUR,0,0,0,0,0,0,0,0,0,0,0,0,low,0,no_issue_detected
Odisha,SUNDARGARH,1997,2014,973,18,38,6,IND_ODISHA_SUNDARGARH,ODISHA,SUNDARGARH,ODISHA,SUNDARGARH,0,0,0,0,0,0,0,0,0,0,0,0,low,0,no_issue_detected
Puducherry,KARAIKAL,1998,2014,413,17,24,6,IND_PUDUCHERRY_KARAIKAL,PUDUCHERRY,KARAIKAL,PUDUCHERRY,KARAIKAL,0,0,0,0,0,0,0,0,0,0,0,0,low,0,no_issue_detected
Puducherry,MAHE,1998,2011,174,14,15,3,IND_PUDUCHERRY_MAHE,PUDUCHERRY,MAHE,PUDUCHERRY,MAHE,0,0,0,0,0,0,0,0,0,0,0,0,low,0,no_issue_detected
Puducherry,PONDICHERRY,1998,2014,864,17,31,6,IND_PUDUCHERRY_PONDICHERRY,PUDUCHERRY,PONDICHERRY,PUDUCHERRY,PONDICHERRY,0,0,0,0,0,0,0,0,0,0,0,0,low,0,no_issue_detected
Puducherry,YANAM,1998,2014,242,17,17,6,IND_PUDUCHERRY_YANAM,PUDUCHERRY,YANAM,PUDUCHERRY,YANAM,0,0,0,0,0,0,0,0,0,0,0,0,low,0,no_issue_detected
Punjab,AMRITSAR,1997,2014,386,18,18,3,IND_PUNJAB_AMRITSAR,PUNJAB,AMRITSAR,PUNJAB,AMRITSAR,0,0,0,0,0,0,0,0,0,0,0,0,low,0,no_issue_detected
Punjab,BARNALA,2007,2014,132,8,10,3,IND_PUNJAB_BARNALA,PUNJAB,BARNALA,PUNJAB,BARNALA,0,0,0,0,0,0,0,0,0,0,0,0,low,0,no_issue_detected
Punjab,BATHINDA,1997,2014,367,18,15,3,IND_PUNJAB_BATHINDA,PUNJAB,BATHINDA,PUNJAB,BATHINDA,0,0,0,0,0,0,0,0,0,0,0,0,low,0,no_issue_detected
Punjab,FARIDKOT,1997,2014,280,18,13,3,IND_PUNJAB_FARIDKOT,PUNJAB,FARIDKOT,PUNJAB,FARIDKOT,0,0,0,0,0,0,0,0,0,0,0,0,low,0,no_issue_detected
Punjab,FATEHGARH SAHIB,1997,2014,223,18,14,3,IND_PUNJAB_FATEHGARH_SAHIB,PUNJAB,FATEHGARH SAHIB,PUNJAB,FATEHGARH SAHIB,0,0,0,0,0,0,0,0,0,0,0,0,low,0,no_issue_detected
Punjab,FAZILKA,2011,2014,51,4,10,3,IND_PUNJAB_FAZILKA,PUNJAB,FAZILKA,PUNJAB,FAZILKA,0,0,0,0,0,0,0,0,0,0,0,0,low,0,no_issue_detected
Punjab,FIROZEPUR,1997,2014,384,18,19,3,IND_PUNJAB_FIROZEPUR,PUNJAB,FIROZEPUR,PUNJAB,FIROZEPUR,0,0,0,0,0,0,0,0,0,0,0,0,low,0,no_issue_detected
Punjab,GURDASPUR,1997,2014,333,18,17,3,IND_PUNJAB_GURDASPUR,PUNJAB,GURDASPUR,PUNJAB,GURDASPUR,0,0,0,0,0,0,0,0,0,0,0,0,low,0,no_issue_detected
Punjab,HOSHIARPUR,1997,2014,409,18,18,3,IND_PUNJAB_HOSHIARPUR,PUNJAB,HOSHIARPUR,PUNJAB,HOSHIARPUR,0,0,0,0,0,0,0,0,0,0,0,0,low,0,no_issue_detected
Punjab,JALANDHAR,1997,2014,341,18,18,3,IND_PUNJAB_JALANDHAR,PUNJAB,JALANDHAR,PUNJAB,JALANDHAR,0,0,0,0,0,0,0,0,0,0,0,0,low,0,no_issue_detected
Punjab,KAPURTHALA,1997,2014,238,18,16,3,IND_PUNJAB_KAPURTHALA,PUNJAB,KAPURTHALA,PUNJAB,KAPURTHALA,0,0,0,0,0,0,0,0,0,0,0,0,low,0,no_issue_detected
Punjab,LUDHIANA,1997,2014,368,18,19,3,IND_PUNJAB_LUDHIANA,PUNJAB,LUDHIANA,PUNJAB,LUDHIANA,0,0,0,0,0,0,0,0,0,0,0,0,low,0,no_issue_detected
Punjab,MANSA,1997,2014,358,18,14,3,IND_PUNJAB_MANSA,PUNJAB,MANSA,PUNJAB,MANSA,0,0,0,0,0,0,0,0,0,0,0,0,low,0,no_issue_detected
Punjab,MOGA,1997,2014,295,18,13,3,IND_PUNJAB_MOGA,PUNJAB,MOGA,PUNJAB,MOGA,0,0,0,0,0,0,0,0,0,0,0,0,low,0,no_issue_detected
Punjab,MUKTSAR,1997,2014,360,18,18,3,IND_PUNJAB_MUKTSAR,PUNJAB,MUKTSAR,PUNJAB,MUKTSAR,0,0,0,0,0,0,0,0,0,0,0,0,low,0,no_issue_detected
Punjab,NAWANSHAHR,1997,2014,248,18,16,3,IND_PUNJAB_NAWANSHAHR,PUNJAB,NAWANSHAHR,PUNJAB,NAWANSHAHR,0,0,0,0,0,0,0,0,0,0,0,0,low,0,no_issue_detected
Punjab,PATHANKOT,2011,2014,52,4,10,3,IND_PUNJAB_PATHANKOT,PUNJAB,PATHANKOT,PUNJAB,PATHANKOT,0,0,0,0,0,0,0,0,0,0,0,0,low,0,no_issue_detected
Punjab,PATIALA,1997,2014,369,18,17,3,IND_PUNJAB_PATIALA,PUNJAB,PATIALA,PUNJAB,PATIALA,0,0,0,0,0,0,0,0,0,0,0,0,low,0,no_issue_detected
Punjab,RUPNAGAR,1997,2014,331,18,18,3,IND_PUNJAB_RUPNAGAR,PUNJAB,RUPNAGAR,PUNJAB,RUPNAGAR,0,0,0,0,0,0,0,0,0,0,0,0,low,0,no_issue_detected
Punjab,S,2006,2014,73,9,12,3,IND_PUNJAB_S,PUNJAB,S,PUNJAB,S,1,1,0,0,0,0,0,0,0,0,1,3,high,1,pending
Punjab,S.A.S NAGAR,2006,2014,73,9,12,3,IND_PUNJAB_S_A_S_NAGAR,PUNJAB,S.A.S NAGAR,PUNJAB,SAS NAGAR,0,0,0,0,0,0,0,0,0,0,0,0,low,0,no_issue_detected
Punjab,SANGRUR,1997,2014,425,18,20,3,IND_PUNJAB_SANGRUR,PUNJAB,SANGRUR,PUNJAB,SANGRUR,0,0,0,0,0,0,0,0,0,0,0,0,low,0,no_issue_detected
Punjab,TARN TARAN,2006,2014,161,9,14,3,IND_PUNJAB_TARN_TARAN,PUNJAB,TARN TARAN,PUNJAB,TARN TARAN,0,0,0,0,0,0,0,0,0,0,0,0,low,0,no_issue_detected
Rajasthan,AJMER,1997,2014,887,18,41,3,IND_RAJASTHAN_AJMER,RAJASTHAN,AJMER,RAJASTHAN,AJMER,0,0,0,0,0,0,0,0,0,0,0,0,low,0,no_issue_detected
Rajasthan,ALWAR,1997,2014,924,18,49,3,IND_RAJASTHAN_ALWAR,RAJASTHAN,ALWAR,RAJASTHAN,ALWAR,0,0,0,0,0,0,0,0,0,0,0,0,low,0,no_issue_detected
Rajasthan,BANSWARA,1997,2014,915,18,43,3,IND_RAJASTHAN_BANSWARA,RAJASTHAN,BANSWARA,RAJASTHAN,BANSWARA,0,0,0,0,0,0,0,0,0,0,0,0,low,0,no_issue_detected
Rajasthan,BARAN,1997,2014,900,18,46,3,IND_RAJASTHAN_BARAN,RAJASTHAN,BARAN,RAJASTHAN,BARAN,0,0,0,0,0,0,0,0,0,0,0,0,low,0,no_issue_detected
Rajasthan,BARMER,1997,2014,583,18,30,3,IND_RAJASTHAN_BARMER,RAJASTHAN,BARMER,RAJASTHAN,BARMER,0,0,0,0,0,0,0,0,0,0,0,0,low,0,no_issue_detected
Rajasthan,BHARATPUR,1997,2014,950,18,45,3,IND_RAJASTHAN_BHARATPUR,RAJASTHAN,BHARATPUR,RAJASTHAN,BHARATPUR,0,0,0,0,0,0,0,0,0,0,0,0,low,0,no_issue_detected
Rajasthan,BHILWARA,1997,2014,976,18,45,3,IND_RAJASTHAN_BHILWARA,RAJASTHAN,BHILWARA,RAJASTHAN,BHILWARA,0,0,0,0,0,0,0,0,0,0,0,0,low,0,no_issue_detected
Rajasthan,BIKANER,1997,2014,721,18,39,3,IND_RAJASTHAN_BIKANER,RAJASTHAN,BIKANER,RAJASTHAN,BIKANER,0,0,0,0,0,0,0,0,0,0,0,0,low,0,no_issue_detected
Rajasthan,BUNDI,1997,2014,934,18,43,3,IND_RAJASTHAN_BUNDI,RAJASTHAN,BUNDI,RAJASTHAN,BUNDI,0,0,0,0,0,0,0,0,0,0,0,0,low,0,no_issue_detected
Rajasthan,CHITTORGARH,1997,2014,1002,18,46,3,IND_RAJASTHAN_CHITTORGARH,RAJASTHAN,CHITTORGARH,RAJASTHAN,CHITTORGARH,0,0,0,0,0,0,0,0,0,0,0,0,low,0,no_issue_detected
Rajasthan,CHURU,1997,2014,571,18,31,3,IND_RAJASTHAN_CHURU,RAJASTHAN,CHURU,RAJASTHAN,CHURU,0,0,0,0,0,0,0,0,0,0,0,0,low,0,no_issue_detected
Rajasthan,DAUSA,1997,2014,849,18,41,3,IND_RAJASTHAN_DAUSA,RAJASTHAN,DAUSA,RAJASTHAN,DAUSA,0,0,0,0,0,0,0,0,0,0,0,0,low,0,no_issue_detected
Rajasthan,DHOLPUR,1997,2014,857,18,40,3,IND_RAJASTHAN_DHOLPUR,RAJASTHAN,DHOLPUR,RAJASTHAN,DHOLPUR,0,0,0,0,0,0,0,0,0,0,0,0,low,0,no_issue_detected
Rajasthan,DUNGARPUR,1997,2014,862,18,41,3,IND_RAJASTHAN_DUNGARPUR,RAJASTHAN,DUNGARPUR,RAJASTHAN,DUNGARPUR,0,0,0,0,0,0,0,0,0,0,0,0,low,0,no_issue_detected
Rajasthan,GANGANAGAR,1997,2014,862,18,43,3,IND_RAJASTHAN_GANGANAGAR,RAJASTHAN,GANGANAGAR,RAJASTHAN,GANGANAGAR,0,0,0,0,0,0,0,0,0,0,0,0,low,0,no_issue_detected
Rajasthan,HANUMANGARH,1997,2014,793,18,41,3,IND_RAJASTHAN_HANUMANGARH,RAJASTHAN,HANUMANGARH,RAJASTHAN,HANUMANGARH,0,0,0,0,0,0,0,0,0,0,0,0,low,0,no_issue_detected
Rajasthan,JAIPUR,1997,2014,898,18,41,3,IND_RAJASTHAN_JAIPUR,RAJASTHAN,JAIPUR,RAJASTHAN,JAIPUR,0,0,0,0,0,0,0,0,0,0,0,0,low,0,no_issue_detected
Rajasthan,JAISALMER,1997,2014,567,18,32,3,IND_RAJASTHAN_JAISALMER,RAJASTHAN,JAISALMER,RAJASTHAN,JAISALMER,0,0,0,0,0,0,0,0,0,0,0,0,low,0,no_issue_detected
Rajasthan,JALORE,1997,2014,806,18,42,3,IND_RAJASTHAN_JALORE,RAJASTHAN,JALORE,RAJASTHAN,JALORE,0,0,0,0,0,0,0,0,0,0,0,0,low,0,no_issue_detected
Rajasthan,JHALAWAR,1997,2014,923,18,47,3,IND_RAJASTHAN_JHALAWAR,RAJASTHAN,JHALAWAR,RAJASTHAN,JHALAWAR,0,0,0,0,0,0,0,0,0,0,0,0,low,0,no_issue_detected
Rajasthan,JHUNJHUNU,1997,2014,726,18,42,3,IND_RAJASTHAN_JHUNJHUNU,RAJASTHAN,JHUNJHUNU,RAJASTHAN,JHUNJHUNU,0,0,0,0,0,0,0,0,0,0,0,0,low,0,no_issue_detected
Rajasthan,JODHPUR,1997,2014,709,18,40,3,IND_RAJASTHAN_JODHPUR,RAJASTHAN,JODHPUR,RAJASTHAN,JODHPUR,0,0,0,0,0,0,0,0,0,0,0,0,low,0,no_issue_detected
Rajasthan,KARAULI,1997,2014,877,18,41,3,IND_RAJASTHAN_KARAULI,RAJASTHAN,KARAULI,RAJASTHAN,KARAULI,0,0,0,0,0,0,0,0,0,0,0,0,low,0,no_issue_detected
Rajasthan,KOTA,1997,2014,861,18,41,3,IND_RAJASTHAN_KOTA,RAJASTHAN,KOTA,RAJASTHAN,KOTA,0,0,0,0,0,0,0,0,0,0,0,0,low,0,no_issue_detected
Rajasthan,NAGAUR,1997,2014,782,18,42,3,IND_RAJASTHAN_NAGAUR,RAJASTHAN,NAGAUR,RAJASTHAN,NAGAUR,0,0,0,0,0,0,0,0,0,0,0,0,low,0,no_issue_detected
Rajasthan,PALI,1997,2014,858,18,43,3,IND_RAJASTHAN_PALI,RAJASTHAN,PALI,RAJASTHAN,PALI,0,0,0,0,0,0,0,0,0,0,0,0,low,0,no_issue_detected
Rajasthan,PRATAPGARH,2008,2014,290,7,33,3,IND_RAJASTHAN_PRATAPGARH,RAJASTHAN,PRATAPGARH,RAJASTHAN,PRATAPGARH,0,0,0,0,0,0,0,0,1,0,0,1,medium,1,pending
Rajasthan,RAJSAMAND,1997,2014,877,18,45,3,IND_RAJASTHAN_RAJSAMAND,RAJASTHAN,RAJSAMAND,RAJASTHAN,RAJSAMAND,0,0,0,0,0,0,0,0,0,0,0,0,low,0,no_issue_detected
Rajasthan,SAWAI MADHOPUR,1997,2014,925,18,39,3,IND_RAJASTHAN_SAWAI_MADHOPUR,RAJASTHAN,SAWAI MADHOPUR,RAJASTHAN,SAWAI MADHOPUR,0,0,0,0,0,0,0,0,0,0,0,0,low,0,no_issue_detected
Rajasthan,SIKAR,1997,2014,792,18,42,3,IND_RAJASTHAN_SIKAR,RAJASTHAN,SIKAR,RAJASTHAN,SIKAR,0,0,0,0,0,0,0,0,0,0,0,0,low,0,no_issue_detected
Rajasthan,SIROHI,1997,2014,886,18,41,3,IND_RAJASTHAN_SIROHI,RAJASTHAN,SIROHI,RAJASTHAN,SIROHI,0,0,0,0,0,0,0,0,0,0,0,0,low,0,no_issue_detected
Rajasthan,TONK,1997,2014,932,18,44,3,IND_RAJASTHAN_TONK,RAJASTHAN,TONK,RAJASTHAN,TONK,0,0,0,0,0,0,0,0,0,0,0,0,low,0,no_issue_detected
Rajasthan,UDAIPUR,1997,2014,1001,18,43,3,IND_RAJASTHAN_UDAIPUR,RAJASTHAN,UDAIPUR,RAJASTHAN,UDAIPUR,0,0,0,0,0,0,0,0,0,0,0,0,low,0,no_issue_detected
Sikkim,EAST DISTRICT,1997,2014,342,18,20,3,IND_SIKKIM_EAST_DISTRICT,SIKKIM,EAST DISTRICT,SIKKIM,EAST DISTRICT,0,0,0,0,0,0,0,0,0,0,0,0,low,0,no_issue_detected
Sikkim,NORTH DISTRICT,1997,2014,330,18,19,3,IND_SIKKIM_NORTH_DISTRICT,SIKKIM,NORTH DISTRICT,SIKKIM,NORTH DISTRICT,0,0,0,0,0,0,0,0,0,0,0,0,low,0,no_issue_detected
Sikkim,SOUTH DISTRICT,1997,2014,352,18,20,3,IND_SIKKIM_SOUTH_DISTRICT,SIKKIM,SOUTH DISTRICT,SIKKIM,SOUTH DISTRICT,0,0,0,0,0,0,0,0,0,0,0,0,low,0,no_issue_detected
Sikkim,WEST DISTRICT,1997,2014,350,18,20,3,IND_SIKKIM_WEST_DISTRICT,SIKKIM,WEST DISTRICT,SIKKIM,WEST DISTRICT,0,0,0,0,0,0,0,0,0,0,0,0,low,0,no_issue_detected
Tamil Nadu,ARIYALUR,2009,2014,254,6,26,3,IND_TAMIL_NADU_ARIYALUR,TAMIL NADU,ARIYALUR,TAMIL NADU,ARIYALUR,0,0,0,0,0,0,0,0,0,0,0,0,low,0,no_issue_detected
Tamil Nadu,COIMBATORE,1997,2014,1012,18,76,3,IND_TAMIL_NADU_COIMBATORE,TAMIL NADU,COIMBATORE,TAMIL NADU,COIMBATORE,0,0,0,0,0,0,0,0,0,0,0,0,low,0,no_issue_detected
Tamil Nadu,CUDDALORE,1997,2014,890,18,62,3,IND_TAMIL_NADU_CUDDALORE,TAMIL NADU,CUDDALORE,TAMIL NADU,CUDDALORE,0,0,0,0,0,0,0,0,0,0,0,0,low,0,no_issue_detected
Tamil Nadu,DHARMAPURI,1997,2014,1004,18,78,3,IND_TAMIL_NADU_DHARMAPURI,TAMIL NADU,DHARMAPURI,TAMIL NADU,DHARMAPURI,0,0,0,0,0,0,0,0,0,0,0,0,low,0,no_issue_detected
Tamil Nadu,DINDIGUL,1997,2014,1123,18,84,3,IND_TAMIL_NADU_DINDIGUL,TAMIL NADU,DINDIGUL,TAMIL NADU,DINDIGUL,0,0,0,0,0,0,0,0,0,0,0,0,low,0,no_issue_detected
Tamil Nadu,ERODE,1997,2014,1047,18,77,3,IND_TAMIL_NADU_ERODE,TAMIL NADU,ERODE,TAMIL NADU,ERODE,0,0,0,0,0,0,0,0,0,0,0,0,low,0,no_issue_detected
Tamil Nadu,KANCHIPURAM,1997,2014,758,18,59,3,IND_TAMIL_NADU_KANCHIPURAM,TAMIL NADU,KANCHIPURAM,TAMIL NADU,KANCHIPURAM,0,0,0,0,0,0,0,0,0,0,0,0,low,0,no_issue_detected
Tamil Nadu,KANNIYAKUMARI,1997,2014,466,18,51,3,IND_TAMIL_NADU_KANNIYAKUMARI,TAMIL NADU,KANNIYAKUMARI,TAMIL NADU,KANNIYAKUMARI,0,0,0,0,0,0,0,0,0,0,0,0,low,0,no_issue_detected
Tamil Nadu,KARUR,1997,2014,888,18,61,3,IND_TAMIL_NADU_KARUR,TAMIL NADU,KARUR,TAMIL NADU,KARUR,0,0,0,0,0,0,0,0,0,0,0,0,low,0,no_issue_detected
Tamil Nadu,KRISHNAGIRI,2002,2014,665,13,68,3,IND_TAMIL_NADU_KRISHNAGIRI,TAMIL NADU,KRISHNAGIRI,TAMIL NADU,KRISHNAGIRI,0,0,0,0,0,0,0,0,0,0,0,0,low,0,no_issue_detected
Tamil Nadu,MADURAI,1997,2014,930,18,70,3,IND_TAMIL_NADU_MADURAI,TAMIL NADU,MADURAI,TAMIL NADU,MADURAI,0,0,0,0,0,0,0,0,0,0,0,0,low,0,no_issue_detected
Tamil Nadu,NAGAPATTINAM,1997,2014,579,18,51,3,IND_TAMIL_NADU_NAGAPATTINAM,TAMIL NADU,NAGAPATTINAM,TAMIL NADU,NAGAPATTINAM,0,0,0,0,0,0,0,0,0,0,0,0,low,0,no_issue_detected
Tamil Nadu,NAMAKKAL,1997,2014,1003,18,76,3,IND_TAMIL_NADU_NAMAKKAL,TAMIL NADU,NAMAKKAL,TAMIL NADU,NAMAKKAL,0,0,0,0,0,0,0,0,0,0,0,0,low,0,no_issue_detected
Tamil Nadu,PERAMBALUR,1997,2014,906,18,58,3,IND_TAMIL_NADU_PERAMBALUR,TAMIL NADU,PERAMBALUR,TAMIL NADU,PERAMBALUR,0,0,0,0,0,0,0,0,0,0,0,0,low,0,no_issue_detected
Tamil Nadu,PUDUKKOTTAI,1997,2014,817,18,58,3,IND_TAMIL_NADU_PUDUKKOTTAI,TAMIL NADU,PUDUKKOTTAI,TAMIL NADU,PUDUKKOTTAI,0,0,0,0,0,0,0,0,0,0,0,0,low,0,no_issue_detected
Tamil Nadu,RAMANATHAPURAM,1997,2014,723,18,46,3,IND_TAMIL_NADU_RAMANATHAPURAM,TAMIL NADU,RAMANATHAPURAM,TAMIL NADU,RAMANATHAPURAM,0,0,0,0,0,0,0,0,0,0,0,0,low,0,no_issue_detected
Tamil Nadu,SALEM,1997,2014,1062,18,82,3,IND_TAMIL_NADU_SALEM,TAMIL NADU,SALEM,TAMIL NADU,SALEM,0,0,0,0,0,0,0,0,0,0,0,0,low,0,no_issue_detected
Tamil Nadu,SIVAGANGA,1997,2014,802,18,58,3,IND_TAMIL_NADU_SIVAGANGA,TAMIL NADU,SIVAGANGA,TAMIL NADU,SIVAGANGA,0,0,0,0,0,0,0,0,0,0,0,0,low,0,no_issue_detected
Tamil Nadu,THANJAVUR,1997,2014,781,18,60,3,IND_TAMIL_NADU_THANJAVUR,TAMIL NADU,THANJAVUR,TAMIL NADU,THANJAVUR,0,0,0,0,0,0,0,0,0,0,0,0,low,0,no_issue_detected
Tamil Nadu,THE NILGIRIS,1997,2014,553,18,68,3,IND_TAMIL_NADU_THE_NILGIRIS,TAMIL NADU,THE NILGIRIS,TAMIL NADU,THE NILGIRIS,0,0,0,0,0,0,0,0,0,0,0,0,low,0,no_issue_detected
Tamil Nadu,THENI,1997,2014,980,18,74,3,IND_TAMIL_NADU_THENI,TAMIL NADU,THENI,TAMIL NADU,THENI,0,0,0,0,0,0,0,0,0,0,0,0,low,0,no_issue_detected
Tamil Nadu,THIRUVALLUR,1997,2014,762,18,60,3,IND_TAMIL_NADU_THIRUVALLUR,TAMIL NADU,THIRUVALLUR,TAMIL NADU,THIRUVALLUR,0,0,0,0,0,0,0,0,0,0,0,0,low,0,no_issue_detected
Tamil Nadu,THIRUVARUR,1997,2014,534,18,53,3,IND_TAMIL_NADU_THIRUVARUR,TAMIL NADU,THIRUVARUR,TAMIL NADU,THIRUVARUR,0,0,0,0,0,0,0,0,0,0,0,0,low,0,no_issue_detected
Tamil Nadu,THOOTHUKUDI,1998,2014,420,17,31,3,IND_TAMIL_NADU_THOOTHUKUDI,TAMIL NADU,THOOTHUKUDI,TAMIL NADU,THOOTHUKUDI,0,0,0,0,0,0,0,0,0,0,0,0,low,0,no_issue_detected
Tamil Nadu,TIRUCHIRAPPALLI,1997,2014,941,18,67,3,IND_TAMIL_NADU_TIRUCHIRAPPALLI,TAMIL NADU,TIRUCHIRAPPALLI,TAMIL NADU,TIRUCHIRAPPALLI,0,0,0,0,0,0,0,0,0,0,0,0,low,0,no_issue_detected
Tamil Nadu,TIRUNELVELI,1997,2014,1012,18,70,3,IND_TAMIL_NADU_TIRUNELVELI,TAMIL NADU,TIRUNELVELI,TAMIL NADU,TIRUNELVELI,0,0,0,0,0,0,0,0,0,0,0,0,low,0,no_issue_detected
Tamil Nadu,TIRUPPUR,2009,2014,270,6,29,3,IND_TAMIL_NADU_TIRUPPUR,TAMIL NADU,TIRUPPUR,TAMIL NADU,TIRUPPUR,0,0,0,0,0,0,0,0,0,0,0,0,low,0,no_issue_detected
Tamil Nadu,TIRUVANNAMALAI,1997,2014,936,18,69,3,IND_TAMIL_NADU_TIRUVANNAMALAI,TAMIL NADU,TIRUVANNAMALAI,TAMIL NADU,TIRUVANNAMALAI,0,0,0,0,0,0,0,0,0,0,0,0,low,0,no_issue_detected
Tamil Nadu,TUTICORIN,1997,2013,470,17,62,3,IND_TAMIL_NADU_TUTICORIN,TAMIL NADU,TUTICORIN,TAMIL NADU,TUTICORIN,0,0,0,0,0,0,0,0,0,0,0,0,low,0,no_issue_detected
Tamil Nadu,VELLORE,1997,2014,953,18,72,3,IND_TAMIL_NADU_VELLORE,TAMIL NADU,VELLORE,TAMIL NADU,VELLORE,0,0,0,0,0,0,0,0,0,0,0,0,low,0,no_issue_detected
Tamil Nadu,VILLUPURAM,1997,2014,942,18,66,3,IND_TAMIL_NADU_VILLUPURAM,TAMIL NADU,VILLUPURAM,TAMIL NADU,VILLUPURAM,0,0,0,0,0,0,0,0,0,0,0,0,low,0,no_issue_detected
Tamil Nadu,VIRUDHUNAGAR,1997,2014,936,18,68,3,IND_TAMIL_NADU_VIRUDHUNAGAR,TAMIL NADU,VIRUDHUNAGAR,TAMIL NADU,VIRUDHUNAGAR,0,0,0,0,0,0,0,0,0,0,0,0,low,0,no_issue_detected
Telangana,ADILABAD,1997,2014,726,17,57,3,IND_TELANGANA_ADILABAD,TELANGANA,ADILABAD,TELANGANA,ADILABAD,0,0,0,0,0,0,0,0,1,0,0,1,medium,1,pending
Telangana,HYDERABAD,1997,2000,8,4,2,2,IND_TELANGANA_HYDERABAD,TELANGANA,HYDERABAD,TELANGANA,HYDERABAD,0,0,0,0,0,0,0,0,1,0,0,1,medium,1,pending
Telangana,KARIMNAGAR,1997,2014,645,17,49,3,IND_TELANGANA_KARIMNAGAR,TELANGANA,KARIMNAGAR,TELANGANA,KARIMNAGAR,0,0,0,0,0,0,0,0,1,0,0,1,medium,1,pending
Telangana,KHAMMAM,1997,2014,660,17,52,3,IND_TELANGANA_KHAMMAM,TELANGANA,KHAMMAM,TELANGANA,KHAMMAM,0,0,0,0,0,0,0,0,1,0,0,1,medium,1,pending
Telangana,MAHBUBNAGAR,1997,2014,741,17,56,3,IND_TELANGANA_MAHBUBNAGAR,TELANGANA,MAHBUBNAGAR,TELANGANA,MAHBUBNAGAR,0,0,0,0,0,0,0,0,1,0,0,1,medium,1,pending
Telangana,MEDAK,1997,2014,796,17,59,3,IND_TELANGANA_MEDAK,TELANGANA,MEDAK,TELANGANA,MEDAK,0,0,0,0,0,0,0,0,1,0,0,1,medium,1,pending
Telangana,NALGONDA,1997,2014,583,17,48,3,IND_TELANGANA_NALGONDA,TELANGANA,NALGONDA,TELANGANA,NALGONDA,0,0,0,0,0,0,0,0,1,0,0,1,medium,1,pending
Telangana,NIZAMABAD,1997,2014,709,17,59,3,IND_TELANGANA_NIZAMABAD,TELANGANA,NIZAMABAD,TELANGANA,NIZAMABAD,0,0,0,0,0,0,0,0,1,0,0,1,medium,1,pending
Telangana,RANGAREDDI,1997,2014,774,17,60,3,IND_TELANGANA_RANGAREDDI,TELANGANA,RANGAREDDI,TELANGANA,RANGAREDDI,0,0,0,0,0,0,0,0,1,0,0,1,medium,1,pending
Telangana,WARANGAL,1997,2014,637,17,47,3,IND_TELANGANA_WARANGAL,TELANGANA,WARANGAL,TELANGANA,WARANGAL,0,0,0,0,0,0,0,0,1,0,0,1,medium,1,pending
Tripura,DHALAI,1998,2014,581,17,23,3,IND_TRIPURA_DHALAI,TRIPURA,DHALAI,TRIPURA,DHALAI,0,0,0,0,0,0,0,0,0,0,0,0,low,0,no_issue_detected
Tripura,GOMATI,2012,2014,122,3,19,3,IND_TRIPURA_GOMATI,TRIPURA,GOMATI,TRIPURA,GOMATI,0,0,0,0,0,0,0,0,0,0,0,0,low,0,no_issue_detected
Tripura,KHOWAI,2012,2014,122,3,19,3,IND_TRIPURA_KHOWAI,TRIPURA,KHOWAI,TRIPURA,KHOWAI,0,0,0,0,0,0,0,0,0,0,0,0,low,0,no_issue_detected
Tripura,NORTH TRIPURA,1998,2014,583,17,23,3,IND_TRIPURA_NORTH_TRIPURA,TRIPURA,NORTH TRIPURA,TRIPURA,NORTH TRIPURA,0,0,0,0,0,0,0,0,0,0,0,0,low,0,no_issue_detected
Tripura,SEPAHIJALA,2012,2014,114,3,18,3,IND_TRIPURA_SEPAHIJALA,TRIPURA,SEPAHIJALA,TRIPURA,SEPAHIJALA,0,0,0,0,0,0,0,0,0,0,0,0,low,0,no_issue_detected
Tripura,SOUTH TRIPURA,1998,2014,581,17,23,3,IND_TRIPURA_SOUTH_TRIPURA,TRIPURA,SOUTH TRIPURA,TRIPURA,SOUTH TRIPURA,0,0,0,0,0,0,0,0,0,0,0,0,low,0,no_issue_detected
Tripura,UNAKOTI,2012,2014,124,3,19,3,IND_TRIPURA_UNAKOTI,TRIPURA,UNAKOTI,TRIPURA,UNAKOTI,0,0,0,0,0,0,0,0,0,0,0,0,low,0,no_issue_detected
Tripura,WEST TRIPURA,1998,2014,577,17,23,3,IND_TRIPURA_WEST_TRIPURA,TRIPURA,WEST TRIPURA,TRIPURA,WEST TRIPURA,0,0,0,0,0,0,0,0,0,0,0,0,low,0,no_issue_detected
Uttar Pradesh,AGRA,1997,2014,933,18,39,4,IND_UTTAR_PRADESH_AGRA,UTTAR PRADESH,AGRA,UTTAR PRADESH,AGRA,0,0,0,0,0,0,0,0,0,0,0,0,low,0,no_issue_detected
Uttar Pradesh,ALIGARH,1997,2014,955,18,39,4,IND_UTTAR_PRADESH_ALIGARH,UTTAR PRADESH,ALIGARH,UTTAR PRADESH,ALIGARH,0,0,0,0,0,0,0,0,0,0,0,0,low,0,no_issue_detected
Uttar Pradesh,ALLAHABAD,1997,2014,939,18,39,4,IND_UTTAR_PRADESH_ALLAHABAD,UTTAR PRADESH,ALLAHABAD,UTTAR PRADESH,ALLAHABAD,0,0,0,0,0,0,0,0,0,0,0,0,low,0,no_issue_detected
Uttar Pradesh,ALMORA,1997,1999,48,3,18,3,IND_UTTAR_PRADESH_ALMORA,UTTAR PRADESH,ALMORA,UTTAR PRADESH,ALMORA,0,0,0,0,0,0,0,0,1,0,0,1,medium,1,pending
Uttar Pradesh,AMBEDKAR NAGAR,1997,2014,904,18,35,4,IND_UTTAR_PRADESH_AMBEDKAR_NAGAR,UTTAR PRADESH,AMBEDKAR NAGAR,UTTAR PRADESH,AMBEDKAR NAGAR,0,0,0,0,0,0,0,0,0,0,0,0,low,0,no_issue_detected
Uttar Pradesh,AMETHI,2010,2014,270,5,28,3,IND_UTTAR_PRADESH_AMETHI,UTTAR PRADESH,AMETHI,UTTAR PRADESH,AMETHI,0,0,0,0,0,0,0,0,0,0,0,0,low,0,no_issue_detected
Uttar Pradesh,AMROHA,1997,2014,726,18,34,4,IND_UTTAR_PRADESH_AMROHA,UTTAR PRADESH,AMROHA,UTTAR PRADESH,AMROHA,0,0,0,0,0,0,0,0,0,0,0,0,low,0,no_issue_detected
Uttar Pradesh,AURAIYA,1997,2014,926,18,34,4,IND_UTTAR_PRADESH_AURAIYA,UTTAR PRADESH,AURAIYA,UTTAR PRADESH,AURAIYA,0,0,0,0,0,0,0,0,0,0,0,0,low,0,no_issue_detected
Uttar Pradesh,AZAMGARH,1997,2014,1045,18,40,4,IND_UTTAR_PRADESH_AZAMGARH,UTTAR PRADESH,AZAMGARH,UTTAR PRADESH,AZAMGARH,0,0,0,0,0,0,0,0,0,0,0,0,low,0,no_issue_detected
Uttar Pradesh,BAGESHWAR,1998,1999,17,2,11,3,IND_UTTAR_PRADESH_BAGESHWAR,UTTAR PRADESH,BAGESHWAR,UTTAR PRADESH,BAGESHWAR,0,0,0,0,0,0,0,0,1,0,0,1,medium,1,pending
Uttar Pradesh,BAGHPAT,1997,2014,740,18,34,4,IND_UTTAR_PRADESH_BAGHPAT,UTTAR PRADESH,BAGHPAT,UTTAR PRADESH,BAGHPAT,0,0,0,0,0,0,0,0,0,0,0,0,low,0,no_issue_detected
Uttar Pradesh,BAHRAICH,1997,2014,1062,18,42,4,IND_UTTAR_PRADESH_BAHRAICH,UTTAR PRADESH,BAHRAICH,UTTAR PRADESH,BAHRAICH,0,0,0,0,0,0,0,0,0,0,0,0,low,0,no_issue_detected
Uttar Pradesh,BALLIA,1997,2014,933,18,37,4,IND_UTTAR_PRADESH_BALLIA,UTTAR PRADESH,BALLIA,UTTAR PRADESH,BALLIA,0,0,0,0,0,0,0,0,0,0,0,0,low,0,no_issue_detected
Uttar Pradesh,BALRAMPUR,1997,2014,840,18,33,4,IND_UTTAR_PRADESH_BALRAMPUR,UTTAR PRADESH,BALRAMPUR,UTTAR PRADESH,BALRAMPUR,0,0,0,0,0,0,0,0,1,0,0,1,medium,1,pending
Uttar Pradesh,BANDA,1997,2014,943,18,38,4,IND_UTTAR_PRADESH_BANDA,UTTAR PRADESH,BANDA,UTTAR PRADESH,BANDA,0,0,0,0,0,0,0,0,0,0,0,0,low,0,no_issue_detected
Uttar Pradesh,BARABANKI,1997,2014,1031,18,39,4,IND_UTTAR_PRADESH_BARABANKI,UTTAR PRADESH,BARABANKI,UTTAR PRADESH,BARABANKI,0,0,0,0,0,0,0,0,0,0,0,0,low,0,no_issue_detected
Uttar Pradesh,BAREILLY,1997,2014,983,18,41,4,IND_UTTAR_PRADESH_BAREILLY,UTTAR PRADESH,BAREILLY,UTTAR PRADESH,BAREILLY,0,0,0,0,0,0,0,0,0,0,0,0,low,0,no_issue_detected
Uttar Pradesh,BASTI,1997,2014,904,18,34,4,IND_UTTAR_PRADESH_BASTI,UTTAR PRADESH,BASTI,UTTAR PRADESH,BASTI,0,0,0,0,0,0,0,0,0,0,0,0,low,0,no_issue_detected
Uttar Pradesh,BIJNOR,1997,2014,861,18,36,4,IND_UTTAR_PRADESH_BIJNOR,UTTAR PRADESH,BIJNOR,UTTAR PRADESH,BIJNOR,0,0,0,0,0,0,0,0,0,0,0,0,low,0,no_issue_detected
Uttar Pradesh,BUDAUN,1997,2014,1043,18,41,4,IND_UTTAR_PRADESH_BUDAUN,UTTAR PRADESH,BUDAUN,UTTAR PRADESH,BUDAUN,0,0,0,0,0,0,0,0,0,0,0,0,low,0,no_issue_detected
Uttar Pradesh,BULANDSHAHR,1997,2014,933,18,37,4,IND_UTTAR_PRADESH_BULANDSHAHR,UTTAR PRADESH,BULANDSHAHR,UTTAR PRADESH,BULANDSHAHR,0,0,0,0,0,0,0,0,0,0,0,0,low,0,no_issue_detected
Uttar Pradesh,CHAMOLI,1997,1999,45,3,17,3,IND_UTTAR_PRADESH_CHAMOLI,UTTAR PRADESH,CHAMOLI,UTTAR PRADESH,CHAMOLI,0,0,0,0,0,0,0,0,1,0,0,1,medium,1,pending
Uttar Pradesh,CHAMPAWAT,1998,1999,17,2,11,3,IND_UTTAR_PRADESH_CHAMPAWAT,UTTAR PRADESH,CHAMPAWAT,UTTAR PRADESH,CHAMPAWAT,0,0,0,0,0,0,0,0,1,0,0,1,medium,1,pending
Uttar Pradesh,CHANDAULI,1997,2014,862,18,34,4,IND_UTTAR_PRADESH_CHANDAULI,UTTAR PRADESH,CHANDAULI,UTTAR PRADESH,CHANDAULI,0,0,0,0,0,0,0,0,0,0,0,0,low,0,no_issue_detected
Uttar Pradesh,CHITRAKOOT,1997,2014,867,18,33,4,IND_UTTAR_PRADESH_CHITRAKOOT,UTTAR PRADESH,CHITRAKOOT,UTTAR PRADESH,CHITRAKOOT,0,0,0,0,0,0,0,0,0,0,0,0,low,0,no_issue_detected
Uttar Pradesh,DEHRADUN,1997,1999,70,3,25,4,IND_UTTAR_PRADESH_DEHRADUN,UTTAR PRADESH,DEHRADUN,UTTAR PRADESH,DEHRADUN,0,0,0,0,0,0,0,0,1,0,0,1,medium,1,pending
Uttar Pradesh,DEORIA,1997,2014,941,18,40,4,IND_UTTAR_PRADESH_DEORIA,UTTAR PRADESH,DEORIA,UTTAR PRADESH,DEORIA,0,0,0,0,0,0,0,0,0,0,0,0,low,0,no_issue_detected
Uttar Pradesh,ETAH,1997,2014,1001,18,38,4,IND_UTTAR_PRADESH_ETAH,UTTAR PRADESH,ETAH,UTTAR PRADESH,ETAH,0,0,0,0,0,0,0,0,0,0,0,0,low,0,no_issue_detected
Uttar Pradesh,ETAWAH,1997,2014,895,18,35,4,IND_UTTAR_PRADESH_ETAWAH,UTTAR PRADESH,ETAWAH,UTTAR PRADESH,ETAWAH,0,0,0,0,0,0,0,0,0,0,0,0,low,0,no_issue_detected
Uttar Pradesh,FAIZABAD,1997,2014,902,18,35,4,IND_UTTAR_PRADESH_FAIZABAD,UTTAR PRADESH,FAIZABAD,UTTAR PRADESH,FAIZABAD,0,0,0,0,0,0,0,0,0,0,0,0,low,0,no_issue_detected
Uttar Pradesh,FARRUKHABAD,1997,2014,971,18,36,4,IND_UTTAR_PRADESH_FARRUKHABAD,UTTAR PRADESH,FARRUKHABAD,UTTAR PRADESH,FARRUKHABAD,0,0,0,0,0,0,0,0,0,0,0,0,low,0,no_issue_detected
Uttar Pradesh,FATEHPUR,1997,2014,1047,18,40,4,IND_UTTAR_PRADESH_FATEHPUR,UTTAR PRADESH,FATEHPUR,UTTAR PRADESH,FATEHPUR,0,0,0,0,0,0,0,0,0,0,0,0,low,0,no_issue_detected
Uttar Pradesh,FIROZABAD,1997,2014,974,18,38,4,IND_UTTAR_PRADESH_FIROZABAD,UTTAR PRADESH,FIROZABAD,UTTAR PRADESH,FIROZABAD,0,0,0,0,0,0,0,0,0,0,0,0,low,0,no_issue_detected
Uttar Pradesh,GAUTAM BUDDHA NAGAR,1997,2014,681,18,28,4,IND_UTTAR_PRADESH_GAUTAM_BUDDHA_NAGAR,UTTAR PRADESH,GAUTAM BUDDHA NAGAR,UTTAR PRADESH,GAUTAM BUDDHA NAGAR,0,0,0,0,0,0,0,0,0,0,0,0,low,0,no_issue_detected
Uttar Pradesh,GHAZIABAD,1997,2014,757,18,35,4,IND_UTTAR_PRADESH_GHAZIABAD,UTTAR PRADESH,GHAZIABAD,UTTAR PRADESH,GHAZIABAD,0,0,0,0,0,0,0,0,0,0,0,0,low,0,no_issue_detected
Uttar Pradesh,GHAZIPUR,1997,2014,967,18,37,4,IND_UTTAR_PRADESH_GHAZIPUR,UTTAR PRADESH,GHAZIPUR,UTTAR PRADESH,GHAZIPUR,0,0,0,0,0,0,0,0,0,0,0,0,low,0,no_issue_detected
Uttar Pradesh,GONDA,1997,2014,975,18,41,4,IND_UTTAR_PRADESH_GONDA,UTTAR PRADESH,GONDA,UTTAR PRADESH,GONDA,0,0,0,0,0,0,0,0,0,0,0,0,low,0,no_issue_detected
Uttar Pradesh,GORAKHPUR,1997,2014,986,18,38,4,IND_UTTAR_PRADESH_GORAKHPUR,UTTAR PRADESH,GORAKHPUR,UTTAR PRADESH,GORAKHPUR,0,0,0,0,0,0,0,0,0,0,0,0,low,0,no_issue_detected
Uttar Pradesh,HAMIRPUR,1997,2014,925,18,37,4,IND_UTTAR_PRADESH_HAMIRPUR,UTTAR PRADESH,HAMIRPUR,UTTAR PRADESH,HAMIRPUR,0,0,0,0,0,0,0,0,1,0,0,1,medium,1,pending
Uttar Pradesh,HAPUR,2012,2014,112,3,19,3,IND_UTTAR_PRADESH_HAPUR,UTTAR PRADESH,HAPUR,UTTAR PRADESH,HAPUR,0,0,0,0,0,0,0,0,0,0,0,0,low,0,no_issue_detected
Uttar Pradesh,HARDOI,1997,2014,1061,18,42,4,IND_UTTAR_PRADESH_HARDOI,UTTAR PRADESH,HARDOI,UTTAR PRADESH,HARDOI,0,0,0,0,0,0,0,0,0,0,0,0,low,0,no_issue_detected
Uttar Pradesh,HARIDWAR,1997,1999,70,3,24,4,IND_UTTAR_PRADESH_HARIDWAR,UTTAR PRADESH,HARIDWAR,UTTAR PRADESH,HARIDWAR,0,0,0,0,0,0,0,0,1,0,0,1,medium,1,pending
Uttar Pradesh,HATHRAS,1997,2014,906,18,35,4,IND_UTTAR_PRADESH_HATHRAS,UTTAR PRADESH,HATHRAS,UTTAR PRADESH,HATHRAS,0,0,0,0,0,0,0,0,0,0,0,0,low,0,no_issue_detected
Uttar Pradesh,JALAUN,1997,2014,899,18,39,4,IND_UTTAR_PRADESH_JALAUN,UTTAR PRADESH,JALAUN,UTTAR PRADESH,JALAUN,0,0,0,0,0,0,0,0,0,0,0,0,low,0,no_issue_detected
Uttar Pradesh,JAUNPUR,1997,2014,967,18,39,4,IND_UTTAR_PRADESH_JAUNPUR,UTTAR PRADESH,JAUNPUR,UTTAR PRADESH,JAUNPUR,0,0,0,0,0,0,0,0,0,0,0,0,low,0,no_issue_detected
Uttar Pradesh,JHANSI,1997,2014,972,18,39,4,IND_UTTAR_PRADESH_JHANSI,UTTAR PRADESH,JHANSI,UTTAR PRADESH,JHANSI,0,0,0,0,0,0,0,0,0,0,0,0,low,0,no_issue_detected
Uttar Pradesh,KANNAUJ,1997,2014,962,18,37,4,IND_UTTAR_PRADESH_KANNAUJ,UTTAR PRADESH,KANNAUJ,UTTAR PRADESH,KANNAUJ,0,0,0,0,0,0,0,0,0,0,0,0,low,0,no_issue_detected
Uttar Pradesh,KANPUR DEHAT,1997,2014,812,16,35,4,IND_UTTAR_PRADESH_KANPUR_DEHAT,UTTAR PRADESH,KANPUR DEHAT,UTTAR PRADESH,KANPUR DEHAT,0,0,0,0,0,0,0,0,0,0,0,0,low,0,no_issue_detected
Uttar Pradesh,KANPUR NAGAR,1997,2014,1063,18,40,4,IND_UTTAR_PRADESH_KANPUR_NAGAR,UTTAR PRADESH,KANPUR NAGAR,UTTAR PRADESH,KANPUR NAGAR,0,0,0,0,0,0,0,0,0,0,0,0,low,0,no_issue_detected
Uttar Pradesh,KASGANJ,2009,2014,350,6,27,3,IND_UTTAR_PRADESH_KASGANJ,UTTAR PRADESH,KASGANJ,UTTAR PRADESH,KASGANJ,0,0,0,0,0,0,0,0,0,0,0,0,low,0,no_issue_detected
Uttar Pradesh,KAUSHAMBI,1997,2014,1010,18,33,4,IND_UTTAR_PRADESH_KAUSHAMBI,UTTAR PRADESH,KAUSHAMBI,UTTAR PRADESH,KAUSHAMBI,0,0,0,0,0,0,0,0,0,0,0,0,low,0,no_issue_detected
Uttar Pradesh,KHERI,1997,2014,1064,18,39,4,IND_UTTAR_PRADESH_KHERI,UTTAR PRADESH,KHERI,UTTAR PRADESH,KHERI,0,0,0,0,0,0,0,0,0,0,0,0,low,0,no_issue_detected
Uttar Pradesh,KUSHI NAGAR,1997,2014,1011,18,37,4,IND_UTTAR_PRADESH_KUSHI_NAGAR,UTTAR PRADESH,KUSHI NAGAR,UTTAR PRADESH,KUSHI NAGAR,0,0,0,0,0,0,0,0,0,0,0,0,low,0,no_issue_detected
Uttar Pradesh,LALITPUR,1997,2014,923,18,35,4,IND_UTTAR_PRADESH_LALITPUR,UTTAR PRADESH,LALITPUR,UTTAR PRADESH,LALITPUR,0,0,0,0,0,0,0,0,0,0,0,0,low,0,no_issue_detected
Uttar Pradesh,LUCKNOW,1997,2014,991,18,39,4,IND_UTTAR_PRADESH_LUCKNOW,UTTAR PRADESH,LUCKNOW,UTTAR PRADESH,LUCKNOW,0,0,0,0,0,0,0,0,0,0,0,0,low,0,no_issue_detected
Uttar Pradesh,MAHARAJGANJ,1997,2014,954,18,37,4,IND_UTTAR_PRADESH_MAHARAJGANJ,UTTAR PRADESH,MAHARAJGANJ,UTTAR PRADESH,MAHARAJGANJ,0,0,0,0,0,0,0,0,0,0,0,0,low,0,no_issue_detected
Uttar Pradesh,MAHOBA,1997,2014,883,18,34,4,IND_UTTAR_PRADESH_MAHOBA,UTTAR PRADESH,MAHOBA,UTTAR PRADESH,MAHOBA,0,0,0,0,0,0,0,0,0,0,0,0,low,0,no_issue_detected
Uttar Pradesh,MAINPURI,1997,2014,938,18,35,4,IND_UTTAR_PRADESH_MAINPURI,UTTAR PRADESH,MAINPURI,UTTAR PRADESH,MAINPURI,0,0,0,0,0,0,0,0,0,0,0,0,low,0,no_issue_detected
Uttar Pradesh,MATHURA,1997,2014,853,18,37,4,IND_UTTAR_PRADESH_MATHURA,UTTAR PRADESH,MATHURA,UTTAR PRADESH,MATHURA,0,0,0,0,0,0,0,0,0,0,0,0,low,0,no_issue_detected
Uttar Pradesh,MAU,1997,2014,896,18,37,4,IND_UTTAR_PRADESH_MAU,UTTAR PRADESH,MAU,UTTAR PRADESH,MAU,0,0,0,0,0,0,0,0,0,0,0,0,low,0,no_issue_detected
Uttar Pradesh,MEERUT,1997,2014,816,18,35,4,IND_UTTAR_PRADESH_MEERUT,UTTAR PRADESH,MEERUT,UTTAR PRADESH,MEERUT,0,0,0,0,0,0,0,0,0,0,0,0,low,0,no_issue_detected
Uttar Pradesh,MIRZAPUR,1997,2014,961,18,40,4,IND_UTTAR_PRADESH_MIRZAPUR,UTTAR PRADESH,MIRZAPUR,UTTAR PRADESH,MIRZAPUR,0,0,0,0,0,0,0,0,0,0,0,0,low,0,no_issue_detected
Uttar Pradesh,MORADABAD,1997,2014,955,18,38,4,IND_UTTAR_PRADESH_MORADABAD,UTTAR PRADESH,MORADABAD,UTTAR PRADESH,MORADABAD,0,0,0,0,0,0,0,0,0,0,0,0,low,0,no_issue_detected
Uttar Pradesh,MUZAFFARNAGAR,1997,2014,865,18,37,4,IND_UTTAR_PRADESH_MUZAFFARNAGAR,UTTAR PRADESH,MUZAFFARNAGAR,UTTAR PRADESH,MUZAFFARNAGAR,0,0,0,0,0,0,0,0,0,0,0,0,low,0,no_issue_detected
Uttar Pradesh,NAINITAL,1997,1999,65,3,22,4,IND_UTTAR_PRADESH_NAINITAL,UTTAR PRADESH,NAINITAL,UTTAR PRADESH,NAINITAL,0,0,0,0,0,0,0,0,1,0,0,1,medium,1,pending
Uttar Pradesh,PAURI GARHWAL,1997,1999,53,3,21,3,IND_UTTAR_PRADESH_PAURI_GARHWAL,UTTAR PRADESH,PAURI GARHWAL,UTTAR PRADESH,PAURI GARHWAL,0,0,0,0,0,0,0,0,1,0,0,1,medium,1,pending
Uttar Pradesh,PILIBHIT,1997,2014,908,18,40,4,IND_UTTAR_PRADESH_PILIBHIT,UTTAR PRADESH,PILIBHIT,UTTAR PRADESH,PILIBHIT,0,0,0,0,0,0,0,0,0,0,0,0,low,0,no_issue_detected
Uttar Pradesh,PITHORAGARH,1997,1999,54,3,20,3,IND_UTTAR_PRADESH_PITHORAGARH,UTTAR PRADESH,PITHORAGARH,UTTAR PRADESH,PITHORAGARH,0,0,0,0,0,0,0,0,1,0,0,1,medium,1,pending
Uttar Pradesh,PRATAPGARH,1997,2014,932,18,35,4,IND_UTTAR_PRADESH_PRATAPGARH,UTTAR PRADESH,PRATAPGARH,UTTAR PRADESH,PRATAPGARH,0,0,0,0,0,0,0,0,1,0,0,1,medium,1,pending
Uttar Pradesh,RAE BARELI,1997,2014,1059,18,40,4,IND_UTTAR_PRADESH_RAE_BARELI,UTTAR PRADESH,RAE BARELI,UTTAR PRADESH,RAE BARELI,0,0,0,0,0,0,0,0,0,0,0,0,low,0,no_issue_detected
Uttar Pradesh,RAMPUR,1997,2014,925,18,36,4,IND_UTTAR_PRADESH_RAMPUR,UTTAR PRADESH,RAMPUR,UTTAR PRADESH,RAMPUR,0,0,0,0,0,0,0,0,0,0,0,0,low,0,no_issue_detected
Uttar Pradesh,RUDRA PRAYAG,1998,1999,16,2,10,3,IND_UTTAR_PRADESH_RUDRA_PRAYAG,UTTAR PRADESH,RUDRA PRAYAG,UTTAR PRADESH,RUDRA PRAYAG,0,0,0,0,0,0,0,0,1,0,0,1,medium,1,pending
Uttar Pradesh,SAHARANPUR,1997,2014,835,18,37,4,IND_UTTAR_PRADESH_SAHARANPUR,UTTAR PRADESH,SAHARANPUR,UTTAR PRADESH,SAHARANPUR,0,0,0,0,0,0,0,0,0,0,0,0,low,0,no_issue_detected
Uttar Pradesh,SAMBHAL,2012,2014,166,3,27,3,IND_UTTAR_PRADESH_SAMBHAL,UTTAR PRADESH,SAMBHAL,UTTAR PRADESH,SAMBHAL,0,0,0,0,0,0,0,0,0,0,0,0,low,0,no_issue_detected
Uttar Pradesh,SANT KABEER NAGAR,1997,2014,898,18,35,4,IND_UTTAR_PRADESH_SANT_KABEER_NAGAR,UTTAR PRADESH,SANT KABEER NAGAR,UTTAR PRADESH,SANT KABEER NAGAR,0,0,0,0,0,0,0,0,0,0,0,0,low,0,no_issue_detected
Uttar Pradesh,SANT RAVIDAS NAGAR,1997,2014,786,18,33,4,IND_UTTAR_PRADESH_SANT_RAVIDAS_NAGAR,UTTAR PRADESH,SANT RAVIDAS NAGAR,UTTAR PRADESH,SANT RAVIDAS NAGAR,0,0,0,0,0,0,0,0,0,0,0,0,low,0,no_issue_detected
Uttar Pradesh,SHAHJAHANPUR,1997,2014,1053,18,37,4,IND_UTTAR_PRADESH_SHAHJAHANPUR,UTTAR PRADESH,SHAHJAHANPUR,UTTAR PRADESH,SHAHJAHANPUR,0,0,0,0,0,0,0,0,0,0,0,0,low,0,no_issue_detected
Uttar Pradesh,SHAMLI,2012,2014,132,3,20,3,IND_UTTAR_PRADESH_SHAMLI,UTTAR PRADESH,SHAMLI,UTTAR PRADESH,SHAMLI,0,0,0,0,0,0,0,0,0,0,0,0,low,0,no_issue_detected
Uttar Pradesh,SHRAVASTI,1997,2014,888,18,36,4,IND_UTTAR_PRADESH_SHRAVASTI,UTTAR PRADESH,SHRAVASTI,UTTAR PRADESH,SHRAVASTI,0,0,0,0,0,0,0,0,0,0,0,0,low,0,no_issue_detected
Uttar Pradesh,SIDDHARTH NAGAR,1997,2014,802,18,35,4,IND_UTTAR_PRADESH_SIDDHARTH_NAGAR,UTTAR PRADESH,SIDDHARTH NAGAR,UTTAR PRADESH,SIDDHARTH NAGAR,0,0,0,0,0,0,0,0,0,0,0,0,low,0,no_issue_detected
Uttar Pradesh,SITAPUR,1997,2014,1075,18,42,4,IND_UTTAR_PRADESH_SITAPUR,UTTAR PRADESH,SITAPUR,UTTAR PRADESH,SITAPUR,0,0,0,0,0,0,0,0,0,0,0,0,low,0,no_issue_detected
Uttar Pradesh,SONBHADRA,1997,2014,942,18,33,4,IND_UTTAR_PRADESH_SONBHADRA,UTTAR PRADESH,SONBHADRA,UTTAR PRADESH,SONBHADRA,0,0,0,0,0,0,0,0,0,0,0,0,low,0,no_issue_detected
Uttar Pradesh,SULTANPUR,1997,2014,1011,18,38,4,IND_UTTAR_PRADESH_SULTANPUR,UTTAR PRADESH,SULTANPUR,UTTAR PRADESH,SULTANPUR,0,0,0,0,0,0,0,0,0,0,0,0,low,0,no_issue_detected
Uttar Pradesh,TEHRI GARHWAL,1997,1999,49,3,19,3,IND_UTTAR_PRADESH_TEHRI_GARHWAL,UTTAR PRADESH,TEHRI GARHWAL,UTTAR PRADESH,TEHRI GARHWAL,0,0,0,0,0,0,0,0,1,0,0,1,medium,1,pending
Uttar Pradesh,UDAM SINGH NAGAR,1997,1999,70,3,22,4,IND_UTTAR_PRADESH_UDAM_SINGH_NAGAR,UTTAR PRADESH,UDAM SINGH NAGAR,UTTAR PRADESH,UDAM SINGH NAGAR,0,0,0,0,0,0,0,0,1,0,0,1,medium,1,pending
Uttar Pradesh,UNNAO,1997,2014,1047,18,42,4,IND_UTTAR_PRADESH_UNNAO,UTTAR PRADESH,UNNAO,UTTAR PRADESH,UNNAO,0,0,0,0,0,0,0,0,0,0,0,0,low,0,no_issue_detected
Uttar Pradesh,UTTAR KASHI,1997,1999,51,3,19,3,IND_UTTAR_PRADESH_UTTAR_KASHI,UTTAR PRADESH,UTTAR KASHI,UTTAR PRADESH,UTTAR KASHI,0,0,0,0,0,0,0,0,1,0,0,1,medium,1,pending
Uttar Pradesh,VARANASI,1997,2014,900,18,35,4,IND_UTTAR_PRADESH_VARANASI,UTTAR PRADESH,VARANASI,UTTAR PRADESH,VARANASI,0,0,0,0,0,0,0,0,0,0,0,0,low,0,no_issue_detected
Uttarakhand,ALMORA,2000,2014,684,15,31,3,IND_UTTARAKHAND_ALMORA,UTTARAKHAND,ALMORA,UTTARAKHAND,ALMORA,0,0,0,0,0,0,0,0,1,0,0,1,medium,1,pending
Uttarakhand,BAGESHWAR,2000,2014,670,15,35,3,IND_UTTARAKHAND_BAGESHWAR,UTTARAKHAND,BAGESHWAR,UTTARAKHAND,BAGESHWAR,0,0,0,0,0,0,0,0,1,0,0,1,medium,1,pending
Uttarakhand,CHAMOLI,2000,2014,682,15,34,3,IND_UTTARAKHAND_CHAMOLI,UTTARAKHAND,CHAMOLI,UTTARAKHAND,CHAMOLI,0,0,0,0,0,0,0,0,1,0,0,1,medium,1,pending
Uttarakhand,CHAMPAWAT,2000,2014,803,15,37,4,IND_UTTARAKHAND_CHAMPAWAT,UTTARAKHAND,CHAMPAWAT,UTTARAKHAND,CHAMPAWAT,0,0,0,0,0,0,0,0,1,0,0,1,medium,1,pending
Uttarakhand,DEHRADUN,2000,2014,891,15,40,4,IND_UTTARAKHAND_DEHRADUN,UTTARAKHAND,DEHRADUN,UTTARAKHAND,DEHRADUN,0,0,0,0,0,0,0,0,1,0,0,1,medium,1,pending
Uttarakhand,HARIDWAR,2000,2014,688,15,32,4,IND_UTTARAKHAND_HARIDWAR,UTTARAKHAND,HARIDWAR,UTTARAKHAND,HARIDWAR,0,0,0,0,0,0,0,0,1,0,0,1,medium,1,pending
Uttarakhand,NAINITAL,2000,2014,859,15,39,4,IND_UTTARAKHAND_NAINITAL,UTTARAKHAND,NAINITAL,UTTARAKHAND,NAINITAL,0,0,0,0,0,0,0,0,1,0,0,1,medium,1,pending
Uttarakhand,PAURI GARHWAL,2000,2014,736,15,36,3,IND_UTTARAKHAND_PAURI_GARHWAL,UTTARAKHAND,PAURI GARHWAL,UTTARAKHAND,PAURI GARHWAL,0,0,0,0,0,0,0,0,1,0,0,1,medium,1,pending
Uttarakhand,PITHORAGARH,2000,2014,738,15,34,4,IND_UTTARAKHAND_PITHORAGARH,UTTARAKHAND,PITHORAGARH,UTTARAKHAND,PITHORAGARH,0,0,0,0,0,0,0,0,1,0,0,1,medium,1,pending
Uttarakhand,RUDRA PRAYAG,2000,2014,612,15,31,3,IND_UTTARAKHAND_RUDRA_PRAYAG,UTTARAKHAND,RUDRA PRAYAG,UTTARAKHAND,RUDRA PRAYAG,0,0,0,0,0,0,0,0,1,0,0,1,medium,1,pending
Uttarakhand,TEHRI GARHWAL,2000,2014,710,15,32,3,IND_UTTARAKHAND_TEHRI_GARHWAL,UTTARAKHAND,TEHRI GARHWAL,UTTARAKHAND,TEHRI GARHWAL,0,0,0,0,0,0,0,0,1,0,0,1,medium,1,pending
Uttarakhand,UDAM SINGH NAGAR,2000,2014,770,15,36,4,IND_UTTARAKHAND_UDAM_SINGH_NAGAR,UTTARAKHAND,UDAM SINGH NAGAR,UTTARAKHAND,UDAM SINGH NAGAR,0,0,0,0,0,0,0,0,1,0,0,1,medium,1,pending
Uttarakhand,UTTAR KASHI,2000,2014,696,15,33,3,IND_UTTARAKHAND_UTTAR_KASHI,UTTARAKHAND,UTTAR KASHI,UTTARAKHAND,UTTAR KASHI,0,0,0,0,0,0,0,0,1,0,0,1,medium,1,pending
West Bengal,24 PARAGANAS NORTH,1997,2014,925,18,30,6,IND_WEST_BENGAL_24_PARAGANAS_NORTH,WEST BENGAL,24 PARAGANAS NORTH,WEST BENGAL,24 PARAGANAS NORTH,0,0,1,0,0,0,0,0,0,0,0,1,medium,1,pending
West Bengal,24 PARAGANAS SOUTH,1997,2014,867,18,30,6,IND_WEST_BENGAL_24_PARAGANAS_SOUTH,WEST BENGAL,24 PARAGANAS SOUTH,WEST BENGAL,24 PARAGANAS SOUTH,0,0,1,0,0,0,0,0,0,0,0,1,medium,1,pending
West Bengal,ALIPURDUAR,2014,2014,1,1,1,1,IND_WEST_BENGAL_ALIPURDUAR,WEST BENGAL,ALIPURDUAR,WEST BENGAL,ALIPURDUAR,0,0,0,0,0,0,0,0,0,0,0,0,low,0,no_issue_detected
West Bengal,BANKURA,1997,2014,1247,18,41,6,IND_WEST_BENGAL_BANKURA,WEST BENGAL,BANKURA,WEST BENGAL,BANKURA,0,0,0,0,0,0,0,0,0,0,0,0,low,0,no_issue_detected
West Bengal,BARDHAMAN,1997,2014,600,18,37,6,IND_WEST_BENGAL_BARDHAMAN,WEST BENGAL,BARDHAMAN,WEST BENGAL,BARDHAMAN,0,0,0,0,0,0,0,0,0,0,0,0,low,0,no_issue_detected
West Bengal,BIRBHUM,1997,2014,1141,18,39,6,IND_WEST_BENGAL_BIRBHUM,WEST BENGAL,BIRBHUM,WEST BENGAL,BIRBHUM,0,0,0,0,0,0,0,0,0,0,0,0,low,0,no_issue_detected
West Bengal,COOCHBEHAR,1997,2014,1151,18,37,6,IND_WEST_BENGAL_COOCHBEHAR,WEST BENGAL,COOCHBEHAR,WEST BENGAL,COOCHBEHAR,0,0,0,0,0,0,0,0,0,0,0,0,low,0,no_issue_detected
West Bengal,DARJEELING,1997,2014,939,18,37,6,IND_WEST_BENGAL_DARJEELING,WEST BENGAL,DARJEELING,WEST BENGAL,DARJEELING,0,0,0,0,0,0,0,0,0,0,0,0,low,0,no_issue_detected
West Bengal,DINAJPUR DAKSHIN,1997,2014,402,18,32,6,IND_WEST_BENGAL_DINAJPUR_DAKSHIN,WEST BENGAL,DINAJPUR DAKSHIN,WEST BENGAL,DINAJPUR DAKSHIN,0,0,0,0,0,0,0,0,0,0,0,0,low,0,no_issue_detected
West Bengal,DINAJPUR UTTAR,1997,2014,602,18,34,6,IND_WEST_BENGAL_DINAJPUR_UTTAR,WEST BENGAL,DINAJPUR UTTAR,WEST BENGAL,DINAJPUR UTTAR,0,0,0,0,0,0,0,0,0,0,0,0,low,0,no_issue_detected
West Bengal,HOOGHLY,1997,2014,429,18,31,6,IND_WEST_BENGAL_HOOGHLY,WEST BENGAL,HOOGHLY,WEST BENGAL,HOOGHLY,0,0,0,0,0,0,0,0,0,0,0,0,low,0,no_issue_detected
West Bengal,HOWRAH,1997,2014,376,18,26,6,IND_WEST_BENGAL_HOWRAH,WEST BENGAL,HOWRAH,WEST BENGAL,HOWRAH,0,0,0,0,0,0,0,0,0,0,0,0,low,0,no_issue_detected
West Bengal,JALPAIGURI,1997,2014,637,18,33,6,IND_WEST_BENGAL_JALPAIGURI,WEST BENGAL,JALPAIGURI,WEST BENGAL,JALPAIGURI,0,0,0,0,0,0,0,0,0,0,0,0,low,0,no_issue_detected
West Bengal,MALDAH,1997,2014,566,18,31,6,IND_WEST_BENGAL_MALDAH,WEST BENGAL,MALDAH,WEST BENGAL,MALDAH,0,0,0,0,0,0,0,0,0,0,0,0,low,0,no_issue_detected
West Bengal,MEDINIPUR EAST,1997,2014,352,18,28,6,IND_WEST_BENGAL_MEDINIPUR_EAST,WEST BENGAL,MEDINIPUR EAST,WEST BENGAL,MEDINIPUR EAST,0,0,0,0,0,0,0,0,0,0,0,0,low,0,no_issue_detected
West Bengal,MEDINIPUR WEST,1997,2014,640,18,38,6,IND_WEST_BENGAL_MEDINIPUR_WEST,WEST BENGAL,MEDINIPUR WEST,WEST BENGAL,MEDINIPUR WEST,0,0,0,0,0,0,0,0,0,0,0,0,low,0,no_issue_detected
West Bengal,MURSHIDABAD,1997,2014,595,18,33,6,IND_WEST_BENGAL_MURSHIDABAD,WEST BENGAL,MURSHIDABAD,WEST BENGAL,MURSHIDABAD,0,0,0,0,0,0,0,0,0,0,0,0,low,0,no_issue_detected
West Bengal,NADIA,1997,2014,585,18,32,6,IND_WEST_BENGAL_NADIA,WEST BENGAL,NADIA,WEST BENGAL,NADIA,0,0,0,0,0,0,0,0,0,0,0,0,low,0,no_issue_detected
West Bengal,PURBA BARDHAMAN,1997,2014,605,18,36,6,IND_WEST_BENGAL_PURBA_BARDHAMAN,WEST BENGAL,PURBA BARDHAMAN,WEST BENGAL,PURBA BARDHAMAN,0,0,0,0,0,0,0,0,0,0,0,0,low,0,no_issue_detected
West Bengal,PURULIA,1997,2014,642,18,39,6,IND_WEST_BENGAL_PURULIA,WEST BENGAL,PURULIA,WEST BENGAL,PURULIA,0,0,0,0,0,0,0,0,0,0,0,0,low,0,no_issue_detected
