model,MAE,RMSE,R2
Decision tree regressor,4637.201850696516,54039.43457367241,0.6344750035780916
Naive baseline: train median,7341.051489351332,89682.09475562612,-0.006716012827427953
Ridge regression,9702.02945359363,63472.09058195662,0.49573236526427533
Historical baseline: lag_yield,10982.934572396816,105746.29834861998,-0.3996705880836797
Naive baseline: train mean,12523.881112668656,89397.54138437867,-0.0003377056986013649
