State_Name,Crop,Season,State_Zone,Crop_Group,Window_Type,Start_Month,Start_Day,Start_Year_Offset,End_Month,End_Day,End_Year_Offset,Window_Days,Example_Crop_Year,Example_Start_Date,Example_End_Date,Observed_Rows_1997_2014,Observed_Districts_1997_2014,Rule_Level,Rule_Version,Rule_Status,Rule_Basis,Special_Note,Dataset_Reference,Season_Reference
Andaman and Nicobar Islands,Arecanut,Autumn,south_coastal,arecanut,seasonal_reporting_window,4,1,0,10,31,0,214,2010,2010-04-01,2010-10-31,2,1,state_zone+crop+season,v1.0,decided_project_convention,Perennial or plantation crop mapped to its recorded reporting season.,Seasonal reporting window for a perennial/plantation crop; not its full biological life cycle.,https://www.kaggle.com/datasets/arjunyadav99/indian-agriculture-crop-production-and-yield,"Project convention based on the recorded Indian crop-season label; Autumn and Winter are treated as crop reporting seasons, not literal meteorological seasons."
Andaman and Nicobar Islands,Arecanut,Kharif,south_coastal,arecanut,seasonal_reporting_window,5,15,0,11,30,0,200,2010,2010-05-15,2010-11-30,9,3,state_zone+crop+season,v1.0,decided_project_convention,Perennial or plantation crop mapped to its recorded reporting season.,Seasonal reporting window for a perennial/plantation crop; not its full biological life cycle.,https://www.kaggle.com/datasets/arjunyadav99/indian-agriculture-crop-production-and-yield,https://en.wikipedia.org/wiki/Kharif_crop
Andaman and Nicobar Islands,Arecanut,Rabi,south_coastal,arecanut,seasonal_reporting_window,10,1,0,4,30,1,212,2010,2010-10-01,2011-04-30,19,4,state_zone+crop+season,v1.0,decided_project_convention,Perennial or plantation crop mapped to its recorded reporting season.,Seasonal reporting window for a perennial/plantation crop; not its full biological life cycle.,https://www.kaggle.com/datasets/arjunyadav99/indian-agriculture-crop-production-and-yield,https://en.wikipedia.org/wiki/Rabi_crop
Andaman and Nicobar Islands,Arecanut,Summer,south_coastal,arecanut,seasonal_reporting_window,2,15,1,6,30,1,136,2010,2011-02-15,2011-06-30,2,1,state_zone+crop+season,v1.0,decided_project_convention,Perennial or plantation crop mapped to its recorded reporting season.,Seasonal reporting window for a perennial/plantation crop; not its full biological life cycle.,https://www.kaggle.com/datasets/arjunyadav99/indian-agriculture-crop-production-and-yield,https://en.wikipedia.org/wiki/Zaid_crop
Andaman and Nicobar Islands,Arecanut,Whole Year,south_coastal,arecanut,annual_reporting_window,7,1,0,6,30,1,365,2010,2010-07-01,2011-06-30,20,3,state_zone+crop+season,v1.0,decided_project_convention,Whole Year mapped to the complete July-June crop-year reporting cycle.,Annual reporting window; do not calculate planting/harvest flags.,https://www.kaggle.com/datasets/arjunyadav99/indian-agriculture-crop-production-and-yield,"Project convention based on the recorded Indian crop-season label; Autumn and Winter are treated as crop reporting seasons, not literal meteorological seasons."
Andaman and Nicobar Islands,Arhar/Tur,Rabi,south_coastal,pigeon_pea,crop_cycle_estimate,10,1,0,2,27,1,150,2010,2010-10-01,2011-02-27,11,3,state_zone+crop+season,v1.0,decided_project_convention,Crop-specific 150-day cycle starting from the south_coastal Rabi anchor.,,https://www.kaggle.com/datasets/arjunyadav99/indian-agriculture-crop-production-and-yield,https://en.wikipedia.org/wiki/Rabi_crop
Andaman and Nicobar Islands,Arhar/Tur,Summer,south_coastal,pigeon_pea,crop_cycle_estimate,2,15,1,8,13,1,180,2010,2011-02-15,2011-08-13,2,1,state_zone+crop+season,v1.0,decided_project_convention,Crop-specific 180-day cycle starting from the south_coastal Summer anchor.,,https://www.kaggle.com/datasets/arjunyadav99/indian-agriculture-crop-production-and-yield,https://en.wikipedia.org/wiki/Zaid_crop
Andaman and Nicobar Islands,Banana,Autumn,south_coastal,fruit_perennial,seasonal_reporting_window,4,1,0,10,31,0,214,2010,2010-04-01,2010-10-31,2,1,state_zone+crop+season,v1.0,decided_project_convention,Perennial or plantation crop mapped to its recorded reporting season.,Seasonal reporting window for a perennial/plantation crop; not its full biological life cycle.,https://www.kaggle.com/datasets/arjunyadav99/indian-agriculture-crop-production-and-yield,"Project convention based on the recorded Indian crop-season label; Autumn and Winter are treated as crop reporting seasons, not literal meteorological seasons."
Andaman and Nicobar Islands,Banana,Kharif,south_coastal,fruit_perennial,seasonal_reporting_window,5,15,0,11,30,0,200,2010,2010-05-15,2010-11-30,1,1,state_zone+crop+season,v1.0,decided_project_convention,Perennial or plantation crop mapped to its recorded reporting season.,Seasonal reporting window for a perennial/plantation crop; not its full biological life cycle.,https://www.kaggle.com/datasets/arjunyadav99/indian-agriculture-crop-production-and-yield,https://en.wikipedia.org/wiki/Kharif_crop
Andaman and Nicobar Islands,Banana,Rabi,south_coastal,fruit_perennial,seasonal_reporting_window,10,1,0,4,30,1,212,2010,2010-10-01,2011-04-30,1,1,state_zone+crop+season,v1.0,decided_project_convention,Perennial or plantation crop mapped to its recorded reporting season.,Seasonal reporting window for a perennial/plantation crop; not its full biological life cycle.,https://www.kaggle.com/datasets/arjunyadav99/indian-agriculture-crop-production-and-yield,https://en.wikipedia.org/wiki/Rabi_crop
Andaman and Nicobar Islands,Banana,Summer,south_coastal,fruit_perennial,seasonal_reporting_window,2,15,1,6,30,1,136,2010,2011-02-15,2011-06-30,2,1,state_zone+crop+season,v1.0,decided_project_convention,Perennial or plantation crop mapped to its recorded reporting season.,Seasonal reporting window for a perennial/plantation crop; not its full biological life cycle.,https://www.kaggle.com/datasets/arjunyadav99/indian-agriculture-crop-production-and-yield,https://en.wikipedia.org/wiki/Zaid_crop
Andaman and Nicobar Islands,Banana,Whole Year,south_coastal,fruit_perennial,annual_reporting_window,7,1,0,6,30,1,365,2010,2010-07-01,2011-06-30,44,3,state_zone+crop+season,v1.0,decided_project_convention,Whole Year mapped to the complete July-June crop-year reporting cycle.,Annual reporting window; do not calculate planting/harvest flags.,https://www.kaggle.com/datasets/arjunyadav99/indian-agriculture-crop-production-and-yield,"Project convention based on the recorded Indian crop-season label; Autumn and Winter are treated as crop reporting seasons, not literal meteorological seasons."
Andaman and Nicobar Islands,Black pepper,Autumn,south_coastal,black_pepper,seasonal_reporting_window,4,1,0,10,31,0,214,2010,2010-04-01,2010-10-31,2,1,state_zone+crop+season,v1.0,decided_project_convention,Perennial or plantation crop mapped to its recorded reporting season.,Seasonal reporting window for a perennial/plantation crop; not its full biological life cycle.,https://www.kaggle.com/datasets/arjunyadav99/indian-agriculture-crop-production-and-yield,"Project convention based on the recorded Indian crop-season label; Autumn and Winter are treated as crop reporting seasons, not literal meteorological seasons."
Andaman and Nicobar Islands,Black pepper,Kharif,south_coastal,black_pepper,seasonal_reporting_window,5,15,0,11,30,0,200,2010,2010-05-15,2010-11-30,1,1,state_zone+crop+season,v1.0,decided_project_convention,Perennial or plantation crop mapped to its recorded reporting season.,Seasonal reporting window for a perennial/plantation crop; not its full biological life cycle.,https://www.kaggle.com/datasets/arjunyadav99/indian-agriculture-crop-production-and-yield,https://en.wikipedia.org/wiki/Kharif_crop
Andaman and Nicobar Islands,Black pepper,Rabi,south_coastal,black_pepper,seasonal_reporting_window,10,1,0,4,30,1,212,2010,2010-10-01,2011-04-30,19,4,state_zone+crop+season,v1.0,decided_project_convention,Perennial or plantation crop mapped to its recorded reporting season.,Seasonal reporting window for a perennial/plantation crop; not its full biological life cycle.,https://www.kaggle.com/datasets/arjunyadav99/indian-agriculture-crop-production-and-yield,https://en.wikipedia.org/wiki/Rabi_crop
Andaman and Nicobar Islands,Black pepper,Summer,south_coastal,black_pepper,seasonal_reporting_window,2,15,1,6,30,1,136,2010,2011-02-15,2011-06-30,2,1,state_zone+crop+season,v1.0,decided_project_convention,Perennial or plantation crop mapped to its recorded reporting season.,Seasonal reporting window for a perennial/plantation crop; not its full biological life cycle.,https://www.kaggle.com/datasets/arjunyadav99/indian-agriculture-crop-production-and-yield,https://en.wikipedia.org/wiki/Zaid_crop
Andaman and Nicobar Islands,Black pepper,Whole Year,south_coastal,black_pepper,annual_reporting_window,7,1,0,6,30,1,365,2010,2010-07-01,2011-06-30,22,3,state_zone+crop+season,v1.0,decided_project_convention,Whole Year mapped to the complete July-June crop-year reporting cycle.,Annual reporting window; do not calculate planting/harvest flags.,https://www.kaggle.com/datasets/arjunyadav99/indian-agriculture-crop-production-and-yield,"Project convention based on the recorded Indian crop-season label; Autumn and Winter are treated as crop reporting seasons, not literal meteorological seasons."
Andaman and Nicobar Islands,Cashewnut,Rabi,south_coastal,cashew,seasonal_reporting_window,10,1,0,4,30,1,212,2010,2010-10-01,2011-04-30,18,3,state_zone+crop+season,v1.0,decided_project_convention,Perennial or plantation crop mapped to its recorded reporting season.,Seasonal reporting window for a perennial/plantation crop; not its full biological life cycle.,https://www.kaggle.com/datasets/arjunyadav99/indian-agriculture-crop-production-and-yield,https://en.wikipedia.org/wiki/Rabi_crop
Andaman and Nicobar Islands,Cashewnut,Whole Year,south_coastal,cashew,annual_reporting_window,7,1,0,6,30,1,365,2010,2010-07-01,2011-06-30,30,3,state_zone+crop+season,v1.0,decided_project_convention,Whole Year mapped to the complete July-June crop-year reporting cycle.,Annual reporting window; do not calculate planting/harvest flags.,https://www.kaggle.com/datasets/arjunyadav99/indian-agriculture-crop-production-and-yield,"Project convention based on the recorded Indian crop-season label; Autumn and Winter are treated as crop reporting seasons, not literal meteorological seasons."
Andaman and Nicobar Islands,Coconut,Whole Year,south_coastal,coconut,annual_reporting_window,7,1,0,6,30,1,365,2010,2010-07-01,2011-06-30,51,4,state_zone+crop+season,v1.0,decided_project_convention,Whole Year mapped to the complete July-June crop-year reporting cycle.,Annual reporting window; do not calculate planting/harvest flags.,https://www.kaggle.com/datasets/arjunyadav99/indian-agriculture-crop-production-and-yield,"Project convention based on the recorded Indian crop-season label; Autumn and Winter are treated as crop reporting seasons, not literal meteorological seasons."
Andaman and Nicobar Islands,Cowpea(Lobia),Rabi,south_coastal,cowpea,crop_cycle_estimate,10,1,0,1,8,1,100,2010,2010-10-01,2011-01-08,12,3,state_zone+crop+season,v1.0,decided_project_convention,Crop-specific 100-day cycle starting from the south_coastal Rabi anchor.,,https://www.kaggle.com/datasets/arjunyadav99/indian-agriculture-crop-production-and-yield,https://en.wikipedia.org/wiki/Rabi_crop
Andaman and Nicobar Islands,Dry Ginger,Rabi,south_coastal,ginger,crop_cycle_estimate,10,1,0,5,28,1,240,2010,2010-10-01,2011-05-28,1,1,state_zone+crop+season,v1.0,decided_project_convention,Crop-specific 240-day cycle starting from the south_coastal Rabi anchor.,,https://www.kaggle.com/datasets/arjunyadav99/indian-agriculture-crop-production-and-yield,https://en.wikipedia.org/wiki/Rabi_crop
Andaman and Nicobar Islands,Dry Ginger,Summer,south_coastal,ginger,crop_cycle_estimate,2,15,1,10,12,1,240,2010,2011-02-15,2011-10-12,2,1,state_zone+crop+season,v1.0,decided_project_convention,Crop-specific 240-day cycle starting from the south_coastal Summer anchor.,,https://www.kaggle.com/datasets/arjunyadav99/indian-agriculture-crop-production-and-yield,https://en.wikipedia.org/wiki/Zaid_crop
Andaman and Nicobar Islands,Dry chillies,Kharif,south_coastal,chilli,crop_cycle_estimate,5,15,0,11,10,0,180,2010,2010-05-15,2010-11-10,1,1,state_zone+crop+season,v1.0,decided_project_convention,Crop-specific 180-day cycle starting from the south_coastal Kharif anchor.,,https://www.kaggle.com/datasets/arjunyadav99/indian-agriculture-crop-production-and-yield,https://en.wikipedia.org/wiki/Kharif_crop
Andaman and Nicobar Islands,Dry chillies,Rabi,south_coastal,chilli,crop_cycle_estimate,10,1,0,3,29,1,180,2010,2010-10-01,2011-03-29,19,4,state_zone+crop+season,v1.0,decided_project_convention,Crop-specific 180-day cycle starting from the south_coastal Rabi anchor.,,https://www.kaggle.com/datasets/arjunyadav99/indian-agriculture-crop-production-and-yield,https://en.wikipedia.org/wiki/Rabi_crop
Andaman and Nicobar Islands,Dry chillies,Summer,south_coastal,chilli,crop_cycle_estimate,2,15,1,8,13,1,180,2010,2011-02-15,2011-08-13,2,1,state_zone+crop+season,v1.0,decided_project_convention,Crop-specific 180-day cycle starting from the south_coastal Summer anchor.,,https://www.kaggle.com/datasets/arjunyadav99/indian-agriculture-crop-production-and-yield,https://en.wikipedia.org/wiki/Zaid_crop
Andaman and Nicobar Islands,Dry chillies,Whole Year,south_coastal,chilli,annual_reporting_window,7,1,0,6,30,1,365,2010,2010-07-01,2011-06-30,20,3,state_zone+crop+season,v1.0,decided_project_convention,Whole Year mapped to the complete July-June crop-year reporting cycle.,Annual reporting window; do not calculate planting/harvest flags.,https://www.kaggle.com/datasets/arjunyadav99/indian-agriculture-crop-production-and-yield,"Project convention based on the recorded Indian crop-season label; Autumn and Winter are treated as crop reporting seasons, not literal meteorological seasons."
Andaman and Nicobar Islands,Dry ginger,Rabi,south_coastal,ginger,crop_cycle_estimate,10,1,0,5,28,1,240,2010,2010-10-01,2011-05-28,3,3,state_zone+crop+season,v1.0,decided_project_convention,Crop-specific 240-day cycle starting from the south_coastal Rabi anchor.,,https://www.kaggle.com/datasets/arjunyadav99/indian-agriculture-crop-production-and-yield,https://en.wikipedia.org/wiki/Rabi_crop
Andaman and Nicobar Islands,Dry ginger,Whole Year,south_coastal,ginger,annual_reporting_window,7,1,0,6,30,1,365,2010,2010-07-01,2011-06-30,14,3,state_zone+crop+season,v1.0,decided_project_convention,Whole Year mapped to the complete July-June crop-year reporting cycle.,Annual reporting window; do not calculate planting/harvest flags.,https://www.kaggle.com/datasets/arjunyadav99/indian-agriculture-crop-production-and-yield,"Project convention based on the recorded Indian crop-season label; Autumn and Winter are treated as crop reporting seasons, not literal meteorological seasons."
Andaman and Nicobar Islands,Ginger,Rabi,south_coastal,ginger,crop_cycle_estimate,10,1,0,5,28,1,240,2010,2010-10-01,2011-05-28,15,3,state_zone+crop+season,v1.0,decided_project_convention,Crop-specific 240-day cycle starting from the south_coastal Rabi anchor.,,https://www.kaggle.com/datasets/arjunyadav99/indian-agriculture-crop-production-and-yield,https://en.wikipedia.org/wiki/Rabi_crop
Andaman and Nicobar Islands,Ginger,Whole Year,south_coastal,ginger,annual_reporting_window,7,1,0,6,30,1,365,2010,2010-07-01,2011-06-30,14,3,state_zone+crop+season,v1.0,decided_project_convention,Whole Year mapped to the complete July-June crop-year reporting cycle.,Annual reporting window; do not calculate planting/harvest flags.,https://www.kaggle.com/datasets/arjunyadav99/indian-agriculture-crop-production-and-yield,"Project convention based on the recorded Indian crop-season label; Autumn and Winter are treated as crop reporting seasons, not literal meteorological seasons."
Andaman and Nicobar Islands,Groundnut,Rabi,south_coastal,groundnut,crop_cycle_estimate,10,1,0,1,28,1,120,2010,2010-10-01,2011-01-28,13,3,state_zone+crop+season,v1.0,decided_project_convention,Crop-specific 120-day cycle starting from the south_coastal Rabi anchor.,,https://www.kaggle.com/datasets/arjunyadav99/indian-agriculture-crop-production-and-yield,https://en.wikipedia.org/wiki/Rabi_crop
Andaman and Nicobar Islands,Groundnut,Summer,south_coastal,groundnut,crop_cycle_estimate,2,15,1,6,14,1,120,2010,2011-02-15,2011-06-14,2,1,state_zone+crop+season,v1.0,decided_project_convention,Crop-specific 120-day cycle starting from the south_coastal Summer anchor.,,https://www.kaggle.com/datasets/arjunyadav99/indian-agriculture-crop-production-and-yield,https://en.wikipedia.org/wiki/Zaid_crop
Andaman and Nicobar Islands,Maize,Rabi,south_coastal,maize,crop_cycle_estimate,10,1,0,1,28,1,120,2010,2010-10-01,2011-01-28,18,4,state_zone+crop+season,v1.0,decided_project_convention,Crop-specific 120-day cycle starting from the south_coastal Rabi anchor.,,https://www.kaggle.com/datasets/arjunyadav99/indian-agriculture-crop-production-and-yield,https://en.wikipedia.org/wiki/Rabi_crop
Andaman and Nicobar Islands,Maize,Summer,south_coastal,maize,crop_cycle_estimate,2,15,1,6,14,1,120,2010,2011-02-15,2011-06-14,2,1,state_zone+crop+season,v1.0,decided_project_convention,Crop-specific 120-day cycle starting from the south_coastal Summer anchor.,,https://www.kaggle.com/datasets/arjunyadav99/indian-agriculture-crop-production-and-yield,https://en.wikipedia.org/wiki/Zaid_crop
Andaman and Nicobar Islands,Moong(Green Gram),Rabi,south_coastal,green_gram,crop_cycle_estimate,10,1,0,12,29,0,90,2010,2010-10-01,2010-12-29,16,4,state_zone+crop+season,v1.0,decided_project_convention,Crop-specific 90-day cycle starting from the south_coastal Rabi anchor.,,https://www.kaggle.com/datasets/arjunyadav99/indian-agriculture-crop-production-and-yield,https://en.wikipedia.org/wiki/Rabi_crop
Andaman and Nicobar Islands,Moong(Green Gram),Summer,south_coastal,green_gram,crop_cycle_estimate,2,15,1,5,15,1,90,2010,2011-02-15,2011-05-15,2,1,state_zone+crop+season,v1.0,decided_project_convention,Crop-specific 90-day cycle starting from the south_coastal Summer anchor.,,https://www.kaggle.com/datasets/arjunyadav99/indian-agriculture-crop-production-and-yield,https://en.wikipedia.org/wiki/Zaid_crop
Andaman and Nicobar Islands,Oilseeds total,Whole Year,south_coastal,aggregate_oilseeds,annual_reporting_window,7,1,0,6,30,1,365,2010,2010-07-01,2011-06-30,8,2,state_zone+crop+season,v1.0,decided_project_convention,Whole Year mapped to the complete July-June crop-year reporting cycle.,Annual reporting window; do not calculate planting/harvest flags.,https://www.kaggle.com/datasets/arjunyadav99/indian-agriculture-crop-production-and-yield,"Project convention based on the recorded Indian crop-season label; Autumn and Winter are treated as crop reporting seasons, not literal meteorological seasons."
Andaman and Nicobar Islands,Other Kharif pulses,Kharif,south_coastal,aggregate_kharif_pulses,aggregate_reporting_window,5,15,0,11,30,0,200,2010,2010-05-15,2010-11-30,8,2,state_zone+crop+season,v1.0,decided_project_convention,Aggregate crop category mapped to the complete reporting-season window.,Aggregate crop category; uses the full reporting-season window.,https://www.kaggle.com/datasets/arjunyadav99/indian-agriculture-crop-production-and-yield,https://en.wikipedia.org/wiki/Kharif_crop
Andaman and Nicobar Islands,Rapeseed &Mustard,Rabi,south_coastal,rapeseed_mustard,crop_cycle_estimate,10,16,0,3,4,1,140,2010,2010-10-16,2011-03-04,7,3,state_zone+crop+season,v1.0,decided_project_convention,Crop-specific 140-day cycle starting from the south_coastal Rabi anchor.,,https://www.kaggle.com/datasets/arjunyadav99/indian-agriculture-crop-production-and-yield,https://en.wikipedia.org/wiki/Rabi_crop
Andaman and Nicobar Islands,Rapeseed &Mustard,Summer,south_coastal,rapeseed_mustard,crop_cycle_estimate,2,15,1,7,4,1,140,2010,2011-02-15,2011-07-04,2,1,state_zone+crop+season,v1.0,decided_project_convention,Crop-specific 140-day cycle starting from the south_coastal Summer anchor.,,https://www.kaggle.com/datasets/arjunyadav99/indian-agriculture-crop-production-and-yield,https://en.wikipedia.org/wiki/Zaid_crop
Andaman and Nicobar Islands,Rice,Autumn,south_coastal,rice,crop_cycle_estimate,3,1,0,8,27,0,180,2010,2010-03-01,2010-08-27,20,4,state_zone+crop+season,v1.0,decided_project_convention,Crop-specific 180-day cycle starting from the south_coastal Autumn anchor.,Autumn rice: early rice crop; the window starts well before meteorological autumn.,https://www.kaggle.com/datasets/arjunyadav99/indian-agriculture-crop-production-and-yield,"Project convention based on the recorded Indian crop-season label; Autumn and Winter are treated as crop reporting seasons, not literal meteorological seasons."
Andaman and Nicobar Islands,Rice,Kharif,south_coastal,rice,crop_cycle_estimate,5,15,0,10,11,0,150,2010,2010-05-15,2010-10-11,29,4,state_zone+crop+season,v1.0,decided_project_convention,Crop-specific 150-day cycle starting from the south_coastal Kharif anchor.,,https://www.kaggle.com/datasets/arjunyadav99/indian-agriculture-crop-production-and-yield,https://en.wikipedia.org/wiki/Kharif_crop
Andaman and Nicobar Islands,Safflower,Summer,south_coastal,safflower,crop_cycle_estimate,2,15,1,7,14,1,150,2010,2011-02-15,2011-07-14,1,1,state_zone+crop+season,v1.0,decided_project_convention,Crop-specific 150-day cycle starting from the south_coastal Summer anchor.,,https://www.kaggle.com/datasets/arjunyadav99/indian-agriculture-crop-production-and-yield,https://en.wikipedia.org/wiki/Zaid_crop
Andaman and Nicobar Islands,Sesamum,Rabi,south_coastal,sesame,crop_cycle_estimate,10,1,0,1,8,1,100,2010,2010-10-01,2011-01-08,1,1,state_zone+crop+season,v1.0,decided_project_convention,Crop-specific 100-day cycle starting from the south_coastal Rabi anchor.,,https://www.kaggle.com/datasets/arjunyadav99/indian-agriculture-crop-production-and-yield,https://en.wikipedia.org/wiki/Rabi_crop
Andaman and Nicobar Islands,Sesamum,Summer,south_coastal,sesame,crop_cycle_estimate,2,15,1,5,25,1,100,2010,2011-02-15,2011-05-25,7,3,state_zone+crop+season,v1.0,decided_project_convention,Crop-specific 100-day cycle starting from the south_coastal Summer anchor.,,https://www.kaggle.com/datasets/arjunyadav99/indian-agriculture-crop-production-and-yield,https://en.wikipedia.org/wiki/Zaid_crop
Andaman and Nicobar Islands,Sugarcane,Autumn,south_coastal,sugarcane,crop_cycle_estimate,4,1,0,3,31,1,365,2010,2010-04-01,2011-03-31,20,4,state_zone+crop+season,v1.0,decided_project_convention,Crop-specific 365-day cycle starting from the south_coastal Autumn anchor.,,https://www.kaggle.com/datasets/arjunyadav99/indian-agriculture-crop-production-and-yield,"Project convention based on the recorded Indian crop-season label; Autumn and Winter are treated as crop reporting seasons, not literal meteorological seasons."
Andaman and Nicobar Islands,Sugarcane,Kharif,south_coastal,sugarcane,crop_cycle_estimate,5,15,0,5,14,1,365,2010,2010-05-15,2011-05-14,1,1,state_zone+crop+season,v1.0,decided_project_convention,Crop-specific 365-day cycle starting from the south_coastal Kharif anchor.,,https://www.kaggle.com/datasets/arjunyadav99/indian-agriculture-crop-production-and-yield,https://en.wikipedia.org/wiki/Kharif_crop
Andaman and Nicobar Islands,Sugarcane,Rabi,south_coastal,sugarcane,crop_cycle_estimate,10,1,0,9,30,1,365,2010,2010-10-01,2011-09-30,1,1,state_zone+crop+season,v1.0,decided_project_convention,Crop-specific 365-day cycle starting from the south_coastal Rabi anchor.,,https://www.kaggle.com/datasets/arjunyadav99/indian-agriculture-crop-production-and-yield,https://en.wikipedia.org/wiki/Rabi_crop
Andaman and Nicobar Islands,Sugarcane,Summer,south_coastal,sugarcane,crop_cycle_estimate,2,15,1,2,14,2,365,2010,2011-02-15,2012-02-14,2,1,state_zone+crop+season,v1.0,decided_project_convention,Crop-specific 365-day cycle starting from the south_coastal Summer anchor.,,https://www.kaggle.com/datasets/arjunyadav99/indian-agriculture-crop-production-and-yield,https://en.wikipedia.org/wiki/Zaid_crop
Andaman and Nicobar Islands,Sugarcane,Whole Year,south_coastal,sugarcane,annual_reporting_window,7,1,0,6,30,1,365,2010,2010-07-01,2011-06-30,24,3,state_zone+crop+season,v1.0,decided_project_convention,Whole Year mapped to the complete July-June crop-year reporting cycle.,Annual reporting window; do not calculate planting/harvest flags.,https://www.kaggle.com/datasets/arjunyadav99/indian-agriculture-crop-production-and-yield,"Project convention based on the recorded Indian crop-season label; Autumn and Winter are treated as crop reporting seasons, not literal meteorological seasons."
Andaman and Nicobar Islands,Sunflower,Rabi,south_coastal,sunflower,crop_cycle_estimate,10,1,0,1,18,1,110,2010,2010-10-01,2011-01-18,5,3,state_zone+crop+season,v1.0,decided_project_convention,Crop-specific 110-day cycle starting from the south_coastal Rabi anchor.,,https://www.kaggle.com/datasets/arjunyadav99/indian-agriculture-crop-production-and-yield,https://en.wikipedia.org/wiki/Rabi_crop
Andaman and Nicobar Islands,Sunflower,Summer,south_coastal,sunflower,crop_cycle_estimate,2,15,1,6,4,1,110,2010,2011-02-15,2011-06-04,1,1,state_zone+crop+season,v1.0,decided_project_convention,Crop-specific 110-day cycle starting from the south_coastal Summer anchor.,,https://www.kaggle.com/datasets/arjunyadav99/indian-agriculture-crop-production-and-yield,https://en.wikipedia.org/wiki/Zaid_crop
Andaman and Nicobar Islands,Sweet potato,Autumn,south_coastal,sweet_potato,crop_cycle_estimate,4,1,0,7,29,0,120,2010,2010-04-01,2010-07-29,1,1,state_zone+crop+season,v1.0,decided_project_convention,Crop-specific 120-day cycle starting from the south_coastal Autumn anchor.,,https://www.kaggle.com/datasets/arjunyadav99/indian-agriculture-crop-production-and-yield,"Project convention based on the recorded Indian crop-season label; Autumn and Winter are treated as crop reporting seasons, not literal meteorological seasons."
Andaman and Nicobar Islands,Sweet potato,Rabi,south_coastal,sweet_potato,crop_cycle_estimate,10,1,0,1,28,1,120,2010,2010-10-01,2011-01-28,19,4,state_zone+crop+season,v1.0,decided_project_convention,Crop-specific 120-day cycle starting from the south_coastal Rabi anchor.,,https://www.kaggle.com/datasets/arjunyadav99/indian-agriculture-crop-production-and-yield,https://en.wikipedia.org/wiki/Rabi_crop
Andaman and Nicobar Islands,Sweet potato,Summer,south_coastal,sweet_potato,crop_cycle_estimate,2,15,1,6,14,1,120,2010,2011-02-15,2011-06-14,2,1,state_zone+crop+season,v1.0,decided_project_convention,Crop-specific 120-day cycle starting from the south_coastal Summer anchor.,,https://www.kaggle.com/datasets/arjunyadav99/indian-agriculture-crop-production-and-yield,https://en.wikipedia.org/wiki/Zaid_crop
Andaman and Nicobar Islands,Sweet potato,Whole Year,south_coastal,sweet_potato,annual_reporting_window,7,1,0,6,30,1,365,2010,2010-07-01,2011-06-30,16,3,state_zone+crop+season,v1.0,decided_project_convention,Whole Year mapped to the complete July-June crop-year reporting cycle.,Annual reporting window; do not calculate planting/harvest flags.,https://www.kaggle.com/datasets/arjunyadav99/indian-agriculture-crop-production-and-yield,"Project convention based on the recorded Indian crop-season label; Autumn and Winter are treated as crop reporting seasons, not literal meteorological seasons."
Andaman and Nicobar Islands,Tapioca,Autumn,south_coastal,tapioca,crop_cycle_estimate,4,1,0,1,25,1,300,2010,2010-04-01,2011-01-25,1,1,state_zone+crop+season,v1.0,decided_project_convention,Crop-specific 300-day cycle starting from the south_coastal Autumn anchor.,,https://www.kaggle.com/datasets/arjunyadav99/indian-agriculture-crop-production-and-yield,"Project convention based on the recorded Indian crop-season label; Autumn and Winter are treated as crop reporting seasons, not literal meteorological seasons."
Andaman and Nicobar Islands,Tapioca,Rabi,south_coastal,tapioca,crop_cycle_estimate,10,1,0,7,27,1,300,2010,2010-10-01,2011-07-27,1,1,state_zone+crop+season,v1.0,decided_project_convention,Crop-specific 300-day cycle starting from the south_coastal Rabi anchor.,,https://www.kaggle.com/datasets/arjunyadav99/indian-agriculture-crop-production-and-yield,https://en.wikipedia.org/wiki/Rabi_crop
Andaman and Nicobar Islands,Tapioca,Summer,south_coastal,tapioca,crop_cycle_estimate,2,15,1,12,11,1,300,2010,2011-02-15,2011-12-11,2,1,state_zone+crop+season,v1.0,decided_project_convention,Crop-specific 300-day cycle starting from the south_coastal Summer anchor.,,https://www.kaggle.com/datasets/arjunyadav99/indian-agriculture-crop-production-and-yield,https://en.wikipedia.org/wiki/Zaid_crop
Andaman and Nicobar Islands,Tapioca,Whole Year,south_coastal,tapioca,annual_reporting_window,7,1,0,6,30,1,365,2010,2010-07-01,2011-06-30,30,3,state_zone+crop+season,v1.0,decided_project_convention,Whole Year mapped to the complete July-June crop-year reporting cycle.,Annual reporting window; do not calculate planting/harvest flags.,https://www.kaggle.com/datasets/arjunyadav99/indian-agriculture-crop-production-and-yield,"Project convention based on the recorded Indian crop-season label; Autumn and Winter are treated as crop reporting seasons, not literal meteorological seasons."
Andaman and Nicobar Islands,Turmeric,Rabi,south_coastal,turmeric,crop_cycle_estimate,10,1,0,6,27,1,270,2010,2010-10-01,2011-06-27,17,4,state_zone+crop+season,v1.0,decided_project_convention,Crop-specific 270-day cycle starting from the south_coastal Rabi anchor.,,https://www.kaggle.com/datasets/arjunyadav99/indian-agriculture-crop-production-and-yield,https://en.wikipedia.org/wiki/Rabi_crop
Andaman and Nicobar Islands,Turmeric,Summer,south_coastal,turmeric,crop_cycle_estimate,2,15,1,11,11,1,270,2010,2011-02-15,2011-11-11,2,1,state_zone+crop+season,v1.0,decided_project_convention,Crop-specific 270-day cycle starting from the south_coastal Summer anchor.,,https://www.kaggle.com/datasets/arjunyadav99/indian-agriculture-crop-production-and-yield,https://en.wikipedia.org/wiki/Zaid_crop
Andaman and Nicobar Islands,Turmeric,Whole Year,south_coastal,turmeric,annual_reporting_window,7,1,0,6,30,1,365,2010,2010-07-01,2011-06-30,10,3,state_zone+crop+season,v1.0,decided_project_convention,Whole Year mapped to the complete July-June crop-year reporting cycle.,Annual reporting window; do not calculate planting/harvest flags.,https://www.kaggle.com/datasets/arjunyadav99/indian-agriculture-crop-production-and-yield,"Project convention based on the recorded Indian crop-season label; Autumn and Winter are treated as crop reporting seasons, not literal meteorological seasons."
Andaman and Nicobar Islands,Urad,Rabi,south_coastal,black_gram,crop_cycle_estimate,10,1,0,1,3,1,95,2010,2010-10-01,2011-01-03,16,4,state_zone+crop+season,v1.0,decided_project_convention,Crop-specific 95-day cycle starting from the south_coastal Rabi anchor.,,https://www.kaggle.com/datasets/arjunyadav99/indian-agriculture-crop-production-and-yield,https://en.wikipedia.org/wiki/Rabi_crop
Andaman and Nicobar Islands,Urad,Summer,south_coastal,black_gram,crop_cycle_estimate,2,15,1,5,20,1,95,2010,2011-02-15,2011-05-20,2,1,state_zone+crop+season,v1.0,decided_project_convention,Crop-specific 95-day cycle starting from the south_coastal Summer anchor.,,https://www.kaggle.com/datasets/arjunyadav99/indian-agriculture-crop-production-and-yield,https://en.wikipedia.org/wiki/Zaid_crop
Andaman and Nicobar Islands,other oilseeds,Whole Year,south_coastal,other_oilseed,annual_reporting_window,7,1,0,6,30,1,365,2010,2010-07-01,2011-06-30,18,3,state_zone+crop+season,v1.0,decided_project_convention,Whole Year mapped to the complete July-June crop-year reporting cycle.,Annual reporting window; do not calculate planting/harvest flags.,https://www.kaggle.com/datasets/arjunyadav99/indian-agriculture-crop-production-and-yield,"Project convention based on the recorded Indian crop-season label; Autumn and Winter are treated as crop reporting seasons, not literal meteorological seasons."
Andhra Pradesh,Arecanut,Kharif,south_coastal,arecanut,seasonal_reporting_window,5,15,0,11,30,0,200,2010,2010-05-15,2010-11-30,12,3,state_zone+crop+season,v1.0,decided_project_convention,Perennial or plantation crop mapped to its recorded reporting season.,Seasonal reporting window for a perennial/plantation crop; not its full biological life cycle.,https://www.kaggle.com/datasets/arjunyadav99/indian-agriculture-crop-production-and-yield,https://en.wikipedia.org/wiki/Kharif_crop
Andhra Pradesh,Arecanut,Whole Year,south_coastal,arecanut,annual_reporting_window,7,1,0,6,30,1,365,2010,2010-07-01,2011-06-30,72,5,state_zone+crop+season,v1.0,decided_project_convention,Whole Year mapped to the complete July-June crop-year reporting cycle.,Annual reporting window; do not calculate planting/harvest flags.,https://www.kaggle.com/datasets/arjunyadav99/indian-agriculture-crop-production-and-yield,"Project convention based on the recorded Indian crop-season label; Autumn and Winter are treated as crop reporting seasons, not literal meteorological seasons."
Andhra Pradesh,Arhar/Tur,Kharif,south_coastal,pigeon_pea,crop_cycle_estimate,4,30,0,11,15,0,200,2010,2010-04-30,2010-11-15,573,22,state_zone+crop+season,v1.0,decided_project_convention,Crop-specific 200-day cycle starting from the south_coastal Kharif anchor.,,https://www.kaggle.com/datasets/arjunyadav99/indian-agriculture-crop-production-and-yield,https://en.wikipedia.org/wiki/Kharif_crop
Andhra Pradesh,Arhar/Tur,Rabi,south_coastal,pigeon_pea,crop_cycle_estimate,10,1,0,2,27,1,150,2010,2010-10-01,2011-02-27,303,22,state_zone+crop+season,v1.0,decided_project_convention,Crop-specific 150-day cycle starting from the south_coastal Rabi anchor.,,https://www.kaggle.com/datasets/arjunyadav99/indian-agriculture-crop-production-and-yield,https://en.wikipedia.org/wiki/Rabi_crop
Andhra Pradesh,Bajra,Kharif,south_coastal,pearl_millet,crop_cycle_estimate,5,15,0,8,22,0,100,2010,2010-05-15,2010-08-22,490,20,state_zone+crop+season,v1.0,decided_project_convention,Crop-specific 100-day cycle starting from the south_coastal Kharif anchor.,,https://www.kaggle.com/datasets/arjunyadav99/indian-agriculture-crop-production-and-yield,https://en.wikipedia.org/wiki/Kharif_crop
Andhra Pradesh,Bajra,Rabi,south_coastal,pearl_millet,crop_cycle_estimate,10,1,0,1,8,1,100,2010,2010-10-01,2011-01-08,288,19,state_zone+crop+season,v1.0,decided_project_convention,Crop-specific 100-day cycle starting from the south_coastal Rabi anchor.,,https://www.kaggle.com/datasets/arjunyadav99/indian-agriculture-crop-production-and-yield,https://en.wikipedia.org/wiki/Rabi_crop
Andhra Pradesh,Banana,Whole Year,south_coastal,fruit_perennial,annual_reporting_window,7,1,0,6,30,1,365,2010,2010-07-01,2011-06-30,399,22,state_zone+crop+season,v1.0,decided_project_convention,Whole Year mapped to the complete July-June crop-year reporting cycle.,Annual reporting window; do not calculate planting/harvest flags.,https://www.kaggle.com/datasets/arjunyadav99/indian-agriculture-crop-production-and-yield,"Project convention based on the recorded Indian crop-season label; Autumn and Winter are treated as crop reporting seasons, not literal meteorological seasons."
Andhra Pradesh,Beans & Mutter(Vegetable),Whole Year,south_coastal,vegetable,annual_reporting_window,7,1,0,6,30,1,365,2010,2010-07-01,2011-06-30,25,13,state_zone+crop+season,v1.0,decided_project_convention,Whole Year mapped to the complete July-June crop-year reporting cycle.,Annual reporting window; do not calculate planting/harvest flags.,https://www.kaggle.com/datasets/arjunyadav99/indian-agriculture-crop-production-and-yield,"Project convention based on the recorded Indian crop-season label; Autumn and Winter are treated as crop reporting seasons, not literal meteorological seasons."
Andhra Pradesh,Bhindi,Whole Year,south_coastal,vegetable,annual_reporting_window,7,1,0,6,30,1,365,2010,2010-07-01,2011-06-30,26,13,state_zone+crop+season,v1.0,decided_project_convention,Whole Year mapped to the complete July-June crop-year reporting cycle.,Annual reporting window; do not calculate planting/harvest flags.,https://www.kaggle.com/datasets/arjunyadav99/indian-agriculture-crop-production-and-yield,"Project convention based on the recorded Indian crop-season label; Autumn and Winter are treated as crop reporting seasons, not literal meteorological seasons."
Andhra Pradesh,Black pepper,Kharif,south_coastal,black_pepper,seasonal_reporting_window,5,15,0,11,30,0,200,2010,2010-05-15,2010-11-30,1,1,state_zone+crop+season,v1.0,decided_project_convention,Perennial or plantation crop mapped to its recorded reporting season.,Seasonal reporting window for a perennial/plantation crop; not its full biological life cycle.,https://www.kaggle.com/datasets/arjunyadav99/indian-agriculture-crop-production-and-yield,https://en.wikipedia.org/wiki/Kharif_crop
Andhra Pradesh,Bottle Gourd,Whole Year,south_coastal,vegetable,annual_reporting_window,7,1,0,6,30,1,365,2010,2010-07-01,2011-06-30,21,11,state_zone+crop+season,v1.0,decided_project_convention,Whole Year mapped to the complete July-June crop-year reporting cycle.,Annual reporting window; do not calculate planting/harvest flags.,https://www.kaggle.com/datasets/arjunyadav99/indian-agriculture-crop-production-and-yield,"Project convention based on the recorded Indian crop-season label; Autumn and Winter are treated as crop reporting seasons, not literal meteorological seasons."
Andhra Pradesh,Brinjal,Kharif,south_coastal,vegetable,crop_cycle_estimate,5,15,0,9,1,0,110,2010,2010-05-15,2010-09-01,39,13,state_zone+crop+season,v1.0,decided_project_convention,Crop-specific 110-day cycle starting from the south_coastal Kharif anchor.,,https://www.kaggle.com/datasets/arjunyadav99/indian-agriculture-crop-production-and-yield,https://en.wikipedia.org/wiki/Kharif_crop
Andhra Pradesh,Brinjal,Rabi,south_coastal,vegetable,crop_cycle_estimate,10,1,0,1,18,1,110,2010,2010-10-01,2011-01-18,39,13,state_zone+crop+season,v1.0,decided_project_convention,Crop-specific 110-day cycle starting from the south_coastal Rabi anchor.,,https://www.kaggle.com/datasets/arjunyadav99/indian-agriculture-crop-production-and-yield,https://en.wikipedia.org/wiki/Rabi_crop
Andhra Pradesh,Brinjal,Whole Year,south_coastal,vegetable,annual_reporting_window,7,1,0,6,30,1,365,2010,2010-07-01,2011-06-30,26,13,state_zone+crop+season,v1.0,decided_project_convention,Whole Year mapped to the complete July-June crop-year reporting cycle.,Annual reporting window; do not calculate planting/harvest flags.,https://www.kaggle.com/datasets/arjunyadav99/indian-agriculture-crop-production-and-yield,"Project convention based on the recorded Indian crop-season label; Autumn and Winter are treated as crop reporting seasons, not literal meteorological seasons."
Andhra Pradesh,Cabbage,Kharif,south_coastal,vegetable,crop_cycle_estimate,5,15,0,9,1,0,110,2010,2010-05-15,2010-09-01,28,10,state_zone+crop+season,v1.0,decided_project_convention,Crop-specific 110-day cycle starting from the south_coastal Kharif anchor.,,https://www.kaggle.com/datasets/arjunyadav99/indian-agriculture-crop-production-and-yield,https://en.wikipedia.org/wiki/Kharif_crop
Andhra Pradesh,Cabbage,Rabi,south_coastal,vegetable,crop_cycle_estimate,10,1,0,1,18,1,110,2010,2010-10-01,2011-01-18,32,12,state_zone+crop+season,v1.0,decided_project_convention,Crop-specific 110-day cycle starting from the south_coastal Rabi anchor.,,https://www.kaggle.com/datasets/arjunyadav99/indian-agriculture-crop-production-and-yield,https://en.wikipedia.org/wiki/Rabi_crop
Andhra Pradesh,Cabbage,Whole Year,south_coastal,vegetable,annual_reporting_window,7,1,0,6,30,1,365,2010,2010-07-01,2011-06-30,19,10,state_zone+crop+season,v1.0,decided_project_convention,Whole Year mapped to the complete July-June crop-year reporting cycle.,Annual reporting window; do not calculate planting/harvest flags.,https://www.kaggle.com/datasets/arjunyadav99/indian-agriculture-crop-production-and-yield,"Project convention based on the recorded Indian crop-season label; Autumn and Winter are treated as crop reporting seasons, not literal meteorological seasons."
Andhra Pradesh,Cashewnut,Kharif,south_coastal,cashew,seasonal_reporting_window,5,15,0,11,30,0,200,2010,2010-05-15,2010-11-30,70,12,state_zone+crop+season,v1.0,decided_project_convention,Perennial or plantation crop mapped to its recorded reporting season.,Seasonal reporting window for a perennial/plantation crop; not its full biological life cycle.,https://www.kaggle.com/datasets/arjunyadav99/indian-agriculture-crop-production-and-yield,https://en.wikipedia.org/wiki/Kharif_crop
Andhra Pradesh,Cashewnut,Whole Year,south_coastal,cashew,annual_reporting_window,7,1,0,6,30,1,365,2010,2010-07-01,2011-06-30,293,18,state_zone+crop+season,v1.0,decided_project_convention,Whole Year mapped to the complete July-June crop-year reporting cycle.,Annual reporting window; do not calculate planting/harvest flags.,https://www.kaggle.com/datasets/arjunyadav99/indian-agriculture-crop-production-and-yield,"Project convention based on the recorded Indian crop-season label; Autumn and Winter are treated as crop reporting seasons, not literal meteorological seasons."
Andhra Pradesh,Castor seed,Kharif,south_coastal,castor,crop_cycle_estimate,4,30,0,10,26,0,180,2010,2010-04-30,2010-10-26,438,21,state_zone+crop+season,v1.0,decided_project_convention,Crop-specific 180-day cycle starting from the south_coastal Kharif anchor.,,https://www.kaggle.com/datasets/arjunyadav99/indian-agriculture-crop-production-and-yield,https://en.wikipedia.org/wiki/Kharif_crop
Andhra Pradesh,Castor seed,Rabi,south_coastal,castor,crop_cycle_estimate,10,1,0,3,29,1,180,2010,2010-10-01,2011-03-29,31,7,state_zone+crop+season,v1.0,decided_project_convention,Crop-specific 180-day cycle starting from the south_coastal Rabi anchor.,,https://www.kaggle.com/datasets/arjunyadav99/indian-agriculture-crop-production-and-yield,https://en.wikipedia.org/wiki/Rabi_crop
Andhra Pradesh,Castor seed,Whole Year,south_coastal,castor,annual_reporting_window,7,1,0,6,30,1,365,2010,2010-07-01,2011-06-30,10,10,state_zone+crop+season,v1.0,decided_project_convention,Whole Year mapped to the complete July-June crop-year reporting cycle.,Annual reporting window; do not calculate planting/harvest flags.,https://www.kaggle.com/datasets/arjunyadav99/indian-agriculture-crop-production-and-yield,"Project convention based on the recorded Indian crop-season label; Autumn and Winter are treated as crop reporting seasons, not literal meteorological seasons."
Andhra Pradesh,Citrus Fruit,Whole Year,south_coastal,fruit_perennial,annual_reporting_window,7,1,0,6,30,1,365,2010,2010-07-01,2011-06-30,24,12,state_zone+crop+season,v1.0,decided_project_convention,Whole Year mapped to the complete July-June crop-year reporting cycle.,Annual reporting window; do not calculate planting/harvest flags.,https://www.kaggle.com/datasets/arjunyadav99/indian-agriculture-crop-production-and-yield,"Project convention based on the recorded Indian crop-season label; Autumn and Winter are treated as crop reporting seasons, not literal meteorological seasons."
Andhra Pradesh,Coconut,Whole Year,south_coastal,coconut,annual_reporting_window,7,1,0,6,30,1,365,2010,2010-07-01,2011-06-30,403,19,state_zone+crop+season,v1.0,decided_project_convention,Whole Year mapped to the complete July-June crop-year reporting cycle.,Annual reporting window; do not calculate planting/harvest flags.,https://www.kaggle.com/datasets/arjunyadav99/indian-agriculture-crop-production-and-yield,"Project convention based on the recorded Indian crop-season label; Autumn and Winter are treated as crop reporting seasons, not literal meteorological seasons."
Andhra Pradesh,Coriander,Kharif,south_coastal,coriander,crop_cycle_estimate,5,15,0,9,11,0,120,2010,2010-05-15,2010-09-11,12,3,state_zone+crop+season,v1.0,decided_project_convention,Crop-specific 120-day cycle starting from the south_coastal Kharif anchor.,,https://www.kaggle.com/datasets/arjunyadav99/indian-agriculture-crop-production-and-yield,https://en.wikipedia.org/wiki/Kharif_crop
Andhra Pradesh,Coriander,Rabi,south_coastal,coriander,crop_cycle_estimate,10,1,0,1,28,1,120,2010,2010-10-01,2011-01-28,33,7,state_zone+crop+season,v1.0,decided_project_convention,Crop-specific 120-day cycle starting from the south_coastal Rabi anchor.,,https://www.kaggle.com/datasets/arjunyadav99/indian-agriculture-crop-production-and-yield,https://en.wikipedia.org/wiki/Rabi_crop
Andhra Pradesh,Coriander,Whole Year,south_coastal,coriander,annual_reporting_window,7,1,0,6,30,1,365,2010,2010-07-01,2011-06-30,266,21,state_zone+crop+season,v1.0,decided_project_convention,Whole Year mapped to the complete July-June crop-year reporting cycle.,Annual reporting window; do not calculate planting/harvest flags.,https://www.kaggle.com/datasets/arjunyadav99/indian-agriculture-crop-production-and-yield,"Project convention based on the recorded Indian crop-season label; Autumn and Winter are treated as crop reporting seasons, not literal meteorological seasons."
Andhra Pradesh,Cotton(lint),Kharif,south_coastal,cotton,crop_cycle_estimate,4,30,0,11,25,0,210,2010,2010-04-30,2010-11-25,596,22,state_zone+crop+season,v1.0,decided_project_convention,Crop-specific 210-day cycle starting from the south_coastal Kharif anchor.,,https://www.kaggle.com/datasets/arjunyadav99/indian-agriculture-crop-production-and-yield,https://en.wikipedia.org/wiki/Kharif_crop
Andhra Pradesh,Cotton(lint),Rabi,south_coastal,cotton,crop_cycle_estimate,10,1,0,3,29,1,180,2010,2010-10-01,2011-03-29,32,7,state_zone+crop+season,v1.0,decided_project_convention,Crop-specific 180-day cycle starting from the south_coastal Rabi anchor.,,https://www.kaggle.com/datasets/arjunyadav99/indian-agriculture-crop-production-and-yield,https://en.wikipedia.org/wiki/Rabi_crop
Andhra Pradesh,Cowpea(Lobia),Kharif,south_coastal,cowpea,crop_cycle_estimate,5,15,0,8,22,0,100,2010,2010-05-15,2010-08-22,59,15,state_zone+crop+season,v1.0,decided_project_convention,Crop-specific 100-day cycle starting from the south_coastal Kharif anchor.,,https://www.kaggle.com/datasets/arjunyadav99/indian-agriculture-crop-production-and-yield,https://en.wikipedia.org/wiki/Kharif_crop
Andhra Pradesh,Cowpea(Lobia),Rabi,south_coastal,cowpea,crop_cycle_estimate,10,1,0,1,8,1,100,2010,2010-10-01,2011-01-08,79,18,state_zone+crop+season,v1.0,decided_project_convention,Crop-specific 100-day cycle starting from the south_coastal Rabi anchor.,,https://www.kaggle.com/datasets/arjunyadav99/indian-agriculture-crop-production-and-yield,https://en.wikipedia.org/wiki/Rabi_crop
Andhra Pradesh,Cucumber,Whole Year,south_coastal,vegetable,annual_reporting_window,7,1,0,6,30,1,365,2010,2010-07-01,2011-06-30,24,12,state_zone+crop+season,v1.0,decided_project_convention,Whole Year mapped to the complete July-June crop-year reporting cycle.,Annual reporting window; do not calculate planting/harvest flags.,https://www.kaggle.com/datasets/arjunyadav99/indian-agriculture-crop-production-and-yield,"Project convention based on the recorded Indian crop-season label; Autumn and Winter are treated as crop reporting seasons, not literal meteorological seasons."
Andhra Pradesh,Dry chillies,Kharif,south_coastal,chilli,crop_cycle_estimate,5,15,0,11,10,0,180,2010,2010-05-15,2010-11-10,534,23,state_zone+crop+season,v1.0,decided_project_convention,Crop-specific 180-day cycle starting from the south_coastal Kharif anchor.,,https://www.kaggle.com/datasets/arjunyadav99/indian-agriculture-crop-production-and-yield,https://en.wikipedia.org/wiki/Kharif_crop
Andhra Pradesh,Dry chillies,Rabi,south_coastal,chilli,crop_cycle_estimate,10,1,0,3,29,1,180,2010,2010-10-01,2011-03-29,554,22,state_zone+crop+season,v1.0,decided_project_convention,Crop-specific 180-day cycle starting from the south_coastal Rabi anchor.,,https://www.kaggle.com/datasets/arjunyadav99/indian-agriculture-crop-production-and-yield,https://en.wikipedia.org/wiki/Rabi_crop
Andhra Pradesh,Dry chillies,Whole Year,south_coastal,chilli,annual_reporting_window,7,1,0,6,30,1,365,2010,2010-07-01,2011-06-30,35,22,state_zone+crop+season,v1.0,decided_project_convention,Whole Year mapped to the complete July-June crop-year reporting cycle.,Annual reporting window; do not calculate planting/harvest flags.,https://www.kaggle.com/datasets/arjunyadav99/indian-agriculture-crop-production-and-yield,"Project convention based on the recorded Indian crop-season label; Autumn and Winter are treated as crop reporting seasons, not literal meteorological seasons."
Andhra Pradesh,Dry ginger,Kharif,south_coastal,ginger,crop_cycle_estimate,5,15,0,1,9,1,240,2010,2010-05-15,2011-01-09,11,5,state_zone+crop+season,v1.0,decided_project_convention,Crop-specific 240-day cycle starting from the south_coastal Kharif anchor.,,https://www.kaggle.com/datasets/arjunyadav99/indian-agriculture-crop-production-and-yield,https://en.wikipedia.org/wiki/Kharif_crop
Andhra Pradesh,Dry ginger,Rabi,south_coastal,ginger,crop_cycle_estimate,10,1,0,5,28,1,240,2010,2010-10-01,2011-05-28,2,2,state_zone+crop+season,v1.0,decided_project_convention,Crop-specific 240-day cycle starting from the south_coastal Rabi anchor.,,https://www.kaggle.com/datasets/arjunyadav99/indian-agriculture-crop-production-and-yield,https://en.wikipedia.org/wiki/Rabi_crop
Andhra Pradesh,Dry ginger,Whole Year,south_coastal,ginger,annual_reporting_window,7,1,0,6,30,1,365,2010,2010-07-01,2011-06-30,54,8,state_zone+crop+season,v1.0,decided_project_convention,Whole Year mapped to the complete July-June crop-year reporting cycle.,Annual reporting window; do not calculate planting/harvest flags.,https://www.kaggle.com/datasets/arjunyadav99/indian-agriculture-crop-production-and-yield,"Project convention based on the recorded Indian crop-season label; Autumn and Winter are treated as crop reporting seasons, not literal meteorological seasons."
Andhra Pradesh,Garlic,Whole Year,south_coastal,garlic,annual_reporting_window,7,1,0,6,30,1,365,2010,2010-07-01,2011-06-30,15,6,state_zone+crop+season,v1.0,decided_project_convention,Whole Year mapped to the complete July-June crop-year reporting cycle.,Annual reporting window; do not calculate planting/harvest flags.,https://www.kaggle.com/datasets/arjunyadav99/indian-agriculture-crop-production-and-yield,"Project convention based on the recorded Indian crop-season label; Autumn and Winter are treated as crop reporting seasons, not literal meteorological seasons."
Andhra Pradesh,Ginger,Kharif,south_coastal,ginger,crop_cycle_estimate,5,15,0,1,9,1,240,2010,2010-05-15,2011-01-09,11,5,state_zone+crop+season,v1.0,decided_project_convention,Crop-specific 240-day cycle starting from the south_coastal Kharif anchor.,,https://www.kaggle.com/datasets/arjunyadav99/indian-agriculture-crop-production-and-yield,https://en.wikipedia.org/wiki/Kharif_crop
Andhra Pradesh,Ginger,Rabi,south_coastal,ginger,crop_cycle_estimate,10,1,0,5,28,1,240,2010,2010-10-01,2011-05-28,2,2,state_zone+crop+season,v1.0,decided_project_convention,Crop-specific 240-day cycle starting from the south_coastal Rabi anchor.,,https://www.kaggle.com/datasets/arjunyadav99/indian-agriculture-crop-production-and-yield,https://en.wikipedia.org/wiki/Rabi_crop
Andhra Pradesh,Ginger,Whole Year,south_coastal,ginger,annual_reporting_window,7,1,0,6,30,1,365,2010,2010-07-01,2011-06-30,99,13,state_zone+crop+season,v1.0,decided_project_convention,Whole Year mapped to the complete July-June crop-year reporting cycle.,Annual reporting window; do not calculate planting/harvest flags.,https://www.kaggle.com/datasets/arjunyadav99/indian-agriculture-crop-production-and-yield,"Project convention based on the recorded Indian crop-season label; Autumn and Winter are treated as crop reporting seasons, not literal meteorological seasons."
Andhra Pradesh,Gram,Kharif,south_coastal,chickpea,crop_cycle_estimate,5,15,0,9,21,0,130,2010,2010-05-15,2010-09-21,35,15,state_zone+crop+season,v1.0,decided_project_convention,Crop-specific 130-day cycle starting from the south_coastal Kharif anchor.,,https://www.kaggle.com/datasets/arjunyadav99/indian-agriculture-crop-production-and-yield,https://en.wikipedia.org/wiki/Kharif_crop
Andhra Pradesh,Gram,Rabi,south_coastal,chickpea,crop_cycle_estimate,10,16,0,2,22,1,130,2010,2010-10-16,2011-02-22,521,22,state_zone+crop+season,v1.0,decided_project_convention,Crop-specific 130-day cycle starting from the south_coastal Rabi anchor.,,https://www.kaggle.com/datasets/arjunyadav99/indian-agriculture-crop-production-and-yield,https://en.wikipedia.org/wiki/Rabi_crop
Andhra Pradesh,Grapes,Kharif,south_coastal,fruit_perennial,seasonal_reporting_window,5,15,0,11,30,0,200,2010,2010-05-15,2010-11-30,12,4,state_zone+crop+season,v1.0,decided_project_convention,Perennial or plantation crop mapped to its recorded reporting season.,Seasonal reporting window for a perennial/plantation crop; not its full biological life cycle.,https://www.kaggle.com/datasets/arjunyadav99/indian-agriculture-crop-production-and-yield,https://en.wikipedia.org/wiki/Kharif_crop
Andhra Pradesh,Grapes,Whole Year,south_coastal,fruit_perennial,annual_reporting_window,7,1,0,6,30,1,365,2010,2010-07-01,2011-06-30,5,3,state_zone+crop+season,v1.0,decided_project_convention,Whole Year mapped to the complete July-June crop-year reporting cycle.,Annual reporting window; do not calculate planting/harvest flags.,https://www.kaggle.com/datasets/arjunyadav99/indian-agriculture-crop-production-and-yield,"Project convention based on the recorded Indian crop-season label; Autumn and Winter are treated as crop reporting seasons, not literal meteorological seasons."
Andhra Pradesh,Groundnut,Kharif,south_coastal,groundnut,crop_cycle_estimate,5,15,0,9,11,0,120,2010,2010-05-15,2010-09-11,591,22,state_zone+crop+season,v1.0,decided_project_convention,Crop-specific 120-day cycle starting from the south_coastal Kharif anchor.,,https://www.kaggle.com/datasets/arjunyadav99/indian-agriculture-crop-production-and-yield,https://en.wikipedia.org/wiki/Kharif_crop
Andhra Pradesh,Groundnut,Rabi,south_coastal,groundnut,crop_cycle_estimate,10,1,0,1,28,1,120,2010,2010-10-01,2011-01-28,609,22,state_zone+crop+season,v1.0,decided_project_convention,Crop-specific 120-day cycle starting from the south_coastal Rabi anchor.,,https://www.kaggle.com/datasets/arjunyadav99/indian-agriculture-crop-production-and-yield,https://en.wikipedia.org/wiki/Rabi_crop
Andhra Pradesh,Horse-gram,Kharif,south_coastal,horse_gram,crop_cycle_estimate,5,15,0,9,1,0,110,2010,2010-05-15,2010-09-01,264,20,state_zone+crop+season,v1.0,decided_project_convention,Crop-specific 110-day cycle starting from the south_coastal Kharif anchor.,,https://www.kaggle.com/datasets/arjunyadav99/indian-agriculture-crop-production-and-yield,https://en.wikipedia.org/wiki/Kharif_crop
Andhra Pradesh,Horse-gram,Rabi,south_coastal,horse_gram,crop_cycle_estimate,10,1,0,1,18,1,110,2010,2010-10-01,2011-01-18,544,22,state_zone+crop+season,v1.0,decided_project_convention,Crop-specific 110-day cycle starting from the south_coastal Rabi anchor.,,https://www.kaggle.com/datasets/arjunyadav99/indian-agriculture-crop-production-and-yield,https://en.wikipedia.org/wiki/Rabi_crop
Andhra Pradesh,Jowar,Kharif,south_coastal,sorghum,crop_cycle_estimate,5,15,0,9,11,0,120,2010,2010-05-15,2010-09-11,553,22,state_zone+crop+season,v1.0,decided_project_convention,Crop-specific 120-day cycle starting from the south_coastal Kharif anchor.,,https://www.kaggle.com/datasets/arjunyadav99/indian-agriculture-crop-production-and-yield,https://en.wikipedia.org/wiki/Kharif_crop
Andhra Pradesh,Jowar,Rabi,south_coastal,sorghum,crop_cycle_estimate,10,1,0,1,28,1,120,2010,2010-10-01,2011-01-28,544,22,state_zone+crop+season,v1.0,decided_project_convention,Crop-specific 120-day cycle starting from the south_coastal Rabi anchor.,,https://www.kaggle.com/datasets/arjunyadav99/indian-agriculture-crop-production-and-yield,https://en.wikipedia.org/wiki/Rabi_crop
Andhra Pradesh,Korra,Kharif,south_coastal,minor_cereal,crop_cycle_estimate,5,15,0,8,27,0,105,2010,2010-05-15,2010-08-27,47,9,state_zone+crop+season,v1.0,decided_project_convention,Crop-specific 105-day cycle starting from the south_coastal Kharif anchor.,,https://www.kaggle.com/datasets/arjunyadav99/indian-agriculture-crop-production-and-yield,https://en.wikipedia.org/wiki/Kharif_crop
Andhra Pradesh,Korra,Rabi,south_coastal,minor_cereal,crop_cycle_estimate,10,1,0,1,13,1,105,2010,2010-10-01,2011-01-13,9,4,state_zone+crop+season,v1.0,decided_project_convention,Crop-specific 105-day cycle starting from the south_coastal Rabi anchor.,,https://www.kaggle.com/datasets/arjunyadav99/indian-agriculture-crop-production-and-yield,https://en.wikipedia.org/wiki/Rabi_crop
Andhra Pradesh,Lemon,Kharif,south_coastal,fruit_perennial,seasonal_reporting_window,5,15,0,11,30,0,200,2010,2010-05-15,2010-11-30,39,13,state_zone+crop+season,v1.0,decided_project_convention,Perennial or plantation crop mapped to its recorded reporting season.,Seasonal reporting window for a perennial/plantation crop; not its full biological life cycle.,https://www.kaggle.com/datasets/arjunyadav99/indian-agriculture-crop-production-and-yield,https://en.wikipedia.org/wiki/Kharif_crop
Andhra Pradesh,Linseed,Kharif,south_coastal,linseed,crop_cycle_estimate,5,15,0,9,21,0,130,2010,2010-05-15,2010-09-21,10,2,state_zone+crop+season,v1.0,decided_project_convention,Crop-specific 130-day cycle starting from the south_coastal Kharif anchor.,,https://www.kaggle.com/datasets/arjunyadav99/indian-agriculture-crop-production-and-yield,https://en.wikipedia.org/wiki/Kharif_crop
Andhra Pradesh,Linseed,Rabi,south_coastal,linseed,crop_cycle_estimate,10,16,0,2,22,1,130,2010,2010-10-16,2011-02-22,98,12,state_zone+crop+season,v1.0,decided_project_convention,Crop-specific 130-day cycle starting from the south_coastal Rabi anchor.,,https://www.kaggle.com/datasets/arjunyadav99/indian-agriculture-crop-production-and-yield,https://en.wikipedia.org/wiki/Rabi_crop
Andhra Pradesh,Linseed,Whole Year,south_coastal,linseed,annual_reporting_window,7,1,0,6,30,1,365,2010,2010-07-01,2011-06-30,2,2,state_zone+crop+season,v1.0,decided_project_convention,Whole Year mapped to the complete July-June crop-year reporting cycle.,Annual reporting window; do not calculate planting/harvest flags.,https://www.kaggle.com/datasets/arjunyadav99/indian-agriculture-crop-production-and-yield,"Project convention based on the recorded Indian crop-season label; Autumn and Winter are treated as crop reporting seasons, not literal meteorological seasons."
Andhra Pradesh,Maize,Kharif,south_coastal,maize,crop_cycle_estimate,5,15,0,9,11,0,120,2010,2010-05-15,2010-09-11,607,22,state_zone+crop+season,v1.0,decided_project_convention,Crop-specific 120-day cycle starting from the south_coastal Kharif anchor.,,https://www.kaggle.com/datasets/arjunyadav99/indian-agriculture-crop-production-and-yield,https://en.wikipedia.org/wiki/Kharif_crop
Andhra Pradesh,Maize,Rabi,south_coastal,maize,crop_cycle_estimate,10,1,0,1,28,1,120,2010,2010-10-01,2011-01-28,592,22,state_zone+crop+season,v1.0,decided_project_convention,Crop-specific 120-day cycle starting from the south_coastal Rabi anchor.,,https://www.kaggle.com/datasets/arjunyadav99/indian-agriculture-crop-production-and-yield,https://en.wikipedia.org/wiki/Rabi_crop
Andhra Pradesh,Mango,Kharif,south_coastal,fruit_perennial,seasonal_reporting_window,5,15,0,11,30,0,200,2010,2010-05-15,2010-11-30,39,13,state_zone+crop+season,v1.0,decided_project_convention,Perennial or plantation crop mapped to its recorded reporting season.,Seasonal reporting window for a perennial/plantation crop; not its full biological life cycle.,https://www.kaggle.com/datasets/arjunyadav99/indian-agriculture-crop-production-and-yield,https://en.wikipedia.org/wiki/Kharif_crop
Andhra Pradesh,Mango,Whole Year,south_coastal,fruit_perennial,annual_reporting_window,7,1,0,6,30,1,365,2010,2010-07-01,2011-06-30,26,13,state_zone+crop+season,v1.0,decided_project_convention,Whole Year mapped to the complete July-June crop-year reporting cycle.,Annual reporting window; do not calculate planting/harvest flags.,https://www.kaggle.com/datasets/arjunyadav99/indian-agriculture-crop-production-and-yield,"Project convention based on the recorded Indian crop-season label; Autumn and Winter are treated as crop reporting seasons, not literal meteorological seasons."
Andhra Pradesh,Masoor,Kharif,south_coastal,lentil,crop_cycle_estimate,5,15,0,9,11,0,120,2010,2010-05-15,2010-09-11,35,22,state_zone+crop+season,v1.0,decided_project_convention,Crop-specific 120-day cycle starting from the south_coastal Kharif anchor.,,https://www.kaggle.com/datasets/arjunyadav99/indian-agriculture-crop-production-and-yield,https://en.wikipedia.org/wiki/Kharif_crop
Andhra Pradesh,Masoor,Rabi,south_coastal,lentil,crop_cycle_estimate,10,1,0,1,28,1,120,2010,2010-10-01,2011-01-28,19,13,state_zone+crop+season,v1.0,decided_project_convention,Crop-specific 120-day cycle starting from the south_coastal Rabi anchor.,,https://www.kaggle.com/datasets/arjunyadav99/indian-agriculture-crop-production-and-yield,https://en.wikipedia.org/wiki/Rabi_crop
Andhra Pradesh,Mesta,Kharif,south_coastal,jute_mesta,crop_cycle_estimate,4,15,0,9,11,0,150,2010,2010-04-15,2010-09-11,199,20,state_zone+crop+season,v1.0,decided_project_convention,Crop-specific 150-day cycle starting from the south_coastal Kharif anchor.,,https://www.kaggle.com/datasets/arjunyadav99/indian-agriculture-crop-production-and-yield,https://en.wikipedia.org/wiki/Kharif_crop
Andhra Pradesh,Mesta,Rabi,south_coastal,jute_mesta,crop_cycle_estimate,10,1,0,2,17,1,140,2010,2010-10-01,2011-02-17,5,1,state_zone+crop+season,v1.0,decided_project_convention,Crop-specific 140-day cycle starting from the south_coastal Rabi anchor.,,https://www.kaggle.com/datasets/arjunyadav99/indian-agriculture-crop-production-and-yield,https://en.wikipedia.org/wiki/Rabi_crop
Andhra Pradesh,Moong(Green Gram),Kharif,south_coastal,green_gram,crop_cycle_estimate,5,15,0,8,12,0,90,2010,2010-05-15,2010-08-12,586,22,state_zone+crop+season,v1.0,decided_project_convention,Crop-specific 90-day cycle starting from the south_coastal Kharif anchor.,,https://www.kaggle.com/datasets/arjunyadav99/indian-agriculture-crop-production-and-yield,https://en.wikipedia.org/wiki/Kharif_crop
Andhra Pradesh,Moong(Green Gram),Rabi,south_coastal,green_gram,crop_cycle_estimate,10,1,0,12,29,0,90,2010,2010-10-01,2010-12-29,533,22,state_zone+crop+season,v1.0,decided_project_convention,Crop-specific 90-day cycle starting from the south_coastal Rabi anchor.,,https://www.kaggle.com/datasets/arjunyadav99/indian-agriculture-crop-production-and-yield,https://en.wikipedia.org/wiki/Rabi_crop
Andhra Pradesh,Niger seed,Kharif,south_coastal,niger,crop_cycle_estimate,5,15,0,9,11,0,120,2010,2010-05-15,2010-09-11,93,7,state_zone+crop+season,v1.0,decided_project_convention,Crop-specific 120-day cycle starting from the south_coastal Kharif anchor.,,https://www.kaggle.com/datasets/arjunyadav99/indian-agriculture-crop-production-and-yield,https://en.wikipedia.org/wiki/Kharif_crop
Andhra Pradesh,Niger seed,Rabi,south_coastal,niger,crop_cycle_estimate,10,1,0,1,28,1,120,2010,2010-10-01,2011-01-28,12,2,state_zone+crop+season,v1.0,decided_project_convention,Crop-specific 120-day cycle starting from the south_coastal Rabi anchor.,,https://www.kaggle.com/datasets/arjunyadav99/indian-agriculture-crop-production-and-yield,https://en.wikipedia.org/wiki/Rabi_crop
Andhra Pradesh,Onion,Kharif,south_coastal,onion,crop_cycle_estimate,5,15,0,10,11,0,150,2010,2010-05-15,2010-10-11,404,20,state_zone+crop+season,v1.0,decided_project_convention,Crop-specific 150-day cycle starting from the south_coastal Kharif anchor.,,https://www.kaggle.com/datasets/arjunyadav99/indian-agriculture-crop-production-and-yield,https://en.wikipedia.org/wiki/Kharif_crop
Andhra Pradesh,Onion,Rabi,south_coastal,onion,crop_cycle_estimate,10,16,0,3,14,1,150,2010,2010-10-16,2011-03-14,422,22,state_zone+crop+season,v1.0,decided_project_convention,Crop-specific 150-day cycle starting from the south_coastal Rabi anchor.,,https://www.kaggle.com/datasets/arjunyadav99/indian-agriculture-crop-production-and-yield,https://en.wikipedia.org/wiki/Rabi_crop
Andhra Pradesh,Onion,Whole Year,south_coastal,onion,annual_reporting_window,7,1,0,6,30,1,365,2010,2010-07-01,2011-06-30,31,19,state_zone+crop+season,v1.0,decided_project_convention,Whole Year mapped to the complete July-June crop-year reporting cycle.,Annual reporting window; do not calculate planting/harvest flags.,https://www.kaggle.com/datasets/arjunyadav99/indian-agriculture-crop-production-and-yield,"Project convention based on the recorded Indian crop-season label; Autumn and Winter are treated as crop reporting seasons, not literal meteorological seasons."
Andhra Pradesh,Orange,Whole Year,south_coastal,fruit_perennial,annual_reporting_window,7,1,0,6,30,1,365,2010,2010-07-01,2011-06-30,24,12,state_zone+crop+season,v1.0,decided_project_convention,Whole Year mapped to the complete July-June crop-year reporting cycle.,Annual reporting window; do not calculate planting/harvest flags.,https://www.kaggle.com/datasets/arjunyadav99/indian-agriculture-crop-production-and-yield,"Project convention based on the recorded Indian crop-season label; Autumn and Winter are treated as crop reporting seasons, not literal meteorological seasons."
Andhra Pradesh,Other Fresh Fruits,Whole Year,south_coastal,fruit_perennial,annual_reporting_window,7,1,0,6,30,1,365,2010,2010-07-01,2011-06-30,26,13,state_zone+crop+season,v1.0,decided_project_convention,Whole Year mapped to the complete July-June crop-year reporting cycle.,Annual reporting window; do not calculate planting/harvest flags.,https://www.kaggle.com/datasets/arjunyadav99/indian-agriculture-crop-production-and-yield,"Project convention based on the recorded Indian crop-season label; Autumn and Winter are treated as crop reporting seasons, not literal meteorological seasons."
Andhra Pradesh,Other Kharif pulses,Kharif,south_coastal,aggregate_kharif_pulses,aggregate_reporting_window,5,15,0,11,30,0,200,2010,2010-05-15,2010-11-30,242,20,state_zone+crop+season,v1.0,decided_project_convention,Aggregate crop category mapped to the complete reporting-season window.,Aggregate crop category; uses the full reporting-season window.,https://www.kaggle.com/datasets/arjunyadav99/indian-agriculture-crop-production-and-yield,https://en.wikipedia.org/wiki/Kharif_crop
Andhra Pradesh,Other Kharif pulses,Rabi,south_coastal,aggregate_kharif_pulses,aggregate_reporting_window,10,1,0,4,30,1,212,2010,2010-10-01,2011-04-30,4,4,state_zone+crop+season,v1.0,decided_project_convention,Aggregate crop category mapped to the complete reporting-season window.,Aggregate crop category; uses the full reporting-season window.,https://www.kaggle.com/datasets/arjunyadav99/indian-agriculture-crop-production-and-yield,https://en.wikipedia.org/wiki/Rabi_crop
Andhra Pradesh,Other Rabi pulses,Rabi,south_coastal,aggregate_rabi_pulses,aggregate_reporting_window,10,1,0,4,30,1,212,2010,2010-10-01,2011-04-30,204,20,state_zone+crop+season,v1.0,decided_project_convention,Aggregate crop category mapped to the complete reporting-season window.,Aggregate crop category; uses the full reporting-season window.,https://www.kaggle.com/datasets/arjunyadav99/indian-agriculture-crop-production-and-yield,https://en.wikipedia.org/wiki/Rabi_crop
Andhra Pradesh,Other Vegetables,Whole Year,south_coastal,vegetable,annual_reporting_window,7,1,0,6,30,1,365,2010,2010-07-01,2011-06-30,26,13,state_zone+crop+season,v1.0,decided_project_convention,Whole Year mapped to the complete July-June crop-year reporting cycle.,Annual reporting window; do not calculate planting/harvest flags.,https://www.kaggle.com/datasets/arjunyadav99/indian-agriculture-crop-production-and-yield,"Project convention based on the recorded Indian crop-season label; Autumn and Winter are treated as crop reporting seasons, not literal meteorological seasons."
Andhra Pradesh,Papaya,Kharif,south_coastal,fruit_perennial,seasonal_reporting_window,5,15,0,11,30,0,200,2010,2010-05-15,2010-11-30,39,13,state_zone+crop+season,v1.0,decided_project_convention,Perennial or plantation crop mapped to its recorded reporting season.,Seasonal reporting window for a perennial/plantation crop; not its full biological life cycle.,https://www.kaggle.com/datasets/arjunyadav99/indian-agriculture-crop-production-and-yield,https://en.wikipedia.org/wiki/Kharif_crop
Andhra Pradesh,Papaya,Rabi,south_coastal,fruit_perennial,seasonal_reporting_window,10,1,0,4,30,1,212,2010,2010-10-01,2011-04-30,4,3,state_zone+crop+season,v1.0,decided_project_convention,Perennial or plantation crop mapped to its recorded reporting season.,Seasonal reporting window for a perennial/plantation crop; not its full biological life cycle.,https://www.kaggle.com/datasets/arjunyadav99/indian-agriculture-crop-production-and-yield,https://en.wikipedia.org/wiki/Rabi_crop
Andhra Pradesh,Papaya,Whole Year,south_coastal,fruit_perennial,annual_reporting_window,7,1,0,6,30,1,365,2010,2010-07-01,2011-06-30,22,11,state_zone+crop+season,v1.0,decided_project_convention,Whole Year mapped to the complete July-June crop-year reporting cycle.,Annual reporting window; do not calculate planting/harvest flags.,https://www.kaggle.com/datasets/arjunyadav99/indian-agriculture-crop-production-and-yield,"Project convention based on the recorded Indian crop-season label; Autumn and Winter are treated as crop reporting seasons, not literal meteorological seasons."
Andhra Pradesh,Peas (vegetable),Whole Year,south_coastal,vegetable,annual_reporting_window,7,1,0,6,30,1,365,2010,2010-07-01,2011-06-30,3,3,state_zone+crop+season,v1.0,decided_project_convention,Whole Year mapped to the complete July-June crop-year reporting cycle.,Annual reporting window; do not calculate planting/harvest flags.,https://www.kaggle.com/datasets/arjunyadav99/indian-agriculture-crop-production-and-yield,"Project convention based on the recorded Indian crop-season label; Autumn and Winter are treated as crop reporting seasons, not literal meteorological seasons."
Andhra Pradesh,Pome Fruit,Whole Year,south_coastal,fruit_perennial,annual_reporting_window,7,1,0,6,30,1,365,2010,2010-07-01,2011-06-30,26,13,state_zone+crop+season,v1.0,decided_project_convention,Whole Year mapped to the complete July-June crop-year reporting cycle.,Annual reporting window; do not calculate planting/harvest flags.,https://www.kaggle.com/datasets/arjunyadav99/indian-agriculture-crop-production-and-yield,"Project convention based on the recorded Indian crop-season label; Autumn and Winter are treated as crop reporting seasons, not literal meteorological seasons."
Andhra Pradesh,Pome Granet,Kharif,south_coastal,fruit_perennial,seasonal_reporting_window,5,15,0,11,30,0,200,2010,2010-05-15,2010-11-30,21,9,state_zone+crop+season,v1.0,decided_project_convention,Perennial or plantation crop mapped to its recorded reporting season.,Seasonal reporting window for a perennial/plantation crop; not its full biological life cycle.,https://www.kaggle.com/datasets/arjunyadav99/indian-agriculture-crop-production-and-yield,https://en.wikipedia.org/wiki/Kharif_crop
Andhra Pradesh,Potato,Kharif,south_coastal,potato,crop_cycle_estimate,5,15,0,9,11,0,120,2010,2010-05-15,2010-09-11,14,4,state_zone+crop+season,v1.0,decided_project_convention,Crop-specific 120-day cycle starting from the south_coastal Kharif anchor.,,https://www.kaggle.com/datasets/arjunyadav99/indian-agriculture-crop-production-and-yield,https://en.wikipedia.org/wiki/Kharif_crop
Andhra Pradesh,Potato,Rabi,south_coastal,potato,crop_cycle_estimate,10,16,0,2,12,1,120,2010,2010-10-16,2011-02-12,25,7,state_zone+crop+season,v1.0,decided_project_convention,Crop-specific 120-day cycle starting from the south_coastal Rabi anchor.,,https://www.kaggle.com/datasets/arjunyadav99/indian-agriculture-crop-production-and-yield,https://en.wikipedia.org/wiki/Rabi_crop
Andhra Pradesh,Potato,Whole Year,south_coastal,potato,annual_reporting_window,7,1,0,6,30,1,365,2010,2010-07-01,2011-06-30,107,13,state_zone+crop+season,v1.0,decided_project_convention,Whole Year mapped to the complete July-June crop-year reporting cycle.,Annual reporting window; do not calculate planting/harvest flags.,https://www.kaggle.com/datasets/arjunyadav99/indian-agriculture-crop-production-and-yield,"Project convention based on the recorded Indian crop-season label; Autumn and Winter are treated as crop reporting seasons, not literal meteorological seasons."
Andhra Pradesh,Ragi,Kharif,south_coastal,finger_millet,crop_cycle_estimate,5,15,0,9,11,0,120,2010,2010-05-15,2010-09-11,392,18,state_zone+crop+season,v1.0,decided_project_convention,Crop-specific 120-day cycle starting from the south_coastal Kharif anchor.,,https://www.kaggle.com/datasets/arjunyadav99/indian-agriculture-crop-production-and-yield,https://en.wikipedia.org/wiki/Kharif_crop
Andhra Pradesh,Ragi,Rabi,south_coastal,finger_millet,crop_cycle_estimate,10,1,0,1,28,1,120,2010,2010-10-01,2011-01-28,374,20,state_zone+crop+season,v1.0,decided_project_convention,Crop-specific 120-day cycle starting from the south_coastal Rabi anchor.,,https://www.kaggle.com/datasets/arjunyadav99/indian-agriculture-crop-production-and-yield,https://en.wikipedia.org/wiki/Rabi_crop
Andhra Pradesh,Rapeseed &Mustard,Rabi,south_coastal,rapeseed_mustard,crop_cycle_estimate,10,16,0,3,4,1,140,2010,2010-10-16,2011-03-04,154,17,state_zone+crop+season,v1.0,decided_project_convention,Crop-specific 140-day cycle starting from the south_coastal Rabi anchor.,,https://www.kaggle.com/datasets/arjunyadav99/indian-agriculture-crop-production-and-yield,https://en.wikipedia.org/wiki/Rabi_crop
Andhra Pradesh,Rice,Kharif,south_coastal,rice,crop_cycle_estimate,5,15,0,10,11,0,150,2010,2010-05-15,2010-10-11,616,23,state_zone+crop+season,v1.0,decided_project_convention,Crop-specific 150-day cycle starting from the south_coastal Kharif anchor.,,https://www.kaggle.com/datasets/arjunyadav99/indian-agriculture-crop-production-and-yield,https://en.wikipedia.org/wiki/Kharif_crop
Andhra Pradesh,Rice,Rabi,south_coastal,rice,crop_cycle_estimate,10,1,0,2,27,1,150,2010,2010-10-01,2011-02-27,615,23,state_zone+crop+season,v1.0,decided_project_convention,Crop-specific 150-day cycle starting from the south_coastal Rabi anchor.,,https://www.kaggle.com/datasets/arjunyadav99/indian-agriculture-crop-production-and-yield,https://en.wikipedia.org/wiki/Rabi_crop
Andhra Pradesh,Rice,Whole Year,south_coastal,rice,annual_reporting_window,7,1,0,6,30,1,365,2010,2010-07-01,2011-06-30,13,13,state_zone+crop+season,v1.0,decided_project_convention,Whole Year mapped to the complete July-June crop-year reporting cycle.,Annual reporting window; do not calculate planting/harvest flags.,https://www.kaggle.com/datasets/arjunyadav99/indian-agriculture-crop-production-and-yield,"Project convention based on the recorded Indian crop-season label; Autumn and Winter are treated as crop reporting seasons, not literal meteorological seasons."
Andhra Pradesh,Safflower,Kharif,south_coastal,safflower,crop_cycle_estimate,5,15,0,10,11,0,150,2010,2010-05-15,2010-10-11,2,1,state_zone+crop+season,v1.0,decided_project_convention,Crop-specific 150-day cycle starting from the south_coastal Kharif anchor.,,https://www.kaggle.com/datasets/arjunyadav99/indian-agriculture-crop-production-and-yield,https://en.wikipedia.org/wiki/Kharif_crop
Andhra Pradesh,Safflower,Rabi,south_coastal,safflower,crop_cycle_estimate,10,1,0,2,27,1,150,2010,2010-10-01,2011-02-27,176,19,state_zone+crop+season,v1.0,decided_project_convention,Crop-specific 150-day cycle starting from the south_coastal Rabi anchor.,,https://www.kaggle.com/datasets/arjunyadav99/indian-agriculture-crop-production-and-yield,https://en.wikipedia.org/wiki/Rabi_crop
Andhra Pradesh,Safflower,Whole Year,south_coastal,safflower,annual_reporting_window,7,1,0,6,30,1,365,2010,2010-07-01,2011-06-30,3,3,state_zone+crop+season,v1.0,decided_project_convention,Whole Year mapped to the complete July-June crop-year reporting cycle.,Annual reporting window; do not calculate planting/harvest flags.,https://www.kaggle.com/datasets/arjunyadav99/indian-agriculture-crop-production-and-yield,"Project convention based on the recorded Indian crop-season label; Autumn and Winter are treated as crop reporting seasons, not literal meteorological seasons."
Andhra Pradesh,Samai,Kharif,south_coastal,minor_cereal,crop_cycle_estimate,5,15,0,8,27,0,105,2010,2010-05-15,2010-08-27,35,10,state_zone+crop+season,v1.0,decided_project_convention,Crop-specific 105-day cycle starting from the south_coastal Kharif anchor.,,https://www.kaggle.com/datasets/arjunyadav99/indian-agriculture-crop-production-and-yield,https://en.wikipedia.org/wiki/Kharif_crop
Andhra Pradesh,Samai,Rabi,south_coastal,minor_cereal,crop_cycle_estimate,10,1,0,1,13,1,105,2010,2010-10-01,2011-01-13,5,3,state_zone+crop+season,v1.0,decided_project_convention,Crop-specific 105-day cycle starting from the south_coastal Rabi anchor.,,https://www.kaggle.com/datasets/arjunyadav99/indian-agriculture-crop-production-and-yield,https://en.wikipedia.org/wiki/Rabi_crop
Andhra Pradesh,Sapota,Kharif,south_coastal,fruit_perennial,seasonal_reporting_window,5,15,0,11,30,0,200,2010,2010-05-15,2010-11-30,39,13,state_zone+crop+season,v1.0,decided_project_convention,Perennial or plantation crop mapped to its recorded reporting season.,Seasonal reporting window for a perennial/plantation crop; not its full biological life cycle.,https://www.kaggle.com/datasets/arjunyadav99/indian-agriculture-crop-production-and-yield,https://en.wikipedia.org/wiki/Kharif_crop
Andhra Pradesh,Sesamum,Kharif,south_coastal,sesame,crop_cycle_estimate,5,15,0,8,22,0,100,2010,2010-05-15,2010-08-22,523,22,state_zone+crop+season,v1.0,decided_project_convention,Crop-specific 100-day cycle starting from the south_coastal Kharif anchor.,,https://www.kaggle.com/datasets/arjunyadav99/indian-agriculture-crop-production-and-yield,https://en.wikipedia.org/wiki/Kharif_crop
Andhra Pradesh,Sesamum,Rabi,south_coastal,sesame,crop_cycle_estimate,10,1,0,1,8,1,100,2010,2010-10-01,2011-01-08,510,22,state_zone+crop+season,v1.0,decided_project_convention,Crop-specific 100-day cycle starting from the south_coastal Rabi anchor.,,https://www.kaggle.com/datasets/arjunyadav99/indian-agriculture-crop-production-and-yield,https://en.wikipedia.org/wiki/Rabi_crop
Andhra Pradesh,Small millets,Kharif,south_coastal,minor_cereal,crop_cycle_estimate,5,15,0,8,27,0,105,2010,2010-05-15,2010-08-27,314,18,state_zone+crop+season,v1.0,decided_project_convention,Crop-specific 105-day cycle starting from the south_coastal Kharif anchor.,,https://www.kaggle.com/datasets/arjunyadav99/indian-agriculture-crop-production-and-yield,https://en.wikipedia.org/wiki/Kharif_crop
Andhra Pradesh,Small millets,Rabi,south_coastal,minor_cereal,crop_cycle_estimate,10,1,0,1,13,1,105,2010,2010-10-01,2011-01-13,114,10,state_zone+crop+season,v1.0,decided_project_convention,Crop-specific 105-day cycle starting from the south_coastal Rabi anchor.,,https://www.kaggle.com/datasets/arjunyadav99/indian-agriculture-crop-production-and-yield,https://en.wikipedia.org/wiki/Rabi_crop
Andhra Pradesh,Soyabean,Kharif,south_coastal,soybean,crop_cycle_estimate,5,15,0,9,1,0,110,2010,2010-05-15,2010-09-01,157,17,state_zone+crop+season,v1.0,decided_project_convention,Crop-specific 110-day cycle starting from the south_coastal Kharif anchor.,,https://www.kaggle.com/datasets/arjunyadav99/indian-agriculture-crop-production-and-yield,https://en.wikipedia.org/wiki/Kharif_crop
Andhra Pradesh,Soyabean,Rabi,south_coastal,soybean,crop_cycle_estimate,10,1,0,1,18,1,110,2010,2010-10-01,2011-01-18,18,5,state_zone+crop+season,v1.0,decided_project_convention,Crop-specific 110-day cycle starting from the south_coastal Rabi anchor.,,https://www.kaggle.com/datasets/arjunyadav99/indian-agriculture-crop-production-and-yield,https://en.wikipedia.org/wiki/Rabi_crop
Andhra Pradesh,Sugarcane,Kharif,south_coastal,sugarcane,crop_cycle_estimate,5,15,0,5,14,1,365,2010,2010-05-15,2011-05-14,72,20,state_zone+crop+season,v1.0,decided_project_convention,Crop-specific 365-day cycle starting from the south_coastal Kharif anchor.,,https://www.kaggle.com/datasets/arjunyadav99/indian-agriculture-crop-production-and-yield,https://en.wikipedia.org/wiki/Kharif_crop
Andhra Pradesh,Sugarcane,Whole Year,south_coastal,sugarcane,annual_reporting_window,7,1,0,6,30,1,365,2010,2010-07-01,2011-06-30,507,21,state_zone+crop+season,v1.0,decided_project_convention,Whole Year mapped to the complete July-June crop-year reporting cycle.,Annual reporting window; do not calculate planting/harvest flags.,https://www.kaggle.com/datasets/arjunyadav99/indian-agriculture-crop-production-and-yield,"Project convention based on the recorded Indian crop-season label; Autumn and Winter are treated as crop reporting seasons, not literal meteorological seasons."
Andhra Pradesh,Sunflower,Kharif,south_coastal,sunflower,crop_cycle_estimate,5,15,0,9,1,0,110,2010,2010-05-15,2010-09-01,286,22,state_zone+crop+season,v1.0,decided_project_convention,Crop-specific 110-day cycle starting from the south_coastal Kharif anchor.,,https://www.kaggle.com/datasets/arjunyadav99/indian-agriculture-crop-production-and-yield,https://en.wikipedia.org/wiki/Kharif_crop
Andhra Pradesh,Sunflower,Rabi,south_coastal,sunflower,crop_cycle_estimate,10,1,0,1,18,1,110,2010,2010-10-01,2011-01-18,174,22,state_zone+crop+season,v1.0,decided_project_convention,Crop-specific 110-day cycle starting from the south_coastal Rabi anchor.,,https://www.kaggle.com/datasets/arjunyadav99/indian-agriculture-crop-production-and-yield,https://en.wikipedia.org/wiki/Rabi_crop
Andhra Pradesh,Sunflower,Whole Year,south_coastal,sunflower,annual_reporting_window,7,1,0,6,30,1,365,2010,2010-07-01,2011-06-30,210,22,state_zone+crop+season,v1.0,decided_project_convention,Whole Year mapped to the complete July-June crop-year reporting cycle.,Annual reporting window; do not calculate planting/harvest flags.,https://www.kaggle.com/datasets/arjunyadav99/indian-agriculture-crop-production-and-yield,"Project convention based on the recorded Indian crop-season label; Autumn and Winter are treated as crop reporting seasons, not literal meteorological seasons."
Andhra Pradesh,Sweet potato,Kharif,south_coastal,sweet_potato,crop_cycle_estimate,5,15,0,9,11,0,120,2010,2010-05-15,2010-09-11,28,8,state_zone+crop+season,v1.0,decided_project_convention,Crop-specific 120-day cycle starting from the south_coastal Kharif anchor.,,https://www.kaggle.com/datasets/arjunyadav99/indian-agriculture-crop-production-and-yield,https://en.wikipedia.org/wiki/Kharif_crop
Andhra Pradesh,Sweet potato,Rabi,south_coastal,sweet_potato,crop_cycle_estimate,10,1,0,1,28,1,120,2010,2010-10-01,2011-01-28,60,12,state_zone+crop+season,v1.0,decided_project_convention,Crop-specific 120-day cycle starting from the south_coastal Rabi anchor.,,https://www.kaggle.com/datasets/arjunyadav99/indian-agriculture-crop-production-and-yield,https://en.wikipedia.org/wiki/Rabi_crop
Andhra Pradesh,Sweet potato,Whole Year,south_coastal,sweet_potato,annual_reporting_window,7,1,0,6,30,1,365,2010,2010-07-01,2011-06-30,327,19,state_zone+crop+season,v1.0,decided_project_convention,Whole Year mapped to the complete July-June crop-year reporting cycle.,Annual reporting window; do not calculate planting/harvest flags.,https://www.kaggle.com/datasets/arjunyadav99/indian-agriculture-crop-production-and-yield,"Project convention based on the recorded Indian crop-season label; Autumn and Winter are treated as crop reporting seasons, not literal meteorological seasons."
Andhra Pradesh,Tapioca,Kharif,south_coastal,tapioca,crop_cycle_estimate,5,15,0,3,10,1,300,2010,2010-05-15,2011-03-10,23,5,state_zone+crop+season,v1.0,decided_project_convention,Crop-specific 300-day cycle starting from the south_coastal Kharif anchor.,,https://www.kaggle.com/datasets/arjunyadav99/indian-agriculture-crop-production-and-yield,https://en.wikipedia.org/wiki/Kharif_crop
Andhra Pradesh,Tapioca,Rabi,south_coastal,tapioca,crop_cycle_estimate,10,1,0,7,27,1,300,2010,2010-10-01,2011-07-27,2,2,state_zone+crop+season,v1.0,decided_project_convention,Crop-specific 300-day cycle starting from the south_coastal Rabi anchor.,,https://www.kaggle.com/datasets/arjunyadav99/indian-agriculture-crop-production-and-yield,https://en.wikipedia.org/wiki/Rabi_crop
Andhra Pradesh,Tapioca,Whole Year,south_coastal,tapioca,annual_reporting_window,7,1,0,6,30,1,365,2010,2010-07-01,2011-06-30,131,12,state_zone+crop+season,v1.0,decided_project_convention,Whole Year mapped to the complete July-June crop-year reporting cycle.,Annual reporting window; do not calculate planting/harvest flags.,https://www.kaggle.com/datasets/arjunyadav99/indian-agriculture-crop-production-and-yield,"Project convention based on the recorded Indian crop-season label; Autumn and Winter are treated as crop reporting seasons, not literal meteorological seasons."
Andhra Pradesh,Tobacco,Kharif,south_coastal,tobacco,crop_cycle_estimate,5,15,0,10,11,0,150,2010,2010-05-15,2010-10-11,68,20,state_zone+crop+season,v1.0,decided_project_convention,Crop-specific 150-day cycle starting from the south_coastal Kharif anchor.,,https://www.kaggle.com/datasets/arjunyadav99/indian-agriculture-crop-production-and-yield,https://en.wikipedia.org/wiki/Kharif_crop
Andhra Pradesh,Tobacco,Rabi,south_coastal,tobacco,crop_cycle_estimate,10,1,0,2,27,1,150,2010,2010-10-01,2011-02-27,61,13,state_zone+crop+season,v1.0,decided_project_convention,Crop-specific 150-day cycle starting from the south_coastal Rabi anchor.,,https://www.kaggle.com/datasets/arjunyadav99/indian-agriculture-crop-production-and-yield,https://en.wikipedia.org/wiki/Rabi_crop
Andhra Pradesh,Tobacco,Whole Year,south_coastal,tobacco,annual_reporting_window,7,1,0,6,30,1,365,2010,2010-07-01,2011-06-30,452,21,state_zone+crop+season,v1.0,decided_project_convention,Whole Year mapped to the complete July-June crop-year reporting cycle.,Annual reporting window; do not calculate planting/harvest flags.,https://www.kaggle.com/datasets/arjunyadav99/indian-agriculture-crop-production-and-yield,"Project convention based on the recorded Indian crop-season label; Autumn and Winter are treated as crop reporting seasons, not literal meteorological seasons."
Andhra Pradesh,Tomato,Kharif,south_coastal,vegetable,crop_cycle_estimate,5,15,0,9,1,0,110,2010,2010-05-15,2010-09-01,39,13,state_zone+crop+season,v1.0,decided_project_convention,Crop-specific 110-day cycle starting from the south_coastal Kharif anchor.,,https://www.kaggle.com/datasets/arjunyadav99/indian-agriculture-crop-production-and-yield,https://en.wikipedia.org/wiki/Kharif_crop
Andhra Pradesh,Tomato,Rabi,south_coastal,vegetable,crop_cycle_estimate,10,1,0,1,18,1,110,2010,2010-10-01,2011-01-18,39,13,state_zone+crop+season,v1.0,decided_project_convention,Crop-specific 110-day cycle starting from the south_coastal Rabi anchor.,,https://www.kaggle.com/datasets/arjunyadav99/indian-agriculture-crop-production-and-yield,https://en.wikipedia.org/wiki/Rabi_crop
Andhra Pradesh,Tomato,Whole Year,south_coastal,vegetable,annual_reporting_window,7,1,0,6,30,1,365,2010,2010-07-01,2011-06-30,26,13,state_zone+crop+season,v1.0,decided_project_convention,Whole Year mapped to the complete July-June crop-year reporting cycle.,Annual reporting window; do not calculate planting/harvest flags.,https://www.kaggle.com/datasets/arjunyadav99/indian-agriculture-crop-production-and-yield,"Project convention based on the recorded Indian crop-season label; Autumn and Winter are treated as crop reporting seasons, not literal meteorological seasons."
Andhra Pradesh,Turmeric,Kharif,south_coastal,turmeric,crop_cycle_estimate,5,15,0,2,8,1,270,2010,2010-05-15,2011-02-08,78,13,state_zone+crop+season,v1.0,decided_project_convention,Crop-specific 270-day cycle starting from the south_coastal Kharif anchor.,,https://www.kaggle.com/datasets/arjunyadav99/indian-agriculture-crop-production-and-yield,https://en.wikipedia.org/wiki/Kharif_crop
Andhra Pradesh,Turmeric,Rabi,south_coastal,turmeric,crop_cycle_estimate,10,1,0,6,27,1,270,2010,2010-10-01,2011-06-27,14,4,state_zone+crop+season,v1.0,decided_project_convention,Crop-specific 270-day cycle starting from the south_coastal Rabi anchor.,,https://www.kaggle.com/datasets/arjunyadav99/indian-agriculture-crop-production-and-yield,https://en.wikipedia.org/wiki/Rabi_crop
Andhra Pradesh,Turmeric,Whole Year,south_coastal,turmeric,annual_reporting_window,7,1,0,6,30,1,365,2010,2010-07-01,2011-06-30,375,22,state_zone+crop+season,v1.0,decided_project_convention,Whole Year mapped to the complete July-June crop-year reporting cycle.,Annual reporting window; do not calculate planting/harvest flags.,https://www.kaggle.com/datasets/arjunyadav99/indian-agriculture-crop-production-and-yield,"Project convention based on the recorded Indian crop-season label; Autumn and Winter are treated as crop reporting seasons, not literal meteorological seasons."
Andhra Pradesh,Urad,Kharif,south_coastal,black_gram,crop_cycle_estimate,5,15,0,8,17,0,95,2010,2010-05-15,2010-08-17,546,22,state_zone+crop+season,v1.0,decided_project_convention,Crop-specific 95-day cycle starting from the south_coastal Kharif anchor.,,https://www.kaggle.com/datasets/arjunyadav99/indian-agriculture-crop-production-and-yield,https://en.wikipedia.org/wiki/Kharif_crop
Andhra Pradesh,Urad,Rabi,south_coastal,black_gram,crop_cycle_estimate,10,1,0,1,3,1,95,2010,2010-10-01,2011-01-03,559,22,state_zone+crop+season,v1.0,decided_project_convention,Crop-specific 95-day cycle starting from the south_coastal Rabi anchor.,,https://www.kaggle.com/datasets/arjunyadav99/indian-agriculture-crop-production-and-yield,https://en.wikipedia.org/wiki/Rabi_crop
Andhra Pradesh,Varagu,Kharif,south_coastal,minor_cereal,crop_cycle_estimate,5,15,0,8,27,0,105,2010,2010-05-15,2010-08-27,1,1,state_zone+crop+season,v1.0,decided_project_convention,Crop-specific 105-day cycle starting from the south_coastal Kharif anchor.,,https://www.kaggle.com/datasets/arjunyadav99/indian-agriculture-crop-production-and-yield,https://en.wikipedia.org/wiki/Kharif_crop
Andhra Pradesh,Varagu,Rabi,south_coastal,minor_cereal,crop_cycle_estimate,10,1,0,1,13,1,105,2010,2010-10-01,2011-01-13,12,3,state_zone+crop+season,v1.0,decided_project_convention,Crop-specific 105-day cycle starting from the south_coastal Rabi anchor.,,https://www.kaggle.com/datasets/arjunyadav99/indian-agriculture-crop-production-and-yield,https://en.wikipedia.org/wiki/Rabi_crop
Andhra Pradesh,Wheat,Rabi,south_coastal,wheat,crop_cycle_estimate,10,16,0,3,14,1,150,2010,2010-10-16,2011-03-14,208,14,state_zone+crop+season,v1.0,decided_project_convention,Crop-specific 150-day cycle starting from the south_coastal Rabi anchor.,,https://www.kaggle.com/datasets/arjunyadav99/indian-agriculture-crop-production-and-yield,https://en.wikipedia.org/wiki/Rabi_crop
Andhra Pradesh,Wheat,Whole Year,south_coastal,wheat,annual_reporting_window,7,1,0,6,30,1,365,2010,2010-07-01,2011-06-30,3,3,state_zone+crop+season,v1.0,decided_project_convention,Whole Year mapped to the complete July-June crop-year reporting cycle.,Annual reporting window; do not calculate planting/harvest flags.,https://www.kaggle.com/datasets/arjunyadav99/indian-agriculture-crop-production-and-yield,"Project convention based on the recorded Indian crop-season label; Autumn and Winter are treated as crop reporting seasons, not literal meteorological seasons."
Andhra Pradesh,other fibres,Whole Year,south_coastal,other_fibre,annual_reporting_window,7,1,0,6,30,1,365,2010,2010-07-01,2011-06-30,2,2,state_zone+crop+season,v1.0,decided_project_convention,Whole Year mapped to the complete July-June crop-year reporting cycle.,Annual reporting window; do not calculate planting/harvest flags.,https://www.kaggle.com/datasets/arjunyadav99/indian-agriculture-crop-production-and-yield,"Project convention based on the recorded Indian crop-season label; Autumn and Winter are treated as crop reporting seasons, not literal meteorological seasons."
Andhra Pradesh,other misc. pulses,Kharif,south_coastal,other_pulse,crop_cycle_estimate,5,15,0,9,11,0,120,2010,2010-05-15,2010-09-11,6,6,state_zone+crop+season,v1.0,decided_project_convention,Crop-specific 120-day cycle starting from the south_coastal Kharif anchor.,,https://www.kaggle.com/datasets/arjunyadav99/indian-agriculture-crop-production-and-yield,https://en.wikipedia.org/wiki/Kharif_crop
Andhra Pradesh,other misc. pulses,Rabi,south_coastal,other_pulse,crop_cycle_estimate,10,1,0,1,28,1,120,2010,2010-10-01,2011-01-28,5,5,state_zone+crop+season,v1.0,decided_project_convention,Crop-specific 120-day cycle starting from the south_coastal Rabi anchor.,,https://www.kaggle.com/datasets/arjunyadav99/indian-agriculture-crop-production-and-yield,https://en.wikipedia.org/wiki/Rabi_crop
Andhra Pradesh,other oilseeds,Kharif,south_coastal,other_oilseed,crop_cycle_estimate,5,15,0,9,11,0,120,2010,2010-05-15,2010-09-11,68,15,state_zone+crop+season,v1.0,decided_project_convention,Crop-specific 120-day cycle starting from the south_coastal Kharif anchor.,,https://www.kaggle.com/datasets/arjunyadav99/indian-agriculture-crop-production-and-yield,https://en.wikipedia.org/wiki/Kharif_crop
Andhra Pradesh,other oilseeds,Rabi,south_coastal,other_oilseed,crop_cycle_estimate,10,1,0,1,28,1,120,2010,2010-10-01,2011-01-28,33,15,state_zone+crop+season,v1.0,decided_project_convention,Crop-specific 120-day cycle starting from the south_coastal Rabi anchor.,,https://www.kaggle.com/datasets/arjunyadav99/indian-agriculture-crop-production-and-yield,https://en.wikipedia.org/wiki/Rabi_crop
Arunachal Pradesh,Dry chillies,Whole Year,east_northeast,chilli,annual_reporting_window,7,1,0,6,30,1,365,2010,2010-07-01,2011-06-30,496,17,state_zone+crop+season,v1.0,decided_project_convention,Whole Year mapped to the complete July-June crop-year reporting cycle.,Annual reporting window; do not calculate planting/harvest flags.,https://www.kaggle.com/datasets/arjunyadav99/indian-agriculture-crop-production-and-yield,"Project convention based on the recorded Indian crop-season label; Autumn and Winter are treated as crop reporting seasons, not literal meteorological seasons."
Arunachal Pradesh,Dry ginger,Whole Year,east_northeast,ginger,annual_reporting_window,7,1,0,6,30,1,365,2010,2010-07-01,2011-06-30,249,17,state_zone+crop+season,v1.0,decided_project_convention,Whole Year mapped to the complete July-June crop-year reporting cycle.,Annual reporting window; do not calculate planting/harvest flags.,https://www.kaggle.com/datasets/arjunyadav99/indian-agriculture-crop-production-and-yield,"Project convention based on the recorded Indian crop-season label; Autumn and Winter are treated as crop reporting seasons, not literal meteorological seasons."
Arunachal Pradesh,Ginger,Whole Year,east_northeast,ginger,annual_reporting_window,7,1,0,6,30,1,365,2010,2010-07-01,2011-06-30,249,17,state_zone+crop+season,v1.0,decided_project_convention,Whole Year mapped to the complete July-June crop-year reporting cycle.,Annual reporting window; do not calculate planting/harvest flags.,https://www.kaggle.com/datasets/arjunyadav99/indian-agriculture-crop-production-and-yield,"Project convention based on the recorded Indian crop-season label; Autumn and Winter are treated as crop reporting seasons, not literal meteorological seasons."
Arunachal Pradesh,Groundnut,Rabi,east_northeast,groundnut,crop_cycle_estimate,10,15,0,2,11,1,120,2010,2010-10-15,2011-02-11,52,13,state_zone+crop+season,v1.0,decided_project_convention,Crop-specific 120-day cycle starting from the east_northeast Rabi anchor.,,https://www.kaggle.com/datasets/arjunyadav99/indian-agriculture-crop-production-and-yield,https://en.wikipedia.org/wiki/Rabi_crop
Arunachal Pradesh,Maize,Kharif,east_northeast,maize,crop_cycle_estimate,5,15,0,9,11,0,120,2010,2010-05-15,2010-09-11,546,17,state_zone+crop+season,v1.0,decided_project_convention,Crop-specific 120-day cycle starting from the east_northeast Kharif anchor.,,https://www.kaggle.com/datasets/arjunyadav99/indian-agriculture-crop-production-and-yield,https://en.wikipedia.org/wiki/Kharif_crop
Arunachal Pradesh,Oilseeds total,Whole Year,east_northeast,aggregate_oilseeds,annual_reporting_window,7,1,0,6,30,1,365,2010,2010-07-01,2011-06-30,542,17,state_zone+crop+season,v1.0,decided_project_convention,Whole Year mapped to the complete July-June crop-year reporting cycle.,Annual reporting window; do not calculate planting/harvest flags.,https://www.kaggle.com/datasets/arjunyadav99/indian-agriculture-crop-production-and-yield,"Project convention based on the recorded Indian crop-season label; Autumn and Winter are treated as crop reporting seasons, not literal meteorological seasons."
Arunachal Pradesh,Potato,Whole Year,east_northeast,potato,annual_reporting_window,7,1,0,6,30,1,365,2010,2010-07-01,2011-06-30,514,18,state_zone+crop+season,v1.0,decided_project_convention,Whole Year mapped to the complete July-June crop-year reporting cycle.,Annual reporting window; do not calculate planting/harvest flags.,https://www.kaggle.com/datasets/arjunyadav99/indian-agriculture-crop-production-and-yield,"Project convention based on the recorded Indian crop-season label; Autumn and Winter are treated as crop reporting seasons, not literal meteorological seasons."
Arunachal Pradesh,Pulses total,Whole Year,east_northeast,aggregate_pulses,annual_reporting_window,7,1,0,6,30,1,365,2010,2010-07-01,2011-06-30,67,15,state_zone+crop+season,v1.0,decided_project_convention,Whole Year mapped to the complete July-June crop-year reporting cycle.,Annual reporting window; do not calculate planting/harvest flags.,https://www.kaggle.com/datasets/arjunyadav99/indian-agriculture-crop-production-and-yield,"Project convention based on the recorded Indian crop-season label; Autumn and Winter are treated as crop reporting seasons, not literal meteorological seasons."
Arunachal Pradesh,Rapeseed &Mustard,Rabi,east_northeast,rapeseed_mustard,crop_cycle_estimate,10,30,0,3,18,1,140,2010,2010-10-30,2011-03-18,52,13,state_zone+crop+season,v1.0,decided_project_convention,Crop-specific 140-day cycle starting from the east_northeast Rabi anchor.,,https://www.kaggle.com/datasets/arjunyadav99/indian-agriculture-crop-production-and-yield,https://en.wikipedia.org/wiki/Rabi_crop
Arunachal Pradesh,Rice,Kharif,east_northeast,rice,crop_cycle_estimate,5,15,0,10,11,0,150,2010,2010-05-15,2010-10-11,546,17,state_zone+crop+season,v1.0,decided_project_convention,Crop-specific 150-day cycle starting from the east_northeast Kharif anchor.,,https://www.kaggle.com/datasets/arjunyadav99/indian-agriculture-crop-production-and-yield,https://en.wikipedia.org/wiki/Kharif_crop
Arunachal Pradesh,Sesamum,Kharif,east_northeast,sesame,crop_cycle_estimate,5,15,0,8,22,0,100,2010,2010-05-15,2010-08-22,40,10,state_zone+crop+season,v1.0,decided_project_convention,Crop-specific 100-day cycle starting from the east_northeast Kharif anchor.,,https://www.kaggle.com/datasets/arjunyadav99/indian-agriculture-crop-production-and-yield,https://en.wikipedia.org/wiki/Kharif_crop
Arunachal Pradesh,Small millets,Kharif,east_northeast,minor_cereal,crop_cycle_estimate,5,15,0,8,27,0,105,2010,2010-05-15,2010-08-27,544,17,state_zone+crop+season,v1.0,decided_project_convention,Crop-specific 105-day cycle starting from the east_northeast Kharif anchor.,,https://www.kaggle.com/datasets/arjunyadav99/indian-agriculture-crop-production-and-yield,https://en.wikipedia.org/wiki/Kharif_crop
Arunachal Pradesh,Soyabean,Kharif,east_northeast,soybean,crop_cycle_estimate,5,15,0,9,1,0,110,2010,2010-05-15,2010-09-01,52,13,state_zone+crop+season,v1.0,decided_project_convention,Crop-specific 110-day cycle starting from the east_northeast Kharif anchor.,,https://www.kaggle.com/datasets/arjunyadav99/indian-agriculture-crop-production-and-yield,https://en.wikipedia.org/wiki/Kharif_crop
Arunachal Pradesh,Sugarcane,Rabi,east_northeast,sugarcane,crop_cycle_estimate,10,15,0,10,14,1,365,2010,2010-10-15,2011-10-14,18,9,state_zone+crop+season,v1.0,decided_project_convention,Crop-specific 365-day cycle starting from the east_northeast Rabi anchor.,,https://www.kaggle.com/datasets/arjunyadav99/indian-agriculture-crop-production-and-yield,https://en.wikipedia.org/wiki/Rabi_crop
Arunachal Pradesh,Sugarcane,Whole Year,east_northeast,sugarcane,annual_reporting_window,7,1,0,6,30,1,365,2010,2010-07-01,2011-06-30,318,14,state_zone+crop+season,v1.0,decided_project_convention,Whole Year mapped to the complete July-June crop-year reporting cycle.,Annual reporting window; do not calculate planting/harvest flags.,https://www.kaggle.com/datasets/arjunyadav99/indian-agriculture-crop-production-and-yield,"Project convention based on the recorded Indian crop-season label; Autumn and Winter are treated as crop reporting seasons, not literal meteorological seasons."
Arunachal Pradesh,Sunflower,Kharif,east_northeast,sunflower,crop_cycle_estimate,5,15,0,9,1,0,110,2010,2010-05-15,2010-09-01,52,13,state_zone+crop+season,v1.0,decided_project_convention,Crop-specific 110-day cycle starting from the east_northeast Kharif anchor.,,https://www.kaggle.com/datasets/arjunyadav99/indian-agriculture-crop-production-and-yield,https://en.wikipedia.org/wiki/Kharif_crop
Arunachal Pradesh,Turmeric,Whole Year,east_northeast,turmeric,annual_reporting_window,7,1,0,6,30,1,365,2010,2010-07-01,2011-06-30,280,14,state_zone+crop+season,v1.0,decided_project_convention,Whole Year mapped to the complete July-June crop-year reporting cycle.,Annual reporting window; do not calculate planting/harvest flags.,https://www.kaggle.com/datasets/arjunyadav99/indian-agriculture-crop-production-and-yield,"Project convention based on the recorded Indian crop-season label; Autumn and Winter are treated as crop reporting seasons, not literal meteorological seasons."
Arunachal Pradesh,Wheat,Rabi,east_northeast,wheat,crop_cycle_estimate,10,30,0,3,28,1,150,2010,2010-10-30,2011-03-28,406,16,state_zone+crop+season,v1.0,decided_project_convention,Crop-specific 150-day cycle starting from the east_northeast Rabi anchor.,,https://www.kaggle.com/datasets/arjunyadav99/indian-agriculture-crop-production-and-yield,https://en.wikipedia.org/wiki/Rabi_crop
Assam,Arecanut,Rabi,east_northeast,arecanut,seasonal_reporting_window,10,15,0,4,30,1,198,2010,2010-10-15,2011-04-30,243,27,state_zone+crop+season,v1.0,decided_project_convention,Perennial or plantation crop mapped to its recorded reporting season.,Seasonal reporting window for a perennial/plantation crop; not its full biological life cycle.,https://www.kaggle.com/datasets/arjunyadav99/indian-agriculture-crop-production-and-yield,https://en.wikipedia.org/wiki/Rabi_crop
Assam,Arecanut,Whole Year,east_northeast,arecanut,annual_reporting_window,7,1,0,6,30,1,365,2010,2010-07-01,2011-06-30,584,27,state_zone+crop+season,v1.0,decided_project_convention,Whole Year mapped to the complete July-June crop-year reporting cycle.,Annual reporting window; do not calculate planting/harvest flags.,https://www.kaggle.com/datasets/arjunyadav99/indian-agriculture-crop-production-and-yield,"Project convention based on the recorded Indian crop-season label; Autumn and Winter are treated as crop reporting seasons, not literal meteorological seasons."
Assam,Arhar/Tur,Kharif,east_northeast,pigeon_pea,crop_cycle_estimate,4,30,0,11,15,0,200,2010,2010-04-30,2010-11-15,908,27,state_zone+crop+season,v1.0,decided_project_convention,Crop-specific 200-day cycle starting from the east_northeast Kharif anchor.,,https://www.kaggle.com/datasets/arjunyadav99/indian-agriculture-crop-production-and-yield,https://en.wikipedia.org/wiki/Kharif_crop
Assam,Banana,Rabi,east_northeast,fruit_perennial,seasonal_reporting_window,10,15,0,4,30,1,198,2010,2010-10-15,2011-04-30,54,27,state_zone+crop+season,v1.0,decided_project_convention,Perennial or plantation crop mapped to its recorded reporting season.,Seasonal reporting window for a perennial/plantation crop; not its full biological life cycle.,https://www.kaggle.com/datasets/arjunyadav99/indian-agriculture-crop-production-and-yield,https://en.wikipedia.org/wiki/Rabi_crop
Assam,Banana,Whole Year,east_northeast,fruit_perennial,annual_reporting_window,7,1,0,6,30,1,365,2010,2010-07-01,2011-06-30,816,27,state_zone+crop+season,v1.0,decided_project_convention,Whole Year mapped to the complete July-June crop-year reporting cycle.,Annual reporting window; do not calculate planting/harvest flags.,https://www.kaggle.com/datasets/arjunyadav99/indian-agriculture-crop-production-and-yield,"Project convention based on the recorded Indian crop-season label; Autumn and Winter are treated as crop reporting seasons, not literal meteorological seasons."
Assam,Black pepper,Rabi,east_northeast,black_pepper,seasonal_reporting_window,10,15,0,4,30,1,198,2010,2010-10-15,2011-04-30,108,27,state_zone+crop+season,v1.0,decided_project_convention,Perennial or plantation crop mapped to its recorded reporting season.,Seasonal reporting window for a perennial/plantation crop; not its full biological life cycle.,https://www.kaggle.com/datasets/arjunyadav99/indian-agriculture-crop-production-and-yield,https://en.wikipedia.org/wiki/Rabi_crop
Assam,Black pepper,Whole Year,east_northeast,black_pepper,annual_reporting_window,7,1,0,6,30,1,365,2010,2010-07-01,2011-06-30,322,27,state_zone+crop+season,v1.0,decided_project_convention,Whole Year mapped to the complete July-June crop-year reporting cycle.,Annual reporting window; do not calculate planting/harvest flags.,https://www.kaggle.com/datasets/arjunyadav99/indian-agriculture-crop-production-and-yield,"Project convention based on the recorded Indian crop-season label; Autumn and Winter are treated as crop reporting seasons, not literal meteorological seasons."
Assam,Blackgram,Rabi,east_northeast,black_gram,crop_cycle_estimate,10,15,0,1,17,1,95,2010,2010-10-15,2011-01-17,27,27,state_zone+crop+season,v1.0,decided_project_convention,Crop-specific 95-day cycle starting from the east_northeast Rabi anchor.,,https://www.kaggle.com/datasets/arjunyadav99/indian-agriculture-crop-production-and-yield,https://en.wikipedia.org/wiki/Rabi_crop
Assam,Castor seed,Kharif,east_northeast,castor,crop_cycle_estimate,4,30,0,10,26,0,180,2010,2010-04-30,2010-10-26,794,26,state_zone+crop+season,v1.0,decided_project_convention,Crop-specific 180-day cycle starting from the east_northeast Kharif anchor.,,https://www.kaggle.com/datasets/arjunyadav99/indian-agriculture-crop-production-and-yield,https://en.wikipedia.org/wiki/Kharif_crop
Assam,Coconut,Whole Year,east_northeast,coconut,annual_reporting_window,7,1,0,6,30,1,365,2010,2010-07-01,2011-06-30,827,27,state_zone+crop+season,v1.0,decided_project_convention,Whole Year mapped to the complete July-June crop-year reporting cycle.,Annual reporting window; do not calculate planting/harvest flags.,https://www.kaggle.com/datasets/arjunyadav99/indian-agriculture-crop-production-and-yield,"Project convention based on the recorded Indian crop-season label; Autumn and Winter are treated as crop reporting seasons, not literal meteorological seasons."
Assam,Cotton(lint),Kharif,east_northeast,cotton,crop_cycle_estimate,4,30,0,11,25,0,210,2010,2010-04-30,2010-11-25,846,27,state_zone+crop+season,v1.0,decided_project_convention,Crop-specific 210-day cycle starting from the east_northeast Kharif anchor.,,https://www.kaggle.com/datasets/arjunyadav99/indian-agriculture-crop-production-and-yield,https://en.wikipedia.org/wiki/Kharif_crop
Assam,Dry chillies,Rabi,east_northeast,chilli,crop_cycle_estimate,10,15,0,4,12,1,180,2010,2010-10-15,2011-04-12,108,27,state_zone+crop+season,v1.0,decided_project_convention,Crop-specific 180-day cycle starting from the east_northeast Rabi anchor.,,https://www.kaggle.com/datasets/arjunyadav99/indian-agriculture-crop-production-and-yield,https://en.wikipedia.org/wiki/Rabi_crop
Assam,Dry chillies,Whole Year,east_northeast,chilli,annual_reporting_window,7,1,0,6,30,1,365,2010,2010-07-01,2011-06-30,798,27,state_zone+crop+season,v1.0,decided_project_convention,Whole Year mapped to the complete July-June crop-year reporting cycle.,Annual reporting window; do not calculate planting/harvest flags.,https://www.kaggle.com/datasets/arjunyadav99/indian-agriculture-crop-production-and-yield,"Project convention based on the recorded Indian crop-season label; Autumn and Winter are treated as crop reporting seasons, not literal meteorological seasons."
Assam,Dry ginger,Whole Year,east_northeast,ginger,annual_reporting_window,7,1,0,6,30,1,365,2010,2010-07-01,2011-06-30,108,27,state_zone+crop+season,v1.0,decided_project_convention,Whole Year mapped to the complete July-June crop-year reporting cycle.,Annual reporting window; do not calculate planting/harvest flags.,https://www.kaggle.com/datasets/arjunyadav99/indian-agriculture-crop-production-and-yield,"Project convention based on the recorded Indian crop-season label; Autumn and Winter are treated as crop reporting seasons, not literal meteorological seasons."
Assam,Ginger,Rabi,east_northeast,ginger,crop_cycle_estimate,10,15,0,6,11,1,240,2010,2010-10-15,2011-06-11,108,27,state_zone+crop+season,v1.0,decided_project_convention,Crop-specific 240-day cycle starting from the east_northeast Rabi anchor.,,https://www.kaggle.com/datasets/arjunyadav99/indian-agriculture-crop-production-and-yield,https://en.wikipedia.org/wiki/Rabi_crop
Assam,Ginger,Whole Year,east_northeast,ginger,annual_reporting_window,7,1,0,6,30,1,365,2010,2010-07-01,2011-06-30,216,27,state_zone+crop+season,v1.0,decided_project_convention,Whole Year mapped to the complete July-June crop-year reporting cycle.,Annual reporting window; do not calculate planting/harvest flags.,https://www.kaggle.com/datasets/arjunyadav99/indian-agriculture-crop-production-and-yield,"Project convention based on the recorded Indian crop-season label; Autumn and Winter are treated as crop reporting seasons, not literal meteorological seasons."
Assam,Gram,Rabi,east_northeast,chickpea,crop_cycle_estimate,10,30,0,3,8,1,130,2010,2010-10-30,2011-03-08,876,27,state_zone+crop+season,v1.0,decided_project_convention,Crop-specific 130-day cycle starting from the east_northeast Rabi anchor.,,https://www.kaggle.com/datasets/arjunyadav99/indian-agriculture-crop-production-and-yield,https://en.wikipedia.org/wiki/Rabi_crop
Assam,Jute,Kharif,east_northeast,jute_mesta,crop_cycle_estimate,4,15,0,9,11,0,150,2010,2010-04-15,2010-09-11,908,27,state_zone+crop+season,v1.0,decided_project_convention,Crop-specific 150-day cycle starting from the east_northeast Kharif anchor.,,https://www.kaggle.com/datasets/arjunyadav99/indian-agriculture-crop-production-and-yield,https://en.wikipedia.org/wiki/Kharif_crop
Assam,Linseed,Rabi,east_northeast,linseed,crop_cycle_estimate,10,30,0,3,8,1,130,2010,2010-10-30,2011-03-08,830,27,state_zone+crop+season,v1.0,decided_project_convention,Crop-specific 130-day cycle starting from the east_northeast Rabi anchor.,,https://www.kaggle.com/datasets/arjunyadav99/indian-agriculture-crop-production-and-yield,https://en.wikipedia.org/wiki/Rabi_crop
Assam,Maize,Kharif,east_northeast,maize,crop_cycle_estimate,5,15,0,9,11,0,120,2010,2010-05-15,2010-09-11,858,27,state_zone+crop+season,v1.0,decided_project_convention,Crop-specific 120-day cycle starting from the east_northeast Kharif anchor.,,https://www.kaggle.com/datasets/arjunyadav99/indian-agriculture-crop-production-and-yield,https://en.wikipedia.org/wiki/Kharif_crop
Assam,Masoor,Rabi,east_northeast,lentil,crop_cycle_estimate,10,15,0,2,11,1,120,2010,2010-10-15,2011-02-11,676,27,state_zone+crop+season,v1.0,decided_project_convention,Crop-specific 120-day cycle starting from the east_northeast Rabi anchor.,,https://www.kaggle.com/datasets/arjunyadav99/indian-agriculture-crop-production-and-yield,https://en.wikipedia.org/wiki/Rabi_crop
Assam,Mesta,Kharif,east_northeast,jute_mesta,crop_cycle_estimate,4,15,0,9,11,0,150,2010,2010-04-15,2010-09-11,813,27,state_zone+crop+season,v1.0,decided_project_convention,Crop-specific 150-day cycle starting from the east_northeast Kharif anchor.,,https://www.kaggle.com/datasets/arjunyadav99/indian-agriculture-crop-production-and-yield,https://en.wikipedia.org/wiki/Kharif_crop
Assam,Moong(Green Gram),Rabi,east_northeast,green_gram,crop_cycle_estimate,10,15,0,1,12,1,90,2010,2010-10-15,2011-01-12,724,27,state_zone+crop+season,v1.0,decided_project_convention,Crop-specific 90-day cycle starting from the east_northeast Rabi anchor.,,https://www.kaggle.com/datasets/arjunyadav99/indian-agriculture-crop-production-and-yield,https://en.wikipedia.org/wiki/Rabi_crop
Assam,Niger seed,Kharif,east_northeast,niger,crop_cycle_estimate,5,15,0,9,11,0,120,2010,2010-05-15,2010-09-11,720,27,state_zone+crop+season,v1.0,decided_project_convention,Crop-specific 120-day cycle starting from the east_northeast Kharif anchor.,,https://www.kaggle.com/datasets/arjunyadav99/indian-agriculture-crop-production-and-yield,https://en.wikipedia.org/wiki/Kharif_crop
Assam,Niger seed,Whole Year,east_northeast,niger,annual_reporting_window,7,1,0,6,30,1,365,2010,2010-07-01,2011-06-30,34,17,state_zone+crop+season,v1.0,decided_project_convention,Whole Year mapped to the complete July-June crop-year reporting cycle.,Annual reporting window; do not calculate planting/harvest flags.,https://www.kaggle.com/datasets/arjunyadav99/indian-agriculture-crop-production-and-yield,"Project convention based on the recorded Indian crop-season label; Autumn and Winter are treated as crop reporting seasons, not literal meteorological seasons."
Assam,Onion,Whole Year,east_northeast,onion,annual_reporting_window,7,1,0,6,30,1,365,2010,2010-07-01,2011-06-30,908,27,state_zone+crop+season,v1.0,decided_project_convention,Whole Year mapped to the complete July-June crop-year reporting cycle.,Annual reporting window; do not calculate planting/harvest flags.,https://www.kaggle.com/datasets/arjunyadav99/indian-agriculture-crop-production-and-yield,"Project convention based on the recorded Indian crop-season label; Autumn and Winter are treated as crop reporting seasons, not literal meteorological seasons."
Assam,Orange,Kharif,east_northeast,fruit_perennial,seasonal_reporting_window,5,15,0,11,30,0,200,2010,2010-05-15,2010-11-30,104,26,state_zone+crop+season,v1.0,decided_project_convention,Perennial or plantation crop mapped to its recorded reporting season.,Seasonal reporting window for a perennial/plantation crop; not its full biological life cycle.,https://www.kaggle.com/datasets/arjunyadav99/indian-agriculture-crop-production-and-yield,https://en.wikipedia.org/wiki/Kharif_crop
Assam,Orange,Whole Year,east_northeast,fruit_perennial,annual_reporting_window,7,1,0,6,30,1,365,2010,2010-07-01,2011-06-30,46,23,state_zone+crop+season,v1.0,decided_project_convention,Whole Year mapped to the complete July-June crop-year reporting cycle.,Annual reporting window; do not calculate planting/harvest flags.,https://www.kaggle.com/datasets/arjunyadav99/indian-agriculture-crop-production-and-yield,"Project convention based on the recorded Indian crop-season label; Autumn and Winter are treated as crop reporting seasons, not literal meteorological seasons."
Assam,Other Rabi pulses,Rabi,east_northeast,aggregate_rabi_pulses,aggregate_reporting_window,10,15,0,4,30,1,198,2010,2010-10-15,2011-04-30,462,27,state_zone+crop+season,v1.0,decided_project_convention,Aggregate crop category mapped to the complete reporting-season window.,Aggregate crop category; uses the full reporting-season window.,https://www.kaggle.com/datasets/arjunyadav99/indian-agriculture-crop-production-and-yield,https://en.wikipedia.org/wiki/Rabi_crop
Assam,Paddy,Autumn,east_northeast,rice,crop_cycle_estimate,3,1,0,8,27,0,180,2010,2010-03-01,2010-08-27,108,27,state_zone+crop+season,v1.0,decided_project_convention,Crop-specific 180-day cycle starting from the east_northeast Autumn anchor.,Autumn rice: early rice crop; the window starts well before meteorological autumn.,https://www.kaggle.com/datasets/arjunyadav99/indian-agriculture-crop-production-and-yield,"Project convention based on the recorded Indian crop-season label; Autumn and Winter are treated as crop reporting seasons, not literal meteorological seasons."
Assam,Paddy,Summer,east_northeast,rice,crop_cycle_estimate,12,1,0,5,29,1,180,2010,2010-12-01,2011-05-29,79,27,state_zone+crop+season,v1.0,decided_project_convention,Crop-specific 180-day cycle starting from the east_northeast Summer anchor.,Summer/Boro rice: winter-starting cycle ending in late spring or early summer.,https://www.kaggle.com/datasets/arjunyadav99/indian-agriculture-crop-production-and-yield,https://en.wikipedia.org/wiki/Zaid_crop
Assam,Paddy,Winter,east_northeast,rice,crop_cycle_estimate,5,15,0,12,10,0,210,2010,2010-05-15,2010-12-10,108,27,state_zone+crop+season,v1.0,decided_project_convention,Crop-specific 210-day cycle starting from the east_northeast Winter anchor.,Winter rice: long monsoon-to-winter crop; not a December-February-only window.,https://www.kaggle.com/datasets/arjunyadav99/indian-agriculture-crop-production-and-yield,"Project convention based on the recorded Indian crop-season label; Autumn and Winter are treated as crop reporting seasons, not literal meteorological seasons."
Assam,Papaya,Kharif,east_northeast,fruit_perennial,seasonal_reporting_window,5,15,0,11,30,0,200,2010,2010-05-15,2010-11-30,108,27,state_zone+crop+season,v1.0,decided_project_convention,Perennial or plantation crop mapped to its recorded reporting season.,Seasonal reporting window for a perennial/plantation crop; not its full biological life cycle.,https://www.kaggle.com/datasets/arjunyadav99/indian-agriculture-crop-production-and-yield,https://en.wikipedia.org/wiki/Kharif_crop
Assam,Papaya,Whole Year,east_northeast,fruit_perennial,annual_reporting_window,7,1,0,6,30,1,365,2010,2010-07-01,2011-06-30,46,23,state_zone+crop+season,v1.0,decided_project_convention,Whole Year mapped to the complete July-June crop-year reporting cycle.,Annual reporting window; do not calculate planting/harvest flags.,https://www.kaggle.com/datasets/arjunyadav99/indian-agriculture-crop-production-and-yield,"Project convention based on the recorded Indian crop-season label; Autumn and Winter are treated as crop reporting seasons, not literal meteorological seasons."
Assam,Peas & beans (Pulses),Rabi,east_northeast,other_pulse,crop_cycle_estimate,10,15,0,2,11,1,120,2010,2010-10-15,2011-02-11,724,27,state_zone+crop+season,v1.0,decided_project_convention,Crop-specific 120-day cycle starting from the east_northeast Rabi anchor.,,https://www.kaggle.com/datasets/arjunyadav99/indian-agriculture-crop-production-and-yield,https://en.wikipedia.org/wiki/Rabi_crop
Assam,Pineapple,Rabi,east_northeast,fruit_perennial,seasonal_reporting_window,10,15,0,4,30,1,198,2010,2010-10-15,2011-04-30,108,27,state_zone+crop+season,v1.0,decided_project_convention,Perennial or plantation crop mapped to its recorded reporting season.,Seasonal reporting window for a perennial/plantation crop; not its full biological life cycle.,https://www.kaggle.com/datasets/arjunyadav99/indian-agriculture-crop-production-and-yield,https://en.wikipedia.org/wiki/Rabi_crop
Assam,Pineapple,Whole Year,east_northeast,fruit_perennial,annual_reporting_window,7,1,0,6,30,1,365,2010,2010-07-01,2011-06-30,46,23,state_zone+crop+season,v1.0,decided_project_convention,Whole Year mapped to the complete July-June crop-year reporting cycle.,Annual reporting window; do not calculate planting/harvest flags.,https://www.kaggle.com/datasets/arjunyadav99/indian-agriculture-crop-production-and-yield,"Project convention based on the recorded Indian crop-season label; Autumn and Winter are treated as crop reporting seasons, not literal meteorological seasons."
Assam,Potato,Whole Year,east_northeast,potato,annual_reporting_window,7,1,0,6,30,1,365,2010,2010-07-01,2011-06-30,908,27,state_zone+crop+season,v1.0,decided_project_convention,Whole Year mapped to the complete July-June crop-year reporting cycle.,Annual reporting window; do not calculate planting/harvest flags.,https://www.kaggle.com/datasets/arjunyadav99/indian-agriculture-crop-production-and-yield,"Project convention based on the recorded Indian crop-season label; Autumn and Winter are treated as crop reporting seasons, not literal meteorological seasons."
Assam,Rapeseed &Mustard,Rabi,east_northeast,rapeseed_mustard,crop_cycle_estimate,10,30,0,3,18,1,140,2010,2010-10-30,2011-03-18,908,27,state_zone+crop+season,v1.0,decided_project_convention,Crop-specific 140-day cycle starting from the east_northeast Rabi anchor.,,https://www.kaggle.com/datasets/arjunyadav99/indian-agriculture-crop-production-and-yield,https://en.wikipedia.org/wiki/Rabi_crop
Assam,Rice,Autumn,east_northeast,rice,crop_cycle_estimate,3,1,0,8,27,0,180,2010,2010-03-01,2010-08-27,908,27,state_zone+crop+season,v1.0,decided_project_convention,Crop-specific 180-day cycle starting from the east_northeast Autumn anchor.,Autumn rice: early rice crop; the window starts well before meteorological autumn.,https://www.kaggle.com/datasets/arjunyadav99/indian-agriculture-crop-production-and-yield,"Project convention based on the recorded Indian crop-season label; Autumn and Winter are treated as crop reporting seasons, not literal meteorological seasons."
Assam,Rice,Summer,east_northeast,rice,crop_cycle_estimate,12,1,0,5,29,1,180,2010,2010-12-01,2011-05-29,894,27,state_zone+crop+season,v1.0,decided_project_convention,Crop-specific 180-day cycle starting from the east_northeast Summer anchor.,Summer/Boro rice: winter-starting cycle ending in late spring or early summer.,https://www.kaggle.com/datasets/arjunyadav99/indian-agriculture-crop-production-and-yield,https://en.wikipedia.org/wiki/Zaid_crop
Assam,Rice,Winter,east_northeast,rice,crop_cycle_estimate,5,15,0,12,10,0,210,2010,2010-05-15,2010-12-10,908,27,state_zone+crop+season,v1.0,decided_project_convention,Crop-specific 210-day cycle starting from the east_northeast Winter anchor.,Winter rice: long monsoon-to-winter crop; not a December-February-only window.,https://www.kaggle.com/datasets/arjunyadav99/indian-agriculture-crop-production-and-yield,"Project convention based on the recorded Indian crop-season label; Autumn and Winter are treated as crop reporting seasons, not literal meteorological seasons."
Assam,Sesamum,Kharif,east_northeast,sesame,crop_cycle_estimate,5,15,0,8,22,0,100,2010,2010-05-15,2010-08-22,862,27,state_zone+crop+season,v1.0,decided_project_convention,Crop-specific 100-day cycle starting from the east_northeast Kharif anchor.,,https://www.kaggle.com/datasets/arjunyadav99/indian-agriculture-crop-production-and-yield,https://en.wikipedia.org/wiki/Kharif_crop
Assam,Sesamum,Whole Year,east_northeast,sesame,annual_reporting_window,7,1,0,6,30,1,365,2010,2010-07-01,2011-06-30,46,23,state_zone+crop+season,v1.0,decided_project_convention,Whole Year mapped to the complete July-June crop-year reporting cycle.,Annual reporting window; do not calculate planting/harvest flags.,https://www.kaggle.com/datasets/arjunyadav99/indian-agriculture-crop-production-and-yield,"Project convention based on the recorded Indian crop-season label; Autumn and Winter are treated as crop reporting seasons, not literal meteorological seasons."
Assam,Small millets,Kharif,east_northeast,minor_cereal,crop_cycle_estimate,5,15,0,8,27,0,105,2010,2010-05-15,2010-08-27,866,27,state_zone+crop+season,v1.0,decided_project_convention,Crop-specific 105-day cycle starting from the east_northeast Kharif anchor.,,https://www.kaggle.com/datasets/arjunyadav99/indian-agriculture-crop-production-and-yield,https://en.wikipedia.org/wiki/Kharif_crop
Assam,Sugarcane,Kharif,east_northeast,sugarcane,crop_cycle_estimate,5,15,0,5,14,1,365,2010,2010-05-15,2011-05-14,46,23,state_zone+crop+season,v1.0,decided_project_convention,Crop-specific 365-day cycle starting from the east_northeast Kharif anchor.,,https://www.kaggle.com/datasets/arjunyadav99/indian-agriculture-crop-production-and-yield,https://en.wikipedia.org/wiki/Kharif_crop
Assam,Sugarcane,Whole Year,east_northeast,sugarcane,annual_reporting_window,7,1,0,6,30,1,365,2010,2010-07-01,2011-06-30,862,27,state_zone+crop+season,v1.0,decided_project_convention,Whole Year mapped to the complete July-June crop-year reporting cycle.,Annual reporting window; do not calculate planting/harvest flags.,https://www.kaggle.com/datasets/arjunyadav99/indian-agriculture-crop-production-and-yield,"Project convention based on the recorded Indian crop-season label; Autumn and Winter are treated as crop reporting seasons, not literal meteorological seasons."
Assam,Sweet potato,Rabi,east_northeast,sweet_potato,crop_cycle_estimate,10,15,0,2,11,1,120,2010,2010-10-15,2011-02-11,108,27,state_zone+crop+season,v1.0,decided_project_convention,Crop-specific 120-day cycle starting from the east_northeast Rabi anchor.,,https://www.kaggle.com/datasets/arjunyadav99/indian-agriculture-crop-production-and-yield,https://en.wikipedia.org/wiki/Rabi_crop
Assam,Sweet potato,Whole Year,east_northeast,sweet_potato,annual_reporting_window,7,1,0,6,30,1,365,2010,2010-07-01,2011-06-30,800,27,state_zone+crop+season,v1.0,decided_project_convention,Whole Year mapped to the complete July-June crop-year reporting cycle.,Annual reporting window; do not calculate planting/harvest flags.,https://www.kaggle.com/datasets/arjunyadav99/indian-agriculture-crop-production-and-yield,"Project convention based on the recorded Indian crop-season label; Autumn and Winter are treated as crop reporting seasons, not literal meteorological seasons."
Assam,Tapioca,Kharif,east_northeast,tapioca,crop_cycle_estimate,5,15,0,3,10,1,300,2010,2010-05-15,2011-03-10,104,27,state_zone+crop+season,v1.0,decided_project_convention,Crop-specific 300-day cycle starting from the east_northeast Kharif anchor.,,https://www.kaggle.com/datasets/arjunyadav99/indian-agriculture-crop-production-and-yield,https://en.wikipedia.org/wiki/Kharif_crop
Assam,Tapioca,Whole Year,east_northeast,tapioca,annual_reporting_window,7,1,0,6,30,1,365,2010,2010-07-01,2011-06-30,734,27,state_zone+crop+season,v1.0,decided_project_convention,Whole Year mapped to the complete July-June crop-year reporting cycle.,Annual reporting window; do not calculate planting/harvest flags.,https://www.kaggle.com/datasets/arjunyadav99/indian-agriculture-crop-production-and-yield,"Project convention based on the recorded Indian crop-season label; Autumn and Winter are treated as crop reporting seasons, not literal meteorological seasons."
Assam,Tobacco,Kharif,east_northeast,tobacco,crop_cycle_estimate,5,15,0,10,11,0,150,2010,2010-05-15,2010-10-11,84,23,state_zone+crop+season,v1.0,decided_project_convention,Crop-specific 150-day cycle starting from the east_northeast Kharif anchor.,,https://www.kaggle.com/datasets/arjunyadav99/indian-agriculture-crop-production-and-yield,https://en.wikipedia.org/wiki/Kharif_crop
Assam,Tobacco,Whole Year,east_northeast,tobacco,annual_reporting_window,7,1,0,6,30,1,365,2010,2010-07-01,2011-06-30,716,27,state_zone+crop+season,v1.0,decided_project_convention,Whole Year mapped to the complete July-June crop-year reporting cycle.,Annual reporting window; do not calculate planting/harvest flags.,https://www.kaggle.com/datasets/arjunyadav99/indian-agriculture-crop-production-and-yield,"Project convention based on the recorded Indian crop-season label; Autumn and Winter are treated as crop reporting seasons, not literal meteorological seasons."
Assam,Turmeric,Whole Year,east_northeast,turmeric,annual_reporting_window,7,1,0,6,30,1,365,2010,2010-07-01,2011-06-30,908,27,state_zone+crop+season,v1.0,decided_project_convention,Whole Year mapped to the complete July-June crop-year reporting cycle.,Annual reporting window; do not calculate planting/harvest flags.,https://www.kaggle.com/datasets/arjunyadav99/indian-agriculture-crop-production-and-yield,"Project convention based on the recorded Indian crop-season label; Autumn and Winter are treated as crop reporting seasons, not literal meteorological seasons."
Assam,Urad,Rabi,east_northeast,black_gram,crop_cycle_estimate,10,15,0,1,17,1,95,2010,2010-10-15,2011-01-17,724,27,state_zone+crop+season,v1.0,decided_project_convention,Crop-specific 95-day cycle starting from the east_northeast Rabi anchor.,,https://www.kaggle.com/datasets/arjunyadav99/indian-agriculture-crop-production-and-yield,https://en.wikipedia.org/wiki/Rabi_crop
Assam,Wheat,Rabi,east_northeast,wheat,crop_cycle_estimate,10,30,0,3,28,1,150,2010,2010-10-30,2011-03-28,878,27,state_zone+crop+season,v1.0,decided_project_convention,Crop-specific 150-day cycle starting from the east_northeast Rabi anchor.,,https://www.kaggle.com/datasets/arjunyadav99/indian-agriculture-crop-production-and-yield,https://en.wikipedia.org/wiki/Rabi_crop
Assam,other misc. pulses,Rabi,east_northeast,other_pulse,crop_cycle_estimate,10,15,0,2,11,1,120,2010,2010-10-15,2011-02-11,22,22,state_zone+crop+season,v1.0,decided_project_convention,Crop-specific 120-day cycle starting from the east_northeast Rabi anchor.,,https://www.kaggle.com/datasets/arjunyadav99/indian-agriculture-crop-production-and-yield,https://en.wikipedia.org/wiki/Rabi_crop
Bihar,Arhar/Tur,Kharif,east_northeast,pigeon_pea,crop_cycle_estimate,4,30,0,11,15,0,200,2010,2010-04-30,2010-11-15,1371,56,state_zone+crop+season,v1.0,decided_project_convention,Crop-specific 200-day cycle starting from the east_northeast Kharif anchor.,,https://www.kaggle.com/datasets/arjunyadav99/indian-agriculture-crop-production-and-yield,https://en.wikipedia.org/wiki/Kharif_crop
Bihar,Bajra,Kharif,east_northeast,pearl_millet,crop_cycle_estimate,5,15,0,8,22,0,100,2010,2010-05-15,2010-08-22,413,47,state_zone+crop+season,v1.0,decided_project_convention,Crop-specific 100-day cycle starting from the east_northeast Kharif anchor.,,https://www.kaggle.com/datasets/arjunyadav99/indian-agriculture-crop-production-and-yield,https://en.wikipedia.org/wiki/Kharif_crop
Bihar,Banana,Whole Year,east_northeast,fruit_perennial,annual_reporting_window,7,1,0,6,30,1,365,2010,2010-07-01,2011-06-30,457,29,state_zone+crop+season,v1.0,decided_project_convention,Whole Year mapped to the complete July-June crop-year reporting cycle.,Annual reporting window; do not calculate planting/harvest flags.,https://www.kaggle.com/datasets/arjunyadav99/indian-agriculture-crop-production-and-yield,"Project convention based on the recorded Indian crop-season label; Autumn and Winter are treated as crop reporting seasons, not literal meteorological seasons."
Bihar,Barley,Rabi,east_northeast,barley,crop_cycle_estimate,10,30,0,3,8,1,130,2010,2010-10-30,2011-03-08,1174,53,state_zone+crop+season,v1.0,decided_project_convention,Crop-specific 130-day cycle starting from the east_northeast Rabi anchor.,,https://www.kaggle.com/datasets/arjunyadav99/indian-agriculture-crop-production-and-yield,https://en.wikipedia.org/wiki/Rabi_crop
Bihar,Blackgram,Kharif,east_northeast,black_gram,crop_cycle_estimate,5,15,0,8,17,0,95,2010,2010-05-15,2010-08-17,31,31,state_zone+crop+season,v1.0,decided_project_convention,Crop-specific 95-day cycle starting from the east_northeast Kharif anchor.,,https://www.kaggle.com/datasets/arjunyadav99/indian-agriculture-crop-production-and-yield,https://en.wikipedia.org/wiki/Kharif_crop
Bihar,Castor seed,Kharif,east_northeast,castor,crop_cycle_estimate,4,30,0,10,26,0,180,2010,2010-04-30,2010-10-26,156,27,state_zone+crop+season,v1.0,decided_project_convention,Crop-specific 180-day cycle starting from the east_northeast Kharif anchor.,,https://www.kaggle.com/datasets/arjunyadav99/indian-agriculture-crop-production-and-yield,https://en.wikipedia.org/wiki/Kharif_crop
Bihar,Coriander,Whole Year,east_northeast,coriander,annual_reporting_window,7,1,0,6,30,1,365,2010,2010-07-01,2011-06-30,632,45,state_zone+crop+season,v1.0,decided_project_convention,Whole Year mapped to the complete July-June crop-year reporting cycle.,Annual reporting window; do not calculate planting/harvest flags.,https://www.kaggle.com/datasets/arjunyadav99/indian-agriculture-crop-production-and-yield,"Project convention based on the recorded Indian crop-season label; Autumn and Winter are treated as crop reporting seasons, not literal meteorological seasons."
Bihar,Cotton(lint),Kharif,east_northeast,cotton,crop_cycle_estimate,4,30,0,11,25,0,210,2010,2010-04-30,2010-11-25,4,2,state_zone+crop+season,v1.0,decided_project_convention,Crop-specific 210-day cycle starting from the east_northeast Kharif anchor.,,https://www.kaggle.com/datasets/arjunyadav99/indian-agriculture-crop-production-and-yield,https://en.wikipedia.org/wiki/Kharif_crop
Bihar,Dry chillies,Whole Year,east_northeast,chilli,annual_reporting_window,7,1,0,6,30,1,365,2010,2010-07-01,2011-06-30,704,49,state_zone+crop+season,v1.0,decided_project_convention,Whole Year mapped to the complete July-June crop-year reporting cycle.,Annual reporting window; do not calculate planting/harvest flags.,https://www.kaggle.com/datasets/arjunyadav99/indian-agriculture-crop-production-and-yield,"Project convention based on the recorded Indian crop-season label; Autumn and Winter are treated as crop reporting seasons, not literal meteorological seasons."
Bihar,Dry ginger,Kharif,east_northeast,ginger,crop_cycle_estimate,5,15,0,1,9,1,240,2010,2010-05-15,2011-01-09,103,22,state_zone+crop+season,v1.0,decided_project_convention,Crop-specific 240-day cycle starting from the east_northeast Kharif anchor.,,https://www.kaggle.com/datasets/arjunyadav99/indian-agriculture-crop-production-and-yield,https://en.wikipedia.org/wiki/Kharif_crop
Bihar,Dry ginger,Whole Year,east_northeast,ginger,annual_reporting_window,7,1,0,6,30,1,365,2010,2010-07-01,2011-06-30,61,22,state_zone+crop+season,v1.0,decided_project_convention,Whole Year mapped to the complete July-June crop-year reporting cycle.,Annual reporting window; do not calculate planting/harvest flags.,https://www.kaggle.com/datasets/arjunyadav99/indian-agriculture-crop-production-and-yield,"Project convention based on the recorded Indian crop-season label; Autumn and Winter are treated as crop reporting seasons, not literal meteorological seasons."
Bihar,Garlic,Whole Year,east_northeast,garlic,annual_reporting_window,7,1,0,6,30,1,365,2010,2010-07-01,2011-06-30,699,46,state_zone+crop+season,v1.0,decided_project_convention,Whole Year mapped to the complete July-June crop-year reporting cycle.,Annual reporting window; do not calculate planting/harvest flags.,https://www.kaggle.com/datasets/arjunyadav99/indian-agriculture-crop-production-and-yield,"Project convention based on the recorded Indian crop-season label; Autumn and Winter are treated as crop reporting seasons, not literal meteorological seasons."
Bihar,Ginger,Kharif,east_northeast,ginger,crop_cycle_estimate,5,15,0,1,9,1,240,2010,2010-05-15,2011-01-09,107,26,state_zone+crop+season,v1.0,decided_project_convention,Crop-specific 240-day cycle starting from the east_northeast Kharif anchor.,,https://www.kaggle.com/datasets/arjunyadav99/indian-agriculture-crop-production-and-yield,https://en.wikipedia.org/wiki/Kharif_crop
Bihar,Ginger,Whole Year,east_northeast,ginger,annual_reporting_window,7,1,0,6,30,1,365,2010,2010-07-01,2011-06-30,65,26,state_zone+crop+season,v1.0,decided_project_convention,Whole Year mapped to the complete July-June crop-year reporting cycle.,Annual reporting window; do not calculate planting/harvest flags.,https://www.kaggle.com/datasets/arjunyadav99/indian-agriculture-crop-production-and-yield,"Project convention based on the recorded Indian crop-season label; Autumn and Winter are treated as crop reporting seasons, not literal meteorological seasons."
Bihar,Gram,Rabi,east_northeast,chickpea,crop_cycle_estimate,10,30,0,3,8,1,130,2010,2010-10-30,2011-03-08,1234,56,state_zone+crop+season,v1.0,decided_project_convention,Crop-specific 130-day cycle starting from the east_northeast Rabi anchor.,,https://www.kaggle.com/datasets/arjunyadav99/indian-agriculture-crop-production-and-yield,https://en.wikipedia.org/wiki/Rabi_crop
Bihar,Groundnut,Kharif,east_northeast,groundnut,crop_cycle_estimate,5,15,0,9,11,0,120,2010,2010-05-15,2010-09-11,282,37,state_zone+crop+season,v1.0,decided_project_convention,Crop-specific 120-day cycle starting from the east_northeast Kharif anchor.,,https://www.kaggle.com/datasets/arjunyadav99/indian-agriculture-crop-production-and-yield,https://en.wikipedia.org/wiki/Kharif_crop
Bihar,Horse-gram,Kharif,east_northeast,horse_gram,crop_cycle_estimate,5,15,0,9,1,0,110,2010,2010-05-15,2010-09-01,560,31,state_zone+crop+season,v1.0,decided_project_convention,Crop-specific 110-day cycle starting from the east_northeast Kharif anchor.,,https://www.kaggle.com/datasets/arjunyadav99/indian-agriculture-crop-production-and-yield,https://en.wikipedia.org/wiki/Kharif_crop
Bihar,Jowar,Kharif,east_northeast,sorghum,crop_cycle_estimate,5,15,0,9,11,0,120,2010,2010-05-15,2010-09-11,426,47,state_zone+crop+season,v1.0,decided_project_convention,Crop-specific 120-day cycle starting from the east_northeast Kharif anchor.,,https://www.kaggle.com/datasets/arjunyadav99/indian-agriculture-crop-production-and-yield,https://en.wikipedia.org/wiki/Kharif_crop
Bihar,Jute,Kharif,east_northeast,jute_mesta,crop_cycle_estimate,4,15,0,9,11,0,150,2010,2010-04-15,2010-09-11,499,35,state_zone+crop+season,v1.0,decided_project_convention,Crop-specific 150-day cycle starting from the east_northeast Kharif anchor.,,https://www.kaggle.com/datasets/arjunyadav99/indian-agriculture-crop-production-and-yield,https://en.wikipedia.org/wiki/Kharif_crop
Bihar,Khesari,Rabi,east_northeast,khesari,crop_cycle_estimate,10,15,0,2,11,1,120,2010,2010-10-15,2011-02-11,1166,38,state_zone+crop+season,v1.0,decided_project_convention,Crop-specific 120-day cycle starting from the east_northeast Rabi anchor.,,https://www.kaggle.com/datasets/arjunyadav99/indian-agriculture-crop-production-and-yield,https://en.wikipedia.org/wiki/Rabi_crop
Bihar,Linseed,Rabi,east_northeast,linseed,crop_cycle_estimate,10,30,0,3,8,1,130,2010,2010-10-30,2011-03-08,1349,54,state_zone+crop+season,v1.0,decided_project_convention,Crop-specific 130-day cycle starting from the east_northeast Rabi anchor.,,https://www.kaggle.com/datasets/arjunyadav99/indian-agriculture-crop-production-and-yield,https://en.wikipedia.org/wiki/Rabi_crop
Bihar,Maize,Autumn,east_northeast,maize,crop_cycle_estimate,4,1,0,7,29,0,120,2010,2010-04-01,2010-07-29,750,38,state_zone+crop+season,v1.0,decided_project_convention,Crop-specific 120-day cycle starting from the east_northeast Autumn anchor.,,https://www.kaggle.com/datasets/arjunyadav99/indian-agriculture-crop-production-and-yield,"Project convention based on the recorded Indian crop-season label; Autumn and Winter are treated as crop reporting seasons, not literal meteorological seasons."
Bihar,Maize,Kharif,east_northeast,maize,crop_cycle_estimate,5,15,0,9,11,0,120,2010,2010-05-15,2010-09-11,648,56,state_zone+crop+season,v1.0,decided_project_convention,Crop-specific 120-day cycle starting from the east_northeast Kharif anchor.,,https://www.kaggle.com/datasets/arjunyadav99/indian-agriculture-crop-production-and-yield,https://en.wikipedia.org/wiki/Kharif_crop
Bihar,Maize,Rabi,east_northeast,maize,crop_cycle_estimate,10,15,0,2,11,1,120,2010,2010-10-15,2011-02-11,1285,49,state_zone+crop+season,v1.0,decided_project_convention,Crop-specific 120-day cycle starting from the east_northeast Rabi anchor.,,https://www.kaggle.com/datasets/arjunyadav99/indian-agriculture-crop-production-and-yield,https://en.wikipedia.org/wiki/Rabi_crop
Bihar,Maize,Summer,east_northeast,maize,crop_cycle_estimate,2,15,1,6,14,1,120,2010,2011-02-15,2011-06-14,1343,53,state_zone+crop+season,v1.0,decided_project_convention,Crop-specific 120-day cycle starting from the east_northeast Summer anchor.,,https://www.kaggle.com/datasets/arjunyadav99/indian-agriculture-crop-production-and-yield,https://en.wikipedia.org/wiki/Zaid_crop
Bihar,Masoor,Rabi,east_northeast,lentil,crop_cycle_estimate,10,15,0,2,11,1,120,2010,2010-10-15,2011-02-11,1206,38,state_zone+crop+season,v1.0,decided_project_convention,Crop-specific 120-day cycle starting from the east_northeast Rabi anchor.,,https://www.kaggle.com/datasets/arjunyadav99/indian-agriculture-crop-production-and-yield,https://en.wikipedia.org/wiki/Rabi_crop
Bihar,Mesta,Kharif,east_northeast,jute_mesta,crop_cycle_estimate,4,15,0,9,11,0,150,2010,2010-04-15,2010-09-11,757,44,state_zone+crop+season,v1.0,decided_project_convention,Crop-specific 150-day cycle starting from the east_northeast Kharif anchor.,,https://www.kaggle.com/datasets/arjunyadav99/indian-agriculture-crop-production-and-yield,https://en.wikipedia.org/wiki/Kharif_crop
Bihar,Moong(Green Gram),Kharif,east_northeast,green_gram,crop_cycle_estimate,5,15,0,8,12,0,90,2010,2010-05-15,2010-08-12,1030,38,state_zone+crop+season,v1.0,decided_project_convention,Crop-specific 90-day cycle starting from the east_northeast Kharif anchor.,,https://www.kaggle.com/datasets/arjunyadav99/indian-agriculture-crop-production-and-yield,https://en.wikipedia.org/wiki/Kharif_crop
Bihar,Moong(Green Gram),Rabi,east_northeast,green_gram,crop_cycle_estimate,10,15,0,1,12,1,90,2010,2010-10-15,2011-01-12,132,34,state_zone+crop+season,v1.0,decided_project_convention,Crop-specific 90-day cycle starting from the east_northeast Rabi anchor.,,https://www.kaggle.com/datasets/arjunyadav99/indian-agriculture-crop-production-and-yield,https://en.wikipedia.org/wiki/Rabi_crop
Bihar,Moong(Green Gram),Summer,east_northeast,green_gram,crop_cycle_estimate,2,15,1,5,15,1,90,2010,2011-02-15,2011-05-15,926,38,state_zone+crop+season,v1.0,decided_project_convention,Crop-specific 90-day cycle starting from the east_northeast Summer anchor.,,https://www.kaggle.com/datasets/arjunyadav99/indian-agriculture-crop-production-and-yield,https://en.wikipedia.org/wiki/Zaid_crop
Bihar,Niger seed,Kharif,east_northeast,niger,crop_cycle_estimate,5,15,0,9,11,0,120,2010,2010-05-15,2010-09-11,42,22,state_zone+crop+season,v1.0,decided_project_convention,Crop-specific 120-day cycle starting from the east_northeast Kharif anchor.,,https://www.kaggle.com/datasets/arjunyadav99/indian-agriculture-crop-production-and-yield,https://en.wikipedia.org/wiki/Kharif_crop
Bihar,Onion,Whole Year,east_northeast,onion,annual_reporting_window,7,1,0,6,30,1,365,2010,2010-07-01,2011-06-30,850,56,state_zone+crop+season,v1.0,decided_project_convention,Whole Year mapped to the complete July-June crop-year reporting cycle.,Annual reporting window; do not calculate planting/harvest flags.,https://www.kaggle.com/datasets/arjunyadav99/indian-agriculture-crop-production-and-yield,"Project convention based on the recorded Indian crop-season label; Autumn and Winter are treated as crop reporting seasons, not literal meteorological seasons."
Bihar,Other Kharif pulses,Kharif,east_northeast,aggregate_kharif_pulses,aggregate_reporting_window,5,15,0,11,30,0,200,2010,2010-05-15,2010-11-30,760,55,state_zone+crop+season,v1.0,decided_project_convention,Aggregate crop category mapped to the complete reporting-season window.,Aggregate crop category; uses the full reporting-season window.,https://www.kaggle.com/datasets/arjunyadav99/indian-agriculture-crop-production-and-yield,https://en.wikipedia.org/wiki/Kharif_crop
Bihar,Other Rabi pulses,Rabi,east_northeast,aggregate_rabi_pulses,aggregate_reporting_window,10,15,0,4,30,1,198,2010,2010-10-15,2011-04-30,758,54,state_zone+crop+season,v1.0,decided_project_convention,Aggregate crop category mapped to the complete reporting-season window.,Aggregate crop category; uses the full reporting-season window.,https://www.kaggle.com/datasets/arjunyadav99/indian-agriculture-crop-production-and-yield,https://en.wikipedia.org/wiki/Rabi_crop
Bihar,Peas & beans (Pulses),Rabi,east_northeast,other_pulse,crop_cycle_estimate,10,15,0,2,11,1,120,2010,2010-10-15,2011-02-11,1178,38,state_zone+crop+season,v1.0,decided_project_convention,Crop-specific 120-day cycle starting from the east_northeast Rabi anchor.,,https://www.kaggle.com/datasets/arjunyadav99/indian-agriculture-crop-production-and-yield,https://en.wikipedia.org/wiki/Rabi_crop
Bihar,Potato,Kharif,east_northeast,potato,crop_cycle_estimate,5,15,0,9,11,0,120,2010,2010-05-15,2010-09-11,76,38,state_zone+crop+season,v1.0,decided_project_convention,Crop-specific 120-day cycle starting from the east_northeast Kharif anchor.,,https://www.kaggle.com/datasets/arjunyadav99/indian-agriculture-crop-production-and-yield,https://en.wikipedia.org/wiki/Kharif_crop
Bihar,Potato,Rabi,east_northeast,potato,crop_cycle_estimate,10,30,0,2,26,1,120,2010,2010-10-30,2011-02-26,74,37,state_zone+crop+season,v1.0,decided_project_convention,Crop-specific 120-day cycle starting from the east_northeast Rabi anchor.,,https://www.kaggle.com/datasets/arjunyadav99/indian-agriculture-crop-production-and-yield,https://en.wikipedia.org/wiki/Rabi_crop
Bihar,Potato,Whole Year,east_northeast,potato,annual_reporting_window,7,1,0,6,30,1,365,2010,2010-07-01,2011-06-30,784,56,state_zone+crop+season,v1.0,decided_project_convention,Whole Year mapped to the complete July-June crop-year reporting cycle.,Annual reporting window; do not calculate planting/harvest flags.,https://www.kaggle.com/datasets/arjunyadav99/indian-agriculture-crop-production-and-yield,"Project convention based on the recorded Indian crop-season label; Autumn and Winter are treated as crop reporting seasons, not literal meteorological seasons."
Bihar,Ragi,Kharif,east_northeast,finger_millet,crop_cycle_estimate,5,15,0,9,11,0,120,2010,2010-05-15,2010-09-11,1005,55,state_zone+crop+season,v1.0,decided_project_convention,Crop-specific 120-day cycle starting from the east_northeast Kharif anchor.,,https://www.kaggle.com/datasets/arjunyadav99/indian-agriculture-crop-production-and-yield,https://en.wikipedia.org/wiki/Kharif_crop
Bihar,Ragi,Whole Year,east_northeast,finger_millet,annual_reporting_window,7,1,0,6,30,1,365,2010,2010-07-01,2011-06-30,84,50,state_zone+crop+season,v1.0,decided_project_convention,Whole Year mapped to the complete July-June crop-year reporting cycle.,Annual reporting window; do not calculate planting/harvest flags.,https://www.kaggle.com/datasets/arjunyadav99/indian-agriculture-crop-production-and-yield,"Project convention based on the recorded Indian crop-season label; Autumn and Winter are treated as crop reporting seasons, not literal meteorological seasons."
Bihar,Rapeseed &Mustard,Rabi,east_northeast,rapeseed_mustard,crop_cycle_estimate,10,30,0,3,18,1,140,2010,2010-10-30,2011-03-18,1383,56,state_zone+crop+season,v1.0,decided_project_convention,Crop-specific 140-day cycle starting from the east_northeast Rabi anchor.,,https://www.kaggle.com/datasets/arjunyadav99/indian-agriculture-crop-production-and-yield,https://en.wikipedia.org/wiki/Rabi_crop
Bihar,Rice,Autumn,east_northeast,rice,crop_cycle_estimate,3,1,0,8,27,0,180,2010,2010-03-01,2010-08-27,986,56,state_zone+crop+season,v1.0,decided_project_convention,Crop-specific 180-day cycle starting from the east_northeast Autumn anchor.,Autumn rice: early rice crop; the window starts well before meteorological autumn.,https://www.kaggle.com/datasets/arjunyadav99/indian-agriculture-crop-production-and-yield,"Project convention based on the recorded Indian crop-season label; Autumn and Winter are treated as crop reporting seasons, not literal meteorological seasons."
Bihar,Rice,Kharif,east_northeast,rice,crop_cycle_estimate,5,15,0,10,11,0,150,2010,2010-05-15,2010-10-11,206,51,state_zone+crop+season,v1.0,decided_project_convention,Crop-specific 150-day cycle starting from the east_northeast Kharif anchor.,,https://www.kaggle.com/datasets/arjunyadav99/indian-agriculture-crop-production-and-yield,https://en.wikipedia.org/wiki/Kharif_crop
Bihar,Rice,Summer,east_northeast,rice,crop_cycle_estimate,12,1,0,5,29,1,180,2010,2010-12-01,2011-05-29,944,53,state_zone+crop+season,v1.0,decided_project_convention,Crop-specific 180-day cycle starting from the east_northeast Summer anchor.,Summer/Boro rice: winter-starting cycle ending in late spring or early summer.,https://www.kaggle.com/datasets/arjunyadav99/indian-agriculture-crop-production-and-yield,https://en.wikipedia.org/wiki/Zaid_crop
Bihar,Rice,Winter,east_northeast,rice,crop_cycle_estimate,5,15,0,12,10,0,210,2010,2010-05-15,2010-12-10,1168,56,state_zone+crop+season,v1.0,decided_project_convention,Crop-specific 210-day cycle starting from the east_northeast Winter anchor.,Winter rice: long monsoon-to-winter crop; not a December-February-only window.,https://www.kaggle.com/datasets/arjunyadav99/indian-agriculture-crop-production-and-yield,"Project convention based on the recorded Indian crop-season label; Autumn and Winter are treated as crop reporting seasons, not literal meteorological seasons."
Bihar,Safflower,Kharif,east_northeast,safflower,crop_cycle_estimate,5,15,0,10,11,0,150,2010,2010-05-15,2010-10-11,26,9,state_zone+crop+season,v1.0,decided_project_convention,Crop-specific 150-day cycle starting from the east_northeast Kharif anchor.,,https://www.kaggle.com/datasets/arjunyadav99/indian-agriculture-crop-production-and-yield,https://en.wikipedia.org/wiki/Kharif_crop
Bihar,Safflower,Rabi,east_northeast,safflower,crop_cycle_estimate,10,15,0,3,13,1,150,2010,2010-10-15,2011-03-13,240,33,state_zone+crop+season,v1.0,decided_project_convention,Crop-specific 150-day cycle starting from the east_northeast Rabi anchor.,,https://www.kaggle.com/datasets/arjunyadav99/indian-agriculture-crop-production-and-yield,https://en.wikipedia.org/wiki/Rabi_crop
Bihar,Sannhamp,Kharif,east_northeast,other_fibre,crop_cycle_estimate,4,15,0,8,22,0,130,2010,2010-04-15,2010-08-22,294,33,state_zone+crop+season,v1.0,decided_project_convention,Crop-specific 130-day cycle starting from the east_northeast Kharif anchor.,,https://www.kaggle.com/datasets/arjunyadav99/indian-agriculture-crop-production-and-yield,https://en.wikipedia.org/wiki/Kharif_crop
Bihar,Sannhamp,Whole Year,east_northeast,other_fibre,annual_reporting_window,7,1,0,6,30,1,365,2010,2010-07-01,2011-06-30,349,50,state_zone+crop+season,v1.0,decided_project_convention,Whole Year mapped to the complete July-June crop-year reporting cycle.,Annual reporting window; do not calculate planting/harvest flags.,https://www.kaggle.com/datasets/arjunyadav99/indian-agriculture-crop-production-and-yield,"Project convention based on the recorded Indian crop-season label; Autumn and Winter are treated as crop reporting seasons, not literal meteorological seasons."
Bihar,Sesamum,Kharif,east_northeast,sesame,crop_cycle_estimate,5,15,0,8,22,0,100,2010,2010-05-15,2010-08-22,989,54,state_zone+crop+season,v1.0,decided_project_convention,Crop-specific 100-day cycle starting from the east_northeast Kharif anchor.,,https://www.kaggle.com/datasets/arjunyadav99/indian-agriculture-crop-production-and-yield,https://en.wikipedia.org/wiki/Kharif_crop
Bihar,Small millets,Kharif,east_northeast,minor_cereal,crop_cycle_estimate,5,15,0,8,27,0,105,2010,2010-05-15,2010-08-27,803,55,state_zone+crop+season,v1.0,decided_project_convention,Crop-specific 105-day cycle starting from the east_northeast Kharif anchor.,,https://www.kaggle.com/datasets/arjunyadav99/indian-agriculture-crop-production-and-yield,https://en.wikipedia.org/wiki/Kharif_crop
Bihar,Sugarcane,Whole Year,east_northeast,sugarcane,annual_reporting_window,7,1,0,6,30,1,365,2010,2010-07-01,2011-06-30,1126,52,state_zone+crop+season,v1.0,decided_project_convention,Whole Year mapped to the complete July-June crop-year reporting cycle.,Annual reporting window; do not calculate planting/harvest flags.,https://www.kaggle.com/datasets/arjunyadav99/indian-agriculture-crop-production-and-yield,"Project convention based on the recorded Indian crop-season label; Autumn and Winter are treated as crop reporting seasons, not literal meteorological seasons."
Bihar,Sunflower,Kharif,east_northeast,sunflower,crop_cycle_estimate,5,15,0,9,1,0,110,2010,2010-05-15,2010-09-01,467,44,state_zone+crop+season,v1.0,decided_project_convention,Crop-specific 110-day cycle starting from the east_northeast Kharif anchor.,,https://www.kaggle.com/datasets/arjunyadav99/indian-agriculture-crop-production-and-yield,https://en.wikipedia.org/wiki/Kharif_crop
Bihar,Sunflower,Rabi,east_northeast,sunflower,crop_cycle_estimate,10,15,0,2,1,1,110,2010,2010-10-15,2011-02-01,516,45,state_zone+crop+season,v1.0,decided_project_convention,Crop-specific 110-day cycle starting from the east_northeast Rabi anchor.,,https://www.kaggle.com/datasets/arjunyadav99/indian-agriculture-crop-production-and-yield,https://en.wikipedia.org/wiki/Rabi_crop
Bihar,Sweet potato,Kharif,east_northeast,sweet_potato,crop_cycle_estimate,5,15,0,9,11,0,120,2010,2010-05-15,2010-09-11,48,24,state_zone+crop+season,v1.0,decided_project_convention,Crop-specific 120-day cycle starting from the east_northeast Kharif anchor.,,https://www.kaggle.com/datasets/arjunyadav99/indian-agriculture-crop-production-and-yield,https://en.wikipedia.org/wiki/Kharif_crop
Bihar,Sweet potato,Rabi,east_northeast,sweet_potato,crop_cycle_estimate,10,15,0,2,11,1,120,2010,2010-10-15,2011-02-11,38,19,state_zone+crop+season,v1.0,decided_project_convention,Crop-specific 120-day cycle starting from the east_northeast Rabi anchor.,,https://www.kaggle.com/datasets/arjunyadav99/indian-agriculture-crop-production-and-yield,https://en.wikipedia.org/wiki/Rabi_crop
Bihar,Sweet potato,Whole Year,east_northeast,sweet_potato,annual_reporting_window,7,1,0,6,30,1,365,2010,2010-07-01,2011-06-30,607,46,state_zone+crop+season,v1.0,decided_project_convention,Whole Year mapped to the complete July-June crop-year reporting cycle.,Annual reporting window; do not calculate planting/harvest flags.,https://www.kaggle.com/datasets/arjunyadav99/indian-agriculture-crop-production-and-yield,"Project convention based on the recorded Indian crop-season label; Autumn and Winter are treated as crop reporting seasons, not literal meteorological seasons."
Bihar,Tobacco,Rabi,east_northeast,tobacco,crop_cycle_estimate,10,15,0,3,13,1,150,2010,2010-10-15,2011-03-13,36,19,state_zone+crop+season,v1.0,decided_project_convention,Crop-specific 150-day cycle starting from the east_northeast Rabi anchor.,,https://www.kaggle.com/datasets/arjunyadav99/indian-agriculture-crop-production-and-yield,https://en.wikipedia.org/wiki/Rabi_crop
Bihar,Tobacco,Whole Year,east_northeast,tobacco,annual_reporting_window,7,1,0,6,30,1,365,2010,2010-07-01,2011-06-30,391,27,state_zone+crop+season,v1.0,decided_project_convention,Whole Year mapped to the complete July-June crop-year reporting cycle.,Annual reporting window; do not calculate planting/harvest flags.,https://www.kaggle.com/datasets/arjunyadav99/indian-agriculture-crop-production-and-yield,"Project convention based on the recorded Indian crop-season label; Autumn and Winter are treated as crop reporting seasons, not literal meteorological seasons."
Bihar,Turmeric,Whole Year,east_northeast,turmeric,annual_reporting_window,7,1,0,6,30,1,365,2010,2010-07-01,2011-06-30,489,34,state_zone+crop+season,v1.0,decided_project_convention,Whole Year mapped to the complete July-June crop-year reporting cycle.,Annual reporting window; do not calculate planting/harvest flags.,https://www.kaggle.com/datasets/arjunyadav99/indian-agriculture-crop-production-and-yield,"Project convention based on the recorded Indian crop-season label; Autumn and Winter are treated as crop reporting seasons, not literal meteorological seasons."
Bihar,Urad,Kharif,east_northeast,black_gram,crop_cycle_estimate,5,15,0,8,17,0,95,2010,2010-05-15,2010-08-17,1055,37,state_zone+crop+season,v1.0,decided_project_convention,Crop-specific 95-day cycle starting from the east_northeast Kharif anchor.,,https://www.kaggle.com/datasets/arjunyadav99/indian-agriculture-crop-production-and-yield,https://en.wikipedia.org/wiki/Kharif_crop
Bihar,Wheat,Rabi,east_northeast,wheat,crop_cycle_estimate,10,30,0,3,28,1,150,2010,2010-10-30,2011-03-28,1390,56,state_zone+crop+season,v1.0,decided_project_convention,Crop-specific 150-day cycle starting from the east_northeast Rabi anchor.,,https://www.kaggle.com/datasets/arjunyadav99/indian-agriculture-crop-production-and-yield,https://en.wikipedia.org/wiki/Rabi_crop
Chandigarh,Arhar/Tur,Kharif,north_northwest,pigeon_pea,crop_cycle_estimate,5,31,0,12,16,0,200,2010,2010-05-31,2010-12-16,4,1,state_zone+crop+season,v1.0,decided_project_convention,Crop-specific 200-day cycle starting from the north_northwest Kharif anchor.,,https://www.kaggle.com/datasets/arjunyadav99/indian-agriculture-crop-production-and-yield,https://en.wikipedia.org/wiki/Kharif_crop
Chandigarh,Gram,Rabi,north_northwest,chickpea,crop_cycle_estimate,10,30,0,3,8,1,130,2010,2010-10-30,2011-03-08,6,1,state_zone+crop+season,v1.0,decided_project_convention,Crop-specific 130-day cycle starting from the north_northwest Rabi anchor.,,https://www.kaggle.com/datasets/arjunyadav99/indian-agriculture-crop-production-and-yield,https://en.wikipedia.org/wiki/Rabi_crop
Chandigarh,Maize,Kharif,north_northwest,maize,crop_cycle_estimate,6,15,0,10,12,0,120,2010,2010-06-15,2010-10-12,30,1,state_zone+crop+season,v1.0,decided_project_convention,Crop-specific 120-day cycle starting from the north_northwest Kharif anchor.,,https://www.kaggle.com/datasets/arjunyadav99/indian-agriculture-crop-production-and-yield,https://en.wikipedia.org/wiki/Kharif_crop
Chandigarh,Masoor,Rabi,north_northwest,lentil,crop_cycle_estimate,10,15,0,2,11,1,120,2010,2010-10-15,2011-02-11,8,1,state_zone+crop+season,v1.0,decided_project_convention,Crop-specific 120-day cycle starting from the north_northwest Rabi anchor.,,https://www.kaggle.com/datasets/arjunyadav99/indian-agriculture-crop-production-and-yield,https://en.wikipedia.org/wiki/Rabi_crop
Chandigarh,Moong(Green Gram),Kharif,north_northwest,green_gram,crop_cycle_estimate,6,15,0,9,12,0,90,2010,2010-06-15,2010-09-12,6,1,state_zone+crop+season,v1.0,decided_project_convention,Crop-specific 90-day cycle starting from the north_northwest Kharif anchor.,,https://www.kaggle.com/datasets/arjunyadav99/indian-agriculture-crop-production-and-yield,https://en.wikipedia.org/wiki/Kharif_crop
Chandigarh,Onion,Whole Year,north_northwest,onion,annual_reporting_window,7,1,0,6,30,1,365,2010,2010-07-01,2011-06-30,30,1,state_zone+crop+season,v1.0,decided_project_convention,Whole Year mapped to the complete July-June crop-year reporting cycle.,Annual reporting window; do not calculate planting/harvest flags.,https://www.kaggle.com/datasets/arjunyadav99/indian-agriculture-crop-production-and-yield,"Project convention based on the recorded Indian crop-season label; Autumn and Winter are treated as crop reporting seasons, not literal meteorological seasons."
Chandigarh,Potato,Whole Year,north_northwest,potato,annual_reporting_window,7,1,0,6,30,1,365,2010,2010-07-01,2011-06-30,30,1,state_zone+crop+season,v1.0,decided_project_convention,Whole Year mapped to the complete July-June crop-year reporting cycle.,Annual reporting window; do not calculate planting/harvest flags.,https://www.kaggle.com/datasets/arjunyadav99/indian-agriculture-crop-production-and-yield,"Project convention based on the recorded Indian crop-season label; Autumn and Winter are treated as crop reporting seasons, not literal meteorological seasons."
Chandigarh,Rapeseed &Mustard,Rabi,north_northwest,rapeseed_mustard,crop_cycle_estimate,10,30,0,3,18,1,140,2010,2010-10-30,2011-03-18,10,1,state_zone+crop+season,v1.0,decided_project_convention,Crop-specific 140-day cycle starting from the north_northwest Rabi anchor.,,https://www.kaggle.com/datasets/arjunyadav99/indian-agriculture-crop-production-and-yield,https://en.wikipedia.org/wiki/Rabi_crop
Chandigarh,Rice,Kharif,north_northwest,rice,crop_cycle_estimate,6,15,0,11,11,0,150,2010,2010-06-15,2010-11-11,30,1,state_zone+crop+season,v1.0,decided_project_convention,Crop-specific 150-day cycle starting from the north_northwest Kharif anchor.,,https://www.kaggle.com/datasets/arjunyadav99/indian-agriculture-crop-production-and-yield,https://en.wikipedia.org/wiki/Kharif_crop
Chandigarh,Sunflower,Rabi,north_northwest,sunflower,crop_cycle_estimate,10,15,0,2,1,1,110,2010,2010-10-15,2011-02-01,4,1,state_zone+crop+season,v1.0,decided_project_convention,Crop-specific 110-day cycle starting from the north_northwest Rabi anchor.,,https://www.kaggle.com/datasets/arjunyadav99/indian-agriculture-crop-production-and-yield,https://en.wikipedia.org/wiki/Rabi_crop
Chandigarh,Urad,Kharif,north_northwest,black_gram,crop_cycle_estimate,6,15,0,9,17,0,95,2010,2010-06-15,2010-09-17,10,1,state_zone+crop+season,v1.0,decided_project_convention,Crop-specific 95-day cycle starting from the north_northwest Kharif anchor.,,https://www.kaggle.com/datasets/arjunyadav99/indian-agriculture-crop-production-and-yield,https://en.wikipedia.org/wiki/Kharif_crop
Chandigarh,Wheat,Rabi,north_northwest,wheat,crop_cycle_estimate,10,30,0,3,28,1,150,2010,2010-10-30,2011-03-28,30,1,state_zone+crop+season,v1.0,decided_project_convention,Crop-specific 150-day cycle starting from the north_northwest Rabi anchor.,,https://www.kaggle.com/datasets/arjunyadav99/indian-agriculture-crop-production-and-yield,https://en.wikipedia.org/wiki/Rabi_crop
Chhattisgarh,Arhar/Tur,Kharif,east_northeast,pigeon_pea,crop_cycle_estimate,4,30,0,11,15,0,200,2010,2010-04-30,2010-11-15,584,27,state_zone+crop+season,v1.0,decided_project_convention,Crop-specific 200-day cycle starting from the east_northeast Kharif anchor.,,https://www.kaggle.com/datasets/arjunyadav99/indian-agriculture-crop-production-and-yield,https://en.wikipedia.org/wiki/Kharif_crop
Chhattisgarh,Bajra,Kharif,east_northeast,pearl_millet,crop_cycle_estimate,5,15,0,8,22,0,100,2010,2010-05-15,2010-08-22,150,12,state_zone+crop+season,v1.0,decided_project_convention,Crop-specific 100-day cycle starting from the east_northeast Kharif anchor.,,https://www.kaggle.com/datasets/arjunyadav99/indian-agriculture-crop-production-and-yield,https://en.wikipedia.org/wiki/Kharif_crop
Chhattisgarh,Bajra,Whole Year,east_northeast,pearl_millet,annual_reporting_window,7,1,0,6,30,1,365,2010,2010-07-01,2011-06-30,10,5,state_zone+crop+season,v1.0,decided_project_convention,Whole Year mapped to the complete July-June crop-year reporting cycle.,Annual reporting window; do not calculate planting/harvest flags.,https://www.kaggle.com/datasets/arjunyadav99/indian-agriculture-crop-production-and-yield,"Project convention based on the recorded Indian crop-season label; Autumn and Winter are treated as crop reporting seasons, not literal meteorological seasons."
Chhattisgarh,Banana,Whole Year,east_northeast,fruit_perennial,annual_reporting_window,7,1,0,6,30,1,365,2010,2010-07-01,2011-06-30,498,26,state_zone+crop+season,v1.0,decided_project_convention,Whole Year mapped to the complete July-June crop-year reporting cycle.,Annual reporting window; do not calculate planting/harvest flags.,https://www.kaggle.com/datasets/arjunyadav99/indian-agriculture-crop-production-and-yield,"Project convention based on the recorded Indian crop-season label; Autumn and Winter are treated as crop reporting seasons, not literal meteorological seasons."
Chhattisgarh,Barley,Rabi,east_northeast,barley,crop_cycle_estimate,10,30,0,3,8,1,130,2010,2010-10-30,2011-03-08,236,12,state_zone+crop+season,v1.0,decided_project_convention,Crop-specific 130-day cycle starting from the east_northeast Rabi anchor.,,https://www.kaggle.com/datasets/arjunyadav99/indian-agriculture-crop-production-and-yield,https://en.wikipedia.org/wiki/Rabi_crop
Chhattisgarh,Castor seed,Kharif,east_northeast,castor,crop_cycle_estimate,4,30,0,10,26,0,180,2010,2010-04-30,2010-10-26,158,16,state_zone+crop+season,v1.0,decided_project_convention,Crop-specific 180-day cycle starting from the east_northeast Kharif anchor.,,https://www.kaggle.com/datasets/arjunyadav99/indian-agriculture-crop-production-and-yield,https://en.wikipedia.org/wiki/Kharif_crop
Chhattisgarh,Castor seed,Rabi,east_northeast,castor,crop_cycle_estimate,10,15,0,4,12,1,180,2010,2010-10-15,2011-04-12,18,6,state_zone+crop+season,v1.0,decided_project_convention,Crop-specific 180-day cycle starting from the east_northeast Rabi anchor.,,https://www.kaggle.com/datasets/arjunyadav99/indian-agriculture-crop-production-and-yield,https://en.wikipedia.org/wiki/Rabi_crop
Chhattisgarh,Coriander,Rabi,east_northeast,coriander,crop_cycle_estimate,10,15,0,2,11,1,120,2010,2010-10-15,2011-02-11,2,1,state_zone+crop+season,v1.0,decided_project_convention,Crop-specific 120-day cycle starting from the east_northeast Rabi anchor.,,https://www.kaggle.com/datasets/arjunyadav99/indian-agriculture-crop-production-and-yield,https://en.wikipedia.org/wiki/Rabi_crop
Chhattisgarh,Coriander,Whole Year,east_northeast,coriander,annual_reporting_window,7,1,0,6,30,1,365,2010,2010-07-01,2011-06-30,554,27,state_zone+crop+season,v1.0,decided_project_convention,Whole Year mapped to the complete July-June crop-year reporting cycle.,Annual reporting window; do not calculate planting/harvest flags.,https://www.kaggle.com/datasets/arjunyadav99/indian-agriculture-crop-production-and-yield,"Project convention based on the recorded Indian crop-season label; Autumn and Winter are treated as crop reporting seasons, not literal meteorological seasons."
Chhattisgarh,Cotton(lint),Kharif,east_northeast,cotton,crop_cycle_estimate,4,30,0,11,25,0,210,2010,2010-04-30,2010-11-25,86,11,state_zone+crop+season,v1.0,decided_project_convention,Crop-specific 210-day cycle starting from the east_northeast Kharif anchor.,,https://www.kaggle.com/datasets/arjunyadav99/indian-agriculture-crop-production-and-yield,https://en.wikipedia.org/wiki/Kharif_crop
Chhattisgarh,Cotton(lint),Whole Year,east_northeast,cotton,annual_reporting_window,7,1,0,6,30,1,365,2010,2010-07-01,2011-06-30,12,4,state_zone+crop+season,v1.0,decided_project_convention,Whole Year mapped to the complete July-June crop-year reporting cycle.,Annual reporting window; do not calculate planting/harvest flags.,https://www.kaggle.com/datasets/arjunyadav99/indian-agriculture-crop-production-and-yield,"Project convention based on the recorded Indian crop-season label; Autumn and Winter are treated as crop reporting seasons, not literal meteorological seasons."
Chhattisgarh,Dry chillies,Whole Year,east_northeast,chilli,annual_reporting_window,7,1,0,6,30,1,365,2010,2010-07-01,2011-06-30,584,27,state_zone+crop+season,v1.0,decided_project_convention,Whole Year mapped to the complete July-June crop-year reporting cycle.,Annual reporting window; do not calculate planting/harvest flags.,https://www.kaggle.com/datasets/arjunyadav99/indian-agriculture-crop-production-and-yield,"Project convention based on the recorded Indian crop-season label; Autumn and Winter are treated as crop reporting seasons, not literal meteorological seasons."
Chhattisgarh,Dry ginger,Whole Year,east_northeast,ginger,annual_reporting_window,7,1,0,6,30,1,365,2010,2010-07-01,2011-06-30,245,27,state_zone+crop+season,v1.0,decided_project_convention,Whole Year mapped to the complete July-June crop-year reporting cycle.,Annual reporting window; do not calculate planting/harvest flags.,https://www.kaggle.com/datasets/arjunyadav99/indian-agriculture-crop-production-and-yield,"Project convention based on the recorded Indian crop-season label; Autumn and Winter are treated as crop reporting seasons, not literal meteorological seasons."
Chhattisgarh,Garlic,Rabi,east_northeast,garlic,crop_cycle_estimate,10,30,0,3,28,1,150,2010,2010-10-30,2011-03-28,2,1,state_zone+crop+season,v1.0,decided_project_convention,Crop-specific 150-day cycle starting from the east_northeast Rabi anchor.,,https://www.kaggle.com/datasets/arjunyadav99/indian-agriculture-crop-production-and-yield,https://en.wikipedia.org/wiki/Rabi_crop
Chhattisgarh,Garlic,Whole Year,east_northeast,garlic,annual_reporting_window,7,1,0,6,30,1,365,2010,2010-07-01,2011-06-30,432,23,state_zone+crop+season,v1.0,decided_project_convention,Whole Year mapped to the complete July-June crop-year reporting cycle.,Annual reporting window; do not calculate planting/harvest flags.,https://www.kaggle.com/datasets/arjunyadav99/indian-agriculture-crop-production-and-yield,"Project convention based on the recorded Indian crop-season label; Autumn and Winter are treated as crop reporting seasons, not literal meteorological seasons."
Chhattisgarh,Ginger,Whole Year,east_northeast,ginger,annual_reporting_window,7,1,0,6,30,1,365,2010,2010-07-01,2011-06-30,245,27,state_zone+crop+season,v1.0,decided_project_convention,Whole Year mapped to the complete July-June crop-year reporting cycle.,Annual reporting window; do not calculate planting/harvest flags.,https://www.kaggle.com/datasets/arjunyadav99/indian-agriculture-crop-production-and-yield,"Project convention based on the recorded Indian crop-season label; Autumn and Winter are treated as crop reporting seasons, not literal meteorological seasons."
Chhattisgarh,Gram,Rabi,east_northeast,chickpea,crop_cycle_estimate,10,30,0,3,8,1,130,2010,2010-10-30,2011-03-08,566,27,state_zone+crop+season,v1.0,decided_project_convention,Crop-specific 130-day cycle starting from the east_northeast Rabi anchor.,,https://www.kaggle.com/datasets/arjunyadav99/indian-agriculture-crop-production-and-yield,https://en.wikipedia.org/wiki/Rabi_crop
Chhattisgarh,Groundnut,Kharif,east_northeast,groundnut,crop_cycle_estimate,5,15,0,9,11,0,120,2010,2010-05-15,2010-09-11,522,25,state_zone+crop+season,v1.0,decided_project_convention,Crop-specific 120-day cycle starting from the east_northeast Kharif anchor.,,https://www.kaggle.com/datasets/arjunyadav99/indian-agriculture-crop-production-and-yield,https://en.wikipedia.org/wiki/Kharif_crop
Chhattisgarh,Guar seed,Kharif,east_northeast,guar,crop_cycle_estimate,5,15,0,9,1,0,110,2010,2010-05-15,2010-09-01,2,1,state_zone+crop+season,v1.0,decided_project_convention,Crop-specific 110-day cycle starting from the east_northeast Kharif anchor.,,https://www.kaggle.com/datasets/arjunyadav99/indian-agriculture-crop-production-and-yield,https://en.wikipedia.org/wiki/Kharif_crop
Chhattisgarh,Horse-gram,Kharif,east_northeast,horse_gram,crop_cycle_estimate,5,15,0,9,1,0,110,2010,2010-05-15,2010-09-01,542,26,state_zone+crop+season,v1.0,decided_project_convention,Crop-specific 110-day cycle starting from the east_northeast Kharif anchor.,,https://www.kaggle.com/datasets/arjunyadav99/indian-agriculture-crop-production-and-yield,https://en.wikipedia.org/wiki/Kharif_crop
Chhattisgarh,Horse-gram,Rabi,east_northeast,horse_gram,crop_cycle_estimate,10,15,0,2,1,1,110,2010,2010-10-15,2011-02-01,274,18,state_zone+crop+season,v1.0,decided_project_convention,Crop-specific 110-day cycle starting from the east_northeast Rabi anchor.,,https://www.kaggle.com/datasets/arjunyadav99/indian-agriculture-crop-production-and-yield,https://en.wikipedia.org/wiki/Rabi_crop
Chhattisgarh,Jowar,Kharif,east_northeast,sorghum,crop_cycle_estimate,5,15,0,9,11,0,120,2010,2010-05-15,2010-09-11,450,27,state_zone+crop+season,v1.0,decided_project_convention,Crop-specific 120-day cycle starting from the east_northeast Kharif anchor.,,https://www.kaggle.com/datasets/arjunyadav99/indian-agriculture-crop-production-and-yield,https://en.wikipedia.org/wiki/Kharif_crop
Chhattisgarh,Jowar,Whole Year,east_northeast,sorghum,annual_reporting_window,7,1,0,6,30,1,365,2010,2010-07-01,2011-06-30,94,24,state_zone+crop+season,v1.0,decided_project_convention,Whole Year mapped to the complete July-June crop-year reporting cycle.,Annual reporting window; do not calculate planting/harvest flags.,https://www.kaggle.com/datasets/arjunyadav99/indian-agriculture-crop-production-and-yield,"Project convention based on the recorded Indian crop-season label; Autumn and Winter are treated as crop reporting seasons, not literal meteorological seasons."
Chhattisgarh,Khesari,Rabi,east_northeast,khesari,crop_cycle_estimate,10,15,0,2,11,1,120,2010,2010-10-15,2011-02-11,510,23,state_zone+crop+season,v1.0,decided_project_convention,Crop-specific 120-day cycle starting from the east_northeast Rabi anchor.,,https://www.kaggle.com/datasets/arjunyadav99/indian-agriculture-crop-production-and-yield,https://en.wikipedia.org/wiki/Rabi_crop
Chhattisgarh,Linseed,Rabi,east_northeast,linseed,crop_cycle_estimate,10,30,0,3,8,1,130,2010,2010-10-30,2011-03-08,528,24,state_zone+crop+season,v1.0,decided_project_convention,Crop-specific 130-day cycle starting from the east_northeast Rabi anchor.,,https://www.kaggle.com/datasets/arjunyadav99/indian-agriculture-crop-production-and-yield,https://en.wikipedia.org/wiki/Rabi_crop
Chhattisgarh,Maize,Kharif,east_northeast,maize,crop_cycle_estimate,5,15,0,9,11,0,120,2010,2010-05-15,2010-09-11,584,27,state_zone+crop+season,v1.0,decided_project_convention,Crop-specific 120-day cycle starting from the east_northeast Kharif anchor.,,https://www.kaggle.com/datasets/arjunyadav99/indian-agriculture-crop-production-and-yield,https://en.wikipedia.org/wiki/Kharif_crop
Chhattisgarh,Maize,Rabi,east_northeast,maize,crop_cycle_estimate,10,15,0,2,11,1,120,2010,2010-10-15,2011-02-11,2,1,state_zone+crop+season,v1.0,decided_project_convention,Crop-specific 120-day cycle starting from the east_northeast Rabi anchor.,,https://www.kaggle.com/datasets/arjunyadav99/indian-agriculture-crop-production-and-yield,https://en.wikipedia.org/wiki/Rabi_crop
Chhattisgarh,Maize,Summer,east_northeast,maize,crop_cycle_estimate,2,15,1,6,14,1,120,2010,2011-02-15,2011-06-14,2,1,state_zone+crop+season,v1.0,decided_project_convention,Crop-specific 120-day cycle starting from the east_northeast Summer anchor.,,https://www.kaggle.com/datasets/arjunyadav99/indian-agriculture-crop-production-and-yield,https://en.wikipedia.org/wiki/Zaid_crop
Chhattisgarh,Masoor,Rabi,east_northeast,lentil,crop_cycle_estimate,10,15,0,2,11,1,120,2010,2010-10-15,2011-02-11,508,23,state_zone+crop+season,v1.0,decided_project_convention,Crop-specific 120-day cycle starting from the east_northeast Rabi anchor.,,https://www.kaggle.com/datasets/arjunyadav99/indian-agriculture-crop-production-and-yield,https://en.wikipedia.org/wiki/Rabi_crop
Chhattisgarh,Mesta,Kharif,east_northeast,jute_mesta,crop_cycle_estimate,4,15,0,9,11,0,150,2010,2010-04-15,2010-09-11,472,25,state_zone+crop+season,v1.0,decided_project_convention,Crop-specific 150-day cycle starting from the east_northeast Kharif anchor.,,https://www.kaggle.com/datasets/arjunyadav99/indian-agriculture-crop-production-and-yield,https://en.wikipedia.org/wiki/Kharif_crop
Chhattisgarh,Moong(Green Gram),Kharif,east_northeast,green_gram,crop_cycle_estimate,5,15,0,8,12,0,90,2010,2010-05-15,2010-08-12,580,27,state_zone+crop+season,v1.0,decided_project_convention,Crop-specific 90-day cycle starting from the east_northeast Kharif anchor.,,https://www.kaggle.com/datasets/arjunyadav99/indian-agriculture-crop-production-and-yield,https://en.wikipedia.org/wiki/Kharif_crop
Chhattisgarh,Moong(Green Gram),Rabi,east_northeast,green_gram,crop_cycle_estimate,10,15,0,1,12,1,90,2010,2010-10-15,2011-01-12,473,25,state_zone+crop+season,v1.0,decided_project_convention,Crop-specific 90-day cycle starting from the east_northeast Rabi anchor.,,https://www.kaggle.com/datasets/arjunyadav99/indian-agriculture-crop-production-and-yield,https://en.wikipedia.org/wiki/Rabi_crop
Chhattisgarh,Niger seed,Kharif,east_northeast,niger,crop_cycle_estimate,5,15,0,9,11,0,120,2010,2010-05-15,2010-09-11,426,24,state_zone+crop+season,v1.0,decided_project_convention,Crop-specific 120-day cycle starting from the east_northeast Kharif anchor.,,https://www.kaggle.com/datasets/arjunyadav99/indian-agriculture-crop-production-and-yield,https://en.wikipedia.org/wiki/Kharif_crop
Chhattisgarh,Onion,Rabi,east_northeast,onion,crop_cycle_estimate,10,30,0,3,28,1,150,2010,2010-10-30,2011-03-28,2,1,state_zone+crop+season,v1.0,decided_project_convention,Crop-specific 150-day cycle starting from the east_northeast Rabi anchor.,,https://www.kaggle.com/datasets/arjunyadav99/indian-agriculture-crop-production-and-yield,https://en.wikipedia.org/wiki/Rabi_crop
Chhattisgarh,Onion,Summer,east_northeast,onion,crop_cycle_estimate,2,15,1,7,14,1,150,2010,2011-02-15,2011-07-14,2,1,state_zone+crop+season,v1.0,decided_project_convention,Crop-specific 150-day cycle starting from the east_northeast Summer anchor.,,https://www.kaggle.com/datasets/arjunyadav99/indian-agriculture-crop-production-and-yield,https://en.wikipedia.org/wiki/Zaid_crop
Chhattisgarh,Onion,Whole Year,east_northeast,onion,annual_reporting_window,7,1,0,6,30,1,365,2010,2010-07-01,2011-06-30,530,26,state_zone+crop+season,v1.0,decided_project_convention,Whole Year mapped to the complete July-June crop-year reporting cycle.,Annual reporting window; do not calculate planting/harvest flags.,https://www.kaggle.com/datasets/arjunyadav99/indian-agriculture-crop-production-and-yield,"Project convention based on the recorded Indian crop-season label; Autumn and Winter are treated as crop reporting seasons, not literal meteorological seasons."
Chhattisgarh,Other Kharif pulses,Kharif,east_northeast,aggregate_kharif_pulses,aggregate_reporting_window,5,15,0,11,30,0,200,2010,2010-05-15,2010-11-30,536,27,state_zone+crop+season,v1.0,decided_project_convention,Aggregate crop category mapped to the complete reporting-season window.,Aggregate crop category; uses the full reporting-season window.,https://www.kaggle.com/datasets/arjunyadav99/indian-agriculture-crop-production-and-yield,https://en.wikipedia.org/wiki/Kharif_crop
Chhattisgarh,Other Rabi pulses,Rabi,east_northeast,aggregate_rabi_pulses,aggregate_reporting_window,10,15,0,4,30,1,198,2010,2010-10-15,2011-04-30,438,27,state_zone+crop+season,v1.0,decided_project_convention,Aggregate crop category mapped to the complete reporting-season window.,Aggregate crop category; uses the full reporting-season window.,https://www.kaggle.com/datasets/arjunyadav99/indian-agriculture-crop-production-and-yield,https://en.wikipedia.org/wiki/Rabi_crop
Chhattisgarh,Papaya,Whole Year,east_northeast,fruit_perennial,annual_reporting_window,7,1,0,6,30,1,365,2010,2010-07-01,2011-06-30,15,8,state_zone+crop+season,v1.0,decided_project_convention,Whole Year mapped to the complete July-June crop-year reporting cycle.,Annual reporting window; do not calculate planting/harvest flags.,https://www.kaggle.com/datasets/arjunyadav99/indian-agriculture-crop-production-and-yield,"Project convention based on the recorded Indian crop-season label; Autumn and Winter are treated as crop reporting seasons, not literal meteorological seasons."
Chhattisgarh,Peas & beans (Pulses),Rabi,east_northeast,other_pulse,crop_cycle_estimate,10,15,0,2,11,1,120,2010,2010-10-15,2011-02-11,536,25,state_zone+crop+season,v1.0,decided_project_convention,Crop-specific 120-day cycle starting from the east_northeast Rabi anchor.,,https://www.kaggle.com/datasets/arjunyadav99/indian-agriculture-crop-production-and-yield,https://en.wikipedia.org/wiki/Rabi_crop
Chhattisgarh,Potato,Kharif,east_northeast,potato,crop_cycle_estimate,5,15,0,9,11,0,120,2010,2010-05-15,2010-09-11,138,16,state_zone+crop+season,v1.0,decided_project_convention,Crop-specific 120-day cycle starting from the east_northeast Kharif anchor.,,https://www.kaggle.com/datasets/arjunyadav99/indian-agriculture-crop-production-and-yield,https://en.wikipedia.org/wiki/Kharif_crop
Chhattisgarh,Potato,Rabi,east_northeast,potato,crop_cycle_estimate,10,30,0,2,26,1,120,2010,2010-10-30,2011-02-26,276,24,state_zone+crop+season,v1.0,decided_project_convention,Crop-specific 120-day cycle starting from the east_northeast Rabi anchor.,,https://www.kaggle.com/datasets/arjunyadav99/indian-agriculture-crop-production-and-yield,https://en.wikipedia.org/wiki/Rabi_crop
Chhattisgarh,Potato,Whole Year,east_northeast,potato,annual_reporting_window,7,1,0,6,30,1,365,2010,2010-07-01,2011-06-30,256,17,state_zone+crop+season,v1.0,decided_project_convention,Whole Year mapped to the complete July-June crop-year reporting cycle.,Annual reporting window; do not calculate planting/harvest flags.,https://www.kaggle.com/datasets/arjunyadav99/indian-agriculture-crop-production-and-yield,"Project convention based on the recorded Indian crop-season label; Autumn and Winter are treated as crop reporting seasons, not literal meteorological seasons."
Chhattisgarh,Ragi,Kharif,east_northeast,finger_millet,crop_cycle_estimate,5,15,0,9,11,0,120,2010,2010-05-15,2010-09-11,342,20,state_zone+crop+season,v1.0,decided_project_convention,Crop-specific 120-day cycle starting from the east_northeast Kharif anchor.,,https://www.kaggle.com/datasets/arjunyadav99/indian-agriculture-crop-production-and-yield,https://en.wikipedia.org/wiki/Kharif_crop
Chhattisgarh,Rapeseed &Mustard,Rabi,east_northeast,rapeseed_mustard,crop_cycle_estimate,10,30,0,3,18,1,140,2010,2010-10-30,2011-03-18,584,27,state_zone+crop+season,v1.0,decided_project_convention,Crop-specific 140-day cycle starting from the east_northeast Rabi anchor.,,https://www.kaggle.com/datasets/arjunyadav99/indian-agriculture-crop-production-and-yield,https://en.wikipedia.org/wiki/Rabi_crop
Chhattisgarh,Rice,Kharif,east_northeast,rice,crop_cycle_estimate,5,15,0,10,11,0,150,2010,2010-05-15,2010-10-11,584,27,state_zone+crop+season,v1.0,decided_project_convention,Crop-specific 150-day cycle starting from the east_northeast Kharif anchor.,,https://www.kaggle.com/datasets/arjunyadav99/indian-agriculture-crop-production-and-yield,https://en.wikipedia.org/wiki/Kharif_crop
Chhattisgarh,Safflower,Rabi,east_northeast,safflower,crop_cycle_estimate,10,15,0,3,13,1,150,2010,2010-10-15,2011-03-13,270,16,state_zone+crop+season,v1.0,decided_project_convention,Crop-specific 150-day cycle starting from the east_northeast Rabi anchor.,,https://www.kaggle.com/datasets/arjunyadav99/indian-agriculture-crop-production-and-yield,https://en.wikipedia.org/wiki/Rabi_crop
Chhattisgarh,Sannhamp,Kharif,east_northeast,other_fibre,crop_cycle_estimate,4,15,0,8,22,0,130,2010,2010-04-15,2010-08-22,76,20,state_zone+crop+season,v1.0,decided_project_convention,Crop-specific 130-day cycle starting from the east_northeast Kharif anchor.,,https://www.kaggle.com/datasets/arjunyadav99/indian-agriculture-crop-production-and-yield,https://en.wikipedia.org/wiki/Kharif_crop
Chhattisgarh,Sannhamp,Whole Year,east_northeast,other_fibre,annual_reporting_window,7,1,0,6,30,1,365,2010,2010-07-01,2011-06-30,424,26,state_zone+crop+season,v1.0,decided_project_convention,Whole Year mapped to the complete July-June crop-year reporting cycle.,Annual reporting window; do not calculate planting/harvest flags.,https://www.kaggle.com/datasets/arjunyadav99/indian-agriculture-crop-production-and-yield,"Project convention based on the recorded Indian crop-season label; Autumn and Winter are treated as crop reporting seasons, not literal meteorological seasons."
Chhattisgarh,Sesamum,Kharif,east_northeast,sesame,crop_cycle_estimate,5,15,0,8,22,0,100,2010,2010-05-15,2010-08-22,584,27,state_zone+crop+season,v1.0,decided_project_convention,Crop-specific 100-day cycle starting from the east_northeast Kharif anchor.,,https://www.kaggle.com/datasets/arjunyadav99/indian-agriculture-crop-production-and-yield,https://en.wikipedia.org/wiki/Kharif_crop
Chhattisgarh,Small millets,Kharif,east_northeast,minor_cereal,crop_cycle_estimate,5,15,0,8,27,0,105,2010,2010-05-15,2010-08-27,588,27,state_zone+crop+season,v1.0,decided_project_convention,Crop-specific 105-day cycle starting from the east_northeast Kharif anchor.,,https://www.kaggle.com/datasets/arjunyadav99/indian-agriculture-crop-production-and-yield,https://en.wikipedia.org/wiki/Kharif_crop
Chhattisgarh,Soyabean,Kharif,east_northeast,soybean,crop_cycle_estimate,5,15,0,9,1,0,110,2010,2010-05-15,2010-09-01,474,26,state_zone+crop+season,v1.0,decided_project_convention,Crop-specific 110-day cycle starting from the east_northeast Kharif anchor.,,https://www.kaggle.com/datasets/arjunyadav99/indian-agriculture-crop-production-and-yield,https://en.wikipedia.org/wiki/Kharif_crop
Chhattisgarh,Sugarcane,Kharif,east_northeast,sugarcane,crop_cycle_estimate,5,15,0,5,14,1,365,2010,2010-05-15,2011-05-14,2,1,state_zone+crop+season,v1.0,decided_project_convention,Crop-specific 365-day cycle starting from the east_northeast Kharif anchor.,,https://www.kaggle.com/datasets/arjunyadav99/indian-agriculture-crop-production-and-yield,https://en.wikipedia.org/wiki/Kharif_crop
Chhattisgarh,Sugarcane,Whole Year,east_northeast,sugarcane,annual_reporting_window,7,1,0,6,30,1,365,2010,2010-07-01,2011-06-30,518,27,state_zone+crop+season,v1.0,decided_project_convention,Whole Year mapped to the complete July-June crop-year reporting cycle.,Annual reporting window; do not calculate planting/harvest flags.,https://www.kaggle.com/datasets/arjunyadav99/indian-agriculture-crop-production-and-yield,"Project convention based on the recorded Indian crop-season label; Autumn and Winter are treated as crop reporting seasons, not literal meteorological seasons."
Chhattisgarh,Sunflower,Kharif,east_northeast,sunflower,crop_cycle_estimate,5,15,0,9,1,0,110,2010,2010-05-15,2010-09-01,422,24,state_zone+crop+season,v1.0,decided_project_convention,Crop-specific 110-day cycle starting from the east_northeast Kharif anchor.,,https://www.kaggle.com/datasets/arjunyadav99/indian-agriculture-crop-production-and-yield,https://en.wikipedia.org/wiki/Kharif_crop
Chhattisgarh,Sunflower,Summer,east_northeast,sunflower,crop_cycle_estimate,2,15,1,6,4,1,110,2010,2011-02-15,2011-06-04,2,1,state_zone+crop+season,v1.0,decided_project_convention,Crop-specific 110-day cycle starting from the east_northeast Summer anchor.,,https://www.kaggle.com/datasets/arjunyadav99/indian-agriculture-crop-production-and-yield,https://en.wikipedia.org/wiki/Zaid_crop
Chhattisgarh,Sweet potato,Whole Year,east_northeast,sweet_potato,annual_reporting_window,7,1,0,6,30,1,365,2010,2010-07-01,2011-06-30,572,27,state_zone+crop+season,v1.0,decided_project_convention,Whole Year mapped to the complete July-June crop-year reporting cycle.,Annual reporting window; do not calculate planting/harvest flags.,https://www.kaggle.com/datasets/arjunyadav99/indian-agriculture-crop-production-and-yield,"Project convention based on the recorded Indian crop-season label; Autumn and Winter are treated as crop reporting seasons, not literal meteorological seasons."
Chhattisgarh,Tobacco,Whole Year,east_northeast,tobacco,annual_reporting_window,7,1,0,6,30,1,365,2010,2010-07-01,2011-06-30,112,8,state_zone+crop+season,v1.0,decided_project_convention,Whole Year mapped to the complete July-June crop-year reporting cycle.,Annual reporting window; do not calculate planting/harvest flags.,https://www.kaggle.com/datasets/arjunyadav99/indian-agriculture-crop-production-and-yield,"Project convention based on the recorded Indian crop-season label; Autumn and Winter are treated as crop reporting seasons, not literal meteorological seasons."
Chhattisgarh,Turmeric,Whole Year,east_northeast,turmeric,annual_reporting_window,7,1,0,6,30,1,365,2010,2010-07-01,2011-06-30,512,26,state_zone+crop+season,v1.0,decided_project_convention,Whole Year mapped to the complete July-June crop-year reporting cycle.,Annual reporting window; do not calculate planting/harvest flags.,https://www.kaggle.com/datasets/arjunyadav99/indian-agriculture-crop-production-and-yield,"Project convention based on the recorded Indian crop-season label; Autumn and Winter are treated as crop reporting seasons, not literal meteorological seasons."
Chhattisgarh,Urad,Kharif,east_northeast,black_gram,crop_cycle_estimate,5,15,0,8,17,0,95,2010,2010-05-15,2010-08-17,584,27,state_zone+crop+season,v1.0,decided_project_convention,Crop-specific 95-day cycle starting from the east_northeast Kharif anchor.,,https://www.kaggle.com/datasets/arjunyadav99/indian-agriculture-crop-production-and-yield,https://en.wikipedia.org/wiki/Kharif_crop
Chhattisgarh,Urad,Rabi,east_northeast,black_gram,crop_cycle_estimate,10,15,0,1,17,1,95,2010,2010-10-15,2011-01-17,420,20,state_zone+crop+season,v1.0,decided_project_convention,Crop-specific 95-day cycle starting from the east_northeast Rabi anchor.,,https://www.kaggle.com/datasets/arjunyadav99/indian-agriculture-crop-production-and-yield,https://en.wikipedia.org/wiki/Rabi_crop
Chhattisgarh,Wheat,Rabi,east_northeast,wheat,crop_cycle_estimate,10,30,0,3,28,1,150,2010,2010-10-30,2011-03-28,564,27,state_zone+crop+season,v1.0,decided_project_convention,Crop-specific 150-day cycle starting from the east_northeast Rabi anchor.,,https://www.kaggle.com/datasets/arjunyadav99/indian-agriculture-crop-production-and-yield,https://en.wikipedia.org/wiki/Rabi_crop
Chhattisgarh,other misc. pulses,Rabi,east_northeast,other_pulse,crop_cycle_estimate,10,15,0,2,11,1,120,2010,2010-10-15,2011-02-11,1,1,state_zone+crop+season,v1.0,decided_project_convention,Crop-specific 120-day cycle starting from the east_northeast Rabi anchor.,,https://www.kaggle.com/datasets/arjunyadav99/indian-agriculture-crop-production-and-yield,https://en.wikipedia.org/wiki/Rabi_crop
Dadra and Nagar Haveli,Arhar/Tur,Kharif,central_west,pigeon_pea,crop_cycle_estimate,5,17,0,12,2,0,200,2010,2010-05-17,2010-12-02,30,1,state_zone+crop+season,v1.0,decided_project_convention,Crop-specific 200-day cycle starting from the central_west Kharif anchor.,,https://www.kaggle.com/datasets/arjunyadav99/indian-agriculture-crop-production-and-yield,https://en.wikipedia.org/wiki/Kharif_crop
Dadra and Nagar Haveli,Arhar/Tur,Winter,central_west,pigeon_pea,crop_cycle_estimate,10,15,0,4,12,1,180,2010,2010-10-15,2011-04-12,6,1,state_zone+crop+season,v1.0,decided_project_convention,Crop-specific 180-day cycle starting from the central_west Winter anchor.,,https://www.kaggle.com/datasets/arjunyadav99/indian-agriculture-crop-production-and-yield,"Project convention based on the recorded Indian crop-season label; Autumn and Winter are treated as crop reporting seasons, not literal meteorological seasons."
Dadra and Nagar Haveli,Banana,Kharif,central_west,fruit_perennial,seasonal_reporting_window,6,1,0,11,30,0,183,2010,2010-06-01,2010-11-30,14,1,state_zone+crop+season,v1.0,decided_project_convention,Perennial or plantation crop mapped to its recorded reporting season.,Seasonal reporting window for a perennial/plantation crop; not its full biological life cycle.,https://www.kaggle.com/datasets/arjunyadav99/indian-agriculture-crop-production-and-yield,https://en.wikipedia.org/wiki/Kharif_crop
Dadra and Nagar Haveli,Banana,Rabi,central_west,fruit_perennial,seasonal_reporting_window,10,15,0,4,30,1,198,2010,2010-10-15,2011-04-30,2,1,state_zone+crop+season,v1.0,decided_project_convention,Perennial or plantation crop mapped to its recorded reporting season.,Seasonal reporting window for a perennial/plantation crop; not its full biological life cycle.,https://www.kaggle.com/datasets/arjunyadav99/indian-agriculture-crop-production-and-yield,https://en.wikipedia.org/wiki/Rabi_crop
Dadra and Nagar Haveli,Banana,Winter,central_west,fruit_perennial,seasonal_reporting_window,10,15,0,1,31,1,109,2010,2010-10-15,2011-01-31,2,1,state_zone+crop+season,v1.0,decided_project_convention,Perennial or plantation crop mapped to its recorded reporting season.,Seasonal reporting window for a perennial/plantation crop; not its full biological life cycle.,https://www.kaggle.com/datasets/arjunyadav99/indian-agriculture-crop-production-and-yield,"Project convention based on the recorded Indian crop-season label; Autumn and Winter are treated as crop reporting seasons, not literal meteorological seasons."
Dadra and Nagar Haveli,Coconut,Kharif,central_west,coconut,seasonal_reporting_window,6,1,0,11,30,0,183,2010,2010-06-01,2010-11-30,18,1,state_zone+crop+season,v1.0,decided_project_convention,Perennial or plantation crop mapped to its recorded reporting season.,Seasonal reporting window for a perennial/plantation crop; not its full biological life cycle.,https://www.kaggle.com/datasets/arjunyadav99/indian-agriculture-crop-production-and-yield,https://en.wikipedia.org/wiki/Kharif_crop
Dadra and Nagar Haveli,Coriander,Winter,central_west,coriander,crop_cycle_estimate,10,15,0,2,11,1,120,2010,2010-10-15,2011-02-11,2,1,state_zone+crop+season,v1.0,decided_project_convention,Crop-specific 120-day cycle starting from the central_west Winter anchor.,,https://www.kaggle.com/datasets/arjunyadav99/indian-agriculture-crop-production-and-yield,"Project convention based on the recorded Indian crop-season label; Autumn and Winter are treated as crop reporting seasons, not literal meteorological seasons."
Dadra and Nagar Haveli,Gram,Rabi,central_west,chickpea,crop_cycle_estimate,10,30,0,3,8,1,130,2010,2010-10-30,2011-03-08,2,1,state_zone+crop+season,v1.0,decided_project_convention,Crop-specific 130-day cycle starting from the central_west Rabi anchor.,,https://www.kaggle.com/datasets/arjunyadav99/indian-agriculture-crop-production-and-yield,https://en.wikipedia.org/wiki/Rabi_crop
Dadra and Nagar Haveli,Gram,Winter,central_west,chickpea,crop_cycle_estimate,10,15,0,2,21,1,130,2010,2010-10-15,2011-02-21,30,1,state_zone+crop+season,v1.0,decided_project_convention,Crop-specific 130-day cycle starting from the central_west Winter anchor.,,https://www.kaggle.com/datasets/arjunyadav99/indian-agriculture-crop-production-and-yield,"Project convention based on the recorded Indian crop-season label; Autumn and Winter are treated as crop reporting seasons, not literal meteorological seasons."
Dadra and Nagar Haveli,Groundnut,Kharif,central_west,groundnut,crop_cycle_estimate,6,1,0,9,28,0,120,2010,2010-06-01,2010-09-28,18,1,state_zone+crop+season,v1.0,decided_project_convention,Crop-specific 120-day cycle starting from the central_west Kharif anchor.,,https://www.kaggle.com/datasets/arjunyadav99/indian-agriculture-crop-production-and-yield,https://en.wikipedia.org/wiki/Kharif_crop
Dadra and Nagar Haveli,Jowar,Kharif,central_west,sorghum,crop_cycle_estimate,6,1,0,9,28,0,120,2010,2010-06-01,2010-09-28,34,1,state_zone+crop+season,v1.0,decided_project_convention,Crop-specific 120-day cycle starting from the central_west Kharif anchor.,,https://www.kaggle.com/datasets/arjunyadav99/indian-agriculture-crop-production-and-yield,https://en.wikipedia.org/wiki/Kharif_crop
Dadra and Nagar Haveli,Maize,Kharif,central_west,maize,crop_cycle_estimate,6,1,0,9,28,0,120,2010,2010-06-01,2010-09-28,22,1,state_zone+crop+season,v1.0,decided_project_convention,Crop-specific 120-day cycle starting from the central_west Kharif anchor.,,https://www.kaggle.com/datasets/arjunyadav99/indian-agriculture-crop-production-and-yield,https://en.wikipedia.org/wiki/Kharif_crop
Dadra and Nagar Haveli,Maize,Rabi,central_west,maize,crop_cycle_estimate,10,15,0,2,11,1,120,2010,2010-10-15,2011-02-11,4,1,state_zone+crop+season,v1.0,decided_project_convention,Crop-specific 120-day cycle starting from the central_west Rabi anchor.,,https://www.kaggle.com/datasets/arjunyadav99/indian-agriculture-crop-production-and-yield,https://en.wikipedia.org/wiki/Rabi_crop
Dadra and Nagar Haveli,Maize,Winter,central_west,maize,crop_cycle_estimate,10,15,0,2,11,1,120,2010,2010-10-15,2011-02-11,8,1,state_zone+crop+season,v1.0,decided_project_convention,Crop-specific 120-day cycle starting from the central_west Winter anchor.,,https://www.kaggle.com/datasets/arjunyadav99/indian-agriculture-crop-production-and-yield,"Project convention based on the recorded Indian crop-season label; Autumn and Winter are treated as crop reporting seasons, not literal meteorological seasons."
Dadra and Nagar Haveli,Niger seed,Kharif,central_west,niger,crop_cycle_estimate,6,1,0,9,28,0,120,2010,2010-06-01,2010-09-28,24,1,state_zone+crop+season,v1.0,decided_project_convention,Crop-specific 120-day cycle starting from the central_west Kharif anchor.,,https://www.kaggle.com/datasets/arjunyadav99/indian-agriculture-crop-production-and-yield,https://en.wikipedia.org/wiki/Kharif_crop
Dadra and Nagar Haveli,Niger seed,Winter,central_west,niger,crop_cycle_estimate,10,15,0,2,11,1,120,2010,2010-10-15,2011-02-11,10,1,state_zone+crop+season,v1.0,decided_project_convention,Crop-specific 120-day cycle starting from the central_west Winter anchor.,,https://www.kaggle.com/datasets/arjunyadav99/indian-agriculture-crop-production-and-yield,"Project convention based on the recorded Indian crop-season label; Autumn and Winter are treated as crop reporting seasons, not literal meteorological seasons."
Dadra and Nagar Haveli,Other Kharif pulses,Kharif,central_west,aggregate_kharif_pulses,aggregate_reporting_window,6,1,0,11,30,0,183,2010,2010-06-01,2010-11-30,16,1,state_zone+crop+season,v1.0,decided_project_convention,Aggregate crop category mapped to the complete reporting-season window.,Aggregate crop category; uses the full reporting-season window.,https://www.kaggle.com/datasets/arjunyadav99/indian-agriculture-crop-production-and-yield,https://en.wikipedia.org/wiki/Kharif_crop
Dadra and Nagar Haveli,Other Rabi pulses,Rabi,central_west,aggregate_rabi_pulses,aggregate_reporting_window,10,15,0,4,30,1,198,2010,2010-10-15,2011-04-30,30,1,state_zone+crop+season,v1.0,decided_project_convention,Aggregate crop category mapped to the complete reporting-season window.,Aggregate crop category; uses the full reporting-season window.,https://www.kaggle.com/datasets/arjunyadav99/indian-agriculture-crop-production-and-yield,https://en.wikipedia.org/wiki/Rabi_crop
Dadra and Nagar Haveli,Ragi,Kharif,central_west,finger_millet,crop_cycle_estimate,6,1,0,9,28,0,120,2010,2010-06-01,2010-09-28,34,1,state_zone+crop+season,v1.0,decided_project_convention,Crop-specific 120-day cycle starting from the central_west Kharif anchor.,,https://www.kaggle.com/datasets/arjunyadav99/indian-agriculture-crop-production-and-yield,https://en.wikipedia.org/wiki/Kharif_crop
Dadra and Nagar Haveli,Rapeseed &Mustard,Winter,central_west,rapeseed_mustard,crop_cycle_estimate,10,15,0,3,3,1,140,2010,2010-10-15,2011-03-03,10,1,state_zone+crop+season,v1.0,decided_project_convention,Crop-specific 140-day cycle starting from the central_west Winter anchor.,,https://www.kaggle.com/datasets/arjunyadav99/indian-agriculture-crop-production-and-yield,"Project convention based on the recorded Indian crop-season label; Autumn and Winter are treated as crop reporting seasons, not literal meteorological seasons."
Dadra and Nagar Haveli,Rice,Kharif,central_west,rice,crop_cycle_estimate,6,1,0,10,28,0,150,2010,2010-06-01,2010-10-28,34,1,state_zone+crop+season,v1.0,decided_project_convention,Crop-specific 150-day cycle starting from the central_west Kharif anchor.,,https://www.kaggle.com/datasets/arjunyadav99/indian-agriculture-crop-production-and-yield,https://en.wikipedia.org/wiki/Kharif_crop
Dadra and Nagar Haveli,Rice,Rabi,central_west,rice,crop_cycle_estimate,10,15,0,3,13,1,150,2010,2010-10-15,2011-03-13,28,1,state_zone+crop+season,v1.0,decided_project_convention,Crop-specific 150-day cycle starting from the central_west Rabi anchor.,,https://www.kaggle.com/datasets/arjunyadav99/indian-agriculture-crop-production-and-yield,https://en.wikipedia.org/wiki/Rabi_crop
Dadra and Nagar Haveli,Sannhamp,Kharif,central_west,other_fibre,crop_cycle_estimate,5,2,0,9,8,0,130,2010,2010-05-02,2010-09-08,20,1,state_zone+crop+season,v1.0,decided_project_convention,Crop-specific 130-day cycle starting from the central_west Kharif anchor.,,https://www.kaggle.com/datasets/arjunyadav99/indian-agriculture-crop-production-and-yield,https://en.wikipedia.org/wiki/Kharif_crop
Dadra and Nagar Haveli,Sannhamp,Winter,central_west,other_fibre,crop_cycle_estimate,10,15,0,2,21,1,130,2010,2010-10-15,2011-02-21,6,1,state_zone+crop+season,v1.0,decided_project_convention,Crop-specific 130-day cycle starting from the central_west Winter anchor.,,https://www.kaggle.com/datasets/arjunyadav99/indian-agriculture-crop-production-and-yield,"Project convention based on the recorded Indian crop-season label; Autumn and Winter are treated as crop reporting seasons, not literal meteorological seasons."
Dadra and Nagar Haveli,Sesamum,Winter,central_west,sesame,crop_cycle_estimate,10,15,0,1,22,1,100,2010,2010-10-15,2011-01-22,12,1,state_zone+crop+season,v1.0,decided_project_convention,Crop-specific 100-day cycle starting from the central_west Winter anchor.,,https://www.kaggle.com/datasets/arjunyadav99/indian-agriculture-crop-production-and-yield,"Project convention based on the recorded Indian crop-season label; Autumn and Winter are treated as crop reporting seasons, not literal meteorological seasons."
Dadra and Nagar Haveli,Small millets,Kharif,central_west,minor_cereal,crop_cycle_estimate,6,1,0,9,13,0,105,2010,2010-06-01,2010-09-13,34,1,state_zone+crop+season,v1.0,decided_project_convention,Crop-specific 105-day cycle starting from the central_west Kharif anchor.,,https://www.kaggle.com/datasets/arjunyadav99/indian-agriculture-crop-production-and-yield,https://en.wikipedia.org/wiki/Kharif_crop
Dadra and Nagar Haveli,Sugarcane,Winter,central_west,sugarcane,crop_cycle_estimate,10,15,0,10,14,1,365,2010,2010-10-15,2011-10-14,24,1,state_zone+crop+season,v1.0,decided_project_convention,Crop-specific 365-day cycle starting from the central_west Winter anchor.,,https://www.kaggle.com/datasets/arjunyadav99/indian-agriculture-crop-production-and-yield,"Project convention based on the recorded Indian crop-season label; Autumn and Winter are treated as crop reporting seasons, not literal meteorological seasons."
Dadra and Nagar Haveli,Sunflower,Winter,central_west,sunflower,crop_cycle_estimate,10,15,0,2,1,1,110,2010,2010-10-15,2011-02-01,4,1,state_zone+crop+season,v1.0,decided_project_convention,Crop-specific 110-day cycle starting from the central_west Winter anchor.,,https://www.kaggle.com/datasets/arjunyadav99/indian-agriculture-crop-production-and-yield,"Project convention based on the recorded Indian crop-season label; Autumn and Winter are treated as crop reporting seasons, not literal meteorological seasons."
Dadra and Nagar Haveli,Urad,Kharif,central_west,black_gram,crop_cycle_estimate,6,1,0,9,3,0,95,2010,2010-06-01,2010-09-03,14,1,state_zone+crop+season,v1.0,decided_project_convention,Crop-specific 95-day cycle starting from the central_west Kharif anchor.,,https://www.kaggle.com/datasets/arjunyadav99/indian-agriculture-crop-production-and-yield,https://en.wikipedia.org/wiki/Kharif_crop
Dadra and Nagar Haveli,Wheat,Winter,central_west,wheat,crop_cycle_estimate,10,15,0,3,13,1,150,2010,2010-10-15,2011-03-13,34,1,state_zone+crop+season,v1.0,decided_project_convention,Crop-specific 150-day cycle starting from the central_west Winter anchor.,,https://www.kaggle.com/datasets/arjunyadav99/indian-agriculture-crop-production-and-yield,"Project convention based on the recorded Indian crop-season label; Autumn and Winter are treated as crop reporting seasons, not literal meteorological seasons."
Daman and Diu,Bajra,Kharif,central_west,pearl_millet,crop_cycle_estimate,6,1,0,9,8,0,100,2010,2010-06-01,2010-09-08,17,2,state_zone+crop+season,v1.0,decided_project_convention,Crop-specific 100-day cycle starting from the central_west Kharif anchor.,,https://www.kaggle.com/datasets/arjunyadav99/indian-agriculture-crop-production-and-yield,https://en.wikipedia.org/wiki/Kharif_crop
Daman and Diu,Rice,Kharif,central_west,rice,crop_cycle_estimate,6,1,0,10,28,0,150,2010,2010-06-01,2010-10-28,17,2,state_zone+crop+season,v1.0,decided_project_convention,Crop-specific 150-day cycle starting from the central_west Kharif anchor.,,https://www.kaggle.com/datasets/arjunyadav99/indian-agriculture-crop-production-and-yield,https://en.wikipedia.org/wiki/Kharif_crop
Delhi,Arhar/Tur,Kharif,north_northwest,pigeon_pea,crop_cycle_estimate,5,31,0,12,16,0,200,2010,2010-05-31,2010-12-16,4,1,state_zone+crop+season,v1.0,decided_project_convention,Crop-specific 200-day cycle starting from the north_northwest Kharif anchor.,,https://www.kaggle.com/datasets/arjunyadav99/indian-agriculture-crop-production-and-yield,https://en.wikipedia.org/wiki/Kharif_crop
Delhi,Bajra,Kharif,north_northwest,pearl_millet,crop_cycle_estimate,6,15,0,9,22,0,100,2010,2010-06-15,2010-09-22,17,2,state_zone+crop+season,v1.0,decided_project_convention,Crop-specific 100-day cycle starting from the north_northwest Kharif anchor.,,https://www.kaggle.com/datasets/arjunyadav99/indian-agriculture-crop-production-and-yield,https://en.wikipedia.org/wiki/Kharif_crop
Delhi,Barley,Kharif,north_northwest,barley,crop_cycle_estimate,6,15,0,10,22,0,130,2010,2010-06-15,2010-10-22,17,2,state_zone+crop+season,v1.0,decided_project_convention,Crop-specific 130-day cycle starting from the north_northwest Kharif anchor.,,https://www.kaggle.com/datasets/arjunyadav99/indian-agriculture-crop-production-and-yield,https://en.wikipedia.org/wiki/Kharif_crop
Delhi,Cotton(lint),Kharif,north_northwest,cotton,crop_cycle_estimate,5,31,0,12,26,0,210,2010,2010-05-31,2010-12-26,5,1,state_zone+crop+season,v1.0,decided_project_convention,Crop-specific 210-day cycle starting from the north_northwest Kharif anchor.,,https://www.kaggle.com/datasets/arjunyadav99/indian-agriculture-crop-production-and-yield,https://en.wikipedia.org/wiki/Kharif_crop
Delhi,Gram,Rabi,north_northwest,chickpea,crop_cycle_estimate,10,30,0,3,8,1,130,2010,2010-10-30,2011-03-08,17,2,state_zone+crop+season,v1.0,decided_project_convention,Crop-specific 130-day cycle starting from the north_northwest Rabi anchor.,,https://www.kaggle.com/datasets/arjunyadav99/indian-agriculture-crop-production-and-yield,https://en.wikipedia.org/wiki/Rabi_crop
Delhi,Jowar,Kharif,north_northwest,sorghum,crop_cycle_estimate,6,15,0,10,12,0,120,2010,2010-06-15,2010-10-12,17,2,state_zone+crop+season,v1.0,decided_project_convention,Crop-specific 120-day cycle starting from the north_northwest Kharif anchor.,,https://www.kaggle.com/datasets/arjunyadav99/indian-agriculture-crop-production-and-yield,https://en.wikipedia.org/wiki/Kharif_crop
Delhi,Maize,Kharif,north_northwest,maize,crop_cycle_estimate,6,15,0,10,12,0,120,2010,2010-06-15,2010-10-12,17,2,state_zone+crop+season,v1.0,decided_project_convention,Crop-specific 120-day cycle starting from the north_northwest Kharif anchor.,,https://www.kaggle.com/datasets/arjunyadav99/indian-agriculture-crop-production-and-yield,https://en.wikipedia.org/wiki/Kharif_crop
Delhi,Other Kharif pulses,Kharif,north_northwest,aggregate_kharif_pulses,aggregate_reporting_window,6,15,0,11,30,0,169,2010,2010-06-15,2010-11-30,7,1,state_zone+crop+season,v1.0,decided_project_convention,Aggregate crop category mapped to the complete reporting-season window.,Aggregate crop category; uses the full reporting-season window.,https://www.kaggle.com/datasets/arjunyadav99/indian-agriculture-crop-production-and-yield,https://en.wikipedia.org/wiki/Kharif_crop
Delhi,Potato,Whole Year,north_northwest,potato,annual_reporting_window,7,1,0,6,30,1,365,2010,2010-07-01,2011-06-30,16,2,state_zone+crop+season,v1.0,decided_project_convention,Whole Year mapped to the complete July-June crop-year reporting cycle.,Annual reporting window; do not calculate planting/harvest flags.,https://www.kaggle.com/datasets/arjunyadav99/indian-agriculture-crop-production-and-yield,"Project convention based on the recorded Indian crop-season label; Autumn and Winter are treated as crop reporting seasons, not literal meteorological seasons."
Delhi,Rice,Kharif,north_northwest,rice,crop_cycle_estimate,6,15,0,11,11,0,150,2010,2010-06-15,2010-11-11,17,2,state_zone+crop+season,v1.0,decided_project_convention,Crop-specific 150-day cycle starting from the north_northwest Kharif anchor.,,https://www.kaggle.com/datasets/arjunyadav99/indian-agriculture-crop-production-and-yield,https://en.wikipedia.org/wiki/Kharif_crop
Delhi,Sugarcane,Whole Year,north_northwest,sugarcane,annual_reporting_window,7,1,0,6,30,1,365,2010,2010-07-01,2011-06-30,16,2,state_zone+crop+season,v1.0,decided_project_convention,Whole Year mapped to the complete July-June crop-year reporting cycle.,Annual reporting window; do not calculate planting/harvest flags.,https://www.kaggle.com/datasets/arjunyadav99/indian-agriculture-crop-production-and-yield,"Project convention based on the recorded Indian crop-season label; Autumn and Winter are treated as crop reporting seasons, not literal meteorological seasons."
Delhi,Wheat,Rabi,north_northwest,wheat,crop_cycle_estimate,10,30,0,3,28,1,150,2010,2010-10-30,2011-03-28,17,2,state_zone+crop+season,v1.0,decided_project_convention,Crop-specific 150-day cycle starting from the north_northwest Rabi anchor.,,https://www.kaggle.com/datasets/arjunyadav99/indian-agriculture-crop-production-and-yield,https://en.wikipedia.org/wiki/Rabi_crop
Goa,Arecanut,Whole Year,south_coastal,arecanut,annual_reporting_window,7,1,0,6,30,1,365,2010,2010-07-01,2011-06-30,14,3,state_zone+crop+season,v1.0,decided_project_convention,Whole Year mapped to the complete July-June crop-year reporting cycle.,Annual reporting window; do not calculate planting/harvest flags.,https://www.kaggle.com/datasets/arjunyadav99/indian-agriculture-crop-production-and-yield,"Project convention based on the recorded Indian crop-season label; Autumn and Winter are treated as crop reporting seasons, not literal meteorological seasons."
Goa,Banana,Whole Year,south_coastal,fruit_perennial,annual_reporting_window,7,1,0,6,30,1,365,2010,2010-07-01,2011-06-30,14,3,state_zone+crop+season,v1.0,decided_project_convention,Whole Year mapped to the complete July-June crop-year reporting cycle.,Annual reporting window; do not calculate planting/harvest flags.,https://www.kaggle.com/datasets/arjunyadav99/indian-agriculture-crop-production-and-yield,"Project convention based on the recorded Indian crop-season label; Autumn and Winter are treated as crop reporting seasons, not literal meteorological seasons."
Goa,Black pepper,Whole Year,south_coastal,black_pepper,annual_reporting_window,7,1,0,6,30,1,365,2010,2010-07-01,2011-06-30,30,3,state_zone+crop+season,v1.0,decided_project_convention,Whole Year mapped to the complete July-June crop-year reporting cycle.,Annual reporting window; do not calculate planting/harvest flags.,https://www.kaggle.com/datasets/arjunyadav99/indian-agriculture-crop-production-and-yield,"Project convention based on the recorded Indian crop-season label; Autumn and Winter are treated as crop reporting seasons, not literal meteorological seasons."
Goa,Cashewnut,Whole Year,south_coastal,cashew,annual_reporting_window,7,1,0,6,30,1,365,2010,2010-07-01,2011-06-30,30,3,state_zone+crop+season,v1.0,decided_project_convention,Whole Year mapped to the complete July-June crop-year reporting cycle.,Annual reporting window; do not calculate planting/harvest flags.,https://www.kaggle.com/datasets/arjunyadav99/indian-agriculture-crop-production-and-yield,"Project convention based on the recorded Indian crop-season label; Autumn and Winter are treated as crop reporting seasons, not literal meteorological seasons."
Goa,Coconut,Whole Year,south_coastal,coconut,annual_reporting_window,7,1,0,6,30,1,365,2010,2010-07-01,2011-06-30,30,3,state_zone+crop+season,v1.0,decided_project_convention,Whole Year mapped to the complete July-June crop-year reporting cycle.,Annual reporting window; do not calculate planting/harvest flags.,https://www.kaggle.com/datasets/arjunyadav99/indian-agriculture-crop-production-and-yield,"Project convention based on the recorded Indian crop-season label; Autumn and Winter are treated as crop reporting seasons, not literal meteorological seasons."
Goa,Groundnut,Kharif,south_coastal,groundnut,crop_cycle_estimate,5,15,0,9,11,0,120,2010,2010-05-15,2010-09-11,40,3,state_zone+crop+season,v1.0,decided_project_convention,Crop-specific 120-day cycle starting from the south_coastal Kharif anchor.,,https://www.kaggle.com/datasets/arjunyadav99/indian-agriculture-crop-production-and-yield,https://en.wikipedia.org/wiki/Kharif_crop
Goa,Groundnut,Rabi,south_coastal,groundnut,crop_cycle_estimate,10,1,0,1,28,1,120,2010,2010-10-01,2011-01-28,34,3,state_zone+crop+season,v1.0,decided_project_convention,Crop-specific 120-day cycle starting from the south_coastal Rabi anchor.,,https://www.kaggle.com/datasets/arjunyadav99/indian-agriculture-crop-production-and-yield,https://en.wikipedia.org/wiki/Rabi_crop
Goa,Maize,Kharif,south_coastal,maize,crop_cycle_estimate,5,15,0,9,11,0,120,2010,2010-05-15,2010-09-11,6,1,state_zone+crop+season,v1.0,decided_project_convention,Crop-specific 120-day cycle starting from the south_coastal Kharif anchor.,,https://www.kaggle.com/datasets/arjunyadav99/indian-agriculture-crop-production-and-yield,https://en.wikipedia.org/wiki/Kharif_crop
Goa,Mango,Whole Year,south_coastal,fruit_perennial,annual_reporting_window,7,1,0,6,30,1,365,2010,2010-07-01,2011-06-30,4,2,state_zone+crop+season,v1.0,decided_project_convention,Whole Year mapped to the complete July-June crop-year reporting cycle.,Annual reporting window; do not calculate planting/harvest flags.,https://www.kaggle.com/datasets/arjunyadav99/indian-agriculture-crop-production-and-yield,"Project convention based on the recorded Indian crop-season label; Autumn and Winter are treated as crop reporting seasons, not literal meteorological seasons."
Goa,Other Fresh Fruits,Whole Year,south_coastal,fruit_perennial,annual_reporting_window,7,1,0,6,30,1,365,2010,2010-07-01,2011-06-30,4,2,state_zone+crop+season,v1.0,decided_project_convention,Whole Year mapped to the complete July-June crop-year reporting cycle.,Annual reporting window; do not calculate planting/harvest flags.,https://www.kaggle.com/datasets/arjunyadav99/indian-agriculture-crop-production-and-yield,"Project convention based on the recorded Indian crop-season label; Autumn and Winter are treated as crop reporting seasons, not literal meteorological seasons."
Goa,Other Kharif pulses,Kharif,south_coastal,aggregate_kharif_pulses,aggregate_reporting_window,5,15,0,11,30,0,200,2010,2010-05-15,2010-11-30,38,3,state_zone+crop+season,v1.0,decided_project_convention,Aggregate crop category mapped to the complete reporting-season window.,Aggregate crop category; uses the full reporting-season window.,https://www.kaggle.com/datasets/arjunyadav99/indian-agriculture-crop-production-and-yield,https://en.wikipedia.org/wiki/Kharif_crop
Goa,Other Rabi pulses,Rabi,south_coastal,aggregate_rabi_pulses,aggregate_reporting_window,10,1,0,4,30,1,212,2010,2010-10-01,2011-04-30,38,3,state_zone+crop+season,v1.0,decided_project_convention,Aggregate crop category mapped to the complete reporting-season window.,Aggregate crop category; uses the full reporting-season window.,https://www.kaggle.com/datasets/arjunyadav99/indian-agriculture-crop-production-and-yield,https://en.wikipedia.org/wiki/Rabi_crop
Goa,Other Vegetables,Whole Year,south_coastal,vegetable,annual_reporting_window,7,1,0,6,30,1,365,2010,2010-07-01,2011-06-30,4,2,state_zone+crop+season,v1.0,decided_project_convention,Whole Year mapped to the complete July-June crop-year reporting cycle.,Annual reporting window; do not calculate planting/harvest flags.,https://www.kaggle.com/datasets/arjunyadav99/indian-agriculture-crop-production-and-yield,"Project convention based on the recorded Indian crop-season label; Autumn and Winter are treated as crop reporting seasons, not literal meteorological seasons."
Goa,Pineapple,Whole Year,south_coastal,fruit_perennial,annual_reporting_window,7,1,0,6,30,1,365,2010,2010-07-01,2011-06-30,4,2,state_zone+crop+season,v1.0,decided_project_convention,Whole Year mapped to the complete July-June crop-year reporting cycle.,Annual reporting window; do not calculate planting/harvest flags.,https://www.kaggle.com/datasets/arjunyadav99/indian-agriculture-crop-production-and-yield,"Project convention based on the recorded Indian crop-season label; Autumn and Winter are treated as crop reporting seasons, not literal meteorological seasons."
Goa,Ragi,Kharif,south_coastal,finger_millet,crop_cycle_estimate,5,15,0,9,11,0,120,2010,2010-05-15,2010-09-11,50,3,state_zone+crop+season,v1.0,decided_project_convention,Crop-specific 120-day cycle starting from the south_coastal Kharif anchor.,,https://www.kaggle.com/datasets/arjunyadav99/indian-agriculture-crop-production-and-yield,https://en.wikipedia.org/wiki/Kharif_crop
Goa,Ragi,Whole Year,south_coastal,finger_millet,annual_reporting_window,7,1,0,6,30,1,365,2010,2010-07-01,2011-06-30,4,2,state_zone+crop+season,v1.0,decided_project_convention,Whole Year mapped to the complete July-June crop-year reporting cycle.,Annual reporting window; do not calculate planting/harvest flags.,https://www.kaggle.com/datasets/arjunyadav99/indian-agriculture-crop-production-and-yield,"Project convention based on the recorded Indian crop-season label; Autumn and Winter are treated as crop reporting seasons, not literal meteorological seasons."
Goa,Rice,Kharif,south_coastal,rice,crop_cycle_estimate,5,15,0,10,11,0,150,2010,2010-05-15,2010-10-11,52,3,state_zone+crop+season,v1.0,decided_project_convention,Crop-specific 150-day cycle starting from the south_coastal Kharif anchor.,,https://www.kaggle.com/datasets/arjunyadav99/indian-agriculture-crop-production-and-yield,https://en.wikipedia.org/wiki/Kharif_crop
Goa,Rice,Rabi,south_coastal,rice,crop_cycle_estimate,10,1,0,2,27,1,150,2010,2010-10-01,2011-02-27,36,3,state_zone+crop+season,v1.0,decided_project_convention,Crop-specific 150-day cycle starting from the south_coastal Rabi anchor.,,https://www.kaggle.com/datasets/arjunyadav99/indian-agriculture-crop-production-and-yield,https://en.wikipedia.org/wiki/Rabi_crop
Goa,Sugarcane,Whole Year,south_coastal,sugarcane,annual_reporting_window,7,1,0,6,30,1,365,2010,2010-07-01,2011-06-30,50,3,state_zone+crop+season,v1.0,decided_project_convention,Whole Year mapped to the complete July-June crop-year reporting cycle.,Annual reporting window; do not calculate planting/harvest flags.,https://www.kaggle.com/datasets/arjunyadav99/indian-agriculture-crop-production-and-yield,"Project convention based on the recorded Indian crop-season label; Autumn and Winter are treated as crop reporting seasons, not literal meteorological seasons."
Gujarat,Arhar/Tur,Kharif,central_west,pigeon_pea,crop_cycle_estimate,5,17,0,12,2,0,200,2010,2010-05-17,2010-12-02,732,31,state_zone+crop+season,v1.0,decided_project_convention,Crop-specific 200-day cycle starting from the central_west Kharif anchor.,,https://www.kaggle.com/datasets/arjunyadav99/indian-agriculture-crop-production-and-yield,https://en.wikipedia.org/wiki/Kharif_crop
Gujarat,Bajra,Kharif,central_west,pearl_millet,crop_cycle_estimate,6,1,0,9,8,0,100,2010,2010-06-01,2010-09-08,659,29,state_zone+crop+season,v1.0,decided_project_convention,Crop-specific 100-day cycle starting from the central_west Kharif anchor.,,https://www.kaggle.com/datasets/arjunyadav99/indian-agriculture-crop-production-and-yield,https://en.wikipedia.org/wiki/Kharif_crop
Gujarat,Bajra,Summer,central_west,pearl_millet,crop_cycle_estimate,3,1,1,6,8,1,100,2010,2011-03-01,2011-06-08,638,32,state_zone+crop+season,v1.0,decided_project_convention,Crop-specific 100-day cycle starting from the central_west Summer anchor.,,https://www.kaggle.com/datasets/arjunyadav99/indian-agriculture-crop-production-and-yield,https://en.wikipedia.org/wiki/Zaid_crop
Gujarat,Banana,Whole Year,central_west,fruit_perennial,annual_reporting_window,7,1,0,6,30,1,365,2010,2010-07-01,2011-06-30,336,20,state_zone+crop+season,v1.0,decided_project_convention,Whole Year mapped to the complete July-June crop-year reporting cycle.,Annual reporting window; do not calculate planting/harvest flags.,https://www.kaggle.com/datasets/arjunyadav99/indian-agriculture-crop-production-and-yield,"Project convention based on the recorded Indian crop-season label; Autumn and Winter are treated as crop reporting seasons, not literal meteorological seasons."
Gujarat,Castor seed,Kharif,central_west,castor,crop_cycle_estimate,5,17,0,11,12,0,180,2010,2010-05-17,2010-11-12,675,31,state_zone+crop+season,v1.0,decided_project_convention,Crop-specific 180-day cycle starting from the central_west Kharif anchor.,,https://www.kaggle.com/datasets/arjunyadav99/indian-agriculture-crop-production-and-yield,https://en.wikipedia.org/wiki/Kharif_crop
Gujarat,Castor seed,Whole Year,central_west,castor,annual_reporting_window,7,1,0,6,30,1,365,2010,2010-07-01,2011-06-30,32,16,state_zone+crop+season,v1.0,decided_project_convention,Whole Year mapped to the complete July-June crop-year reporting cycle.,Annual reporting window; do not calculate planting/harvest flags.,https://www.kaggle.com/datasets/arjunyadav99/indian-agriculture-crop-production-and-yield,"Project convention based on the recorded Indian crop-season label; Autumn and Winter are treated as crop reporting seasons, not literal meteorological seasons."
Gujarat,Cotton(lint),Kharif,central_west,cotton,crop_cycle_estimate,5,17,0,12,12,0,210,2010,2010-05-17,2010-12-12,673,30,state_zone+crop+season,v1.0,decided_project_convention,Crop-specific 210-day cycle starting from the central_west Kharif anchor.,,https://www.kaggle.com/datasets/arjunyadav99/indian-agriculture-crop-production-and-yield,https://en.wikipedia.org/wiki/Kharif_crop
Gujarat,Cotton(lint),Whole Year,central_west,cotton,annual_reporting_window,7,1,0,6,30,1,365,2010,2010-07-01,2011-06-30,34,17,state_zone+crop+season,v1.0,decided_project_convention,Whole Year mapped to the complete July-June crop-year reporting cycle.,Annual reporting window; do not calculate planting/harvest flags.,https://www.kaggle.com/datasets/arjunyadav99/indian-agriculture-crop-production-and-yield,"Project convention based on the recorded Indian crop-season label; Autumn and Winter are treated as crop reporting seasons, not literal meteorological seasons."
Gujarat,Dry chillies,Kharif,central_west,chilli,crop_cycle_estimate,6,1,0,11,27,0,180,2010,2010-06-01,2010-11-27,36,18,state_zone+crop+season,v1.0,decided_project_convention,Crop-specific 180-day cycle starting from the central_west Kharif anchor.,,https://www.kaggle.com/datasets/arjunyadav99/indian-agriculture-crop-production-and-yield,https://en.wikipedia.org/wiki/Kharif_crop
Gujarat,Dry chillies,Whole Year,central_west,chilli,annual_reporting_window,7,1,0,6,30,1,365,2010,2010-07-01,2011-06-30,573,28,state_zone+crop+season,v1.0,decided_project_convention,Whole Year mapped to the complete July-June crop-year reporting cycle.,Annual reporting window; do not calculate planting/harvest flags.,https://www.kaggle.com/datasets/arjunyadav99/indian-agriculture-crop-production-and-yield,"Project convention based on the recorded Indian crop-season label; Autumn and Winter are treated as crop reporting seasons, not literal meteorological seasons."
Gujarat,Garlic,Whole Year,central_west,garlic,annual_reporting_window,7,1,0,6,30,1,365,2010,2010-07-01,2011-06-30,494,32,state_zone+crop+season,v1.0,decided_project_convention,Whole Year mapped to the complete July-June crop-year reporting cycle.,Annual reporting window; do not calculate planting/harvest flags.,https://www.kaggle.com/datasets/arjunyadav99/indian-agriculture-crop-production-and-yield,"Project convention based on the recorded Indian crop-season label; Autumn and Winter are treated as crop reporting seasons, not literal meteorological seasons."
Gujarat,Gram,Rabi,central_west,chickpea,crop_cycle_estimate,10,30,0,3,8,1,130,2010,2010-10-30,2011-03-08,759,33,state_zone+crop+season,v1.0,decided_project_convention,Crop-specific 130-day cycle starting from the central_west Rabi anchor.,,https://www.kaggle.com/datasets/arjunyadav99/indian-agriculture-crop-production-and-yield,https://en.wikipedia.org/wiki/Rabi_crop
Gujarat,Groundnut,Kharif,central_west,groundnut,crop_cycle_estimate,6,1,0,9,28,0,120,2010,2010-06-01,2010-09-28,749,33,state_zone+crop+season,v1.0,decided_project_convention,Crop-specific 120-day cycle starting from the central_west Kharif anchor.,,https://www.kaggle.com/datasets/arjunyadav99/indian-agriculture-crop-production-and-yield,https://en.wikipedia.org/wiki/Kharif_crop
Gujarat,Groundnut,Summer,central_west,groundnut,crop_cycle_estimate,3,1,1,6,28,1,120,2010,2011-03-01,2011-06-28,728,32,state_zone+crop+season,v1.0,decided_project_convention,Crop-specific 120-day cycle starting from the central_west Summer anchor.,,https://www.kaggle.com/datasets/arjunyadav99/indian-agriculture-crop-production-and-yield,https://en.wikipedia.org/wiki/Zaid_crop
Gujarat,Guar seed,Whole Year,central_west,guar,annual_reporting_window,7,1,0,6,30,1,365,2010,2010-07-01,2011-06-30,353,28,state_zone+crop+season,v1.0,decided_project_convention,Whole Year mapped to the complete July-June crop-year reporting cycle.,Annual reporting window; do not calculate planting/harvest flags.,https://www.kaggle.com/datasets/arjunyadav99/indian-agriculture-crop-production-and-yield,"Project convention based on the recorded Indian crop-season label; Autumn and Winter are treated as crop reporting seasons, not literal meteorological seasons."
Gujarat,Jowar,Kharif,central_west,sorghum,crop_cycle_estimate,6,1,0,9,28,0,120,2010,2010-06-01,2010-09-28,596,28,state_zone+crop+season,v1.0,decided_project_convention,Crop-specific 120-day cycle starting from the central_west Kharif anchor.,,https://www.kaggle.com/datasets/arjunyadav99/indian-agriculture-crop-production-and-yield,https://en.wikipedia.org/wiki/Kharif_crop
Gujarat,Jowar,Rabi,central_west,sorghum,crop_cycle_estimate,10,15,0,2,11,1,120,2010,2010-10-15,2011-02-11,421,29,state_zone+crop+season,v1.0,decided_project_convention,Crop-specific 120-day cycle starting from the central_west Rabi anchor.,,https://www.kaggle.com/datasets/arjunyadav99/indian-agriculture-crop-production-and-yield,https://en.wikipedia.org/wiki/Rabi_crop
Gujarat,Maize,Kharif,central_west,maize,crop_cycle_estimate,6,1,0,9,28,0,120,2010,2010-06-01,2010-09-28,544,28,state_zone+crop+season,v1.0,decided_project_convention,Crop-specific 120-day cycle starting from the central_west Kharif anchor.,,https://www.kaggle.com/datasets/arjunyadav99/indian-agriculture-crop-production-and-yield,https://en.wikipedia.org/wiki/Kharif_crop
Gujarat,Maize,Rabi,central_west,maize,crop_cycle_estimate,10,15,0,2,11,1,120,2010,2010-10-15,2011-02-11,88,24,state_zone+crop+season,v1.0,decided_project_convention,Crop-specific 120-day cycle starting from the central_west Rabi anchor.,,https://www.kaggle.com/datasets/arjunyadav99/indian-agriculture-crop-production-and-yield,https://en.wikipedia.org/wiki/Rabi_crop
Gujarat,Maize,Summer,central_west,maize,crop_cycle_estimate,3,1,1,6,28,1,120,2010,2011-03-01,2011-06-28,64,19,state_zone+crop+season,v1.0,decided_project_convention,Crop-specific 120-day cycle starting from the central_west Summer anchor.,,https://www.kaggle.com/datasets/arjunyadav99/indian-agriculture-crop-production-and-yield,https://en.wikipedia.org/wiki/Zaid_crop
Gujarat,Maize,Whole Year,central_west,maize,annual_reporting_window,7,1,0,6,30,1,365,2010,2010-07-01,2011-06-30,30,15,state_zone+crop+season,v1.0,decided_project_convention,Whole Year mapped to the complete July-June crop-year reporting cycle.,Annual reporting window; do not calculate planting/harvest flags.,https://www.kaggle.com/datasets/arjunyadav99/indian-agriculture-crop-production-and-yield,"Project convention based on the recorded Indian crop-season label; Autumn and Winter are treated as crop reporting seasons, not literal meteorological seasons."
Gujarat,Moong(Green Gram),Kharif,central_west,green_gram,crop_cycle_estimate,6,1,0,8,29,0,90,2010,2010-06-01,2010-08-29,752,32,state_zone+crop+season,v1.0,decided_project_convention,Crop-specific 90-day cycle starting from the central_west Kharif anchor.,,https://www.kaggle.com/datasets/arjunyadav99/indian-agriculture-crop-production-and-yield,https://en.wikipedia.org/wiki/Kharif_crop
Gujarat,Moong(Green Gram),Summer,central_west,green_gram,crop_cycle_estimate,3,1,1,5,29,1,90,2010,2011-03-01,2011-05-29,196,32,state_zone+crop+season,v1.0,decided_project_convention,Crop-specific 90-day cycle starting from the central_west Summer anchor.,,https://www.kaggle.com/datasets/arjunyadav99/indian-agriculture-crop-production-and-yield,https://en.wikipedia.org/wiki/Zaid_crop
Gujarat,Moth,Kharif,central_west,moth_bean,crop_cycle_estimate,6,1,0,9,8,0,100,2010,2010-06-01,2010-09-08,486,27,state_zone+crop+season,v1.0,decided_project_convention,Crop-specific 100-day cycle starting from the central_west Kharif anchor.,,https://www.kaggle.com/datasets/arjunyadav99/indian-agriculture-crop-production-and-yield,https://en.wikipedia.org/wiki/Kharif_crop
Gujarat,Oilseeds total,Whole Year,central_west,aggregate_oilseeds,annual_reporting_window,7,1,0,6,30,1,365,2010,2010-07-01,2011-06-30,38,19,state_zone+crop+season,v1.0,decided_project_convention,Whole Year mapped to the complete July-June crop-year reporting cycle.,Annual reporting window; do not calculate planting/harvest flags.,https://www.kaggle.com/datasets/arjunyadav99/indian-agriculture-crop-production-and-yield,"Project convention based on the recorded Indian crop-season label; Autumn and Winter are treated as crop reporting seasons, not literal meteorological seasons."
Gujarat,Onion,Rabi,central_west,onion,crop_cycle_estimate,10,30,0,3,28,1,150,2010,2010-10-30,2011-03-28,214,33,state_zone+crop+season,v1.0,decided_project_convention,Crop-specific 150-day cycle starting from the central_west Rabi anchor.,,https://www.kaggle.com/datasets/arjunyadav99/indian-agriculture-crop-production-and-yield,https://en.wikipedia.org/wiki/Rabi_crop
Gujarat,Onion,Summer,central_west,onion,crop_cycle_estimate,3,1,1,7,28,1,150,2010,2011-03-01,2011-07-28,40,14,state_zone+crop+season,v1.0,decided_project_convention,Crop-specific 150-day cycle starting from the central_west Summer anchor.,,https://www.kaggle.com/datasets/arjunyadav99/indian-agriculture-crop-production-and-yield,https://en.wikipedia.org/wiki/Zaid_crop
Gujarat,Onion,Whole Year,central_west,onion,annual_reporting_window,7,1,0,6,30,1,365,2010,2010-07-01,2011-06-30,428,24,state_zone+crop+season,v1.0,decided_project_convention,Whole Year mapped to the complete July-June crop-year reporting cycle.,Annual reporting window; do not calculate planting/harvest flags.,https://www.kaggle.com/datasets/arjunyadav99/indian-agriculture-crop-production-and-yield,"Project convention based on the recorded Indian crop-season label; Autumn and Winter are treated as crop reporting seasons, not literal meteorological seasons."
Gujarat,Other Cereals,Kharif,central_west,minor_cereal,crop_cycle_estimate,6,1,0,9,13,0,105,2010,2010-06-01,2010-09-13,146,25,state_zone+crop+season,v1.0,decided_project_convention,Crop-specific 105-day cycle starting from the central_west Kharif anchor.,,https://www.kaggle.com/datasets/arjunyadav99/indian-agriculture-crop-production-and-yield,https://en.wikipedia.org/wiki/Kharif_crop
Gujarat,Other Cereals,Rabi,central_west,minor_cereal,crop_cycle_estimate,10,15,0,1,27,1,105,2010,2010-10-15,2011-01-27,121,25,state_zone+crop+season,v1.0,decided_project_convention,Crop-specific 105-day cycle starting from the central_west Rabi anchor.,,https://www.kaggle.com/datasets/arjunyadav99/indian-agriculture-crop-production-and-yield,https://en.wikipedia.org/wiki/Rabi_crop
Gujarat,Other Cereals & Millets,Kharif,central_west,minor_cereal,crop_cycle_estimate,6,1,0,9,13,0,105,2010,2010-06-01,2010-09-13,119,20,state_zone+crop+season,v1.0,decided_project_convention,Crop-specific 105-day cycle starting from the central_west Kharif anchor.,,https://www.kaggle.com/datasets/arjunyadav99/indian-agriculture-crop-production-and-yield,https://en.wikipedia.org/wiki/Kharif_crop
Gujarat,Other Cereals & Millets,Rabi,central_west,minor_cereal,crop_cycle_estimate,10,15,0,1,27,1,105,2010,2010-10-15,2011-01-27,105,24,state_zone+crop+season,v1.0,decided_project_convention,Crop-specific 105-day cycle starting from the central_west Rabi anchor.,,https://www.kaggle.com/datasets/arjunyadav99/indian-agriculture-crop-production-and-yield,https://en.wikipedia.org/wiki/Rabi_crop
Gujarat,Other Kharif pulses,Kharif,central_west,aggregate_kharif_pulses,aggregate_reporting_window,6,1,0,11,30,0,183,2010,2010-06-01,2010-11-30,593,29,state_zone+crop+season,v1.0,decided_project_convention,Aggregate crop category mapped to the complete reporting-season window.,Aggregate crop category; uses the full reporting-season window.,https://www.kaggle.com/datasets/arjunyadav99/indian-agriculture-crop-production-and-yield,https://en.wikipedia.org/wiki/Kharif_crop
Gujarat,Other Rabi pulses,Rabi,central_west,aggregate_rabi_pulses,aggregate_reporting_window,10,15,0,4,30,1,198,2010,2010-10-15,2011-04-30,330,27,state_zone+crop+season,v1.0,decided_project_convention,Aggregate crop category mapped to the complete reporting-season window.,Aggregate crop category; uses the full reporting-season window.,https://www.kaggle.com/datasets/arjunyadav99/indian-agriculture-crop-production-and-yield,https://en.wikipedia.org/wiki/Rabi_crop
Gujarat,Potato,Whole Year,central_west,potato,annual_reporting_window,7,1,0,6,30,1,365,2010,2010-07-01,2011-06-30,363,20,state_zone+crop+season,v1.0,decided_project_convention,Whole Year mapped to the complete July-June crop-year reporting cycle.,Annual reporting window; do not calculate planting/harvest flags.,https://www.kaggle.com/datasets/arjunyadav99/indian-agriculture-crop-production-and-yield,"Project convention based on the recorded Indian crop-season label; Autumn and Winter are treated as crop reporting seasons, not literal meteorological seasons."
Gujarat,Pulses total,Kharif,central_west,aggregate_pulses,aggregate_reporting_window,6,1,0,11,30,0,183,2010,2010-06-01,2010-11-30,1,1,state_zone+crop+season,v1.0,decided_project_convention,Aggregate crop category mapped to the complete reporting-season window.,Aggregate crop category; uses the full reporting-season window.,https://www.kaggle.com/datasets/arjunyadav99/indian-agriculture-crop-production-and-yield,https://en.wikipedia.org/wiki/Kharif_crop
Gujarat,Pulses total,Whole Year,central_west,aggregate_pulses,annual_reporting_window,7,1,0,6,30,1,365,2010,2010-07-01,2011-06-30,37,19,state_zone+crop+season,v1.0,decided_project_convention,Whole Year mapped to the complete July-June crop-year reporting cycle.,Annual reporting window; do not calculate planting/harvest flags.,https://www.kaggle.com/datasets/arjunyadav99/indian-agriculture-crop-production-and-yield,"Project convention based on the recorded Indian crop-season label; Autumn and Winter are treated as crop reporting seasons, not literal meteorological seasons."
Gujarat,Ragi,Kharif,central_west,finger_millet,crop_cycle_estimate,6,1,0,9,28,0,120,2010,2010-06-01,2010-09-28,122,8,state_zone+crop+season,v1.0,decided_project_convention,Crop-specific 120-day cycle starting from the central_west Kharif anchor.,,https://www.kaggle.com/datasets/arjunyadav99/indian-agriculture-crop-production-and-yield,https://en.wikipedia.org/wiki/Kharif_crop
Gujarat,Ragi,Whole Year,central_west,finger_millet,annual_reporting_window,7,1,0,6,30,1,365,2010,2010-07-01,2011-06-30,6,3,state_zone+crop+season,v1.0,decided_project_convention,Whole Year mapped to the complete July-June crop-year reporting cycle.,Annual reporting window; do not calculate planting/harvest flags.,https://www.kaggle.com/datasets/arjunyadav99/indian-agriculture-crop-production-and-yield,"Project convention based on the recorded Indian crop-season label; Autumn and Winter are treated as crop reporting seasons, not literal meteorological seasons."
Gujarat,Rapeseed &Mustard,Rabi,central_west,rapeseed_mustard,crop_cycle_estimate,10,30,0,3,18,1,140,2010,2010-10-30,2011-03-18,645,30,state_zone+crop+season,v1.0,decided_project_convention,Crop-specific 140-day cycle starting from the central_west Rabi anchor.,,https://www.kaggle.com/datasets/arjunyadav99/indian-agriculture-crop-production-and-yield,https://en.wikipedia.org/wiki/Rabi_crop
Gujarat,Rice,Kharif,central_west,rice,crop_cycle_estimate,6,1,0,10,28,0,150,2010,2010-06-01,2010-10-28,496,23,state_zone+crop+season,v1.0,decided_project_convention,Crop-specific 150-day cycle starting from the central_west Kharif anchor.,,https://www.kaggle.com/datasets/arjunyadav99/indian-agriculture-crop-production-and-yield,https://en.wikipedia.org/wiki/Kharif_crop
Gujarat,Rice,Summer,central_west,rice,crop_cycle_estimate,12,1,0,5,29,1,180,2010,2010-12-01,2011-05-29,221,13,state_zone+crop+season,v1.0,decided_project_convention,Crop-specific 180-day cycle starting from the central_west Summer anchor.,Summer/Boro rice: winter-starting cycle ending in late spring or early summer.,https://www.kaggle.com/datasets/arjunyadav99/indian-agriculture-crop-production-and-yield,https://en.wikipedia.org/wiki/Zaid_crop
Gujarat,Rice,Whole Year,central_west,rice,annual_reporting_window,7,1,0,6,30,1,365,2010,2010-07-01,2011-06-30,28,14,state_zone+crop+season,v1.0,decided_project_convention,Whole Year mapped to the complete July-June crop-year reporting cycle.,Annual reporting window; do not calculate planting/harvest flags.,https://www.kaggle.com/datasets/arjunyadav99/indian-agriculture-crop-production-and-yield,"Project convention based on the recorded Indian crop-season label; Autumn and Winter are treated as crop reporting seasons, not literal meteorological seasons."
Gujarat,Sesamum,Kharif,central_west,sesame,crop_cycle_estimate,6,1,0,9,8,0,100,2010,2010-06-01,2010-09-08,650,31,state_zone+crop+season,v1.0,decided_project_convention,Crop-specific 100-day cycle starting from the central_west Kharif anchor.,,https://www.kaggle.com/datasets/arjunyadav99/indian-agriculture-crop-production-and-yield,https://en.wikipedia.org/wiki/Kharif_crop
Gujarat,Sesamum,Summer,central_west,sesame,crop_cycle_estimate,3,1,1,6,8,1,100,2010,2011-03-01,2011-06-08,108,29,state_zone+crop+season,v1.0,decided_project_convention,Crop-specific 100-day cycle starting from the central_west Summer anchor.,,https://www.kaggle.com/datasets/arjunyadav99/indian-agriculture-crop-production-and-yield,https://en.wikipedia.org/wiki/Zaid_crop
Gujarat,Sesamum,Whole Year,central_west,sesame,annual_reporting_window,7,1,0,6,30,1,365,2010,2010-07-01,2011-06-30,34,17,state_zone+crop+season,v1.0,decided_project_convention,Whole Year mapped to the complete July-June crop-year reporting cycle.,Annual reporting window; do not calculate planting/harvest flags.,https://www.kaggle.com/datasets/arjunyadav99/indian-agriculture-crop-production-and-yield,"Project convention based on the recorded Indian crop-season label; Autumn and Winter are treated as crop reporting seasons, not literal meteorological seasons."
Gujarat,Small millets,Kharif,central_west,minor_cereal,crop_cycle_estimate,6,1,0,9,13,0,105,2010,2010-06-01,2010-09-13,110,16,state_zone+crop+season,v1.0,decided_project_convention,Crop-specific 105-day cycle starting from the central_west Kharif anchor.,,https://www.kaggle.com/datasets/arjunyadav99/indian-agriculture-crop-production-and-yield,https://en.wikipedia.org/wiki/Kharif_crop
Gujarat,Small millets,Rabi,central_west,minor_cereal,crop_cycle_estimate,10,15,0,1,27,1,105,2010,2010-10-15,2011-01-27,66,22,state_zone+crop+season,v1.0,decided_project_convention,Crop-specific 105-day cycle starting from the central_west Rabi anchor.,,https://www.kaggle.com/datasets/arjunyadav99/indian-agriculture-crop-production-and-yield,https://en.wikipedia.org/wiki/Rabi_crop
Gujarat,Soyabean,Kharif,central_west,soybean,crop_cycle_estimate,6,1,0,9,18,0,110,2010,2010-06-01,2010-09-18,74,18,state_zone+crop+season,v1.0,decided_project_convention,Crop-specific 110-day cycle starting from the central_west Kharif anchor.,,https://www.kaggle.com/datasets/arjunyadav99/indian-agriculture-crop-production-and-yield,https://en.wikipedia.org/wiki/Kharif_crop
Gujarat,Sugarcane,Whole Year,central_west,sugarcane,annual_reporting_window,7,1,0,6,30,1,365,2010,2010-07-01,2011-06-30,485,22,state_zone+crop+season,v1.0,decided_project_convention,Whole Year mapped to the complete July-June crop-year reporting cycle.,Annual reporting window; do not calculate planting/harvest flags.,https://www.kaggle.com/datasets/arjunyadav99/indian-agriculture-crop-production-and-yield,"Project convention based on the recorded Indian crop-season label; Autumn and Winter are treated as crop reporting seasons, not literal meteorological seasons."
Gujarat,Tobacco,Kharif,central_west,tobacco,crop_cycle_estimate,6,1,0,10,28,0,150,2010,2010-06-01,2010-10-28,87,14,state_zone+crop+season,v1.0,decided_project_convention,Crop-specific 150-day cycle starting from the central_west Kharif anchor.,,https://www.kaggle.com/datasets/arjunyadav99/indian-agriculture-crop-production-and-yield,https://en.wikipedia.org/wiki/Kharif_crop
Gujarat,Tobacco,Rabi,central_west,tobacco,crop_cycle_estimate,10,15,0,3,13,1,150,2010,2010-10-15,2011-03-13,76,10,state_zone+crop+season,v1.0,decided_project_convention,Crop-specific 150-day cycle starting from the central_west Rabi anchor.,,https://www.kaggle.com/datasets/arjunyadav99/indian-agriculture-crop-production-and-yield,https://en.wikipedia.org/wiki/Rabi_crop
Gujarat,Tobacco,Whole Year,central_west,tobacco,annual_reporting_window,7,1,0,6,30,1,365,2010,2010-07-01,2011-06-30,160,13,state_zone+crop+season,v1.0,decided_project_convention,Whole Year mapped to the complete July-June crop-year reporting cycle.,Annual reporting window; do not calculate planting/harvest flags.,https://www.kaggle.com/datasets/arjunyadav99/indian-agriculture-crop-production-and-yield,"Project convention based on the recorded Indian crop-season label; Autumn and Winter are treated as crop reporting seasons, not literal meteorological seasons."
Gujarat,Urad,Kharif,central_west,black_gram,crop_cycle_estimate,6,1,0,9,3,0,95,2010,2010-06-01,2010-09-03,749,33,state_zone+crop+season,v1.0,decided_project_convention,Crop-specific 95-day cycle starting from the central_west Kharif anchor.,,https://www.kaggle.com/datasets/arjunyadav99/indian-agriculture-crop-production-and-yield,https://en.wikipedia.org/wiki/Kharif_crop
Gujarat,Urad,Summer,central_west,black_gram,crop_cycle_estimate,3,1,1,6,3,1,95,2010,2011-03-01,2011-06-03,48,14,state_zone+crop+season,v1.0,decided_project_convention,Crop-specific 95-day cycle starting from the central_west Summer anchor.,,https://www.kaggle.com/datasets/arjunyadav99/indian-agriculture-crop-production-and-yield,https://en.wikipedia.org/wiki/Zaid_crop
Gujarat,Wheat,Rabi,central_west,wheat,crop_cycle_estimate,10,30,0,3,28,1,150,2010,2010-10-30,2011-03-28,789,33,state_zone+crop+season,v1.0,decided_project_convention,Crop-specific 150-day cycle starting from the central_west Rabi anchor.,,https://www.kaggle.com/datasets/arjunyadav99/indian-agriculture-crop-production-and-yield,https://en.wikipedia.org/wiki/Rabi_crop
Gujarat,other oilseeds,Kharif,central_west,other_oilseed,crop_cycle_estimate,6,1,0,9,28,0,120,2010,2010-06-01,2010-09-28,42,21,state_zone+crop+season,v1.0,decided_project_convention,Crop-specific 120-day cycle starting from the central_west Kharif anchor.,,https://www.kaggle.com/datasets/arjunyadav99/indian-agriculture-crop-production-and-yield,https://en.wikipedia.org/wiki/Kharif_crop
Gujarat,other oilseeds,Whole Year,central_west,other_oilseed,annual_reporting_window,7,1,0,6,30,1,365,2010,2010-07-01,2011-06-30,34,17,state_zone+crop+season,v1.0,decided_project_convention,Whole Year mapped to the complete July-June crop-year reporting cycle.,Annual reporting window; do not calculate planting/harvest flags.,https://www.kaggle.com/datasets/arjunyadav99/indian-agriculture-crop-production-and-yield,"Project convention based on the recorded Indian crop-season label; Autumn and Winter are treated as crop reporting seasons, not literal meteorological seasons."
Haryana,Arhar/Tur,Kharif,north_northwest,pigeon_pea,crop_cycle_estimate,5,31,0,12,16,0,200,2010,2010-05-31,2010-12-16,464,22,state_zone+crop+season,v1.0,decided_project_convention,Crop-specific 200-day cycle starting from the north_northwest Kharif anchor.,,https://www.kaggle.com/datasets/arjunyadav99/indian-agriculture-crop-production-and-yield,https://en.wikipedia.org/wiki/Kharif_crop
Haryana,Bajra,Kharif,north_northwest,pearl_millet,crop_cycle_estimate,6,15,0,9,22,0,100,2010,2010-06-15,2010-09-22,600,21,state_zone+crop+season,v1.0,decided_project_convention,Crop-specific 100-day cycle starting from the north_northwest Kharif anchor.,,https://www.kaggle.com/datasets/arjunyadav99/indian-agriculture-crop-production-and-yield,https://en.wikipedia.org/wiki/Kharif_crop
Haryana,Banana,Whole Year,north_northwest,fruit_perennial,annual_reporting_window,7,1,0,6,30,1,365,2010,2010-07-01,2011-06-30,8,5,state_zone+crop+season,v1.0,decided_project_convention,Whole Year mapped to the complete July-June crop-year reporting cycle.,Annual reporting window; do not calculate planting/harvest flags.,https://www.kaggle.com/datasets/arjunyadav99/indian-agriculture-crop-production-and-yield,"Project convention based on the recorded Indian crop-season label; Autumn and Winter are treated as crop reporting seasons, not literal meteorological seasons."
Haryana,Barley,Rabi,north_northwest,barley,crop_cycle_estimate,10,30,0,3,8,1,130,2010,2010-10-30,2011-03-08,435,21,state_zone+crop+season,v1.0,decided_project_convention,Crop-specific 130-day cycle starting from the north_northwest Rabi anchor.,,https://www.kaggle.com/datasets/arjunyadav99/indian-agriculture-crop-production-and-yield,https://en.wikipedia.org/wiki/Rabi_crop
Haryana,Castor seed,Kharif,north_northwest,castor,crop_cycle_estimate,5,31,0,11,26,0,180,2010,2010-05-31,2010-11-26,54,5,state_zone+crop+season,v1.0,decided_project_convention,Crop-specific 180-day cycle starting from the north_northwest Kharif anchor.,,https://www.kaggle.com/datasets/arjunyadav99/indian-agriculture-crop-production-and-yield,https://en.wikipedia.org/wiki/Kharif_crop
Haryana,Coriander,Whole Year,north_northwest,coriander,annual_reporting_window,7,1,0,6,30,1,365,2010,2010-07-01,2011-06-30,62,21,state_zone+crop+season,v1.0,decided_project_convention,Whole Year mapped to the complete July-June crop-year reporting cycle.,Annual reporting window; do not calculate planting/harvest flags.,https://www.kaggle.com/datasets/arjunyadav99/indian-agriculture-crop-production-and-yield,"Project convention based on the recorded Indian crop-season label; Autumn and Winter are treated as crop reporting seasons, not literal meteorological seasons."
Haryana,Cotton(lint),Kharif,north_northwest,cotton,crop_cycle_estimate,5,31,0,12,26,0,210,2010,2010-05-31,2010-12-26,382,21,state_zone+crop+season,v1.0,decided_project_convention,Crop-specific 210-day cycle starting from the north_northwest Kharif anchor.,,https://www.kaggle.com/datasets/arjunyadav99/indian-agriculture-crop-production-and-yield,https://en.wikipedia.org/wiki/Kharif_crop
Haryana,Cotton(lint),Whole Year,north_northwest,cotton,annual_reporting_window,7,1,0,6,30,1,365,2010,2010-07-01,2011-06-30,22,11,state_zone+crop+season,v1.0,decided_project_convention,Whole Year mapped to the complete July-June crop-year reporting cycle.,Annual reporting window; do not calculate planting/harvest flags.,https://www.kaggle.com/datasets/arjunyadav99/indian-agriculture-crop-production-and-yield,"Project convention based on the recorded Indian crop-season label; Autumn and Winter are treated as crop reporting seasons, not literal meteorological seasons."
Haryana,Dry chillies,Whole Year,north_northwest,chilli,annual_reporting_window,7,1,0,6,30,1,365,2010,2010-07-01,2011-06-30,303,19,state_zone+crop+season,v1.0,decided_project_convention,Whole Year mapped to the complete July-June crop-year reporting cycle.,Annual reporting window; do not calculate planting/harvest flags.,https://www.kaggle.com/datasets/arjunyadav99/indian-agriculture-crop-production-and-yield,"Project convention based on the recorded Indian crop-season label; Autumn and Winter are treated as crop reporting seasons, not literal meteorological seasons."
Haryana,Dry ginger,Kharif,north_northwest,ginger,crop_cycle_estimate,6,15,0,2,9,1,240,2010,2010-06-15,2011-02-09,2,1,state_zone+crop+season,v1.0,decided_project_convention,Crop-specific 240-day cycle starting from the north_northwest Kharif anchor.,,https://www.kaggle.com/datasets/arjunyadav99/indian-agriculture-crop-production-and-yield,https://en.wikipedia.org/wiki/Kharif_crop
Haryana,Garlic,Whole Year,north_northwest,garlic,annual_reporting_window,7,1,0,6,30,1,365,2010,2010-07-01,2011-06-30,148,21,state_zone+crop+season,v1.0,decided_project_convention,Whole Year mapped to the complete July-June crop-year reporting cycle.,Annual reporting window; do not calculate planting/harvest flags.,https://www.kaggle.com/datasets/arjunyadav99/indian-agriculture-crop-production-and-yield,"Project convention based on the recorded Indian crop-season label; Autumn and Winter are treated as crop reporting seasons, not literal meteorological seasons."
Haryana,Ginger,Kharif,north_northwest,ginger,crop_cycle_estimate,6,15,0,2,9,1,240,2010,2010-06-15,2011-02-09,2,1,state_zone+crop+season,v1.0,decided_project_convention,Crop-specific 240-day cycle starting from the north_northwest Kharif anchor.,,https://www.kaggle.com/datasets/arjunyadav99/indian-agriculture-crop-production-and-yield,https://en.wikipedia.org/wiki/Kharif_crop
Haryana,Ginger,Whole Year,north_northwest,ginger,annual_reporting_window,7,1,0,6,30,1,365,2010,2010-07-01,2011-06-30,6,3,state_zone+crop+season,v1.0,decided_project_convention,Whole Year mapped to the complete July-June crop-year reporting cycle.,Annual reporting window; do not calculate planting/harvest flags.,https://www.kaggle.com/datasets/arjunyadav99/indian-agriculture-crop-production-and-yield,"Project convention based on the recorded Indian crop-season label; Autumn and Winter are treated as crop reporting seasons, not literal meteorological seasons."
Haryana,Gram,Kharif,north_northwest,chickpea,crop_cycle_estimate,6,15,0,10,22,0,130,2010,2010-06-15,2010-10-22,2,1,state_zone+crop+season,v1.0,decided_project_convention,Crop-specific 130-day cycle starting from the north_northwest Kharif anchor.,,https://www.kaggle.com/datasets/arjunyadav99/indian-agriculture-crop-production-and-yield,https://en.wikipedia.org/wiki/Kharif_crop
Haryana,Gram,Rabi,north_northwest,chickpea,crop_cycle_estimate,10,30,0,3,8,1,130,2010,2010-10-30,2011-03-08,365,20,state_zone+crop+season,v1.0,decided_project_convention,Crop-specific 130-day cycle starting from the north_northwest Rabi anchor.,,https://www.kaggle.com/datasets/arjunyadav99/indian-agriculture-crop-production-and-yield,https://en.wikipedia.org/wiki/Rabi_crop
Haryana,Grapes,Whole Year,north_northwest,fruit_perennial,annual_reporting_window,7,1,0,6,30,1,365,2010,2010-07-01,2011-06-30,3,2,state_zone+crop+season,v1.0,decided_project_convention,Whole Year mapped to the complete July-June crop-year reporting cycle.,Annual reporting window; do not calculate planting/harvest flags.,https://www.kaggle.com/datasets/arjunyadav99/indian-agriculture-crop-production-and-yield,"Project convention based on the recorded Indian crop-season label; Autumn and Winter are treated as crop reporting seasons, not literal meteorological seasons."
Haryana,Groundnut,Kharif,north_northwest,groundnut,crop_cycle_estimate,6,15,0,10,12,0,120,2010,2010-06-15,2010-10-12,227,15,state_zone+crop+season,v1.0,decided_project_convention,Crop-specific 120-day cycle starting from the north_northwest Kharif anchor.,,https://www.kaggle.com/datasets/arjunyadav99/indian-agriculture-crop-production-and-yield,https://en.wikipedia.org/wiki/Kharif_crop
Haryana,Guar seed,Whole Year,north_northwest,guar,annual_reporting_window,7,1,0,6,30,1,365,2010,2010-07-01,2011-06-30,32,16,state_zone+crop+season,v1.0,decided_project_convention,Whole Year mapped to the complete July-June crop-year reporting cycle.,Annual reporting window; do not calculate planting/harvest flags.,https://www.kaggle.com/datasets/arjunyadav99/indian-agriculture-crop-production-and-yield,"Project convention based on the recorded Indian crop-season label; Autumn and Winter are treated as crop reporting seasons, not literal meteorological seasons."
Haryana,Horse-gram,Kharif,north_northwest,horse_gram,crop_cycle_estimate,6,15,0,10,2,0,110,2010,2010-06-15,2010-10-02,49,10,state_zone+crop+season,v1.0,decided_project_convention,Crop-specific 110-day cycle starting from the north_northwest Kharif anchor.,,https://www.kaggle.com/datasets/arjunyadav99/indian-agriculture-crop-production-and-yield,https://en.wikipedia.org/wiki/Kharif_crop
Haryana,Jowar,Kharif,north_northwest,sorghum,crop_cycle_estimate,6,15,0,10,12,0,120,2010,2010-06-15,2010-10-12,285,17,state_zone+crop+season,v1.0,decided_project_convention,Crop-specific 120-day cycle starting from the north_northwest Kharif anchor.,,https://www.kaggle.com/datasets/arjunyadav99/indian-agriculture-crop-production-and-yield,https://en.wikipedia.org/wiki/Kharif_crop
Haryana,Maize,Kharif,north_northwest,maize,crop_cycle_estimate,6,15,0,10,12,0,120,2010,2010-06-15,2010-10-12,241,20,state_zone+crop+season,v1.0,decided_project_convention,Crop-specific 120-day cycle starting from the north_northwest Kharif anchor.,,https://www.kaggle.com/datasets/arjunyadav99/indian-agriculture-crop-production-and-yield,https://en.wikipedia.org/wiki/Kharif_crop
Haryana,Mango,Whole Year,north_northwest,fruit_perennial,annual_reporting_window,7,1,0,6,30,1,365,2010,2010-07-01,2011-06-30,9,6,state_zone+crop+season,v1.0,decided_project_convention,Whole Year mapped to the complete July-June crop-year reporting cycle.,Annual reporting window; do not calculate planting/harvest flags.,https://www.kaggle.com/datasets/arjunyadav99/indian-agriculture-crop-production-and-yield,"Project convention based on the recorded Indian crop-season label; Autumn and Winter are treated as crop reporting seasons, not literal meteorological seasons."
Haryana,Masoor,Rabi,north_northwest,lentil,crop_cycle_estimate,10,15,0,2,11,1,120,2010,2010-10-15,2011-02-11,308,19,state_zone+crop+season,v1.0,decided_project_convention,Crop-specific 120-day cycle starting from the north_northwest Rabi anchor.,,https://www.kaggle.com/datasets/arjunyadav99/indian-agriculture-crop-production-and-yield,https://en.wikipedia.org/wiki/Rabi_crop
Haryana,Moong(Green Gram),Kharif,north_northwest,green_gram,crop_cycle_estimate,6,15,0,9,12,0,90,2010,2010-06-15,2010-09-12,274,21,state_zone+crop+season,v1.0,decided_project_convention,Crop-specific 90-day cycle starting from the north_northwest Kharif anchor.,,https://www.kaggle.com/datasets/arjunyadav99/indian-agriculture-crop-production-and-yield,https://en.wikipedia.org/wiki/Kharif_crop
Haryana,Moth,Kharif,north_northwest,moth_bean,crop_cycle_estimate,6,15,0,9,22,0,100,2010,2010-06-15,2010-09-22,111,17,state_zone+crop+season,v1.0,decided_project_convention,Crop-specific 100-day cycle starting from the north_northwest Kharif anchor.,,https://www.kaggle.com/datasets/arjunyadav99/indian-agriculture-crop-production-and-yield,https://en.wikipedia.org/wiki/Kharif_crop
Haryana,Onion,Whole Year,north_northwest,onion,annual_reporting_window,7,1,0,6,30,1,365,2010,2010-07-01,2011-06-30,427,21,state_zone+crop+season,v1.0,decided_project_convention,Whole Year mapped to the complete July-June crop-year reporting cycle.,Annual reporting window; do not calculate planting/harvest flags.,https://www.kaggle.com/datasets/arjunyadav99/indian-agriculture-crop-production-and-yield,"Project convention based on the recorded Indian crop-season label; Autumn and Winter are treated as crop reporting seasons, not literal meteorological seasons."
Haryana,Other Fresh Fruits,Whole Year,north_northwest,fruit_perennial,annual_reporting_window,7,1,0,6,30,1,365,2010,2010-07-01,2011-06-30,32,17,state_zone+crop+season,v1.0,decided_project_convention,Whole Year mapped to the complete July-June crop-year reporting cycle.,Annual reporting window; do not calculate planting/harvest flags.,https://www.kaggle.com/datasets/arjunyadav99/indian-agriculture-crop-production-and-yield,"Project convention based on the recorded Indian crop-season label; Autumn and Winter are treated as crop reporting seasons, not literal meteorological seasons."
Haryana,Other Kharif pulses,Kharif,north_northwest,aggregate_kharif_pulses,aggregate_reporting_window,6,15,0,11,30,0,169,2010,2010-06-15,2010-11-30,50,19,state_zone+crop+season,v1.0,decided_project_convention,Aggregate crop category mapped to the complete reporting-season window.,Aggregate crop category; uses the full reporting-season window.,https://www.kaggle.com/datasets/arjunyadav99/indian-agriculture-crop-production-and-yield,https://en.wikipedia.org/wiki/Kharif_crop
Haryana,Other Rabi pulses,Rabi,north_northwest,aggregate_rabi_pulses,aggregate_reporting_window,10,15,0,4,30,1,198,2010,2010-10-15,2011-04-30,26,13,state_zone+crop+season,v1.0,decided_project_convention,Aggregate crop category mapped to the complete reporting-season window.,Aggregate crop category; uses the full reporting-season window.,https://www.kaggle.com/datasets/arjunyadav99/indian-agriculture-crop-production-and-yield,https://en.wikipedia.org/wiki/Rabi_crop
Haryana,Other Vegetables,Whole Year,north_northwest,vegetable,annual_reporting_window,7,1,0,6,30,1,365,2010,2010-07-01,2011-06-30,38,19,state_zone+crop+season,v1.0,decided_project_convention,Whole Year mapped to the complete July-June crop-year reporting cycle.,Annual reporting window; do not calculate planting/harvest flags.,https://www.kaggle.com/datasets/arjunyadav99/indian-agriculture-crop-production-and-yield,"Project convention based on the recorded Indian crop-season label; Autumn and Winter are treated as crop reporting seasons, not literal meteorological seasons."
Haryana,Peas & beans (Pulses),Kharif,north_northwest,other_pulse,crop_cycle_estimate,6,15,0,10,12,0,120,2010,2010-06-15,2010-10-12,41,21,state_zone+crop+season,v1.0,decided_project_convention,Crop-specific 120-day cycle starting from the north_northwest Kharif anchor.,,https://www.kaggle.com/datasets/arjunyadav99/indian-agriculture-crop-production-and-yield,https://en.wikipedia.org/wiki/Kharif_crop
Haryana,Peas & beans (Pulses),Rabi,north_northwest,other_pulse,crop_cycle_estimate,10,15,0,2,11,1,120,2010,2010-10-15,2011-02-11,226,18,state_zone+crop+season,v1.0,decided_project_convention,Crop-specific 120-day cycle starting from the north_northwest Rabi anchor.,,https://www.kaggle.com/datasets/arjunyadav99/indian-agriculture-crop-production-and-yield,https://en.wikipedia.org/wiki/Rabi_crop
Haryana,Potato,Whole Year,north_northwest,potato,annual_reporting_window,7,1,0,6,30,1,365,2010,2010-07-01,2011-06-30,470,21,state_zone+crop+season,v1.0,decided_project_convention,Whole Year mapped to the complete July-June crop-year reporting cycle.,Annual reporting window; do not calculate planting/harvest flags.,https://www.kaggle.com/datasets/arjunyadav99/indian-agriculture-crop-production-and-yield,"Project convention based on the recorded Indian crop-season label; Autumn and Winter are treated as crop reporting seasons, not literal meteorological seasons."
Haryana,Rapeseed &Mustard,Rabi,north_northwest,rapeseed_mustard,crop_cycle_estimate,10,30,0,3,18,1,140,2010,2010-10-30,2011-03-18,580,21,state_zone+crop+season,v1.0,decided_project_convention,Crop-specific 140-day cycle starting from the north_northwest Rabi anchor.,,https://www.kaggle.com/datasets/arjunyadav99/indian-agriculture-crop-production-and-yield,https://en.wikipedia.org/wiki/Rabi_crop
Haryana,Rice,Kharif,north_northwest,rice,crop_cycle_estimate,6,15,0,11,11,0,150,2010,2010-06-15,2010-11-11,639,20,state_zone+crop+season,v1.0,decided_project_convention,Crop-specific 150-day cycle starting from the north_northwest Kharif anchor.,,https://www.kaggle.com/datasets/arjunyadav99/indian-agriculture-crop-production-and-yield,https://en.wikipedia.org/wiki/Kharif_crop
Haryana,Sannhamp,Kharif,north_northwest,other_fibre,crop_cycle_estimate,5,16,0,9,22,0,130,2010,2010-05-16,2010-09-22,8,4,state_zone+crop+season,v1.0,decided_project_convention,Crop-specific 130-day cycle starting from the north_northwest Kharif anchor.,,https://www.kaggle.com/datasets/arjunyadav99/indian-agriculture-crop-production-and-yield,https://en.wikipedia.org/wiki/Kharif_crop
Haryana,Sannhamp,Whole Year,north_northwest,other_fibre,annual_reporting_window,7,1,0,6,30,1,365,2010,2010-07-01,2011-06-30,62,15,state_zone+crop+season,v1.0,decided_project_convention,Whole Year mapped to the complete July-June crop-year reporting cycle.,Annual reporting window; do not calculate planting/harvest flags.,https://www.kaggle.com/datasets/arjunyadav99/indian-agriculture-crop-production-and-yield,"Project convention based on the recorded Indian crop-season label; Autumn and Winter are treated as crop reporting seasons, not literal meteorological seasons."
Haryana,Sesamum,Kharif,north_northwest,sesame,crop_cycle_estimate,6,15,0,9,22,0,100,2010,2010-06-15,2010-09-22,297,22,state_zone+crop+season,v1.0,decided_project_convention,Crop-specific 100-day cycle starting from the north_northwest Kharif anchor.,,https://www.kaggle.com/datasets/arjunyadav99/indian-agriculture-crop-production-and-yield,https://en.wikipedia.org/wiki/Kharif_crop
Haryana,Sugarcane,Whole Year,north_northwest,sugarcane,annual_reporting_window,7,1,0,6,30,1,365,2010,2010-07-01,2011-06-30,534,21,state_zone+crop+season,v1.0,decided_project_convention,Whole Year mapped to the complete July-June crop-year reporting cycle.,Annual reporting window; do not calculate planting/harvest flags.,https://www.kaggle.com/datasets/arjunyadav99/indian-agriculture-crop-production-and-yield,"Project convention based on the recorded Indian crop-season label; Autumn and Winter are treated as crop reporting seasons, not literal meteorological seasons."
Haryana,Sunflower,Kharif,north_northwest,sunflower,crop_cycle_estimate,6,15,0,10,2,0,110,2010,2010-06-15,2010-10-02,24,3,state_zone+crop+season,v1.0,decided_project_convention,Crop-specific 110-day cycle starting from the north_northwest Kharif anchor.,,https://www.kaggle.com/datasets/arjunyadav99/indian-agriculture-crop-production-and-yield,https://en.wikipedia.org/wiki/Kharif_crop
Haryana,Sunflower,Rabi,north_northwest,sunflower,crop_cycle_estimate,10,15,0,2,1,1,110,2010,2010-10-15,2011-02-01,117,12,state_zone+crop+season,v1.0,decided_project_convention,Crop-specific 110-day cycle starting from the north_northwest Rabi anchor.,,https://www.kaggle.com/datasets/arjunyadav99/indian-agriculture-crop-production-and-yield,https://en.wikipedia.org/wiki/Rabi_crop
Haryana,Sweet potato,Whole Year,north_northwest,sweet_potato,annual_reporting_window,7,1,0,6,30,1,365,2010,2010-07-01,2011-06-30,96,12,state_zone+crop+season,v1.0,decided_project_convention,Whole Year mapped to the complete July-June crop-year reporting cycle.,Annual reporting window; do not calculate planting/harvest flags.,https://www.kaggle.com/datasets/arjunyadav99/indian-agriculture-crop-production-and-yield,"Project convention based on the recorded Indian crop-season label; Autumn and Winter are treated as crop reporting seasons, not literal meteorological seasons."
Haryana,Turmeric,Whole Year,north_northwest,turmeric,annual_reporting_window,7,1,0,6,30,1,365,2010,2010-07-01,2011-06-30,52,13,state_zone+crop+season,v1.0,decided_project_convention,Whole Year mapped to the complete July-June crop-year reporting cycle.,Annual reporting window; do not calculate planting/harvest flags.,https://www.kaggle.com/datasets/arjunyadav99/indian-agriculture-crop-production-and-yield,"Project convention based on the recorded Indian crop-season label; Autumn and Winter are treated as crop reporting seasons, not literal meteorological seasons."
Haryana,Urad,Kharif,north_northwest,black_gram,crop_cycle_estimate,6,15,0,9,17,0,95,2010,2010-06-15,2010-09-17,190,19,state_zone+crop+season,v1.0,decided_project_convention,Crop-specific 95-day cycle starting from the north_northwest Kharif anchor.,,https://www.kaggle.com/datasets/arjunyadav99/indian-agriculture-crop-production-and-yield,https://en.wikipedia.org/wiki/Kharif_crop
Haryana,Wheat,Rabi,north_northwest,wheat,crop_cycle_estimate,10,30,0,3,28,1,150,2010,2010-10-30,2011-03-28,676,21,state_zone+crop+season,v1.0,decided_project_convention,Crop-specific 150-day cycle starting from the north_northwest Rabi anchor.,,https://www.kaggle.com/datasets/arjunyadav99/indian-agriculture-crop-production-and-yield,https://en.wikipedia.org/wiki/Rabi_crop
Haryana,other oilseeds,Rabi,north_northwest,other_oilseed,crop_cycle_estimate,10,15,0,2,11,1,120,2010,2010-10-15,2011-02-11,3,2,state_zone+crop+season,v1.0,decided_project_convention,Crop-specific 120-day cycle starting from the north_northwest Rabi anchor.,,https://www.kaggle.com/datasets/arjunyadav99/indian-agriculture-crop-production-and-yield,https://en.wikipedia.org/wiki/Rabi_crop
Himachal Pradesh,Arhar/Tur,Kharif,north_northwest,pigeon_pea,crop_cycle_estimate,5,31,0,12,16,0,200,2010,2010-05-31,2010-12-16,89,9,state_zone+crop+season,v1.0,decided_project_convention,Crop-specific 200-day cycle starting from the north_northwest Kharif anchor.,,https://www.kaggle.com/datasets/arjunyadav99/indian-agriculture-crop-production-and-yield,https://en.wikipedia.org/wiki/Kharif_crop
Himachal Pradesh,Bajra,Kharif,north_northwest,pearl_millet,crop_cycle_estimate,6,15,0,9,22,0,100,2010,2010-06-15,2010-09-22,133,9,state_zone+crop+season,v1.0,decided_project_convention,Crop-specific 100-day cycle starting from the north_northwest Kharif anchor.,,https://www.kaggle.com/datasets/arjunyadav99/indian-agriculture-crop-production-and-yield,https://en.wikipedia.org/wiki/Kharif_crop
Himachal Pradesh,Barley,Rabi,north_northwest,barley,crop_cycle_estimate,10,30,0,3,8,1,130,2010,2010-10-30,2011-03-08,323,12,state_zone+crop+season,v1.0,decided_project_convention,Crop-specific 130-day cycle starting from the north_northwest Rabi anchor.,,https://www.kaggle.com/datasets/arjunyadav99/indian-agriculture-crop-production-and-yield,https://en.wikipedia.org/wiki/Rabi_crop
Himachal Pradesh,Coriander,Kharif,north_northwest,coriander,crop_cycle_estimate,6,15,0,10,12,0,120,2010,2010-06-15,2010-10-12,1,1,state_zone+crop+season,v1.0,decided_project_convention,Crop-specific 120-day cycle starting from the north_northwest Kharif anchor.,,https://www.kaggle.com/datasets/arjunyadav99/indian-agriculture-crop-production-and-yield,https://en.wikipedia.org/wiki/Kharif_crop
Himachal Pradesh,Coriander,Rabi,north_northwest,coriander,crop_cycle_estimate,10,15,0,2,11,1,120,2010,2010-10-15,2011-02-11,115,10,state_zone+crop+season,v1.0,decided_project_convention,Crop-specific 120-day cycle starting from the north_northwest Rabi anchor.,,https://www.kaggle.com/datasets/arjunyadav99/indian-agriculture-crop-production-and-yield,https://en.wikipedia.org/wiki/Rabi_crop
Himachal Pradesh,Coriander,Whole Year,north_northwest,coriander,annual_reporting_window,7,1,0,6,30,1,365,2010,2010-07-01,2011-06-30,30,8,state_zone+crop+season,v1.0,decided_project_convention,Whole Year mapped to the complete July-June crop-year reporting cycle.,Annual reporting window; do not calculate planting/harvest flags.,https://www.kaggle.com/datasets/arjunyadav99/indian-agriculture-crop-production-and-yield,"Project convention based on the recorded Indian crop-season label; Autumn and Winter are treated as crop reporting seasons, not literal meteorological seasons."
Himachal Pradesh,Cotton(lint),Kharif,north_northwest,cotton,crop_cycle_estimate,5,31,0,12,26,0,210,2010,2010-05-31,2010-12-26,47,7,state_zone+crop+season,v1.0,decided_project_convention,Crop-specific 210-day cycle starting from the north_northwest Kharif anchor.,,https://www.kaggle.com/datasets/arjunyadav99/indian-agriculture-crop-production-and-yield,https://en.wikipedia.org/wiki/Kharif_crop
Himachal Pradesh,Cotton(lint),Whole Year,north_northwest,cotton,annual_reporting_window,7,1,0,6,30,1,365,2010,2010-07-01,2011-06-30,12,6,state_zone+crop+season,v1.0,decided_project_convention,Whole Year mapped to the complete July-June crop-year reporting cycle.,Annual reporting window; do not calculate planting/harvest flags.,https://www.kaggle.com/datasets/arjunyadav99/indian-agriculture-crop-production-and-yield,"Project convention based on the recorded Indian crop-season label; Autumn and Winter are treated as crop reporting seasons, not literal meteorological seasons."
Himachal Pradesh,Dry chillies,Kharif,north_northwest,chilli,crop_cycle_estimate,6,15,0,12,11,0,180,2010,2010-06-15,2010-12-11,114,10,state_zone+crop+season,v1.0,decided_project_convention,Crop-specific 180-day cycle starting from the north_northwest Kharif anchor.,,https://www.kaggle.com/datasets/arjunyadav99/indian-agriculture-crop-production-and-yield,https://en.wikipedia.org/wiki/Kharif_crop
Himachal Pradesh,Dry chillies,Whole Year,north_northwest,chilli,annual_reporting_window,7,1,0,6,30,1,365,2010,2010-07-01,2011-06-30,82,10,state_zone+crop+season,v1.0,decided_project_convention,Whole Year mapped to the complete July-June crop-year reporting cycle.,Annual reporting window; do not calculate planting/harvest flags.,https://www.kaggle.com/datasets/arjunyadav99/indian-agriculture-crop-production-and-yield,"Project convention based on the recorded Indian crop-season label; Autumn and Winter are treated as crop reporting seasons, not literal meteorological seasons."
Himachal Pradesh,Dry ginger,Kharif,north_northwest,ginger,crop_cycle_estimate,6,15,0,2,9,1,240,2010,2010-06-15,2011-02-09,60,9,state_zone+crop+season,v1.0,decided_project_convention,Crop-specific 240-day cycle starting from the north_northwest Kharif anchor.,,https://www.kaggle.com/datasets/arjunyadav99/indian-agriculture-crop-production-and-yield,https://en.wikipedia.org/wiki/Kharif_crop
Himachal Pradesh,Dry ginger,Whole Year,north_northwest,ginger,annual_reporting_window,7,1,0,6,30,1,365,2010,2010-07-01,2011-06-30,8,8,state_zone+crop+season,v1.0,decided_project_convention,Whole Year mapped to the complete July-June crop-year reporting cycle.,Annual reporting window; do not calculate planting/harvest flags.,https://www.kaggle.com/datasets/arjunyadav99/indian-agriculture-crop-production-and-yield,"Project convention based on the recorded Indian crop-season label; Autumn and Winter are treated as crop reporting seasons, not literal meteorological seasons."
Himachal Pradesh,Garlic,Kharif,north_northwest,garlic,crop_cycle_estimate,6,15,0,11,11,0,150,2010,2010-06-15,2010-11-11,2,1,state_zone+crop+season,v1.0,decided_project_convention,Crop-specific 150-day cycle starting from the north_northwest Kharif anchor.,,https://www.kaggle.com/datasets/arjunyadav99/indian-agriculture-crop-production-and-yield,https://en.wikipedia.org/wiki/Kharif_crop
Himachal Pradesh,Garlic,Rabi,north_northwest,garlic,crop_cycle_estimate,10,30,0,3,28,1,150,2010,2010-10-30,2011-03-28,142,10,state_zone+crop+season,v1.0,decided_project_convention,Crop-specific 150-day cycle starting from the north_northwest Rabi anchor.,,https://www.kaggle.com/datasets/arjunyadav99/indian-agriculture-crop-production-and-yield,https://en.wikipedia.org/wiki/Rabi_crop
Himachal Pradesh,Garlic,Whole Year,north_northwest,garlic,annual_reporting_window,7,1,0,6,30,1,365,2010,2010-07-01,2011-06-30,62,11,state_zone+crop+season,v1.0,decided_project_convention,Whole Year mapped to the complete July-June crop-year reporting cycle.,Annual reporting window; do not calculate planting/harvest flags.,https://www.kaggle.com/datasets/arjunyadav99/indian-agriculture-crop-production-and-yield,"Project convention based on the recorded Indian crop-season label; Autumn and Winter are treated as crop reporting seasons, not literal meteorological seasons."
Himachal Pradesh,Ginger,Kharif,north_northwest,ginger,crop_cycle_estimate,6,15,0,2,9,1,240,2010,2010-06-15,2011-02-09,105,10,state_zone+crop+season,v1.0,decided_project_convention,Crop-specific 240-day cycle starting from the north_northwest Kharif anchor.,,https://www.kaggle.com/datasets/arjunyadav99/indian-agriculture-crop-production-and-yield,https://en.wikipedia.org/wiki/Kharif_crop
Himachal Pradesh,Ginger,Whole Year,north_northwest,ginger,annual_reporting_window,7,1,0,6,30,1,365,2010,2010-07-01,2011-06-30,8,8,state_zone+crop+season,v1.0,decided_project_convention,Whole Year mapped to the complete July-June crop-year reporting cycle.,Annual reporting window; do not calculate planting/harvest flags.,https://www.kaggle.com/datasets/arjunyadav99/indian-agriculture-crop-production-and-yield,"Project convention based on the recorded Indian crop-season label; Autumn and Winter are treated as crop reporting seasons, not literal meteorological seasons."
Himachal Pradesh,Gram,Rabi,north_northwest,chickpea,crop_cycle_estimate,10,30,0,3,8,1,130,2010,2010-10-30,2011-03-08,220,10,state_zone+crop+season,v1.0,decided_project_convention,Crop-specific 130-day cycle starting from the north_northwest Rabi anchor.,,https://www.kaggle.com/datasets/arjunyadav99/indian-agriculture-crop-production-and-yield,https://en.wikipedia.org/wiki/Rabi_crop
Himachal Pradesh,Groundnut,Kharif,north_northwest,groundnut,crop_cycle_estimate,6,15,0,10,12,0,120,2010,2010-06-15,2010-10-12,125,9,state_zone+crop+season,v1.0,decided_project_convention,Crop-specific 120-day cycle starting from the north_northwest Kharif anchor.,,https://www.kaggle.com/datasets/arjunyadav99/indian-agriculture-crop-production-and-yield,https://en.wikipedia.org/wiki/Kharif_crop
Himachal Pradesh,Horse-gram,Kharif,north_northwest,horse_gram,crop_cycle_estimate,6,15,0,10,2,0,110,2010,2010-06-15,2010-10-02,251,11,state_zone+crop+season,v1.0,decided_project_convention,Crop-specific 110-day cycle starting from the north_northwest Kharif anchor.,,https://www.kaggle.com/datasets/arjunyadav99/indian-agriculture-crop-production-and-yield,https://en.wikipedia.org/wiki/Kharif_crop
Himachal Pradesh,Jowar,Kharif,north_northwest,sorghum,crop_cycle_estimate,6,15,0,10,12,0,120,2010,2010-06-15,2010-10-12,6,3,state_zone+crop+season,v1.0,decided_project_convention,Crop-specific 120-day cycle starting from the north_northwest Kharif anchor.,,https://www.kaggle.com/datasets/arjunyadav99/indian-agriculture-crop-production-and-yield,https://en.wikipedia.org/wiki/Kharif_crop
Himachal Pradesh,Linseed,Rabi,north_northwest,linseed,crop_cycle_estimate,10,30,0,3,8,1,130,2010,2010-10-30,2011-03-08,81,6,state_zone+crop+season,v1.0,decided_project_convention,Crop-specific 130-day cycle starting from the north_northwest Rabi anchor.,,https://www.kaggle.com/datasets/arjunyadav99/indian-agriculture-crop-production-and-yield,https://en.wikipedia.org/wiki/Rabi_crop
Himachal Pradesh,Maize,Kharif,north_northwest,maize,crop_cycle_estimate,6,15,0,10,12,0,120,2010,2010-06-15,2010-10-12,348,12,state_zone+crop+season,v1.0,decided_project_convention,Crop-specific 120-day cycle starting from the north_northwest Kharif anchor.,,https://www.kaggle.com/datasets/arjunyadav99/indian-agriculture-crop-production-and-yield,https://en.wikipedia.org/wiki/Kharif_crop
Himachal Pradesh,Masoor,Kharif,north_northwest,lentil,crop_cycle_estimate,6,15,0,10,12,0,120,2010,2010-06-15,2010-10-12,109,12,state_zone+crop+season,v1.0,decided_project_convention,Crop-specific 120-day cycle starting from the north_northwest Kharif anchor.,,https://www.kaggle.com/datasets/arjunyadav99/indian-agriculture-crop-production-and-yield,https://en.wikipedia.org/wiki/Kharif_crop
Himachal Pradesh,Masoor,Rabi,north_northwest,lentil,crop_cycle_estimate,10,15,0,2,11,1,120,2010,2010-10-15,2011-02-11,135,11,state_zone+crop+season,v1.0,decided_project_convention,Crop-specific 120-day cycle starting from the north_northwest Rabi anchor.,,https://www.kaggle.com/datasets/arjunyadav99/indian-agriculture-crop-production-and-yield,https://en.wikipedia.org/wiki/Rabi_crop
Himachal Pradesh,Moong(Green Gram),Kharif,north_northwest,green_gram,crop_cycle_estimate,6,15,0,9,12,0,90,2010,2010-06-15,2010-09-12,168,10,state_zone+crop+season,v1.0,decided_project_convention,Crop-specific 90-day cycle starting from the north_northwest Kharif anchor.,,https://www.kaggle.com/datasets/arjunyadav99/indian-agriculture-crop-production-and-yield,https://en.wikipedia.org/wiki/Kharif_crop
Himachal Pradesh,Moth,Kharif,north_northwest,moth_bean,crop_cycle_estimate,6,15,0,9,22,0,100,2010,2010-06-15,2010-09-22,29,6,state_zone+crop+season,v1.0,decided_project_convention,Crop-specific 100-day cycle starting from the north_northwest Kharif anchor.,,https://www.kaggle.com/datasets/arjunyadav99/indian-agriculture-crop-production-and-yield,https://en.wikipedia.org/wiki/Kharif_crop
Himachal Pradesh,Onion,Rabi,north_northwest,onion,crop_cycle_estimate,10,30,0,3,28,1,150,2010,2010-10-30,2011-03-28,139,10,state_zone+crop+season,v1.0,decided_project_convention,Crop-specific 150-day cycle starting from the north_northwest Rabi anchor.,,https://www.kaggle.com/datasets/arjunyadav99/indian-agriculture-crop-production-and-yield,https://en.wikipedia.org/wiki/Rabi_crop
Himachal Pradesh,Onion,Whole Year,north_northwest,onion,annual_reporting_window,7,1,0,6,30,1,365,2010,2010-07-01,2011-06-30,37,10,state_zone+crop+season,v1.0,decided_project_convention,Whole Year mapped to the complete July-June crop-year reporting cycle.,Annual reporting window; do not calculate planting/harvest flags.,https://www.kaggle.com/datasets/arjunyadav99/indian-agriculture-crop-production-and-yield,"Project convention based on the recorded Indian crop-season label; Autumn and Winter are treated as crop reporting seasons, not literal meteorological seasons."
Himachal Pradesh,Other Kharif pulses,Kharif,north_northwest,aggregate_kharif_pulses,aggregate_reporting_window,6,15,0,11,30,0,169,2010,2010-06-15,2010-11-30,169,12,state_zone+crop+season,v1.0,decided_project_convention,Aggregate crop category mapped to the complete reporting-season window.,Aggregate crop category; uses the full reporting-season window.,https://www.kaggle.com/datasets/arjunyadav99/indian-agriculture-crop-production-and-yield,https://en.wikipedia.org/wiki/Kharif_crop
Himachal Pradesh,Other Rabi pulses,Rabi,north_northwest,aggregate_rabi_pulses,aggregate_reporting_window,10,15,0,4,30,1,198,2010,2010-10-15,2011-04-30,43,11,state_zone+crop+season,v1.0,decided_project_convention,Aggregate crop category mapped to the complete reporting-season window.,Aggregate crop category; uses the full reporting-season window.,https://www.kaggle.com/datasets/arjunyadav99/indian-agriculture-crop-production-and-yield,https://en.wikipedia.org/wiki/Rabi_crop
Himachal Pradesh,Peas & beans (Pulses),Kharif,north_northwest,other_pulse,crop_cycle_estimate,6,15,0,10,12,0,120,2010,2010-06-15,2010-10-12,174,12,state_zone+crop+season,v1.0,decided_project_convention,Crop-specific 120-day cycle starting from the north_northwest Kharif anchor.,,https://www.kaggle.com/datasets/arjunyadav99/indian-agriculture-crop-production-and-yield,https://en.wikipedia.org/wiki/Kharif_crop
Himachal Pradesh,Peas & beans (Pulses),Rabi,north_northwest,other_pulse,crop_cycle_estimate,10,15,0,2,11,1,120,2010,2010-10-15,2011-02-11,134,12,state_zone+crop+season,v1.0,decided_project_convention,Crop-specific 120-day cycle starting from the north_northwest Rabi anchor.,,https://www.kaggle.com/datasets/arjunyadav99/indian-agriculture-crop-production-and-yield,https://en.wikipedia.org/wiki/Rabi_crop
Himachal Pradesh,Potato,Kharif,north_northwest,potato,crop_cycle_estimate,6,15,0,10,12,0,120,2010,2010-06-15,2010-10-12,135,12,state_zone+crop+season,v1.0,decided_project_convention,Crop-specific 120-day cycle starting from the north_northwest Kharif anchor.,,https://www.kaggle.com/datasets/arjunyadav99/indian-agriculture-crop-production-and-yield,https://en.wikipedia.org/wiki/Kharif_crop
Himachal Pradesh,Potato,Rabi,north_northwest,potato,crop_cycle_estimate,10,30,0,2,26,1,120,2010,2010-10-30,2011-02-26,109,10,state_zone+crop+season,v1.0,decided_project_convention,Crop-specific 120-day cycle starting from the north_northwest Rabi anchor.,,https://www.kaggle.com/datasets/arjunyadav99/indian-agriculture-crop-production-and-yield,https://en.wikipedia.org/wiki/Rabi_crop
Himachal Pradesh,Potato,Whole Year,north_northwest,potato,annual_reporting_window,7,1,0,6,30,1,365,2010,2010-07-01,2011-06-30,146,12,state_zone+crop+season,v1.0,decided_project_convention,Whole Year mapped to the complete July-June crop-year reporting cycle.,Annual reporting window; do not calculate planting/harvest flags.,https://www.kaggle.com/datasets/arjunyadav99/indian-agriculture-crop-production-and-yield,"Project convention based on the recorded Indian crop-season label; Autumn and Winter are treated as crop reporting seasons, not literal meteorological seasons."
Himachal Pradesh,Ragi,Kharif,north_northwest,finger_millet,crop_cycle_estimate,6,15,0,10,12,0,120,2010,2010-06-15,2010-10-12,109,9,state_zone+crop+season,v1.0,decided_project_convention,Crop-specific 120-day cycle starting from the north_northwest Kharif anchor.,,https://www.kaggle.com/datasets/arjunyadav99/indian-agriculture-crop-production-and-yield,https://en.wikipedia.org/wiki/Kharif_crop
Himachal Pradesh,Rapeseed &Mustard,Rabi,north_northwest,rapeseed_mustard,crop_cycle_estimate,10,30,0,3,18,1,140,2010,2010-10-30,2011-03-18,276,12,state_zone+crop+season,v1.0,decided_project_convention,Crop-specific 140-day cycle starting from the north_northwest Rabi anchor.,,https://www.kaggle.com/datasets/arjunyadav99/indian-agriculture-crop-production-and-yield,https://en.wikipedia.org/wiki/Rabi_crop
Himachal Pradesh,Rice,Kharif,north_northwest,rice,crop_cycle_estimate,6,15,0,11,11,0,150,2010,2010-06-15,2010-11-11,319,11,state_zone+crop+season,v1.0,decided_project_convention,Crop-specific 150-day cycle starting from the north_northwest Kharif anchor.,,https://www.kaggle.com/datasets/arjunyadav99/indian-agriculture-crop-production-and-yield,https://en.wikipedia.org/wiki/Kharif_crop
Himachal Pradesh,Sannhamp,Kharif,north_northwest,other_fibre,crop_cycle_estimate,5,16,0,9,22,0,130,2010,2010-05-16,2010-09-22,18,4,state_zone+crop+season,v1.0,decided_project_convention,Crop-specific 130-day cycle starting from the north_northwest Kharif anchor.,,https://www.kaggle.com/datasets/arjunyadav99/indian-agriculture-crop-production-and-yield,https://en.wikipedia.org/wiki/Kharif_crop
Himachal Pradesh,Sannhamp,Whole Year,north_northwest,other_fibre,annual_reporting_window,7,1,0,6,30,1,365,2010,2010-07-01,2011-06-30,6,3,state_zone+crop+season,v1.0,decided_project_convention,Whole Year mapped to the complete July-June crop-year reporting cycle.,Annual reporting window; do not calculate planting/harvest flags.,https://www.kaggle.com/datasets/arjunyadav99/indian-agriculture-crop-production-and-yield,"Project convention based on the recorded Indian crop-season label; Autumn and Winter are treated as crop reporting seasons, not literal meteorological seasons."
Himachal Pradesh,Sesamum,Kharif,north_northwest,sesame,crop_cycle_estimate,6,15,0,9,22,0,100,2010,2010-06-15,2010-09-22,224,10,state_zone+crop+season,v1.0,decided_project_convention,Crop-specific 100-day cycle starting from the north_northwest Kharif anchor.,,https://www.kaggle.com/datasets/arjunyadav99/indian-agriculture-crop-production-and-yield,https://en.wikipedia.org/wiki/Kharif_crop
Himachal Pradesh,Small millets,Kharif,north_northwest,minor_cereal,crop_cycle_estimate,6,15,0,9,27,0,105,2010,2010-06-15,2010-09-27,193,9,state_zone+crop+season,v1.0,decided_project_convention,Crop-specific 105-day cycle starting from the north_northwest Kharif anchor.,,https://www.kaggle.com/datasets/arjunyadav99/indian-agriculture-crop-production-and-yield,https://en.wikipedia.org/wiki/Kharif_crop
Himachal Pradesh,Soyabean,Kharif,north_northwest,soybean,crop_cycle_estimate,6,15,0,10,2,0,110,2010,2010-06-15,2010-10-02,172,9,state_zone+crop+season,v1.0,decided_project_convention,Crop-specific 110-day cycle starting from the north_northwest Kharif anchor.,,https://www.kaggle.com/datasets/arjunyadav99/indian-agriculture-crop-production-and-yield,https://en.wikipedia.org/wiki/Kharif_crop
Himachal Pradesh,Sugarcane,Kharif,north_northwest,sugarcane,crop_cycle_estimate,6,15,0,6,14,1,365,2010,2010-06-15,2011-06-14,28,8,state_zone+crop+season,v1.0,decided_project_convention,Crop-specific 365-day cycle starting from the north_northwest Kharif anchor.,,https://www.kaggle.com/datasets/arjunyadav99/indian-agriculture-crop-production-and-yield,https://en.wikipedia.org/wiki/Kharif_crop
Himachal Pradesh,Sugarcane,Whole Year,north_northwest,sugarcane,annual_reporting_window,7,1,0,6,30,1,365,2010,2010-07-01,2011-06-30,128,8,state_zone+crop+season,v1.0,decided_project_convention,Whole Year mapped to the complete July-June crop-year reporting cycle.,Annual reporting window; do not calculate planting/harvest flags.,https://www.kaggle.com/datasets/arjunyadav99/indian-agriculture-crop-production-and-yield,"Project convention based on the recorded Indian crop-season label; Autumn and Winter are treated as crop reporting seasons, not literal meteorological seasons."
Himachal Pradesh,Tobacco,Kharif,north_northwest,tobacco,crop_cycle_estimate,6,15,0,11,11,0,150,2010,2010-06-15,2010-11-11,4,4,state_zone+crop+season,v1.0,decided_project_convention,Crop-specific 150-day cycle starting from the north_northwest Kharif anchor.,,https://www.kaggle.com/datasets/arjunyadav99/indian-agriculture-crop-production-and-yield,https://en.wikipedia.org/wiki/Kharif_crop
Himachal Pradesh,Tobacco,Whole Year,north_northwest,tobacco,annual_reporting_window,7,1,0,6,30,1,365,2010,2010-07-01,2011-06-30,14,4,state_zone+crop+season,v1.0,decided_project_convention,Whole Year mapped to the complete July-June crop-year reporting cycle.,Annual reporting window; do not calculate planting/harvest flags.,https://www.kaggle.com/datasets/arjunyadav99/indian-agriculture-crop-production-and-yield,"Project convention based on the recorded Indian crop-season label; Autumn and Winter are treated as crop reporting seasons, not literal meteorological seasons."
Himachal Pradesh,Turmeric,Kharif,north_northwest,turmeric,crop_cycle_estimate,6,15,0,3,11,1,270,2010,2010-06-15,2011-03-11,93,9,state_zone+crop+season,v1.0,decided_project_convention,Crop-specific 270-day cycle starting from the north_northwest Kharif anchor.,,https://www.kaggle.com/datasets/arjunyadav99/indian-agriculture-crop-production-and-yield,https://en.wikipedia.org/wiki/Kharif_crop
Himachal Pradesh,Turmeric,Whole Year,north_northwest,turmeric,annual_reporting_window,7,1,0,6,30,1,365,2010,2010-07-01,2011-06-30,50,8,state_zone+crop+season,v1.0,decided_project_convention,Whole Year mapped to the complete July-June crop-year reporting cycle.,Annual reporting window; do not calculate planting/harvest flags.,https://www.kaggle.com/datasets/arjunyadav99/indian-agriculture-crop-production-and-yield,"Project convention based on the recorded Indian crop-season label; Autumn and Winter are treated as crop reporting seasons, not literal meteorological seasons."
Himachal Pradesh,Urad,Kharif,north_northwest,black_gram,crop_cycle_estimate,6,15,0,9,17,0,95,2010,2010-06-15,2010-09-17,273,11,state_zone+crop+season,v1.0,decided_project_convention,Crop-specific 95-day cycle starting from the north_northwest Kharif anchor.,,https://www.kaggle.com/datasets/arjunyadav99/indian-agriculture-crop-production-and-yield,https://en.wikipedia.org/wiki/Kharif_crop
Himachal Pradesh,Wheat,Rabi,north_northwest,wheat,crop_cycle_estimate,10,30,0,3,28,1,150,2010,2010-10-30,2011-03-28,348,12,state_zone+crop+season,v1.0,decided_project_convention,Crop-specific 150-day cycle starting from the north_northwest Rabi anchor.,,https://www.kaggle.com/datasets/arjunyadav99/indian-agriculture-crop-production-and-yield,https://en.wikipedia.org/wiki/Rabi_crop
Jammu and Kashmir,Arhar/Tur,Rabi,north_northwest,pigeon_pea,crop_cycle_estimate,10,15,0,3,13,1,150,2010,2010-10-15,2011-03-13,3,2,state_zone+crop+season,v1.0,decided_project_convention,Crop-specific 150-day cycle starting from the north_northwest Rabi anchor.,,https://www.kaggle.com/datasets/arjunyadav99/indian-agriculture-crop-production-and-yield,https://en.wikipedia.org/wiki/Rabi_crop
Jammu and Kashmir,Bajra,Kharif,north_northwest,pearl_millet,crop_cycle_estimate,6,15,0,9,22,0,100,2010,2010-06-15,2010-09-22,118,10,state_zone+crop+season,v1.0,decided_project_convention,Crop-specific 100-day cycle starting from the north_northwest Kharif anchor.,,https://www.kaggle.com/datasets/arjunyadav99/indian-agriculture-crop-production-and-yield,https://en.wikipedia.org/wiki/Kharif_crop
Jammu and Kashmir,Barley,Kharif,north_northwest,barley,crop_cycle_estimate,6,15,0,10,22,0,130,2010,2010-06-15,2010-10-22,26,5,state_zone+crop+season,v1.0,decided_project_convention,Crop-specific 130-day cycle starting from the north_northwest Kharif anchor.,,https://www.kaggle.com/datasets/arjunyadav99/indian-agriculture-crop-production-and-yield,https://en.wikipedia.org/wiki/Kharif_crop
Jammu and Kashmir,Barley,Rabi,north_northwest,barley,crop_cycle_estimate,10,30,0,3,8,1,130,2010,2010-10-30,2011-03-08,179,14,state_zone+crop+season,v1.0,decided_project_convention,Crop-specific 130-day cycle starting from the north_northwest Rabi anchor.,,https://www.kaggle.com/datasets/arjunyadav99/indian-agriculture-crop-production-and-yield,https://en.wikipedia.org/wiki/Rabi_crop
Jammu and Kashmir,Beans & Mutter(Vegetable),Whole Year,north_northwest,vegetable,annual_reporting_window,7,1,0,6,30,1,365,2010,2010-07-01,2011-06-30,6,3,state_zone+crop+season,v1.0,decided_project_convention,Whole Year mapped to the complete July-June crop-year reporting cycle.,Annual reporting window; do not calculate planting/harvest flags.,https://www.kaggle.com/datasets/arjunyadav99/indian-agriculture-crop-production-and-yield,"Project convention based on the recorded Indian crop-season label; Autumn and Winter are treated as crop reporting seasons, not literal meteorological seasons."
Jammu and Kashmir,Carrot,Whole Year,north_northwest,vegetable,annual_reporting_window,7,1,0,6,30,1,365,2010,2010-07-01,2011-06-30,2,1,state_zone+crop+season,v1.0,decided_project_convention,Whole Year mapped to the complete July-June crop-year reporting cycle.,Annual reporting window; do not calculate planting/harvest flags.,https://www.kaggle.com/datasets/arjunyadav99/indian-agriculture-crop-production-and-yield,"Project convention based on the recorded Indian crop-season label; Autumn and Winter are treated as crop reporting seasons, not literal meteorological seasons."
Jammu and Kashmir,Cond-spcs other,Kharif,north_northwest,other_spice,crop_cycle_estimate,6,15,0,12,11,0,180,2010,2010-06-15,2010-12-11,10,10,state_zone+crop+season,v1.0,decided_project_convention,Crop-specific 180-day cycle starting from the north_northwest Kharif anchor.,,https://www.kaggle.com/datasets/arjunyadav99/indian-agriculture-crop-production-and-yield,https://en.wikipedia.org/wiki/Kharif_crop
Jammu and Kashmir,Cond-spcs other,Rabi,north_northwest,other_spice,crop_cycle_estimate,10,15,0,4,12,1,180,2010,2010-10-15,2011-04-12,8,8,state_zone+crop+season,v1.0,decided_project_convention,Crop-specific 180-day cycle starting from the north_northwest Rabi anchor.,,https://www.kaggle.com/datasets/arjunyadav99/indian-agriculture-crop-production-and-yield,https://en.wikipedia.org/wiki/Rabi_crop
Jammu and Kashmir,Coriander,Rabi,north_northwest,coriander,crop_cycle_estimate,10,15,0,2,11,1,120,2010,2010-10-15,2011-02-11,4,2,state_zone+crop+season,v1.0,decided_project_convention,Crop-specific 120-day cycle starting from the north_northwest Rabi anchor.,,https://www.kaggle.com/datasets/arjunyadav99/indian-agriculture-crop-production-and-yield,https://en.wikipedia.org/wiki/Rabi_crop
Jammu and Kashmir,Cotton(lint),Kharif,north_northwest,cotton,crop_cycle_estimate,5,31,0,12,26,0,210,2010,2010-05-31,2010-12-26,43,6,state_zone+crop+season,v1.0,decided_project_convention,Crop-specific 210-day cycle starting from the north_northwest Kharif anchor.,,https://www.kaggle.com/datasets/arjunyadav99/indian-agriculture-crop-production-and-yield,https://en.wikipedia.org/wiki/Kharif_crop
Jammu and Kashmir,Cowpea(Lobia),Kharif,north_northwest,cowpea,crop_cycle_estimate,6,15,0,9,22,0,100,2010,2010-06-15,2010-09-22,4,3,state_zone+crop+season,v1.0,decided_project_convention,Crop-specific 100-day cycle starting from the north_northwest Kharif anchor.,,https://www.kaggle.com/datasets/arjunyadav99/indian-agriculture-crop-production-and-yield,https://en.wikipedia.org/wiki/Kharif_crop
Jammu and Kashmir,Cowpea(Lobia),Rabi,north_northwest,cowpea,crop_cycle_estimate,10,15,0,1,22,1,100,2010,2010-10-15,2011-01-22,3,2,state_zone+crop+season,v1.0,decided_project_convention,Crop-specific 100-day cycle starting from the north_northwest Rabi anchor.,,https://www.kaggle.com/datasets/arjunyadav99/indian-agriculture-crop-production-and-yield,https://en.wikipedia.org/wiki/Rabi_crop
Jammu and Kashmir,Dry chillies,Kharif,north_northwest,chilli,crop_cycle_estimate,6,15,0,12,11,0,180,2010,2010-06-15,2010-12-11,103,12,state_zone+crop+season,v1.0,decided_project_convention,Crop-specific 180-day cycle starting from the north_northwest Kharif anchor.,,https://www.kaggle.com/datasets/arjunyadav99/indian-agriculture-crop-production-and-yield,https://en.wikipedia.org/wiki/Kharif_crop
Jammu and Kashmir,Dry chillies,Whole Year,north_northwest,chilli,annual_reporting_window,7,1,0,6,30,1,365,2010,2010-07-01,2011-06-30,16,8,state_zone+crop+season,v1.0,decided_project_convention,Whole Year mapped to the complete July-June crop-year reporting cycle.,Annual reporting window; do not calculate planting/harvest flags.,https://www.kaggle.com/datasets/arjunyadav99/indian-agriculture-crop-production-and-yield,"Project convention based on the recorded Indian crop-season label; Autumn and Winter are treated as crop reporting seasons, not literal meteorological seasons."
Jammu and Kashmir,Dry ginger,Kharif,north_northwest,ginger,crop_cycle_estimate,6,15,0,2,9,1,240,2010,2010-06-15,2011-02-09,11,5,state_zone+crop+season,v1.0,decided_project_convention,Crop-specific 240-day cycle starting from the north_northwest Kharif anchor.,,https://www.kaggle.com/datasets/arjunyadav99/indian-agriculture-crop-production-and-yield,https://en.wikipedia.org/wiki/Kharif_crop
Jammu and Kashmir,Garlic,Kharif,north_northwest,garlic,crop_cycle_estimate,6,15,0,11,11,0,150,2010,2010-06-15,2010-11-11,11,3,state_zone+crop+season,v1.0,decided_project_convention,Crop-specific 150-day cycle starting from the north_northwest Kharif anchor.,,https://www.kaggle.com/datasets/arjunyadav99/indian-agriculture-crop-production-and-yield,https://en.wikipedia.org/wiki/Kharif_crop
Jammu and Kashmir,Garlic,Rabi,north_northwest,garlic,crop_cycle_estimate,10,30,0,3,28,1,150,2010,2010-10-30,2011-03-28,98,10,state_zone+crop+season,v1.0,decided_project_convention,Crop-specific 150-day cycle starting from the north_northwest Rabi anchor.,,https://www.kaggle.com/datasets/arjunyadav99/indian-agriculture-crop-production-and-yield,https://en.wikipedia.org/wiki/Rabi_crop
Jammu and Kashmir,Garlic,Whole Year,north_northwest,garlic,annual_reporting_window,7,1,0,6,30,1,365,2010,2010-07-01,2011-06-30,16,8,state_zone+crop+season,v1.0,decided_project_convention,Whole Year mapped to the complete July-June crop-year reporting cycle.,Annual reporting window; do not calculate planting/harvest flags.,https://www.kaggle.com/datasets/arjunyadav99/indian-agriculture-crop-production-and-yield,"Project convention based on the recorded Indian crop-season label; Autumn and Winter are treated as crop reporting seasons, not literal meteorological seasons."
Jammu and Kashmir,Ginger,Kharif,north_northwest,ginger,crop_cycle_estimate,6,15,0,2,9,1,240,2010,2010-06-15,2011-02-09,25,6,state_zone+crop+season,v1.0,decided_project_convention,Crop-specific 240-day cycle starting from the north_northwest Kharif anchor.,,https://www.kaggle.com/datasets/arjunyadav99/indian-agriculture-crop-production-and-yield,https://en.wikipedia.org/wiki/Kharif_crop
Jammu and Kashmir,Ginger,Rabi,north_northwest,ginger,crop_cycle_estimate,10,15,0,6,11,1,240,2010,2010-10-15,2011-06-11,5,1,state_zone+crop+season,v1.0,decided_project_convention,Crop-specific 240-day cycle starting from the north_northwest Rabi anchor.,,https://www.kaggle.com/datasets/arjunyadav99/indian-agriculture-crop-production-and-yield,https://en.wikipedia.org/wiki/Rabi_crop
Jammu and Kashmir,Gram,Rabi,north_northwest,chickpea,crop_cycle_estimate,10,30,0,3,8,1,130,2010,2010-10-30,2011-03-08,55,8,state_zone+crop+season,v1.0,decided_project_convention,Crop-specific 130-day cycle starting from the north_northwest Rabi anchor.,,https://www.kaggle.com/datasets/arjunyadav99/indian-agriculture-crop-production-and-yield,https://en.wikipedia.org/wiki/Rabi_crop
Jammu and Kashmir,Groundnut,Kharif,north_northwest,groundnut,crop_cycle_estimate,6,15,0,10,12,0,120,2010,2010-06-15,2010-10-12,20,3,state_zone+crop+season,v1.0,decided_project_convention,Crop-specific 120-day cycle starting from the north_northwest Kharif anchor.,,https://www.kaggle.com/datasets/arjunyadav99/indian-agriculture-crop-production-and-yield,https://en.wikipedia.org/wiki/Kharif_crop
Jammu and Kashmir,Horse-gram,Kharif,north_northwest,horse_gram,crop_cycle_estimate,6,15,0,10,2,0,110,2010,2010-06-15,2010-10-02,41,8,state_zone+crop+season,v1.0,decided_project_convention,Crop-specific 110-day cycle starting from the north_northwest Kharif anchor.,,https://www.kaggle.com/datasets/arjunyadav99/indian-agriculture-crop-production-and-yield,https://en.wikipedia.org/wiki/Kharif_crop
Jammu and Kashmir,Horse-gram,Rabi,north_northwest,horse_gram,crop_cycle_estimate,10,15,0,2,1,1,110,2010,2010-10-15,2011-02-01,1,1,state_zone+crop+season,v1.0,decided_project_convention,Crop-specific 110-day cycle starting from the north_northwest Rabi anchor.,,https://www.kaggle.com/datasets/arjunyadav99/indian-agriculture-crop-production-and-yield,https://en.wikipedia.org/wiki/Rabi_crop
Jammu and Kashmir,Jowar,Kharif,north_northwest,sorghum,crop_cycle_estimate,6,15,0,10,12,0,120,2010,2010-06-15,2010-10-12,17,4,state_zone+crop+season,v1.0,decided_project_convention,Crop-specific 120-day cycle starting from the north_northwest Kharif anchor.,,https://www.kaggle.com/datasets/arjunyadav99/indian-agriculture-crop-production-and-yield,https://en.wikipedia.org/wiki/Kharif_crop
Jammu and Kashmir,Linseed,Kharif,north_northwest,linseed,crop_cycle_estimate,6,15,0,10,22,0,130,2010,2010-06-15,2010-10-22,1,1,state_zone+crop+season,v1.0,decided_project_convention,Crop-specific 130-day cycle starting from the north_northwest Kharif anchor.,,https://www.kaggle.com/datasets/arjunyadav99/indian-agriculture-crop-production-and-yield,https://en.wikipedia.org/wiki/Kharif_crop
Jammu and Kashmir,Linseed,Rabi,north_northwest,linseed,crop_cycle_estimate,10,30,0,3,8,1,130,2010,2010-10-30,2011-03-08,139,14,state_zone+crop+season,v1.0,decided_project_convention,Crop-specific 130-day cycle starting from the north_northwest Rabi anchor.,,https://www.kaggle.com/datasets/arjunyadav99/indian-agriculture-crop-production-and-yield,https://en.wikipedia.org/wiki/Rabi_crop
Jammu and Kashmir,Maize,Kharif,north_northwest,maize,crop_cycle_estimate,6,15,0,10,12,0,120,2010,2010-06-15,2010-10-12,364,21,state_zone+crop+season,v1.0,decided_project_convention,Crop-specific 120-day cycle starting from the north_northwest Kharif anchor.,,https://www.kaggle.com/datasets/arjunyadav99/indian-agriculture-crop-production-and-yield,https://en.wikipedia.org/wiki/Kharif_crop
Jammu and Kashmir,Masoor,Kharif,north_northwest,lentil,crop_cycle_estimate,6,15,0,10,12,0,120,2010,2010-06-15,2010-10-12,12,3,state_zone+crop+season,v1.0,decided_project_convention,Crop-specific 120-day cycle starting from the north_northwest Kharif anchor.,,https://www.kaggle.com/datasets/arjunyadav99/indian-agriculture-crop-production-and-yield,https://en.wikipedia.org/wiki/Kharif_crop
Jammu and Kashmir,Masoor,Rabi,north_northwest,lentil,crop_cycle_estimate,10,15,0,2,11,1,120,2010,2010-10-15,2011-02-11,71,10,state_zone+crop+season,v1.0,decided_project_convention,Crop-specific 120-day cycle starting from the north_northwest Rabi anchor.,,https://www.kaggle.com/datasets/arjunyadav99/indian-agriculture-crop-production-and-yield,https://en.wikipedia.org/wiki/Rabi_crop
Jammu and Kashmir,Moong(Green Gram),Kharif,north_northwest,green_gram,crop_cycle_estimate,6,15,0,9,12,0,90,2010,2010-06-15,2010-09-12,176,16,state_zone+crop+season,v1.0,decided_project_convention,Crop-specific 90-day cycle starting from the north_northwest Kharif anchor.,,https://www.kaggle.com/datasets/arjunyadav99/indian-agriculture-crop-production-and-yield,https://en.wikipedia.org/wiki/Kharif_crop
Jammu and Kashmir,Moong(Green Gram),Rabi,north_northwest,green_gram,crop_cycle_estimate,10,15,0,1,12,1,90,2010,2010-10-15,2011-01-12,8,3,state_zone+crop+season,v1.0,decided_project_convention,Crop-specific 90-day cycle starting from the north_northwest Rabi anchor.,,https://www.kaggle.com/datasets/arjunyadav99/indian-agriculture-crop-production-and-yield,https://en.wikipedia.org/wiki/Rabi_crop
Jammu and Kashmir,Moth,Kharif,north_northwest,moth_bean,crop_cycle_estimate,6,15,0,9,22,0,100,2010,2010-06-15,2010-09-22,70,17,state_zone+crop+season,v1.0,decided_project_convention,Crop-specific 100-day cycle starting from the north_northwest Kharif anchor.,,https://www.kaggle.com/datasets/arjunyadav99/indian-agriculture-crop-production-and-yield,https://en.wikipedia.org/wiki/Kharif_crop
Jammu and Kashmir,Moth,Rabi,north_northwest,moth_bean,crop_cycle_estimate,10,15,0,1,22,1,100,2010,2010-10-15,2011-01-22,5,4,state_zone+crop+season,v1.0,decided_project_convention,Crop-specific 100-day cycle starting from the north_northwest Rabi anchor.,,https://www.kaggle.com/datasets/arjunyadav99/indian-agriculture-crop-production-and-yield,https://en.wikipedia.org/wiki/Rabi_crop
Jammu and Kashmir,Onion,Kharif,north_northwest,onion,crop_cycle_estimate,6,15,0,11,11,0,150,2010,2010-06-15,2010-11-11,45,11,state_zone+crop+season,v1.0,decided_project_convention,Crop-specific 150-day cycle starting from the north_northwest Kharif anchor.,,https://www.kaggle.com/datasets/arjunyadav99/indian-agriculture-crop-production-and-yield,https://en.wikipedia.org/wiki/Kharif_crop
Jammu and Kashmir,Onion,Rabi,north_northwest,onion,crop_cycle_estimate,10,30,0,3,28,1,150,2010,2010-10-30,2011-03-28,84,11,state_zone+crop+season,v1.0,decided_project_convention,Crop-specific 150-day cycle starting from the north_northwest Rabi anchor.,,https://www.kaggle.com/datasets/arjunyadav99/indian-agriculture-crop-production-and-yield,https://en.wikipedia.org/wiki/Rabi_crop
Jammu and Kashmir,Onion,Whole Year,north_northwest,onion,annual_reporting_window,7,1,0,6,30,1,365,2010,2010-07-01,2011-06-30,58,9,state_zone+crop+season,v1.0,decided_project_convention,Whole Year mapped to the complete July-June crop-year reporting cycle.,Annual reporting window; do not calculate planting/harvest flags.,https://www.kaggle.com/datasets/arjunyadav99/indian-agriculture-crop-production-and-yield,"Project convention based on the recorded Indian crop-season label; Autumn and Winter are treated as crop reporting seasons, not literal meteorological seasons."
Jammu and Kashmir,Other Cereals,Kharif,north_northwest,minor_cereal,crop_cycle_estimate,6,15,0,9,27,0,105,2010,2010-06-15,2010-09-27,53,16,state_zone+crop+season,v1.0,decided_project_convention,Crop-specific 105-day cycle starting from the north_northwest Kharif anchor.,,https://www.kaggle.com/datasets/arjunyadav99/indian-agriculture-crop-production-and-yield,https://en.wikipedia.org/wiki/Kharif_crop
Jammu and Kashmir,Other Cereals,Rabi,north_northwest,minor_cereal,crop_cycle_estimate,10,15,0,1,27,1,105,2010,2010-10-15,2011-01-27,19,9,state_zone+crop+season,v1.0,decided_project_convention,Crop-specific 105-day cycle starting from the north_northwest Rabi anchor.,,https://www.kaggle.com/datasets/arjunyadav99/indian-agriculture-crop-production-and-yield,https://en.wikipedia.org/wiki/Rabi_crop
Jammu and Kashmir,Other Cereals & Millets,Kharif,north_northwest,minor_cereal,crop_cycle_estimate,6,15,0,9,27,0,105,2010,2010-06-15,2010-09-27,19,12,state_zone+crop+season,v1.0,decided_project_convention,Crop-specific 105-day cycle starting from the north_northwest Kharif anchor.,,https://www.kaggle.com/datasets/arjunyadav99/indian-agriculture-crop-production-and-yield,https://en.wikipedia.org/wiki/Kharif_crop
Jammu and Kashmir,Other Cereals & Millets,Rabi,north_northwest,minor_cereal,crop_cycle_estimate,10,15,0,1,27,1,105,2010,2010-10-15,2011-01-27,1,1,state_zone+crop+season,v1.0,decided_project_convention,Crop-specific 105-day cycle starting from the north_northwest Rabi anchor.,,https://www.kaggle.com/datasets/arjunyadav99/indian-agriculture-crop-production-and-yield,https://en.wikipedia.org/wiki/Rabi_crop
Jammu and Kashmir,Other Fresh Fruits,Whole Year,north_northwest,fruit_perennial,annual_reporting_window,7,1,0,6,30,1,365,2010,2010-07-01,2011-06-30,24,12,state_zone+crop+season,v1.0,decided_project_convention,Whole Year mapped to the complete July-June crop-year reporting cycle.,Annual reporting window; do not calculate planting/harvest flags.,https://www.kaggle.com/datasets/arjunyadav99/indian-agriculture-crop-production-and-yield,"Project convention based on the recorded Indian crop-season label; Autumn and Winter are treated as crop reporting seasons, not literal meteorological seasons."
Jammu and Kashmir,Other Kharif pulses,Kharif,north_northwest,aggregate_kharif_pulses,aggregate_reporting_window,6,15,0,11,30,0,169,2010,2010-06-15,2010-11-30,194,19,state_zone+crop+season,v1.0,decided_project_convention,Aggregate crop category mapped to the complete reporting-season window.,Aggregate crop category; uses the full reporting-season window.,https://www.kaggle.com/datasets/arjunyadav99/indian-agriculture-crop-production-and-yield,https://en.wikipedia.org/wiki/Kharif_crop
Jammu and Kashmir,Other Rabi pulses,Rabi,north_northwest,aggregate_rabi_pulses,aggregate_reporting_window,10,15,0,4,30,1,198,2010,2010-10-15,2011-04-30,98,15,state_zone+crop+season,v1.0,decided_project_convention,Aggregate crop category mapped to the complete reporting-season window.,Aggregate crop category; uses the full reporting-season window.,https://www.kaggle.com/datasets/arjunyadav99/indian-agriculture-crop-production-and-yield,https://en.wikipedia.org/wiki/Rabi_crop
Jammu and Kashmir,Other Vegetables,Whole Year,north_northwest,vegetable,annual_reporting_window,7,1,0,6,30,1,365,2010,2010-07-01,2011-06-30,27,14,state_zone+crop+season,v1.0,decided_project_convention,Whole Year mapped to the complete July-June crop-year reporting cycle.,Annual reporting window; do not calculate planting/harvest flags.,https://www.kaggle.com/datasets/arjunyadav99/indian-agriculture-crop-production-and-yield,"Project convention based on the recorded Indian crop-season label; Autumn and Winter are treated as crop reporting seasons, not literal meteorological seasons."
Jammu and Kashmir,Peas & beans (Pulses),Kharif,north_northwest,other_pulse,crop_cycle_estimate,6,15,0,10,12,0,120,2010,2010-06-15,2010-10-12,30,8,state_zone+crop+season,v1.0,decided_project_convention,Crop-specific 120-day cycle starting from the north_northwest Kharif anchor.,,https://www.kaggle.com/datasets/arjunyadav99/indian-agriculture-crop-production-and-yield,https://en.wikipedia.org/wiki/Kharif_crop
Jammu and Kashmir,Peas & beans (Pulses),Rabi,north_northwest,other_pulse,crop_cycle_estimate,10,15,0,2,11,1,120,2010,2010-10-15,2011-02-11,236,17,state_zone+crop+season,v1.0,decided_project_convention,Crop-specific 120-day cycle starting from the north_northwest Rabi anchor.,,https://www.kaggle.com/datasets/arjunyadav99/indian-agriculture-crop-production-and-yield,https://en.wikipedia.org/wiki/Rabi_crop
Jammu and Kashmir,Potato,Kharif,north_northwest,potato,crop_cycle_estimate,6,15,0,10,12,0,120,2010,2010-06-15,2010-10-12,157,20,state_zone+crop+season,v1.0,decided_project_convention,Crop-specific 120-day cycle starting from the north_northwest Kharif anchor.,,https://www.kaggle.com/datasets/arjunyadav99/indian-agriculture-crop-production-and-yield,https://en.wikipedia.org/wiki/Kharif_crop
Jammu and Kashmir,Potato,Rabi,north_northwest,potato,crop_cycle_estimate,10,30,0,2,26,1,120,2010,2010-10-30,2011-02-26,127,15,state_zone+crop+season,v1.0,decided_project_convention,Crop-specific 120-day cycle starting from the north_northwest Rabi anchor.,,https://www.kaggle.com/datasets/arjunyadav99/indian-agriculture-crop-production-and-yield,https://en.wikipedia.org/wiki/Rabi_crop
Jammu and Kashmir,Potato,Whole Year,north_northwest,potato,annual_reporting_window,7,1,0,6,30,1,365,2010,2010-07-01,2011-06-30,76,13,state_zone+crop+season,v1.0,decided_project_convention,Whole Year mapped to the complete July-June crop-year reporting cycle.,Annual reporting window; do not calculate planting/harvest flags.,https://www.kaggle.com/datasets/arjunyadav99/indian-agriculture-crop-production-and-yield,"Project convention based on the recorded Indian crop-season label; Autumn and Winter are treated as crop reporting seasons, not literal meteorological seasons."
Jammu and Kashmir,Rapeseed &Mustard,Kharif,north_northwest,rapeseed_mustard,crop_cycle_estimate,6,15,0,11,1,0,140,2010,2010-06-15,2010-11-01,4,2,state_zone+crop+season,v1.0,decided_project_convention,Crop-specific 140-day cycle starting from the north_northwest Kharif anchor.,,https://www.kaggle.com/datasets/arjunyadav99/indian-agriculture-crop-production-and-yield,https://en.wikipedia.org/wiki/Kharif_crop
Jammu and Kashmir,Rapeseed &Mustard,Rabi,north_northwest,rapeseed_mustard,crop_cycle_estimate,10,30,0,3,18,1,140,2010,2010-10-30,2011-03-18,340,21,state_zone+crop+season,v1.0,decided_project_convention,Crop-specific 140-day cycle starting from the north_northwest Rabi anchor.,,https://www.kaggle.com/datasets/arjunyadav99/indian-agriculture-crop-production-and-yield,https://en.wikipedia.org/wiki/Rabi_crop
Jammu and Kashmir,Redish,Whole Year,north_northwest,vegetable,annual_reporting_window,7,1,0,6,30,1,365,2010,2010-07-01,2011-06-30,2,1,state_zone+crop+season,v1.0,decided_project_convention,Whole Year mapped to the complete July-June crop-year reporting cycle.,Annual reporting window; do not calculate planting/harvest flags.,https://www.kaggle.com/datasets/arjunyadav99/indian-agriculture-crop-production-and-yield,"Project convention based on the recorded Indian crop-season label; Autumn and Winter are treated as crop reporting seasons, not literal meteorological seasons."
Jammu and Kashmir,Rice,Kharif,north_northwest,rice,crop_cycle_estimate,6,15,0,11,11,0,150,2010,2010-06-15,2010-11-11,362,20,state_zone+crop+season,v1.0,decided_project_convention,Crop-specific 150-day cycle starting from the north_northwest Kharif anchor.,,https://www.kaggle.com/datasets/arjunyadav99/indian-agriculture-crop-production-and-yield,https://en.wikipedia.org/wiki/Kharif_crop
Jammu and Kashmir,Sannhamp,Kharif,north_northwest,other_fibre,crop_cycle_estimate,5,16,0,9,22,0,130,2010,2010-05-16,2010-09-22,45,7,state_zone+crop+season,v1.0,decided_project_convention,Crop-specific 130-day cycle starting from the north_northwest Kharif anchor.,,https://www.kaggle.com/datasets/arjunyadav99/indian-agriculture-crop-production-and-yield,https://en.wikipedia.org/wiki/Kharif_crop
Jammu and Kashmir,Sannhamp,Whole Year,north_northwest,other_fibre,annual_reporting_window,7,1,0,6,30,1,365,2010,2010-07-01,2011-06-30,30,5,state_zone+crop+season,v1.0,decided_project_convention,Whole Year mapped to the complete July-June crop-year reporting cycle.,Annual reporting window; do not calculate planting/harvest flags.,https://www.kaggle.com/datasets/arjunyadav99/indian-agriculture-crop-production-and-yield,"Project convention based on the recorded Indian crop-season label; Autumn and Winter are treated as crop reporting seasons, not literal meteorological seasons."
Jammu and Kashmir,Sesamum,Kharif,north_northwest,sesame,crop_cycle_estimate,6,15,0,9,22,0,100,2010,2010-06-15,2010-09-22,102,7,state_zone+crop+season,v1.0,decided_project_convention,Crop-specific 100-day cycle starting from the north_northwest Kharif anchor.,,https://www.kaggle.com/datasets/arjunyadav99/indian-agriculture-crop-production-and-yield,https://en.wikipedia.org/wiki/Kharif_crop
Jammu and Kashmir,Small millets,Kharif,north_northwest,minor_cereal,crop_cycle_estimate,6,15,0,9,27,0,105,2010,2010-06-15,2010-09-27,49,13,state_zone+crop+season,v1.0,decided_project_convention,Crop-specific 105-day cycle starting from the north_northwest Kharif anchor.,,https://www.kaggle.com/datasets/arjunyadav99/indian-agriculture-crop-production-and-yield,https://en.wikipedia.org/wiki/Kharif_crop
Jammu and Kashmir,Small millets,Rabi,north_northwest,minor_cereal,crop_cycle_estimate,10,15,0,1,27,1,105,2010,2010-10-15,2011-01-27,2,2,state_zone+crop+season,v1.0,decided_project_convention,Crop-specific 105-day cycle starting from the north_northwest Rabi anchor.,,https://www.kaggle.com/datasets/arjunyadav99/indian-agriculture-crop-production-and-yield,https://en.wikipedia.org/wiki/Rabi_crop
Jammu and Kashmir,Sugarcane,Kharif,north_northwest,sugarcane,crop_cycle_estimate,6,15,0,6,14,1,365,2010,2010-06-15,2011-06-14,23,4,state_zone+crop+season,v1.0,decided_project_convention,Crop-specific 365-day cycle starting from the north_northwest Kharif anchor.,,https://www.kaggle.com/datasets/arjunyadav99/indian-agriculture-crop-production-and-yield,https://en.wikipedia.org/wiki/Kharif_crop
Jammu and Kashmir,Sugarcane,Whole Year,north_northwest,sugarcane,annual_reporting_window,7,1,0,6,30,1,365,2010,2010-07-01,2011-06-30,38,4,state_zone+crop+season,v1.0,decided_project_convention,Whole Year mapped to the complete July-June crop-year reporting cycle.,Annual reporting window; do not calculate planting/harvest flags.,https://www.kaggle.com/datasets/arjunyadav99/indian-agriculture-crop-production-and-yield,"Project convention based on the recorded Indian crop-season label; Autumn and Winter are treated as crop reporting seasons, not literal meteorological seasons."
Jammu and Kashmir,Tobacco,Kharif,north_northwest,tobacco,crop_cycle_estimate,6,15,0,11,11,0,150,2010,2010-06-15,2010-11-11,15,2,state_zone+crop+season,v1.0,decided_project_convention,Crop-specific 150-day cycle starting from the north_northwest Kharif anchor.,,https://www.kaggle.com/datasets/arjunyadav99/indian-agriculture-crop-production-and-yield,https://en.wikipedia.org/wiki/Kharif_crop
Jammu and Kashmir,Tobacco,Whole Year,north_northwest,tobacco,annual_reporting_window,7,1,0,6,30,1,365,2010,2010-07-01,2011-06-30,22,4,state_zone+crop+season,v1.0,decided_project_convention,Whole Year mapped to the complete July-June crop-year reporting cycle.,Annual reporting window; do not calculate planting/harvest flags.,https://www.kaggle.com/datasets/arjunyadav99/indian-agriculture-crop-production-and-yield,"Project convention based on the recorded Indian crop-season label; Autumn and Winter are treated as crop reporting seasons, not literal meteorological seasons."
Jammu and Kashmir,Turmeric,Kharif,north_northwest,turmeric,crop_cycle_estimate,6,15,0,3,11,1,270,2010,2010-06-15,2011-03-11,27,5,state_zone+crop+season,v1.0,decided_project_convention,Crop-specific 270-day cycle starting from the north_northwest Kharif anchor.,,https://www.kaggle.com/datasets/arjunyadav99/indian-agriculture-crop-production-and-yield,https://en.wikipedia.org/wiki/Kharif_crop
Jammu and Kashmir,Turmeric,Rabi,north_northwest,turmeric,crop_cycle_estimate,10,15,0,7,11,1,270,2010,2010-10-15,2011-07-11,5,1,state_zone+crop+season,v1.0,decided_project_convention,Crop-specific 270-day cycle starting from the north_northwest Rabi anchor.,,https://www.kaggle.com/datasets/arjunyadav99/indian-agriculture-crop-production-and-yield,https://en.wikipedia.org/wiki/Rabi_crop
Jammu and Kashmir,Turmeric,Whole Year,north_northwest,turmeric,annual_reporting_window,7,1,0,6,30,1,365,2010,2010-07-01,2011-06-30,6,3,state_zone+crop+season,v1.0,decided_project_convention,Whole Year mapped to the complete July-June crop-year reporting cycle.,Annual reporting window; do not calculate planting/harvest flags.,https://www.kaggle.com/datasets/arjunyadav99/indian-agriculture-crop-production-and-yield,"Project convention based on the recorded Indian crop-season label; Autumn and Winter are treated as crop reporting seasons, not literal meteorological seasons."
Jammu and Kashmir,Turnip,Whole Year,north_northwest,vegetable,annual_reporting_window,7,1,0,6,30,1,365,2010,2010-07-01,2011-06-30,6,3,state_zone+crop+season,v1.0,decided_project_convention,Whole Year mapped to the complete July-June crop-year reporting cycle.,Annual reporting window; do not calculate planting/harvest flags.,https://www.kaggle.com/datasets/arjunyadav99/indian-agriculture-crop-production-and-yield,"Project convention based on the recorded Indian crop-season label; Autumn and Winter are treated as crop reporting seasons, not literal meteorological seasons."
Jammu and Kashmir,Urad,Kharif,north_northwest,black_gram,crop_cycle_estimate,6,15,0,9,17,0,95,2010,2010-06-15,2010-09-17,200,16,state_zone+crop+season,v1.0,decided_project_convention,Crop-specific 95-day cycle starting from the north_northwest Kharif anchor.,,https://www.kaggle.com/datasets/arjunyadav99/indian-agriculture-crop-production-and-yield,https://en.wikipedia.org/wiki/Kharif_crop
Jammu and Kashmir,Urad,Rabi,north_northwest,black_gram,crop_cycle_estimate,10,15,0,1,17,1,95,2010,2010-10-15,2011-01-17,2,1,state_zone+crop+season,v1.0,decided_project_convention,Crop-specific 95-day cycle starting from the north_northwest Rabi anchor.,,https://www.kaggle.com/datasets/arjunyadav99/indian-agriculture-crop-production-and-yield,https://en.wikipedia.org/wiki/Rabi_crop
Jammu and Kashmir,Wheat,Kharif,north_northwest,wheat,crop_cycle_estimate,6,15,0,11,11,0,150,2010,2010-06-15,2010-11-11,6,3,state_zone+crop+season,v1.0,decided_project_convention,Crop-specific 150-day cycle starting from the north_northwest Kharif anchor.,,https://www.kaggle.com/datasets/arjunyadav99/indian-agriculture-crop-production-and-yield,https://en.wikipedia.org/wiki/Kharif_crop
Jammu and Kashmir,Wheat,Rabi,north_northwest,wheat,crop_cycle_estimate,10,30,0,3,28,1,150,2010,2010-10-30,2011-03-28,341,19,state_zone+crop+season,v1.0,decided_project_convention,Crop-specific 150-day cycle starting from the north_northwest Rabi anchor.,,https://www.kaggle.com/datasets/arjunyadav99/indian-agriculture-crop-production-and-yield,https://en.wikipedia.org/wiki/Rabi_crop
Jammu and Kashmir,other oilseeds,Kharif,north_northwest,other_oilseed,crop_cycle_estimate,6,15,0,10,12,0,120,2010,2010-06-15,2010-10-12,18,6,state_zone+crop+season,v1.0,decided_project_convention,Crop-specific 120-day cycle starting from the north_northwest Kharif anchor.,,https://www.kaggle.com/datasets/arjunyadav99/indian-agriculture-crop-production-and-yield,https://en.wikipedia.org/wiki/Kharif_crop
Jammu and Kashmir,other oilseeds,Rabi,north_northwest,other_oilseed,crop_cycle_estimate,10,15,0,2,11,1,120,2010,2010-10-15,2011-02-11,21,8,state_zone+crop+season,v1.0,decided_project_convention,Crop-specific 120-day cycle starting from the north_northwest Rabi anchor.,,https://www.kaggle.com/datasets/arjunyadav99/indian-agriculture-crop-production-and-yield,https://en.wikipedia.org/wiki/Rabi_crop
Jammu and Kashmir,other oilseeds,Whole Year,north_northwest,other_oilseed,annual_reporting_window,7,1,0,6,30,1,365,2010,2010-07-01,2011-06-30,4,2,state_zone+crop+season,v1.0,decided_project_convention,Whole Year mapped to the complete July-June crop-year reporting cycle.,Annual reporting window; do not calculate planting/harvest flags.,https://www.kaggle.com/datasets/arjunyadav99/indian-agriculture-crop-production-and-yield,"Project convention based on the recorded Indian crop-season label; Autumn and Winter are treated as crop reporting seasons, not literal meteorological seasons."
Jharkhand,Arhar/Tur,Kharif,east_northeast,pigeon_pea,crop_cycle_estimate,4,30,0,11,15,0,200,2010,2010-04-30,2010-11-15,32,16,state_zone+crop+season,v1.0,decided_project_convention,Crop-specific 200-day cycle starting from the east_northeast Kharif anchor.,,https://www.kaggle.com/datasets/arjunyadav99/indian-agriculture-crop-production-and-yield,https://en.wikipedia.org/wiki/Kharif_crop
Jharkhand,Arhar/Tur,Rabi,east_northeast,pigeon_pea,crop_cycle_estimate,10,15,0,3,13,1,150,2010,2010-10-15,2011-03-13,360,24,state_zone+crop+season,v1.0,decided_project_convention,Crop-specific 150-day cycle starting from the east_northeast Rabi anchor.,,https://www.kaggle.com/datasets/arjunyadav99/indian-agriculture-crop-production-and-yield,https://en.wikipedia.org/wiki/Rabi_crop
Jharkhand,Arhar/Tur,Winter,east_northeast,pigeon_pea,crop_cycle_estimate,10,15,0,4,12,1,180,2010,2010-10-15,2011-04-12,9,5,state_zone+crop+season,v1.0,decided_project_convention,Crop-specific 180-day cycle starting from the east_northeast Winter anchor.,,https://www.kaggle.com/datasets/arjunyadav99/indian-agriculture-crop-production-and-yield,"Project convention based on the recorded Indian crop-season label; Autumn and Winter are treated as crop reporting seasons, not literal meteorological seasons."
Jharkhand,Barley,Rabi,east_northeast,barley,crop_cycle_estimate,10,30,0,3,8,1,130,2010,2010-10-30,2011-03-08,8,4,state_zone+crop+season,v1.0,decided_project_convention,Crop-specific 130-day cycle starting from the east_northeast Rabi anchor.,,https://www.kaggle.com/datasets/arjunyadav99/indian-agriculture-crop-production-and-yield,https://en.wikipedia.org/wiki/Rabi_crop
Jharkhand,Gram,Rabi,east_northeast,chickpea,crop_cycle_estimate,10,30,0,3,8,1,130,2010,2010-10-30,2011-03-08,405,24,state_zone+crop+season,v1.0,decided_project_convention,Crop-specific 130-day cycle starting from the east_northeast Rabi anchor.,,https://www.kaggle.com/datasets/arjunyadav99/indian-agriculture-crop-production-and-yield,https://en.wikipedia.org/wiki/Rabi_crop
Jharkhand,Maize,Autumn,east_northeast,maize,crop_cycle_estimate,4,1,0,7,29,0,120,2010,2010-04-01,2010-07-29,392,24,state_zone+crop+season,v1.0,decided_project_convention,Crop-specific 120-day cycle starting from the east_northeast Autumn anchor.,,https://www.kaggle.com/datasets/arjunyadav99/indian-agriculture-crop-production-and-yield,"Project convention based on the recorded Indian crop-season label; Autumn and Winter are treated as crop reporting seasons, not literal meteorological seasons."
Jharkhand,Masoor,Rabi,east_northeast,lentil,crop_cycle_estimate,10,15,0,2,11,1,120,2010,2010-10-15,2011-02-11,172,19,state_zone+crop+season,v1.0,decided_project_convention,Crop-specific 120-day cycle starting from the east_northeast Rabi anchor.,,https://www.kaggle.com/datasets/arjunyadav99/indian-agriculture-crop-production-and-yield,https://en.wikipedia.org/wiki/Rabi_crop
Jharkhand,Onion,Rabi,east_northeast,onion,crop_cycle_estimate,10,30,0,3,28,1,150,2010,2010-10-30,2011-03-28,280,24,state_zone+crop+season,v1.0,decided_project_convention,Crop-specific 150-day cycle starting from the east_northeast Rabi anchor.,,https://www.kaggle.com/datasets/arjunyadav99/indian-agriculture-crop-production-and-yield,https://en.wikipedia.org/wiki/Rabi_crop
Jharkhand,Onion,Whole Year,east_northeast,onion,annual_reporting_window,7,1,0,6,30,1,365,2010,2010-07-01,2011-06-30,8,4,state_zone+crop+season,v1.0,decided_project_convention,Whole Year mapped to the complete July-June crop-year reporting cycle.,Annual reporting window; do not calculate planting/harvest flags.,https://www.kaggle.com/datasets/arjunyadav99/indian-agriculture-crop-production-and-yield,"Project convention based on the recorded Indian crop-season label; Autumn and Winter are treated as crop reporting seasons, not literal meteorological seasons."
Jharkhand,Peas & beans (Pulses),Rabi,east_northeast,other_pulse,crop_cycle_estimate,10,15,0,2,11,1,120,2010,2010-10-15,2011-02-11,15,15,state_zone+crop+season,v1.0,decided_project_convention,Crop-specific 120-day cycle starting from the east_northeast Rabi anchor.,,https://www.kaggle.com/datasets/arjunyadav99/indian-agriculture-crop-production-and-yield,https://en.wikipedia.org/wiki/Rabi_crop
Jharkhand,Potato,Rabi,east_northeast,potato,crop_cycle_estimate,10,30,0,2,26,1,120,2010,2010-10-30,2011-02-26,348,24,state_zone+crop+season,v1.0,decided_project_convention,Crop-specific 120-day cycle starting from the east_northeast Rabi anchor.,,https://www.kaggle.com/datasets/arjunyadav99/indian-agriculture-crop-production-and-yield,https://en.wikipedia.org/wiki/Rabi_crop
Jharkhand,Potato,Winter,east_northeast,potato,crop_cycle_estimate,10,15,0,2,11,1,120,2010,2010-10-15,2011-02-11,270,24,state_zone+crop+season,v1.0,decided_project_convention,Crop-specific 120-day cycle starting from the east_northeast Winter anchor.,,https://www.kaggle.com/datasets/arjunyadav99/indian-agriculture-crop-production-and-yield,"Project convention based on the recorded Indian crop-season label; Autumn and Winter are treated as crop reporting seasons, not literal meteorological seasons."
Jharkhand,Ragi,Autumn,east_northeast,finger_millet,crop_cycle_estimate,4,1,0,7,29,0,120,2010,2010-04-01,2010-07-29,255,24,state_zone+crop+season,v1.0,decided_project_convention,Crop-specific 120-day cycle starting from the east_northeast Autumn anchor.,,https://www.kaggle.com/datasets/arjunyadav99/indian-agriculture-crop-production-and-yield,"Project convention based on the recorded Indian crop-season label; Autumn and Winter are treated as crop reporting seasons, not literal meteorological seasons."
Jharkhand,Rapeseed &Mustard,Rabi,east_northeast,rapeseed_mustard,crop_cycle_estimate,10,30,0,3,18,1,140,2010,2010-10-30,2011-03-18,391,24,state_zone+crop+season,v1.0,decided_project_convention,Crop-specific 140-day cycle starting from the east_northeast Rabi anchor.,,https://www.kaggle.com/datasets/arjunyadav99/indian-agriculture-crop-production-and-yield,https://en.wikipedia.org/wiki/Rabi_crop
Jharkhand,Rice,Autumn,east_northeast,rice,crop_cycle_estimate,3,1,0,8,27,0,180,2010,2010-03-01,2010-08-27,335,24,state_zone+crop+season,v1.0,decided_project_convention,Crop-specific 180-day cycle starting from the east_northeast Autumn anchor.,Autumn rice: early rice crop; the window starts well before meteorological autumn.,https://www.kaggle.com/datasets/arjunyadav99/indian-agriculture-crop-production-and-yield,"Project convention based on the recorded Indian crop-season label; Autumn and Winter are treated as crop reporting seasons, not literal meteorological seasons."
Jharkhand,Rice,Winter,east_northeast,rice,crop_cycle_estimate,5,15,0,12,10,0,210,2010,2010-05-15,2010-12-10,400,24,state_zone+crop+season,v1.0,decided_project_convention,Crop-specific 210-day cycle starting from the east_northeast Winter anchor.,Winter rice: long monsoon-to-winter crop; not a December-February-only window.,https://www.kaggle.com/datasets/arjunyadav99/indian-agriculture-crop-production-and-yield,"Project convention based on the recorded Indian crop-season label; Autumn and Winter are treated as crop reporting seasons, not literal meteorological seasons."
Jharkhand,Sugarcane,Whole Year,east_northeast,sugarcane,annual_reporting_window,7,1,0,6,30,1,365,2010,2010-07-01,2011-06-30,86,14,state_zone+crop+season,v1.0,decided_project_convention,Whole Year mapped to the complete July-June crop-year reporting cycle.,Annual reporting window; do not calculate planting/harvest flags.,https://www.kaggle.com/datasets/arjunyadav99/indian-agriculture-crop-production-and-yield,"Project convention based on the recorded Indian crop-season label; Autumn and Winter are treated as crop reporting seasons, not literal meteorological seasons."
Jharkhand,Wheat,Rabi,east_northeast,wheat,crop_cycle_estimate,10,30,0,3,28,1,150,2010,2010-10-30,2011-03-28,444,24,state_zone+crop+season,v1.0,decided_project_convention,Crop-specific 150-day cycle starting from the east_northeast Rabi anchor.,,https://www.kaggle.com/datasets/arjunyadav99/indian-agriculture-crop-production-and-yield,https://en.wikipedia.org/wiki/Rabi_crop
Jharkhand,Wheat,Winter,east_northeast,wheat,crop_cycle_estimate,10,15,0,3,13,1,150,2010,2010-10-15,2011-03-13,13,13,state_zone+crop+season,v1.0,decided_project_convention,Crop-specific 150-day cycle starting from the east_northeast Winter anchor.,,https://www.kaggle.com/datasets/arjunyadav99/indian-agriculture-crop-production-and-yield,"Project convention based on the recorded Indian crop-season label; Autumn and Winter are treated as crop reporting seasons, not literal meteorological seasons."
Karnataka,Arcanut (Processed),Whole Year,south_coastal,arecanut,annual_reporting_window,7,1,0,6,30,1,365,2010,2010-07-01,2011-06-30,20,20,state_zone+crop+season,v1.0,decided_project_convention,Whole Year mapped to the complete July-June crop-year reporting cycle.,Annual reporting window; do not calculate planting/harvest flags.,https://www.kaggle.com/datasets/arjunyadav99/indian-agriculture-crop-production-and-yield,"Project convention based on the recorded Indian crop-season label; Autumn and Winter are treated as crop reporting seasons, not literal meteorological seasons."
Karnataka,Arecanut,Whole Year,south_coastal,arecanut,annual_reporting_window,7,1,0,6,30,1,365,2010,2010-07-01,2011-06-30,658,24,state_zone+crop+season,v1.0,decided_project_convention,Whole Year mapped to the complete July-June crop-year reporting cycle.,Annual reporting window; do not calculate planting/harvest flags.,https://www.kaggle.com/datasets/arjunyadav99/indian-agriculture-crop-production-and-yield,"Project convention based on the recorded Indian crop-season label; Autumn and Winter are treated as crop reporting seasons, not literal meteorological seasons."
Karnataka,Arhar/Tur,Kharif,south_coastal,pigeon_pea,crop_cycle_estimate,4,30,0,11,15,0,200,2010,2010-04-30,2010-11-15,896,28,state_zone+crop+season,v1.0,decided_project_convention,Crop-specific 200-day cycle starting from the south_coastal Kharif anchor.,,https://www.kaggle.com/datasets/arjunyadav99/indian-agriculture-crop-production-and-yield,https://en.wikipedia.org/wiki/Kharif_crop
Karnataka,Atcanut (Raw),Whole Year,south_coastal,arecanut,annual_reporting_window,7,1,0,6,30,1,365,2010,2010-07-01,2011-06-30,20,20,state_zone+crop+season,v1.0,decided_project_convention,Whole Year mapped to the complete July-June crop-year reporting cycle.,Annual reporting window; do not calculate planting/harvest flags.,https://www.kaggle.com/datasets/arjunyadav99/indian-agriculture-crop-production-and-yield,"Project convention based on the recorded Indian crop-season label; Autumn and Winter are treated as crop reporting seasons, not literal meteorological seasons."
Karnataka,Bajra,Kharif,south_coastal,pearl_millet,crop_cycle_estimate,5,15,0,8,22,0,100,2010,2010-05-15,2010-08-22,586,26,state_zone+crop+season,v1.0,decided_project_convention,Crop-specific 100-day cycle starting from the south_coastal Kharif anchor.,,https://www.kaggle.com/datasets/arjunyadav99/indian-agriculture-crop-production-and-yield,https://en.wikipedia.org/wiki/Kharif_crop
Karnataka,Bajra,Rabi,south_coastal,pearl_millet,crop_cycle_estimate,10,1,0,1,8,1,100,2010,2010-10-01,2011-01-08,40,6,state_zone+crop+season,v1.0,decided_project_convention,Crop-specific 100-day cycle starting from the south_coastal Rabi anchor.,,https://www.kaggle.com/datasets/arjunyadav99/indian-agriculture-crop-production-and-yield,https://en.wikipedia.org/wiki/Rabi_crop
Karnataka,Bajra,Summer,south_coastal,pearl_millet,crop_cycle_estimate,2,15,1,5,25,1,100,2010,2011-02-15,2011-05-25,66,8,state_zone+crop+season,v1.0,decided_project_convention,Crop-specific 100-day cycle starting from the south_coastal Summer anchor.,,https://www.kaggle.com/datasets/arjunyadav99/indian-agriculture-crop-production-and-yield,https://en.wikipedia.org/wiki/Zaid_crop
Karnataka,Banana,Whole Year,south_coastal,fruit_perennial,annual_reporting_window,7,1,0,6,30,1,365,2010,2010-07-01,2011-06-30,666,29,state_zone+crop+season,v1.0,decided_project_convention,Whole Year mapped to the complete July-June crop-year reporting cycle.,Annual reporting window; do not calculate planting/harvest flags.,https://www.kaggle.com/datasets/arjunyadav99/indian-agriculture-crop-production-and-yield,"Project convention based on the recorded Indian crop-season label; Autumn and Winter are treated as crop reporting seasons, not literal meteorological seasons."
Karnataka,Beans & Mutter(Vegetable),Whole Year,south_coastal,vegetable,annual_reporting_window,7,1,0,6,30,1,365,2010,2010-07-01,2011-06-30,35,19,state_zone+crop+season,v1.0,decided_project_convention,Whole Year mapped to the complete July-June crop-year reporting cycle.,Annual reporting window; do not calculate planting/harvest flags.,https://www.kaggle.com/datasets/arjunyadav99/indian-agriculture-crop-production-and-yield,"Project convention based on the recorded Indian crop-season label; Autumn and Winter are treated as crop reporting seasons, not literal meteorological seasons."
Karnataka,Black pepper,Kharif,south_coastal,black_pepper,seasonal_reporting_window,5,15,0,11,30,0,200,2010,2010-05-15,2010-11-30,16,8,state_zone+crop+season,v1.0,decided_project_convention,Perennial or plantation crop mapped to its recorded reporting season.,Seasonal reporting window for a perennial/plantation crop; not its full biological life cycle.,https://www.kaggle.com/datasets/arjunyadav99/indian-agriculture-crop-production-and-yield,https://en.wikipedia.org/wiki/Kharif_crop
Karnataka,Black pepper,Whole Year,south_coastal,black_pepper,annual_reporting_window,7,1,0,6,30,1,365,2010,2010-07-01,2011-06-30,440,22,state_zone+crop+season,v1.0,decided_project_convention,Whole Year mapped to the complete July-June crop-year reporting cycle.,Annual reporting window; do not calculate planting/harvest flags.,https://www.kaggle.com/datasets/arjunyadav99/indian-agriculture-crop-production-and-yield,"Project convention based on the recorded Indian crop-season label; Autumn and Winter are treated as crop reporting seasons, not literal meteorological seasons."
Karnataka,Brinjal,Whole Year,south_coastal,vegetable,annual_reporting_window,7,1,0,6,30,1,365,2010,2010-07-01,2011-06-30,54,27,state_zone+crop+season,v1.0,decided_project_convention,Whole Year mapped to the complete July-June crop-year reporting cycle.,Annual reporting window; do not calculate planting/harvest flags.,https://www.kaggle.com/datasets/arjunyadav99/indian-agriculture-crop-production-and-yield,"Project convention based on the recorded Indian crop-season label; Autumn and Winter are treated as crop reporting seasons, not literal meteorological seasons."
Karnataka,Cardamom,Whole Year,south_coastal,cardamom,annual_reporting_window,7,1,0,6,30,1,365,2010,2010-07-01,2011-06-30,226,8,state_zone+crop+season,v1.0,decided_project_convention,Whole Year mapped to the complete July-June crop-year reporting cycle.,Annual reporting window; do not calculate planting/harvest flags.,https://www.kaggle.com/datasets/arjunyadav99/indian-agriculture-crop-production-and-yield,"Project convention based on the recorded Indian crop-season label; Autumn and Winter are treated as crop reporting seasons, not literal meteorological seasons."
Karnataka,Cashewnut,Whole Year,south_coastal,cashew,annual_reporting_window,7,1,0,6,30,1,365,2010,2010-07-01,2011-06-30,308,24,state_zone+crop+season,v1.0,decided_project_convention,Whole Year mapped to the complete July-June crop-year reporting cycle.,Annual reporting window; do not calculate planting/harvest flags.,https://www.kaggle.com/datasets/arjunyadav99/indian-agriculture-crop-production-and-yield,"Project convention based on the recorded Indian crop-season label; Autumn and Winter are treated as crop reporting seasons, not literal meteorological seasons."
Karnataka,Cashewnut Processed,Whole Year,south_coastal,cashew,annual_reporting_window,7,1,0,6,30,1,365,2010,2010-07-01,2011-06-30,21,21,state_zone+crop+season,v1.0,decided_project_convention,Whole Year mapped to the complete July-June crop-year reporting cycle.,Annual reporting window; do not calculate planting/harvest flags.,https://www.kaggle.com/datasets/arjunyadav99/indian-agriculture-crop-production-and-yield,"Project convention based on the recorded Indian crop-season label; Autumn and Winter are treated as crop reporting seasons, not literal meteorological seasons."
Karnataka,Cashewnut Raw,Whole Year,south_coastal,cashew,annual_reporting_window,7,1,0,6,30,1,365,2010,2010-07-01,2011-06-30,21,21,state_zone+crop+season,v1.0,decided_project_convention,Whole Year mapped to the complete July-June crop-year reporting cycle.,Annual reporting window; do not calculate planting/harvest flags.,https://www.kaggle.com/datasets/arjunyadav99/indian-agriculture-crop-production-and-yield,"Project convention based on the recorded Indian crop-season label; Autumn and Winter are treated as crop reporting seasons, not literal meteorological seasons."
Karnataka,Castor seed,Kharif,south_coastal,castor,crop_cycle_estimate,4,30,0,10,26,0,180,2010,2010-04-30,2010-10-26,746,27,state_zone+crop+season,v1.0,decided_project_convention,Crop-specific 180-day cycle starting from the south_coastal Kharif anchor.,,https://www.kaggle.com/datasets/arjunyadav99/indian-agriculture-crop-production-and-yield,https://en.wikipedia.org/wiki/Kharif_crop
Karnataka,Citrus Fruit,Whole Year,south_coastal,fruit_perennial,annual_reporting_window,7,1,0,6,30,1,365,2010,2010-07-01,2011-06-30,52,26,state_zone+crop+season,v1.0,decided_project_convention,Whole Year mapped to the complete July-June crop-year reporting cycle.,Annual reporting window; do not calculate planting/harvest flags.,https://www.kaggle.com/datasets/arjunyadav99/indian-agriculture-crop-production-and-yield,"Project convention based on the recorded Indian crop-season label; Autumn and Winter are treated as crop reporting seasons, not literal meteorological seasons."
Karnataka,Coconut,Whole Year,south_coastal,coconut,annual_reporting_window,7,1,0,6,30,1,365,2010,2010-07-01,2011-06-30,959,30,state_zone+crop+season,v1.0,decided_project_convention,Whole Year mapped to the complete July-June crop-year reporting cycle.,Annual reporting window; do not calculate planting/harvest flags.,https://www.kaggle.com/datasets/arjunyadav99/indian-agriculture-crop-production-and-yield,"Project convention based on the recorded Indian crop-season label; Autumn and Winter are treated as crop reporting seasons, not literal meteorological seasons."
Karnataka,Coriander,Whole Year,south_coastal,coriander,annual_reporting_window,7,1,0,6,30,1,365,2010,2010-07-01,2011-06-30,732,26,state_zone+crop+season,v1.0,decided_project_convention,Whole Year mapped to the complete July-June crop-year reporting cycle.,Annual reporting window; do not calculate planting/harvest flags.,https://www.kaggle.com/datasets/arjunyadav99/indian-agriculture-crop-production-and-yield,"Project convention based on the recorded Indian crop-season label; Autumn and Winter are treated as crop reporting seasons, not literal meteorological seasons."
Karnataka,Cotton(lint),Kharif,south_coastal,cotton,crop_cycle_estimate,4,30,0,11,25,0,210,2010,2010-04-30,2010-11-25,528,28,state_zone+crop+season,v1.0,decided_project_convention,Crop-specific 210-day cycle starting from the south_coastal Kharif anchor.,,https://www.kaggle.com/datasets/arjunyadav99/indian-agriculture-crop-production-and-yield,https://en.wikipedia.org/wiki/Kharif_crop
Karnataka,Cotton(lint),Rabi,south_coastal,cotton,crop_cycle_estimate,10,1,0,3,29,1,180,2010,2010-10-01,2011-03-29,122,16,state_zone+crop+season,v1.0,decided_project_convention,Crop-specific 180-day cycle starting from the south_coastal Rabi anchor.,,https://www.kaggle.com/datasets/arjunyadav99/indian-agriculture-crop-production-and-yield,https://en.wikipedia.org/wiki/Rabi_crop
Karnataka,Cotton(lint),Summer,south_coastal,cotton,crop_cycle_estimate,2,15,1,9,2,1,200,2010,2011-02-15,2011-09-02,46,12,state_zone+crop+season,v1.0,decided_project_convention,Crop-specific 200-day cycle starting from the south_coastal Summer anchor.,,https://www.kaggle.com/datasets/arjunyadav99/indian-agriculture-crop-production-and-yield,https://en.wikipedia.org/wiki/Zaid_crop
Karnataka,Cotton(lint),Whole Year,south_coastal,cotton,annual_reporting_window,7,1,0,6,30,1,365,2010,2010-07-01,2011-06-30,202,21,state_zone+crop+season,v1.0,decided_project_convention,Whole Year mapped to the complete July-June crop-year reporting cycle.,Annual reporting window; do not calculate planting/harvest flags.,https://www.kaggle.com/datasets/arjunyadav99/indian-agriculture-crop-production-and-yield,"Project convention based on the recorded Indian crop-season label; Autumn and Winter are treated as crop reporting seasons, not literal meteorological seasons."
Karnataka,Cowpea(Lobia),Kharif,south_coastal,cowpea,crop_cycle_estimate,5,15,0,8,22,0,100,2010,2010-05-15,2010-08-22,266,28,state_zone+crop+season,v1.0,decided_project_convention,Crop-specific 100-day cycle starting from the south_coastal Kharif anchor.,,https://www.kaggle.com/datasets/arjunyadav99/indian-agriculture-crop-production-and-yield,https://en.wikipedia.org/wiki/Kharif_crop
Karnataka,Cowpea(Lobia),Rabi,south_coastal,cowpea,crop_cycle_estimate,10,1,0,1,8,1,100,2010,2010-10-01,2011-01-08,238,28,state_zone+crop+season,v1.0,decided_project_convention,Crop-specific 100-day cycle starting from the south_coastal Rabi anchor.,,https://www.kaggle.com/datasets/arjunyadav99/indian-agriculture-crop-production-and-yield,https://en.wikipedia.org/wiki/Rabi_crop
Karnataka,Cowpea(Lobia),Summer,south_coastal,cowpea,crop_cycle_estimate,2,15,1,5,25,1,100,2010,2011-02-15,2011-05-25,128,25,state_zone+crop+season,v1.0,decided_project_convention,Crop-specific 100-day cycle starting from the south_coastal Summer anchor.,,https://www.kaggle.com/datasets/arjunyadav99/indian-agriculture-crop-production-and-yield,https://en.wikipedia.org/wiki/Zaid_crop
Karnataka,Dry chillies,Kharif,south_coastal,chilli,crop_cycle_estimate,5,15,0,11,10,0,180,2010,2010-05-15,2010-11-10,486,30,state_zone+crop+season,v1.0,decided_project_convention,Crop-specific 180-day cycle starting from the south_coastal Kharif anchor.,,https://www.kaggle.com/datasets/arjunyadav99/indian-agriculture-crop-production-and-yield,https://en.wikipedia.org/wiki/Kharif_crop
Karnataka,Dry chillies,Rabi,south_coastal,chilli,crop_cycle_estimate,10,1,0,3,29,1,180,2010,2010-10-01,2011-03-29,530,30,state_zone+crop+season,v1.0,decided_project_convention,Crop-specific 180-day cycle starting from the south_coastal Rabi anchor.,,https://www.kaggle.com/datasets/arjunyadav99/indian-agriculture-crop-production-and-yield,https://en.wikipedia.org/wiki/Rabi_crop
Karnataka,Dry chillies,Summer,south_coastal,chilli,crop_cycle_estimate,2,15,1,8,13,1,180,2010,2011-02-15,2011-08-13,452,30,state_zone+crop+season,v1.0,decided_project_convention,Crop-specific 180-day cycle starting from the south_coastal Summer anchor.,,https://www.kaggle.com/datasets/arjunyadav99/indian-agriculture-crop-production-and-yield,https://en.wikipedia.org/wiki/Zaid_crop
Karnataka,Dry chillies,Whole Year,south_coastal,chilli,annual_reporting_window,7,1,0,6,30,1,365,2010,2010-07-01,2011-06-30,430,27,state_zone+crop+season,v1.0,decided_project_convention,Whole Year mapped to the complete July-June crop-year reporting cycle.,Annual reporting window; do not calculate planting/harvest flags.,https://www.kaggle.com/datasets/arjunyadav99/indian-agriculture-crop-production-and-yield,"Project convention based on the recorded Indian crop-season label; Autumn and Winter are treated as crop reporting seasons, not literal meteorological seasons."
Karnataka,Dry ginger,Kharif,south_coastal,ginger,crop_cycle_estimate,5,15,0,1,9,1,240,2010,2010-05-15,2011-01-09,131,22,state_zone+crop+season,v1.0,decided_project_convention,Crop-specific 240-day cycle starting from the south_coastal Kharif anchor.,,https://www.kaggle.com/datasets/arjunyadav99/indian-agriculture-crop-production-and-yield,https://en.wikipedia.org/wiki/Kharif_crop
Karnataka,Dry ginger,Whole Year,south_coastal,ginger,annual_reporting_window,7,1,0,6,30,1,365,2010,2010-07-01,2011-06-30,187,24,state_zone+crop+season,v1.0,decided_project_convention,Whole Year mapped to the complete July-June crop-year reporting cycle.,Annual reporting window; do not calculate planting/harvest flags.,https://www.kaggle.com/datasets/arjunyadav99/indian-agriculture-crop-production-and-yield,"Project convention based on the recorded Indian crop-season label; Autumn and Winter are treated as crop reporting seasons, not literal meteorological seasons."
Karnataka,Garlic,Whole Year,south_coastal,garlic,annual_reporting_window,7,1,0,6,30,1,365,2010,2010-07-01,2011-06-30,506,23,state_zone+crop+season,v1.0,decided_project_convention,Whole Year mapped to the complete July-June crop-year reporting cycle.,Annual reporting window; do not calculate planting/harvest flags.,https://www.kaggle.com/datasets/arjunyadav99/indian-agriculture-crop-production-and-yield,"Project convention based on the recorded Indian crop-season label; Autumn and Winter are treated as crop reporting seasons, not literal meteorological seasons."
Karnataka,Ginger,Kharif,south_coastal,ginger,crop_cycle_estimate,5,15,0,1,9,1,240,2010,2010-05-15,2011-01-09,131,22,state_zone+crop+season,v1.0,decided_project_convention,Crop-specific 240-day cycle starting from the south_coastal Kharif anchor.,,https://www.kaggle.com/datasets/arjunyadav99/indian-agriculture-crop-production-and-yield,https://en.wikipedia.org/wiki/Kharif_crop
Karnataka,Ginger,Whole Year,south_coastal,ginger,annual_reporting_window,7,1,0,6,30,1,365,2010,2010-07-01,2011-06-30,187,24,state_zone+crop+season,v1.0,decided_project_convention,Whole Year mapped to the complete July-June crop-year reporting cycle.,Annual reporting window; do not calculate planting/harvest flags.,https://www.kaggle.com/datasets/arjunyadav99/indian-agriculture-crop-production-and-yield,"Project convention based on the recorded Indian crop-season label; Autumn and Winter are treated as crop reporting seasons, not literal meteorological seasons."
Karnataka,Gram,Kharif,south_coastal,chickpea,crop_cycle_estimate,5,15,0,9,21,0,130,2010,2010-05-15,2010-09-21,92,26,state_zone+crop+season,v1.0,decided_project_convention,Crop-specific 130-day cycle starting from the south_coastal Kharif anchor.,,https://www.kaggle.com/datasets/arjunyadav99/indian-agriculture-crop-production-and-yield,https://en.wikipedia.org/wiki/Kharif_crop
Karnataka,Gram,Rabi,south_coastal,chickpea,crop_cycle_estimate,10,16,0,2,22,1,130,2010,2010-10-16,2011-02-22,830,30,state_zone+crop+season,v1.0,decided_project_convention,Crop-specific 130-day cycle starting from the south_coastal Rabi anchor.,,https://www.kaggle.com/datasets/arjunyadav99/indian-agriculture-crop-production-and-yield,https://en.wikipedia.org/wiki/Rabi_crop
Karnataka,Grapes,Whole Year,south_coastal,fruit_perennial,annual_reporting_window,7,1,0,6,30,1,365,2010,2010-07-01,2011-06-30,30,18,state_zone+crop+season,v1.0,decided_project_convention,Whole Year mapped to the complete July-June crop-year reporting cycle.,Annual reporting window; do not calculate planting/harvest flags.,https://www.kaggle.com/datasets/arjunyadav99/indian-agriculture-crop-production-and-yield,"Project convention based on the recorded Indian crop-season label; Autumn and Winter are treated as crop reporting seasons, not literal meteorological seasons."
Karnataka,Groundnut,Kharif,south_coastal,groundnut,crop_cycle_estimate,5,15,0,9,11,0,120,2010,2010-05-15,2010-09-11,920,29,state_zone+crop+season,v1.0,decided_project_convention,Crop-specific 120-day cycle starting from the south_coastal Kharif anchor.,,https://www.kaggle.com/datasets/arjunyadav99/indian-agriculture-crop-production-and-yield,https://en.wikipedia.org/wiki/Kharif_crop
Karnataka,Groundnut,Rabi,south_coastal,groundnut,crop_cycle_estimate,10,1,0,1,28,1,120,2010,2010-10-01,2011-01-28,750,30,state_zone+crop+season,v1.0,decided_project_convention,Crop-specific 120-day cycle starting from the south_coastal Rabi anchor.,,https://www.kaggle.com/datasets/arjunyadav99/indian-agriculture-crop-production-and-yield,https://en.wikipedia.org/wiki/Rabi_crop
Karnataka,Groundnut,Summer,south_coastal,groundnut,crop_cycle_estimate,2,15,1,6,14,1,120,2010,2011-02-15,2011-06-14,140,27,state_zone+crop+season,v1.0,decided_project_convention,Crop-specific 120-day cycle starting from the south_coastal Summer anchor.,,https://www.kaggle.com/datasets/arjunyadav99/indian-agriculture-crop-production-and-yield,https://en.wikipedia.org/wiki/Zaid_crop
Karnataka,Horse-gram,Kharif,south_coastal,horse_gram,crop_cycle_estimate,5,15,0,9,1,0,110,2010,2010-05-15,2010-09-01,890,30,state_zone+crop+season,v1.0,decided_project_convention,Crop-specific 110-day cycle starting from the south_coastal Kharif anchor.,,https://www.kaggle.com/datasets/arjunyadav99/indian-agriculture-crop-production-and-yield,https://en.wikipedia.org/wiki/Kharif_crop
Karnataka,Horse-gram,Rabi,south_coastal,horse_gram,crop_cycle_estimate,10,1,0,1,18,1,110,2010,2010-10-01,2011-01-18,924,29,state_zone+crop+season,v1.0,decided_project_convention,Crop-specific 110-day cycle starting from the south_coastal Rabi anchor.,,https://www.kaggle.com/datasets/arjunyadav99/indian-agriculture-crop-production-and-yield,https://en.wikipedia.org/wiki/Rabi_crop
Karnataka,Jowar,Kharif,south_coastal,sorghum,crop_cycle_estimate,5,15,0,9,11,0,120,2010,2010-05-15,2010-09-11,750,25,state_zone+crop+season,v1.0,decided_project_convention,Crop-specific 120-day cycle starting from the south_coastal Kharif anchor.,,https://www.kaggle.com/datasets/arjunyadav99/indian-agriculture-crop-production-and-yield,https://en.wikipedia.org/wiki/Kharif_crop
Karnataka,Jowar,Rabi,south_coastal,sorghum,crop_cycle_estimate,10,1,0,1,28,1,120,2010,2010-10-01,2011-01-28,702,23,state_zone+crop+season,v1.0,decided_project_convention,Crop-specific 120-day cycle starting from the south_coastal Rabi anchor.,,https://www.kaggle.com/datasets/arjunyadav99/indian-agriculture-crop-production-and-yield,https://en.wikipedia.org/wiki/Rabi_crop
Karnataka,Jowar,Summer,south_coastal,sorghum,crop_cycle_estimate,2,15,1,6,14,1,120,2010,2011-02-15,2011-06-14,472,21,state_zone+crop+season,v1.0,decided_project_convention,Crop-specific 120-day cycle starting from the south_coastal Summer anchor.,,https://www.kaggle.com/datasets/arjunyadav99/indian-agriculture-crop-production-and-yield,https://en.wikipedia.org/wiki/Zaid_crop
Karnataka,Linseed,Rabi,south_coastal,linseed,crop_cycle_estimate,10,16,0,2,22,1,130,2010,2010-10-16,2011-02-22,455,20,state_zone+crop+season,v1.0,decided_project_convention,Crop-specific 130-day cycle starting from the south_coastal Rabi anchor.,,https://www.kaggle.com/datasets/arjunyadav99/indian-agriculture-crop-production-and-yield,https://en.wikipedia.org/wiki/Rabi_crop
Karnataka,Maize,Kharif,south_coastal,maize,crop_cycle_estimate,5,15,0,9,11,0,120,2010,2010-05-15,2010-09-11,926,28,state_zone+crop+season,v1.0,decided_project_convention,Crop-specific 120-day cycle starting from the south_coastal Kharif anchor.,,https://www.kaggle.com/datasets/arjunyadav99/indian-agriculture-crop-production-and-yield,https://en.wikipedia.org/wiki/Kharif_crop
Karnataka,Maize,Rabi,south_coastal,maize,crop_cycle_estimate,10,1,0,1,28,1,120,2010,2010-10-01,2011-01-28,858,28,state_zone+crop+season,v1.0,decided_project_convention,Crop-specific 120-day cycle starting from the south_coastal Rabi anchor.,,https://www.kaggle.com/datasets/arjunyadav99/indian-agriculture-crop-production-and-yield,https://en.wikipedia.org/wiki/Rabi_crop
Karnataka,Maize,Summer,south_coastal,maize,crop_cycle_estimate,2,15,1,6,14,1,120,2010,2011-02-15,2011-06-14,878,30,state_zone+crop+season,v1.0,decided_project_convention,Crop-specific 120-day cycle starting from the south_coastal Summer anchor.,,https://www.kaggle.com/datasets/arjunyadav99/indian-agriculture-crop-production-and-yield,https://en.wikipedia.org/wiki/Zaid_crop
Karnataka,Mango,Whole Year,south_coastal,fruit_perennial,annual_reporting_window,7,1,0,6,30,1,365,2010,2010-07-01,2011-06-30,54,27,state_zone+crop+season,v1.0,decided_project_convention,Whole Year mapped to the complete July-June crop-year reporting cycle.,Annual reporting window; do not calculate planting/harvest flags.,https://www.kaggle.com/datasets/arjunyadav99/indian-agriculture-crop-production-and-yield,"Project convention based on the recorded Indian crop-season label; Autumn and Winter are treated as crop reporting seasons, not literal meteorological seasons."
Karnataka,Mesta,Kharif,south_coastal,jute_mesta,crop_cycle_estimate,4,15,0,9,11,0,150,2010,2010-04-15,2010-09-11,78,10,state_zone+crop+season,v1.0,decided_project_convention,Crop-specific 150-day cycle starting from the south_coastal Kharif anchor.,,https://www.kaggle.com/datasets/arjunyadav99/indian-agriculture-crop-production-and-yield,https://en.wikipedia.org/wiki/Kharif_crop
Karnataka,Mesta,Whole Year,south_coastal,jute_mesta,annual_reporting_window,7,1,0,6,30,1,365,2010,2010-07-01,2011-06-30,104,10,state_zone+crop+season,v1.0,decided_project_convention,Whole Year mapped to the complete July-June crop-year reporting cycle.,Annual reporting window; do not calculate planting/harvest flags.,https://www.kaggle.com/datasets/arjunyadav99/indian-agriculture-crop-production-and-yield,"Project convention based on the recorded Indian crop-season label; Autumn and Winter are treated as crop reporting seasons, not literal meteorological seasons."
Karnataka,Moong(Green Gram),Kharif,south_coastal,green_gram,crop_cycle_estimate,5,15,0,8,12,0,90,2010,2010-05-15,2010-08-12,798,28,state_zone+crop+season,v1.0,decided_project_convention,Crop-specific 90-day cycle starting from the south_coastal Kharif anchor.,,https://www.kaggle.com/datasets/arjunyadav99/indian-agriculture-crop-production-and-yield,https://en.wikipedia.org/wiki/Kharif_crop
Karnataka,Moong(Green Gram),Rabi,south_coastal,green_gram,crop_cycle_estimate,10,1,0,12,29,0,90,2010,2010-10-01,2010-12-29,520,24,state_zone+crop+season,v1.0,decided_project_convention,Crop-specific 90-day cycle starting from the south_coastal Rabi anchor.,,https://www.kaggle.com/datasets/arjunyadav99/indian-agriculture-crop-production-and-yield,https://en.wikipedia.org/wiki/Rabi_crop
Karnataka,Niger seed,Kharif,south_coastal,niger,crop_cycle_estimate,5,15,0,9,11,0,120,2010,2010-05-15,2010-09-11,814,26,state_zone+crop+season,v1.0,decided_project_convention,Crop-specific 120-day cycle starting from the south_coastal Kharif anchor.,,https://www.kaggle.com/datasets/arjunyadav99/indian-agriculture-crop-production-and-yield,https://en.wikipedia.org/wiki/Kharif_crop
Karnataka,Onion,Kharif,south_coastal,onion,crop_cycle_estimate,5,15,0,10,11,0,150,2010,2010-05-15,2010-10-11,488,26,state_zone+crop+season,v1.0,decided_project_convention,Crop-specific 150-day cycle starting from the south_coastal Kharif anchor.,,https://www.kaggle.com/datasets/arjunyadav99/indian-agriculture-crop-production-and-yield,https://en.wikipedia.org/wiki/Kharif_crop
Karnataka,Onion,Rabi,south_coastal,onion,crop_cycle_estimate,10,16,0,3,14,1,150,2010,2010-10-16,2011-03-14,424,27,state_zone+crop+season,v1.0,decided_project_convention,Crop-specific 150-day cycle starting from the south_coastal Rabi anchor.,,https://www.kaggle.com/datasets/arjunyadav99/indian-agriculture-crop-production-and-yield,https://en.wikipedia.org/wiki/Rabi_crop
Karnataka,Onion,Summer,south_coastal,onion,crop_cycle_estimate,2,15,1,7,14,1,150,2010,2011-02-15,2011-07-14,412,26,state_zone+crop+season,v1.0,decided_project_convention,Crop-specific 150-day cycle starting from the south_coastal Summer anchor.,,https://www.kaggle.com/datasets/arjunyadav99/indian-agriculture-crop-production-and-yield,https://en.wikipedia.org/wiki/Zaid_crop
Karnataka,Onion,Whole Year,south_coastal,onion,annual_reporting_window,7,1,0,6,30,1,365,2010,2010-07-01,2011-06-30,350,26,state_zone+crop+season,v1.0,decided_project_convention,Whole Year mapped to the complete July-June crop-year reporting cycle.,Annual reporting window; do not calculate planting/harvest flags.,https://www.kaggle.com/datasets/arjunyadav99/indian-agriculture-crop-production-and-yield,"Project convention based on the recorded Indian crop-season label; Autumn and Winter are treated as crop reporting seasons, not literal meteorological seasons."
Karnataka,Other Fresh Fruits,Whole Year,south_coastal,fruit_perennial,annual_reporting_window,7,1,0,6,30,1,365,2010,2010-07-01,2011-06-30,54,27,state_zone+crop+season,v1.0,decided_project_convention,Whole Year mapped to the complete July-June crop-year reporting cycle.,Annual reporting window; do not calculate planting/harvest flags.,https://www.kaggle.com/datasets/arjunyadav99/indian-agriculture-crop-production-and-yield,"Project convention based on the recorded Indian crop-season label; Autumn and Winter are treated as crop reporting seasons, not literal meteorological seasons."
Karnataka,Other Kharif pulses,Kharif,south_coastal,aggregate_kharif_pulses,aggregate_reporting_window,5,15,0,11,30,0,200,2010,2010-05-15,2010-11-30,810,30,state_zone+crop+season,v1.0,decided_project_convention,Aggregate crop category mapped to the complete reporting-season window.,Aggregate crop category; uses the full reporting-season window.,https://www.kaggle.com/datasets/arjunyadav99/indian-agriculture-crop-production-and-yield,https://en.wikipedia.org/wiki/Kharif_crop
Karnataka,Other Rabi pulses,Rabi,south_coastal,aggregate_rabi_pulses,aggregate_reporting_window,10,1,0,4,30,1,212,2010,2010-10-01,2011-04-30,772,29,state_zone+crop+season,v1.0,decided_project_convention,Aggregate crop category mapped to the complete reporting-season window.,Aggregate crop category; uses the full reporting-season window.,https://www.kaggle.com/datasets/arjunyadav99/indian-agriculture-crop-production-and-yield,https://en.wikipedia.org/wiki/Rabi_crop
Karnataka,Paddy,Kharif,south_coastal,rice,crop_cycle_estimate,5,15,0,10,11,0,150,2010,2010-05-15,2010-10-11,20,20,state_zone+crop+season,v1.0,decided_project_convention,Crop-specific 150-day cycle starting from the south_coastal Kharif anchor.,,https://www.kaggle.com/datasets/arjunyadav99/indian-agriculture-crop-production-and-yield,https://en.wikipedia.org/wiki/Kharif_crop
Karnataka,Paddy,Rabi,south_coastal,rice,crop_cycle_estimate,10,1,0,2,27,1,150,2010,2010-10-01,2011-02-27,13,13,state_zone+crop+season,v1.0,decided_project_convention,Crop-specific 150-day cycle starting from the south_coastal Rabi anchor.,,https://www.kaggle.com/datasets/arjunyadav99/indian-agriculture-crop-production-and-yield,https://en.wikipedia.org/wiki/Rabi_crop
Karnataka,Paddy,Summer,south_coastal,rice,crop_cycle_estimate,12,1,0,5,29,1,180,2010,2010-12-01,2011-05-29,18,18,state_zone+crop+season,v1.0,decided_project_convention,Crop-specific 180-day cycle starting from the south_coastal Summer anchor.,Summer/Boro rice: winter-starting cycle ending in late spring or early summer.,https://www.kaggle.com/datasets/arjunyadav99/indian-agriculture-crop-production-and-yield,https://en.wikipedia.org/wiki/Zaid_crop
Karnataka,Papaya,Whole Year,south_coastal,fruit_perennial,annual_reporting_window,7,1,0,6,30,1,365,2010,2010-07-01,2011-06-30,23,23,state_zone+crop+season,v1.0,decided_project_convention,Whole Year mapped to the complete July-June crop-year reporting cycle.,Annual reporting window; do not calculate planting/harvest flags.,https://www.kaggle.com/datasets/arjunyadav99/indian-agriculture-crop-production-and-yield,"Project convention based on the recorded Indian crop-season label; Autumn and Winter are treated as crop reporting seasons, not literal meteorological seasons."
Karnataka,Peas & beans (Pulses),Kharif,south_coastal,other_pulse,crop_cycle_estimate,5,15,0,9,11,0,120,2010,2010-05-15,2010-09-11,152,22,state_zone+crop+season,v1.0,decided_project_convention,Crop-specific 120-day cycle starting from the south_coastal Kharif anchor.,,https://www.kaggle.com/datasets/arjunyadav99/indian-agriculture-crop-production-and-yield,https://en.wikipedia.org/wiki/Kharif_crop
Karnataka,Peas & beans (Pulses),Rabi,south_coastal,other_pulse,crop_cycle_estimate,10,1,0,1,28,1,120,2010,2010-10-01,2011-01-28,120,20,state_zone+crop+season,v1.0,decided_project_convention,Crop-specific 120-day cycle starting from the south_coastal Rabi anchor.,,https://www.kaggle.com/datasets/arjunyadav99/indian-agriculture-crop-production-and-yield,https://en.wikipedia.org/wiki/Rabi_crop
Karnataka,Peas & beans (Pulses),Summer,south_coastal,other_pulse,crop_cycle_estimate,2,15,1,6,14,1,120,2010,2011-02-15,2011-06-14,114,20,state_zone+crop+season,v1.0,decided_project_convention,Crop-specific 120-day cycle starting from the south_coastal Summer anchor.,,https://www.kaggle.com/datasets/arjunyadav99/indian-agriculture-crop-production-and-yield,https://en.wikipedia.org/wiki/Zaid_crop
Karnataka,Peas & beans (Pulses),Whole Year,south_coastal,other_pulse,annual_reporting_window,7,1,0,6,30,1,365,2010,2010-07-01,2011-06-30,36,18,state_zone+crop+season,v1.0,decided_project_convention,Whole Year mapped to the complete July-June crop-year reporting cycle.,Annual reporting window; do not calculate planting/harvest flags.,https://www.kaggle.com/datasets/arjunyadav99/indian-agriculture-crop-production-and-yield,"Project convention based on the recorded Indian crop-season label; Autumn and Winter are treated as crop reporting seasons, not literal meteorological seasons."
Karnataka,Pome Fruit,Whole Year,south_coastal,fruit_perennial,annual_reporting_window,7,1,0,6,30,1,365,2010,2010-07-01,2011-06-30,52,27,state_zone+crop+season,v1.0,decided_project_convention,Whole Year mapped to the complete July-June crop-year reporting cycle.,Annual reporting window; do not calculate planting/harvest flags.,https://www.kaggle.com/datasets/arjunyadav99/indian-agriculture-crop-production-and-yield,"Project convention based on the recorded Indian crop-season label; Autumn and Winter are treated as crop reporting seasons, not literal meteorological seasons."
Karnataka,Potato,Kharif,south_coastal,potato,crop_cycle_estimate,5,15,0,9,11,0,120,2010,2010-05-15,2010-09-11,314,21,state_zone+crop+season,v1.0,decided_project_convention,Crop-specific 120-day cycle starting from the south_coastal Kharif anchor.,,https://www.kaggle.com/datasets/arjunyadav99/indian-agriculture-crop-production-and-yield,https://en.wikipedia.org/wiki/Kharif_crop
Karnataka,Potato,Rabi,south_coastal,potato,crop_cycle_estimate,10,16,0,2,12,1,120,2010,2010-10-16,2011-02-12,224,16,state_zone+crop+season,v1.0,decided_project_convention,Crop-specific 120-day cycle starting from the south_coastal Rabi anchor.,,https://www.kaggle.com/datasets/arjunyadav99/indian-agriculture-crop-production-and-yield,https://en.wikipedia.org/wiki/Rabi_crop
Karnataka,Potato,Summer,south_coastal,potato,crop_cycle_estimate,2,15,1,6,14,1,120,2010,2011-02-15,2011-06-14,154,16,state_zone+crop+season,v1.0,decided_project_convention,Crop-specific 120-day cycle starting from the south_coastal Summer anchor.,,https://www.kaggle.com/datasets/arjunyadav99/indian-agriculture-crop-production-and-yield,https://en.wikipedia.org/wiki/Zaid_crop
Karnataka,Potato,Whole Year,south_coastal,potato,annual_reporting_window,7,1,0,6,30,1,365,2010,2010-07-01,2011-06-30,202,18,state_zone+crop+season,v1.0,decided_project_convention,Whole Year mapped to the complete July-June crop-year reporting cycle.,Annual reporting window; do not calculate planting/harvest flags.,https://www.kaggle.com/datasets/arjunyadav99/indian-agriculture-crop-production-and-yield,"Project convention based on the recorded Indian crop-season label; Autumn and Winter are treated as crop reporting seasons, not literal meteorological seasons."
Karnataka,Ragi,Kharif,south_coastal,finger_millet,crop_cycle_estimate,5,15,0,9,11,0,120,2010,2010-05-15,2010-09-11,710,22,state_zone+crop+season,v1.0,decided_project_convention,Crop-specific 120-day cycle starting from the south_coastal Kharif anchor.,,https://www.kaggle.com/datasets/arjunyadav99/indian-agriculture-crop-production-and-yield,https://en.wikipedia.org/wiki/Kharif_crop
Karnataka,Ragi,Rabi,south_coastal,finger_millet,crop_cycle_estimate,10,1,0,1,28,1,120,2010,2010-10-01,2011-01-28,488,19,state_zone+crop+season,v1.0,decided_project_convention,Crop-specific 120-day cycle starting from the south_coastal Rabi anchor.,,https://www.kaggle.com/datasets/arjunyadav99/indian-agriculture-crop-production-and-yield,https://en.wikipedia.org/wiki/Rabi_crop
Karnataka,Ragi,Summer,south_coastal,finger_millet,crop_cycle_estimate,2,15,1,6,14,1,120,2010,2011-02-15,2011-06-14,478,17,state_zone+crop+season,v1.0,decided_project_convention,Crop-specific 120-day cycle starting from the south_coastal Summer anchor.,,https://www.kaggle.com/datasets/arjunyadav99/indian-agriculture-crop-production-and-yield,https://en.wikipedia.org/wiki/Zaid_crop
Karnataka,Rapeseed &Mustard,Kharif,south_coastal,rapeseed_mustard,crop_cycle_estimate,5,15,0,10,1,0,140,2010,2010-05-15,2010-10-01,182,22,state_zone+crop+season,v1.0,decided_project_convention,Crop-specific 140-day cycle starting from the south_coastal Kharif anchor.,,https://www.kaggle.com/datasets/arjunyadav99/indian-agriculture-crop-production-and-yield,https://en.wikipedia.org/wiki/Kharif_crop
Karnataka,Rapeseed &Mustard,Rabi,south_coastal,rapeseed_mustard,crop_cycle_estimate,10,16,0,3,4,1,140,2010,2010-10-16,2011-03-04,392,27,state_zone+crop+season,v1.0,decided_project_convention,Crop-specific 140-day cycle starting from the south_coastal Rabi anchor.,,https://www.kaggle.com/datasets/arjunyadav99/indian-agriculture-crop-production-and-yield,https://en.wikipedia.org/wiki/Rabi_crop
Karnataka,Rice,Kharif,south_coastal,rice,crop_cycle_estimate,5,15,0,10,11,0,150,2010,2010-05-15,2010-10-11,1000,30,state_zone+crop+season,v1.0,decided_project_convention,Crop-specific 150-day cycle starting from the south_coastal Kharif anchor.,,https://www.kaggle.com/datasets/arjunyadav99/indian-agriculture-crop-production-and-yield,https://en.wikipedia.org/wiki/Kharif_crop
Karnataka,Rice,Rabi,south_coastal,rice,crop_cycle_estimate,10,1,0,2,27,1,150,2010,2010-10-01,2011-02-27,488,27,state_zone+crop+season,v1.0,decided_project_convention,Crop-specific 150-day cycle starting from the south_coastal Rabi anchor.,,https://www.kaggle.com/datasets/arjunyadav99/indian-agriculture-crop-production-and-yield,https://en.wikipedia.org/wiki/Rabi_crop
Karnataka,Rice,Summer,south_coastal,rice,crop_cycle_estimate,12,1,0,5,29,1,180,2010,2010-12-01,2011-05-29,902,29,state_zone+crop+season,v1.0,decided_project_convention,Crop-specific 180-day cycle starting from the south_coastal Summer anchor.,Summer/Boro rice: winter-starting cycle ending in late spring or early summer.,https://www.kaggle.com/datasets/arjunyadav99/indian-agriculture-crop-production-and-yield,https://en.wikipedia.org/wiki/Zaid_crop
Karnataka,Safflower,Rabi,south_coastal,safflower,crop_cycle_estimate,10,1,0,2,27,1,150,2010,2010-10-01,2011-02-27,504,18,state_zone+crop+season,v1.0,decided_project_convention,Crop-specific 150-day cycle starting from the south_coastal Rabi anchor.,,https://www.kaggle.com/datasets/arjunyadav99/indian-agriculture-crop-production-and-yield,https://en.wikipedia.org/wiki/Rabi_crop
Karnataka,Sannhamp,Whole Year,south_coastal,other_fibre,annual_reporting_window,7,1,0,6,30,1,365,2010,2010-07-01,2011-06-30,127,16,state_zone+crop+season,v1.0,decided_project_convention,Whole Year mapped to the complete July-June crop-year reporting cycle.,Annual reporting window; do not calculate planting/harvest flags.,https://www.kaggle.com/datasets/arjunyadav99/indian-agriculture-crop-production-and-yield,"Project convention based on the recorded Indian crop-season label; Autumn and Winter are treated as crop reporting seasons, not literal meteorological seasons."
Karnataka,Sesamum,Kharif,south_coastal,sesame,crop_cycle_estimate,5,15,0,8,22,0,100,2010,2010-05-15,2010-08-22,876,29,state_zone+crop+season,v1.0,decided_project_convention,Crop-specific 100-day cycle starting from the south_coastal Kharif anchor.,,https://www.kaggle.com/datasets/arjunyadav99/indian-agriculture-crop-production-and-yield,https://en.wikipedia.org/wiki/Kharif_crop
Karnataka,Small millets,Kharif,south_coastal,minor_cereal,crop_cycle_estimate,5,15,0,8,27,0,105,2010,2010-05-15,2010-08-27,611,26,state_zone+crop+season,v1.0,decided_project_convention,Crop-specific 105-day cycle starting from the south_coastal Kharif anchor.,,https://www.kaggle.com/datasets/arjunyadav99/indian-agriculture-crop-production-and-yield,https://en.wikipedia.org/wiki/Kharif_crop
Karnataka,Soyabean,Kharif,south_coastal,soybean,crop_cycle_estimate,5,15,0,9,1,0,110,2010,2010-05-15,2010-09-01,378,21,state_zone+crop+season,v1.0,decided_project_convention,Crop-specific 110-day cycle starting from the south_coastal Kharif anchor.,,https://www.kaggle.com/datasets/arjunyadav99/indian-agriculture-crop-production-and-yield,https://en.wikipedia.org/wiki/Kharif_crop
Karnataka,Sugarcane,Whole Year,south_coastal,sugarcane,annual_reporting_window,7,1,0,6,30,1,365,2010,2010-07-01,2011-06-30,804,30,state_zone+crop+season,v1.0,decided_project_convention,Whole Year mapped to the complete July-June crop-year reporting cycle.,Annual reporting window; do not calculate planting/harvest flags.,https://www.kaggle.com/datasets/arjunyadav99/indian-agriculture-crop-production-and-yield,"Project convention based on the recorded Indian crop-season label; Autumn and Winter are treated as crop reporting seasons, not literal meteorological seasons."
Karnataka,Sunflower,Kharif,south_coastal,sunflower,crop_cycle_estimate,5,15,0,9,1,0,110,2010,2010-05-15,2010-09-01,820,28,state_zone+crop+season,v1.0,decided_project_convention,Crop-specific 110-day cycle starting from the south_coastal Kharif anchor.,,https://www.kaggle.com/datasets/arjunyadav99/indian-agriculture-crop-production-and-yield,https://en.wikipedia.org/wiki/Kharif_crop
Karnataka,Sunflower,Rabi,south_coastal,sunflower,crop_cycle_estimate,10,1,0,1,18,1,110,2010,2010-10-01,2011-01-18,766,27,state_zone+crop+season,v1.0,decided_project_convention,Crop-specific 110-day cycle starting from the south_coastal Rabi anchor.,,https://www.kaggle.com/datasets/arjunyadav99/indian-agriculture-crop-production-and-yield,https://en.wikipedia.org/wiki/Rabi_crop
Karnataka,Sunflower,Summer,south_coastal,sunflower,crop_cycle_estimate,2,15,1,6,4,1,110,2010,2011-02-15,2011-06-04,712,27,state_zone+crop+season,v1.0,decided_project_convention,Crop-specific 110-day cycle starting from the south_coastal Summer anchor.,,https://www.kaggle.com/datasets/arjunyadav99/indian-agriculture-crop-production-and-yield,https://en.wikipedia.org/wiki/Zaid_crop
Karnataka,Sweet potato,Whole Year,south_coastal,sweet_potato,annual_reporting_window,7,1,0,6,30,1,365,2010,2010-07-01,2011-06-30,438,25,state_zone+crop+season,v1.0,decided_project_convention,Whole Year mapped to the complete July-June crop-year reporting cycle.,Annual reporting window; do not calculate planting/harvest flags.,https://www.kaggle.com/datasets/arjunyadav99/indian-agriculture-crop-production-and-yield,"Project convention based on the recorded Indian crop-season label; Autumn and Winter are treated as crop reporting seasons, not literal meteorological seasons."
Karnataka,Tapioca,Whole Year,south_coastal,tapioca,annual_reporting_window,7,1,0,6,30,1,365,2010,2010-07-01,2011-06-30,242,14,state_zone+crop+season,v1.0,decided_project_convention,Whole Year mapped to the complete July-June crop-year reporting cycle.,Annual reporting window; do not calculate planting/harvest flags.,https://www.kaggle.com/datasets/arjunyadav99/indian-agriculture-crop-production-and-yield,"Project convention based on the recorded Indian crop-season label; Autumn and Winter are treated as crop reporting seasons, not literal meteorological seasons."
Karnataka,Tobacco,Whole Year,south_coastal,tobacco,annual_reporting_window,7,1,0,6,30,1,365,2010,2010-07-01,2011-06-30,426,21,state_zone+crop+season,v1.0,decided_project_convention,Whole Year mapped to the complete July-June crop-year reporting cycle.,Annual reporting window; do not calculate planting/harvest flags.,https://www.kaggle.com/datasets/arjunyadav99/indian-agriculture-crop-production-and-yield,"Project convention based on the recorded Indian crop-season label; Autumn and Winter are treated as crop reporting seasons, not literal meteorological seasons."
Karnataka,Tomato,Whole Year,south_coastal,vegetable,annual_reporting_window,7,1,0,6,30,1,365,2010,2010-07-01,2011-06-30,50,25,state_zone+crop+season,v1.0,decided_project_convention,Whole Year mapped to the complete July-June crop-year reporting cycle.,Annual reporting window; do not calculate planting/harvest flags.,https://www.kaggle.com/datasets/arjunyadav99/indian-agriculture-crop-production-and-yield,"Project convention based on the recorded Indian crop-season label; Autumn and Winter are treated as crop reporting seasons, not literal meteorological seasons."
Karnataka,Turmeric,Whole Year,south_coastal,turmeric,annual_reporting_window,7,1,0,6,30,1,365,2010,2010-07-01,2011-06-30,721,29,state_zone+crop+season,v1.0,decided_project_convention,Whole Year mapped to the complete July-June crop-year reporting cycle.,Annual reporting window; do not calculate planting/harvest flags.,https://www.kaggle.com/datasets/arjunyadav99/indian-agriculture-crop-production-and-yield,"Project convention based on the recorded Indian crop-season label; Autumn and Winter are treated as crop reporting seasons, not literal meteorological seasons."
Karnataka,Urad,Kharif,south_coastal,black_gram,crop_cycle_estimate,5,15,0,8,17,0,95,2010,2010-05-15,2010-08-17,670,27,state_zone+crop+season,v1.0,decided_project_convention,Crop-specific 95-day cycle starting from the south_coastal Kharif anchor.,,https://www.kaggle.com/datasets/arjunyadav99/indian-agriculture-crop-production-and-yield,https://en.wikipedia.org/wiki/Kharif_crop
Karnataka,Urad,Rabi,south_coastal,black_gram,crop_cycle_estimate,10,1,0,1,3,1,95,2010,2010-10-01,2011-01-03,428,20,state_zone+crop+season,v1.0,decided_project_convention,Crop-specific 95-day cycle starting from the south_coastal Rabi anchor.,,https://www.kaggle.com/datasets/arjunyadav99/indian-agriculture-crop-production-and-yield,https://en.wikipedia.org/wiki/Rabi_crop
Karnataka,Wheat,Rabi,south_coastal,wheat,crop_cycle_estimate,10,16,0,3,14,1,150,2010,2010-10-16,2011-03-14,532,21,state_zone+crop+season,v1.0,decided_project_convention,Crop-specific 150-day cycle starting from the south_coastal Rabi anchor.,,https://www.kaggle.com/datasets/arjunyadav99/indian-agriculture-crop-production-and-yield,https://en.wikipedia.org/wiki/Rabi_crop
Kerala,Arecanut,Whole Year,south_coastal,arecanut,annual_reporting_window,7,1,0,6,30,1,365,2010,2010-07-01,2011-06-30,504,14,state_zone+crop+season,v1.0,decided_project_convention,Whole Year mapped to the complete July-June crop-year reporting cycle.,Annual reporting window; do not calculate planting/harvest flags.,https://www.kaggle.com/datasets/arjunyadav99/indian-agriculture-crop-production-and-yield,"Project convention based on the recorded Indian crop-season label; Autumn and Winter are treated as crop reporting seasons, not literal meteorological seasons."
Kerala,Arhar/Tur,Whole Year,south_coastal,pigeon_pea,annual_reporting_window,7,1,0,6,30,1,365,2010,2010-07-01,2011-06-30,26,6,state_zone+crop+season,v1.0,decided_project_convention,Whole Year mapped to the complete July-June crop-year reporting cycle.,Annual reporting window; do not calculate planting/harvest flags.,https://www.kaggle.com/datasets/arjunyadav99/indian-agriculture-crop-production-and-yield,"Project convention based on the recorded Indian crop-season label; Autumn and Winter are treated as crop reporting seasons, not literal meteorological seasons."
Kerala,Banana,Whole Year,south_coastal,fruit_perennial,annual_reporting_window,7,1,0,6,30,1,365,2010,2010-07-01,2011-06-30,476,14,state_zone+crop+season,v1.0,decided_project_convention,Whole Year mapped to the complete July-June crop-year reporting cycle.,Annual reporting window; do not calculate planting/harvest flags.,https://www.kaggle.com/datasets/arjunyadav99/indian-agriculture-crop-production-and-yield,"Project convention based on the recorded Indian crop-season label; Autumn and Winter are treated as crop reporting seasons, not literal meteorological seasons."
Kerala,Bhindi,Whole Year,south_coastal,vegetable,annual_reporting_window,7,1,0,6,30,1,365,2010,2010-07-01,2011-06-30,28,14,state_zone+crop+season,v1.0,decided_project_convention,Whole Year mapped to the complete July-June crop-year reporting cycle.,Annual reporting window; do not calculate planting/harvest flags.,https://www.kaggle.com/datasets/arjunyadav99/indian-agriculture-crop-production-and-yield,"Project convention based on the recorded Indian crop-season label; Autumn and Winter are treated as crop reporting seasons, not literal meteorological seasons."
Kerala,Bitter Gourd,Whole Year,south_coastal,vegetable,annual_reporting_window,7,1,0,6,30,1,365,2010,2010-07-01,2011-06-30,28,14,state_zone+crop+season,v1.0,decided_project_convention,Whole Year mapped to the complete July-June crop-year reporting cycle.,Annual reporting window; do not calculate planting/harvest flags.,https://www.kaggle.com/datasets/arjunyadav99/indian-agriculture-crop-production-and-yield,"Project convention based on the recorded Indian crop-season label; Autumn and Winter are treated as crop reporting seasons, not literal meteorological seasons."
Kerala,Black pepper,Whole Year,south_coastal,black_pepper,annual_reporting_window,7,1,0,6,30,1,365,2010,2010-07-01,2011-06-30,504,14,state_zone+crop+season,v1.0,decided_project_convention,Whole Year mapped to the complete July-June crop-year reporting cycle.,Annual reporting window; do not calculate planting/harvest flags.,https://www.kaggle.com/datasets/arjunyadav99/indian-agriculture-crop-production-and-yield,"Project convention based on the recorded Indian crop-season label; Autumn and Winter are treated as crop reporting seasons, not literal meteorological seasons."
Kerala,Brinjal,Whole Year,south_coastal,vegetable,annual_reporting_window,7,1,0,6,30,1,365,2010,2010-07-01,2011-06-30,28,14,state_zone+crop+season,v1.0,decided_project_convention,Whole Year mapped to the complete July-June crop-year reporting cycle.,Annual reporting window; do not calculate planting/harvest flags.,https://www.kaggle.com/datasets/arjunyadav99/indian-agriculture-crop-production-and-yield,"Project convention based on the recorded Indian crop-season label; Autumn and Winter are treated as crop reporting seasons, not literal meteorological seasons."
Kerala,Cardamom,Whole Year,south_coastal,cardamom,annual_reporting_window,7,1,0,6,30,1,365,2010,2010-07-01,2011-06-30,210,8,state_zone+crop+season,v1.0,decided_project_convention,Whole Year mapped to the complete July-June crop-year reporting cycle.,Annual reporting window; do not calculate planting/harvest flags.,https://www.kaggle.com/datasets/arjunyadav99/indian-agriculture-crop-production-and-yield,"Project convention based on the recorded Indian crop-season label; Autumn and Winter are treated as crop reporting seasons, not literal meteorological seasons."
Kerala,Cashewnut,Whole Year,south_coastal,cashew,annual_reporting_window,7,1,0,6,30,1,365,2010,2010-07-01,2011-06-30,504,14,state_zone+crop+season,v1.0,decided_project_convention,Whole Year mapped to the complete July-June crop-year reporting cycle.,Annual reporting window; do not calculate planting/harvest flags.,https://www.kaggle.com/datasets/arjunyadav99/indian-agriculture-crop-production-and-yield,"Project convention based on the recorded Indian crop-season label; Autumn and Winter are treated as crop reporting seasons, not literal meteorological seasons."
Kerala,Cashewnut Raw,Whole Year,south_coastal,cashew,annual_reporting_window,7,1,0,6,30,1,365,2010,2010-07-01,2011-06-30,14,14,state_zone+crop+season,v1.0,decided_project_convention,Whole Year mapped to the complete July-June crop-year reporting cycle.,Annual reporting window; do not calculate planting/harvest flags.,https://www.kaggle.com/datasets/arjunyadav99/indian-agriculture-crop-production-and-yield,"Project convention based on the recorded Indian crop-season label; Autumn and Winter are treated as crop reporting seasons, not literal meteorological seasons."
Kerala,Coconut,Whole Year,south_coastal,coconut,annual_reporting_window,7,1,0,6,30,1,365,2010,2010-07-01,2011-06-30,504,14,state_zone+crop+season,v1.0,decided_project_convention,Whole Year mapped to the complete July-June crop-year reporting cycle.,Annual reporting window; do not calculate planting/harvest flags.,https://www.kaggle.com/datasets/arjunyadav99/indian-agriculture-crop-production-and-yield,"Project convention based on the recorded Indian crop-season label; Autumn and Winter are treated as crop reporting seasons, not literal meteorological seasons."
Kerala,Coffee,Whole Year,south_coastal,coffee,annual_reporting_window,7,1,0,6,30,1,365,2010,2010-07-01,2011-06-30,6,3,state_zone+crop+season,v1.0,decided_project_convention,Whole Year mapped to the complete July-June crop-year reporting cycle.,Annual reporting window; do not calculate planting/harvest flags.,https://www.kaggle.com/datasets/arjunyadav99/indian-agriculture-crop-production-and-yield,"Project convention based on the recorded Indian crop-season label; Autumn and Winter are treated as crop reporting seasons, not literal meteorological seasons."
Kerala,Cotton(lint),Kharif,south_coastal,cotton,crop_cycle_estimate,4,30,0,11,25,0,210,2010,2010-04-30,2010-11-25,24,1,state_zone+crop+season,v1.0,decided_project_convention,Crop-specific 210-day cycle starting from the south_coastal Kharif anchor.,,https://www.kaggle.com/datasets/arjunyadav99/indian-agriculture-crop-production-and-yield,https://en.wikipedia.org/wiki/Kharif_crop
Kerala,Drum Stick,Whole Year,south_coastal,vegetable,annual_reporting_window,7,1,0,6,30,1,365,2010,2010-07-01,2011-06-30,57,14,state_zone+crop+season,v1.0,decided_project_convention,Whole Year mapped to the complete July-June crop-year reporting cycle.,Annual reporting window; do not calculate planting/harvest flags.,https://www.kaggle.com/datasets/arjunyadav99/indian-agriculture-crop-production-and-yield,"Project convention based on the recorded Indian crop-season label; Autumn and Winter are treated as crop reporting seasons, not literal meteorological seasons."
Kerala,Dry chillies,Whole Year,south_coastal,chilli,annual_reporting_window,7,1,0,6,30,1,365,2010,2010-07-01,2011-06-30,30,9,state_zone+crop+season,v1.0,decided_project_convention,Whole Year mapped to the complete July-June crop-year reporting cycle.,Annual reporting window; do not calculate planting/harvest flags.,https://www.kaggle.com/datasets/arjunyadav99/indian-agriculture-crop-production-and-yield,"Project convention based on the recorded Indian crop-season label; Autumn and Winter are treated as crop reporting seasons, not literal meteorological seasons."
Kerala,Dry ginger,Whole Year,south_coastal,ginger,annual_reporting_window,7,1,0,6,30,1,365,2010,2010-07-01,2011-06-30,238,14,state_zone+crop+season,v1.0,decided_project_convention,Whole Year mapped to the complete July-June crop-year reporting cycle.,Annual reporting window; do not calculate planting/harvest flags.,https://www.kaggle.com/datasets/arjunyadav99/indian-agriculture-crop-production-and-yield,"Project convention based on the recorded Indian crop-season label; Autumn and Winter are treated as crop reporting seasons, not literal meteorological seasons."
Kerala,Garlic,Whole Year,south_coastal,garlic,annual_reporting_window,7,1,0,6,30,1,365,2010,2010-07-01,2011-06-30,30,1,state_zone+crop+season,v1.0,decided_project_convention,Whole Year mapped to the complete July-June crop-year reporting cycle.,Annual reporting window; do not calculate planting/harvest flags.,https://www.kaggle.com/datasets/arjunyadav99/indian-agriculture-crop-production-and-yield,"Project convention based on the recorded Indian crop-season label; Autumn and Winter are treated as crop reporting seasons, not literal meteorological seasons."
Kerala,Ginger,Whole Year,south_coastal,ginger,annual_reporting_window,7,1,0,6,30,1,365,2010,2010-07-01,2011-06-30,238,14,state_zone+crop+season,v1.0,decided_project_convention,Whole Year mapped to the complete July-June crop-year reporting cycle.,Annual reporting window; do not calculate planting/harvest flags.,https://www.kaggle.com/datasets/arjunyadav99/indian-agriculture-crop-production-and-yield,"Project convention based on the recorded Indian crop-season label; Autumn and Winter are treated as crop reporting seasons, not literal meteorological seasons."
Kerala,Groundnut,Kharif,south_coastal,groundnut,crop_cycle_estimate,5,15,0,9,11,0,120,2010,2010-05-15,2010-09-11,30,2,state_zone+crop+season,v1.0,decided_project_convention,Crop-specific 120-day cycle starting from the south_coastal Kharif anchor.,,https://www.kaggle.com/datasets/arjunyadav99/indian-agriculture-crop-production-and-yield,https://en.wikipedia.org/wiki/Kharif_crop
Kerala,Groundnut,Whole Year,south_coastal,groundnut,annual_reporting_window,7,1,0,6,30,1,365,2010,2010-07-01,2011-06-30,6,1,state_zone+crop+season,v1.0,decided_project_convention,Whole Year mapped to the complete July-June crop-year reporting cycle.,Annual reporting window; do not calculate planting/harvest flags.,https://www.kaggle.com/datasets/arjunyadav99/indian-agriculture-crop-production-and-yield,"Project convention based on the recorded Indian crop-season label; Autumn and Winter are treated as crop reporting seasons, not literal meteorological seasons."
Kerala,Jack Fruit,Whole Year,south_coastal,fruit_perennial,annual_reporting_window,7,1,0,6,30,1,365,2010,2010-07-01,2011-06-30,28,14,state_zone+crop+season,v1.0,decided_project_convention,Whole Year mapped to the complete July-June crop-year reporting cycle.,Annual reporting window; do not calculate planting/harvest flags.,https://www.kaggle.com/datasets/arjunyadav99/indian-agriculture-crop-production-and-yield,"Project convention based on the recorded Indian crop-season label; Autumn and Winter are treated as crop reporting seasons, not literal meteorological seasons."
Kerala,Jowar,Kharif,south_coastal,sorghum,crop_cycle_estimate,5,15,0,9,11,0,120,2010,2010-05-15,2010-09-11,78,8,state_zone+crop+season,v1.0,decided_project_convention,Crop-specific 120-day cycle starting from the south_coastal Kharif anchor.,,https://www.kaggle.com/datasets/arjunyadav99/indian-agriculture-crop-production-and-yield,https://en.wikipedia.org/wiki/Kharif_crop
Kerala,Jowar,Whole Year,south_coastal,sorghum,annual_reporting_window,7,1,0,6,30,1,365,2010,2010-07-01,2011-06-30,14,3,state_zone+crop+season,v1.0,decided_project_convention,Whole Year mapped to the complete July-June crop-year reporting cycle.,Annual reporting window; do not calculate planting/harvest flags.,https://www.kaggle.com/datasets/arjunyadav99/indian-agriculture-crop-production-and-yield,"Project convention based on the recorded Indian crop-season label; Autumn and Winter are treated as crop reporting seasons, not literal meteorological seasons."
Kerala,Maize,Whole Year,south_coastal,maize,annual_reporting_window,7,1,0,6,30,1,365,2010,2010-07-01,2011-06-30,12,2,state_zone+crop+season,v1.0,decided_project_convention,Whole Year mapped to the complete July-June crop-year reporting cycle.,Annual reporting window; do not calculate planting/harvest flags.,https://www.kaggle.com/datasets/arjunyadav99/indian-agriculture-crop-production-and-yield,"Project convention based on the recorded Indian crop-season label; Autumn and Winter are treated as crop reporting seasons, not literal meteorological seasons."
Kerala,Mango,Whole Year,south_coastal,fruit_perennial,annual_reporting_window,7,1,0,6,30,1,365,2010,2010-07-01,2011-06-30,57,14,state_zone+crop+season,v1.0,decided_project_convention,Whole Year mapped to the complete July-June crop-year reporting cycle.,Annual reporting window; do not calculate planting/harvest flags.,https://www.kaggle.com/datasets/arjunyadav99/indian-agriculture-crop-production-and-yield,"Project convention based on the recorded Indian crop-season label; Autumn and Winter are treated as crop reporting seasons, not literal meteorological seasons."
Kerala,Other Cereals,Kharif,south_coastal,minor_cereal,crop_cycle_estimate,5,15,0,8,27,0,105,2010,2010-05-15,2010-08-27,18,6,state_zone+crop+season,v1.0,decided_project_convention,Crop-specific 105-day cycle starting from the south_coastal Kharif anchor.,,https://www.kaggle.com/datasets/arjunyadav99/indian-agriculture-crop-production-and-yield,https://en.wikipedia.org/wiki/Kharif_crop
Kerala,Other Cereals & Millets,Kharif,south_coastal,minor_cereal,crop_cycle_estimate,5,15,0,8,27,0,105,2010,2010-05-15,2010-08-27,18,6,state_zone+crop+season,v1.0,decided_project_convention,Crop-specific 105-day cycle starting from the south_coastal Kharif anchor.,,https://www.kaggle.com/datasets/arjunyadav99/indian-agriculture-crop-production-and-yield,https://en.wikipedia.org/wiki/Kharif_crop
Kerala,Other Fresh Fruits,Whole Year,south_coastal,fruit_perennial,annual_reporting_window,7,1,0,6,30,1,365,2010,2010-07-01,2011-06-30,28,14,state_zone+crop+season,v1.0,decided_project_convention,Whole Year mapped to the complete July-June crop-year reporting cycle.,Annual reporting window; do not calculate planting/harvest flags.,https://www.kaggle.com/datasets/arjunyadav99/indian-agriculture-crop-production-and-yield,"Project convention based on the recorded Indian crop-season label; Autumn and Winter are treated as crop reporting seasons, not literal meteorological seasons."
Kerala,Other Vegetables,Whole Year,south_coastal,vegetable,annual_reporting_window,7,1,0,6,30,1,365,2010,2010-07-01,2011-06-30,28,14,state_zone+crop+season,v1.0,decided_project_convention,Whole Year mapped to the complete July-June crop-year reporting cycle.,Annual reporting window; do not calculate planting/harvest flags.,https://www.kaggle.com/datasets/arjunyadav99/indian-agriculture-crop-production-and-yield,"Project convention based on the recorded Indian crop-season label; Autumn and Winter are treated as crop reporting seasons, not literal meteorological seasons."
Kerala,Papaya,Whole Year,south_coastal,fruit_perennial,annual_reporting_window,7,1,0,6,30,1,365,2010,2010-07-01,2011-06-30,43,14,state_zone+crop+season,v1.0,decided_project_convention,Whole Year mapped to the complete July-June crop-year reporting cycle.,Annual reporting window; do not calculate planting/harvest flags.,https://www.kaggle.com/datasets/arjunyadav99/indian-agriculture-crop-production-and-yield,"Project convention based on the recorded Indian crop-season label; Autumn and Winter are treated as crop reporting seasons, not literal meteorological seasons."
Kerala,Pineapple,Whole Year,south_coastal,fruit_perennial,annual_reporting_window,7,1,0,6,30,1,365,2010,2010-07-01,2011-06-30,43,14,state_zone+crop+season,v1.0,decided_project_convention,Whole Year mapped to the complete July-June crop-year reporting cycle.,Annual reporting window; do not calculate planting/harvest flags.,https://www.kaggle.com/datasets/arjunyadav99/indian-agriculture-crop-production-and-yield,"Project convention based on the recorded Indian crop-season label; Autumn and Winter are treated as crop reporting seasons, not literal meteorological seasons."
Kerala,Potato,Whole Year,south_coastal,potato,annual_reporting_window,7,1,0,6,30,1,365,2010,2010-07-01,2011-06-30,36,14,state_zone+crop+season,v1.0,decided_project_convention,Whole Year mapped to the complete July-June crop-year reporting cycle.,Annual reporting window; do not calculate planting/harvest flags.,https://www.kaggle.com/datasets/arjunyadav99/indian-agriculture-crop-production-and-yield,"Project convention based on the recorded Indian crop-season label; Autumn and Winter are treated as crop reporting seasons, not literal meteorological seasons."
Kerala,Ragi,Kharif,south_coastal,finger_millet,crop_cycle_estimate,5,15,0,9,11,0,120,2010,2010-05-15,2010-09-11,76,9,state_zone+crop+season,v1.0,decided_project_convention,Crop-specific 120-day cycle starting from the south_coastal Kharif anchor.,,https://www.kaggle.com/datasets/arjunyadav99/indian-agriculture-crop-production-and-yield,https://en.wikipedia.org/wiki/Kharif_crop
Kerala,Ragi,Whole Year,south_coastal,finger_millet,annual_reporting_window,7,1,0,6,30,1,365,2010,2010-07-01,2011-06-30,8,2,state_zone+crop+season,v1.0,decided_project_convention,Whole Year mapped to the complete July-June crop-year reporting cycle.,Annual reporting window; do not calculate planting/harvest flags.,https://www.kaggle.com/datasets/arjunyadav99/indian-agriculture-crop-production-and-yield,"Project convention based on the recorded Indian crop-season label; Autumn and Winter are treated as crop reporting seasons, not literal meteorological seasons."
Kerala,Rice,Autumn,south_coastal,rice,crop_cycle_estimate,3,1,0,8,27,0,180,2010,2010-03-01,2010-08-27,442,13,state_zone+crop+season,v1.0,decided_project_convention,Crop-specific 180-day cycle starting from the south_coastal Autumn anchor.,Autumn rice: early rice crop; the window starts well before meteorological autumn.,https://www.kaggle.com/datasets/arjunyadav99/indian-agriculture-crop-production-and-yield,"Project convention based on the recorded Indian crop-season label; Autumn and Winter are treated as crop reporting seasons, not literal meteorological seasons."
Kerala,Rice,Summer,south_coastal,rice,crop_cycle_estimate,12,1,0,5,29,1,180,2010,2010-12-01,2011-05-29,470,14,state_zone+crop+season,v1.0,decided_project_convention,Crop-specific 180-day cycle starting from the south_coastal Summer anchor.,Summer/Boro rice: winter-starting cycle ending in late spring or early summer.,https://www.kaggle.com/datasets/arjunyadav99/indian-agriculture-crop-production-and-yield,https://en.wikipedia.org/wiki/Zaid_crop
Kerala,Rice,Winter,south_coastal,rice,crop_cycle_estimate,5,15,0,12,10,0,210,2010,2010-05-15,2010-12-10,476,14,state_zone+crop+season,v1.0,decided_project_convention,Crop-specific 210-day cycle starting from the south_coastal Winter anchor.,Winter rice: long monsoon-to-winter crop; not a December-February-only window.,https://www.kaggle.com/datasets/arjunyadav99/indian-agriculture-crop-production-and-yield,"Project convention based on the recorded Indian crop-season label; Autumn and Winter are treated as crop reporting seasons, not literal meteorological seasons."
Kerala,Rubber,Whole Year,south_coastal,rubber,annual_reporting_window,7,1,0,6,30,1,365,2010,2010-07-01,2011-06-30,28,14,state_zone+crop+season,v1.0,decided_project_convention,Whole Year mapped to the complete July-June crop-year reporting cycle.,Annual reporting window; do not calculate planting/harvest flags.,https://www.kaggle.com/datasets/arjunyadav99/indian-agriculture-crop-production-and-yield,"Project convention based on the recorded Indian crop-season label; Autumn and Winter are treated as crop reporting seasons, not literal meteorological seasons."
Kerala,Sesamum,Kharif,south_coastal,sesame,crop_cycle_estimate,5,15,0,8,22,0,100,2010,2010-05-15,2010-08-22,252,14,state_zone+crop+season,v1.0,decided_project_convention,Crop-specific 100-day cycle starting from the south_coastal Kharif anchor.,,https://www.kaggle.com/datasets/arjunyadav99/indian-agriculture-crop-production-and-yield,https://en.wikipedia.org/wiki/Kharif_crop
Kerala,Sesamum,Whole Year,south_coastal,sesame,annual_reporting_window,7,1,0,6,30,1,365,2010,2010-07-01,2011-06-30,42,8,state_zone+crop+season,v1.0,decided_project_convention,Whole Year mapped to the complete July-June crop-year reporting cycle.,Annual reporting window; do not calculate planting/harvest flags.,https://www.kaggle.com/datasets/arjunyadav99/indian-agriculture-crop-production-and-yield,"Project convention based on the recorded Indian crop-season label; Autumn and Winter are treated as crop reporting seasons, not literal meteorological seasons."
Kerala,Sesamum,Winter,south_coastal,sesame,crop_cycle_estimate,10,1,0,1,8,1,100,2010,2010-10-01,2011-01-08,14,7,state_zone+crop+season,v1.0,decided_project_convention,Crop-specific 100-day cycle starting from the south_coastal Winter anchor.,,https://www.kaggle.com/datasets/arjunyadav99/indian-agriculture-crop-production-and-yield,"Project convention based on the recorded Indian crop-season label; Autumn and Winter are treated as crop reporting seasons, not literal meteorological seasons."
Kerala,Small millets,Kharif,south_coastal,minor_cereal,crop_cycle_estimate,5,15,0,8,27,0,105,2010,2010-05-15,2010-08-27,17,9,state_zone+crop+season,v1.0,decided_project_convention,Crop-specific 105-day cycle starting from the south_coastal Kharif anchor.,,https://www.kaggle.com/datasets/arjunyadav99/indian-agriculture-crop-production-and-yield,https://en.wikipedia.org/wiki/Kharif_crop
Kerala,Small millets,Whole Year,south_coastal,minor_cereal,annual_reporting_window,7,1,0,6,30,1,365,2010,2010-07-01,2011-06-30,6,1,state_zone+crop+season,v1.0,decided_project_convention,Whole Year mapped to the complete July-June crop-year reporting cycle.,Annual reporting window; do not calculate planting/harvest flags.,https://www.kaggle.com/datasets/arjunyadav99/indian-agriculture-crop-production-and-yield,"Project convention based on the recorded Indian crop-season label; Autumn and Winter are treated as crop reporting seasons, not literal meteorological seasons."
Kerala,Snak Guard,Whole Year,south_coastal,vegetable,annual_reporting_window,7,1,0,6,30,1,365,2010,2010-07-01,2011-06-30,28,14,state_zone+crop+season,v1.0,decided_project_convention,Whole Year mapped to the complete July-June crop-year reporting cycle.,Annual reporting window; do not calculate planting/harvest flags.,https://www.kaggle.com/datasets/arjunyadav99/indian-agriculture-crop-production-and-yield,"Project convention based on the recorded Indian crop-season label; Autumn and Winter are treated as crop reporting seasons, not literal meteorological seasons."
Kerala,Soyabean,Whole Year,south_coastal,soybean,annual_reporting_window,7,1,0,6,30,1,365,2010,2010-07-01,2011-06-30,6,1,state_zone+crop+season,v1.0,decided_project_convention,Whole Year mapped to the complete July-June crop-year reporting cycle.,Annual reporting window; do not calculate planting/harvest flags.,https://www.kaggle.com/datasets/arjunyadav99/indian-agriculture-crop-production-and-yield,"Project convention based on the recorded Indian crop-season label; Autumn and Winter are treated as crop reporting seasons, not literal meteorological seasons."
Kerala,Sugarcane,Whole Year,south_coastal,sugarcane,annual_reporting_window,7,1,0,6,30,1,365,2010,2010-07-01,2011-06-30,339,14,state_zone+crop+season,v1.0,decided_project_convention,Whole Year mapped to the complete July-June crop-year reporting cycle.,Annual reporting window; do not calculate planting/harvest flags.,https://www.kaggle.com/datasets/arjunyadav99/indian-agriculture-crop-production-and-yield,"Project convention based on the recorded Indian crop-season label; Autumn and Winter are treated as crop reporting seasons, not literal meteorological seasons."
Kerala,Sweet potato,Whole Year,south_coastal,sweet_potato,annual_reporting_window,7,1,0,6,30,1,365,2010,2010-07-01,2011-06-30,394,14,state_zone+crop+season,v1.0,decided_project_convention,Whole Year mapped to the complete July-June crop-year reporting cycle.,Annual reporting window; do not calculate planting/harvest flags.,https://www.kaggle.com/datasets/arjunyadav99/indian-agriculture-crop-production-and-yield,"Project convention based on the recorded Indian crop-season label; Autumn and Winter are treated as crop reporting seasons, not literal meteorological seasons."
Kerala,Tapioca,Whole Year,south_coastal,tapioca,annual_reporting_window,7,1,0,6,30,1,365,2010,2010-07-01,2011-06-30,504,14,state_zone+crop+season,v1.0,decided_project_convention,Whole Year mapped to the complete July-June crop-year reporting cycle.,Annual reporting window; do not calculate planting/harvest flags.,https://www.kaggle.com/datasets/arjunyadav99/indian-agriculture-crop-production-and-yield,"Project convention based on the recorded Indian crop-season label; Autumn and Winter are treated as crop reporting seasons, not literal meteorological seasons."
Kerala,Tea,Whole Year,south_coastal,tea,annual_reporting_window,7,1,0,6,30,1,365,2010,2010-07-01,2011-06-30,16,10,state_zone+crop+season,v1.0,decided_project_convention,Whole Year mapped to the complete July-June crop-year reporting cycle.,Annual reporting window; do not calculate planting/harvest flags.,https://www.kaggle.com/datasets/arjunyadav99/indian-agriculture-crop-production-and-yield,"Project convention based on the recorded Indian crop-season label; Autumn and Winter are treated as crop reporting seasons, not literal meteorological seasons."
Kerala,Tobacco,Whole Year,south_coastal,tobacco,annual_reporting_window,7,1,0,6,30,1,365,2010,2010-07-01,2011-06-30,32,1,state_zone+crop+season,v1.0,decided_project_convention,Whole Year mapped to the complete July-June crop-year reporting cycle.,Annual reporting window; do not calculate planting/harvest flags.,https://www.kaggle.com/datasets/arjunyadav99/indian-agriculture-crop-production-and-yield,"Project convention based on the recorded Indian crop-season label; Autumn and Winter are treated as crop reporting seasons, not literal meteorological seasons."
Kerala,Turmeric,Whole Year,south_coastal,turmeric,annual_reporting_window,7,1,0,6,30,1,365,2010,2010-07-01,2011-06-30,476,14,state_zone+crop+season,v1.0,decided_project_convention,Whole Year mapped to the complete July-June crop-year reporting cycle.,Annual reporting window; do not calculate planting/harvest flags.,https://www.kaggle.com/datasets/arjunyadav99/indian-agriculture-crop-production-and-yield,"Project convention based on the recorded Indian crop-season label; Autumn and Winter are treated as crop reporting seasons, not literal meteorological seasons."
Kerala,Wheat,Whole Year,south_coastal,wheat,annual_reporting_window,7,1,0,6,30,1,365,2010,2010-07-01,2011-06-30,2,1,state_zone+crop+season,v1.0,decided_project_convention,Whole Year mapped to the complete July-June crop-year reporting cycle.,Annual reporting window; do not calculate planting/harvest flags.,https://www.kaggle.com/datasets/arjunyadav99/indian-agriculture-crop-production-and-yield,"Project convention based on the recorded Indian crop-season label; Autumn and Winter are treated as crop reporting seasons, not literal meteorological seasons."
Kerala,other oilseeds,Whole Year,south_coastal,other_oilseed,annual_reporting_window,7,1,0,6,30,1,365,2010,2010-07-01,2011-06-30,14,14,state_zone+crop+season,v1.0,decided_project_convention,Whole Year mapped to the complete July-June crop-year reporting cycle.,Annual reporting window; do not calculate planting/harvest flags.,https://www.kaggle.com/datasets/arjunyadav99/indian-agriculture-crop-production-and-yield,"Project convention based on the recorded Indian crop-season label; Autumn and Winter are treated as crop reporting seasons, not literal meteorological seasons."
Madhya Pradesh,Arhar/Tur,Kharif,central_west,pigeon_pea,crop_cycle_estimate,5,17,0,12,2,0,200,2010,2010-05-17,2010-12-02,1589,66,state_zone+crop+season,v1.0,decided_project_convention,Crop-specific 200-day cycle starting from the central_west Kharif anchor.,,https://www.kaggle.com/datasets/arjunyadav99/indian-agriculture-crop-production-and-yield,https://en.wikipedia.org/wiki/Kharif_crop
Madhya Pradesh,Arhar/Tur,Whole Year,central_west,pigeon_pea,annual_reporting_window,7,1,0,6,30,1,365,2010,2010-07-01,2011-06-30,100,50,state_zone+crop+season,v1.0,decided_project_convention,Whole Year mapped to the complete July-June crop-year reporting cycle.,Annual reporting window; do not calculate planting/harvest flags.,https://www.kaggle.com/datasets/arjunyadav99/indian-agriculture-crop-production-and-yield,"Project convention based on the recorded Indian crop-season label; Autumn and Winter are treated as crop reporting seasons, not literal meteorological seasons."
Madhya Pradesh,Bajra,Kharif,central_west,pearl_millet,crop_cycle_estimate,6,1,0,9,8,0,100,2010,2010-06-01,2010-09-08,1027,49,state_zone+crop+season,v1.0,decided_project_convention,Crop-specific 100-day cycle starting from the central_west Kharif anchor.,,https://www.kaggle.com/datasets/arjunyadav99/indian-agriculture-crop-production-and-yield,https://en.wikipedia.org/wiki/Kharif_crop
Madhya Pradesh,Bajra,Whole Year,central_west,pearl_millet,annual_reporting_window,7,1,0,6,30,1,365,2010,2010-07-01,2011-06-30,62,31,state_zone+crop+season,v1.0,decided_project_convention,Whole Year mapped to the complete July-June crop-year reporting cycle.,Annual reporting window; do not calculate planting/harvest flags.,https://www.kaggle.com/datasets/arjunyadav99/indian-agriculture-crop-production-and-yield,"Project convention based on the recorded Indian crop-season label; Autumn and Winter are treated as crop reporting seasons, not literal meteorological seasons."
Madhya Pradesh,Banana,Whole Year,central_west,fruit_perennial,annual_reporting_window,7,1,0,6,30,1,365,2010,2010-07-01,2011-06-30,340,33,state_zone+crop+season,v1.0,decided_project_convention,Whole Year mapped to the complete July-June crop-year reporting cycle.,Annual reporting window; do not calculate planting/harvest flags.,https://www.kaggle.com/datasets/arjunyadav99/indian-agriculture-crop-production-and-yield,"Project convention based on the recorded Indian crop-season label; Autumn and Winter are treated as crop reporting seasons, not literal meteorological seasons."
Madhya Pradesh,Barley,Kharif,central_west,barley,crop_cycle_estimate,6,1,0,10,8,0,130,2010,2010-06-01,2010-10-08,263,43,state_zone+crop+season,v1.0,decided_project_convention,Crop-specific 130-day cycle starting from the central_west Kharif anchor.,,https://www.kaggle.com/datasets/arjunyadav99/indian-agriculture-crop-production-and-yield,https://en.wikipedia.org/wiki/Kharif_crop
Madhya Pradesh,Barley,Rabi,central_west,barley,crop_cycle_estimate,10,30,0,3,8,1,130,2010,2010-10-30,2011-03-08,911,50,state_zone+crop+season,v1.0,decided_project_convention,Crop-specific 130-day cycle starting from the central_west Rabi anchor.,,https://www.kaggle.com/datasets/arjunyadav99/indian-agriculture-crop-production-and-yield,https://en.wikipedia.org/wiki/Rabi_crop
Madhya Pradesh,Barley,Whole Year,central_west,barley,annual_reporting_window,7,1,0,6,30,1,365,2010,2010-07-01,2011-06-30,76,38,state_zone+crop+season,v1.0,decided_project_convention,Whole Year mapped to the complete July-June crop-year reporting cycle.,Annual reporting window; do not calculate planting/harvest flags.,https://www.kaggle.com/datasets/arjunyadav99/indian-agriculture-crop-production-and-yield,"Project convention based on the recorded Indian crop-season label; Autumn and Winter are treated as crop reporting seasons, not literal meteorological seasons."
Madhya Pradesh,Beans & Mutter(Vegetable),Whole Year,central_west,vegetable,annual_reporting_window,7,1,0,6,30,1,365,2010,2010-07-01,2011-06-30,45,25,state_zone+crop+season,v1.0,decided_project_convention,Whole Year mapped to the complete July-June crop-year reporting cycle.,Annual reporting window; do not calculate planting/harvest flags.,https://www.kaggle.com/datasets/arjunyadav99/indian-agriculture-crop-production-and-yield,"Project convention based on the recorded Indian crop-season label; Autumn and Winter are treated as crop reporting seasons, not literal meteorological seasons."
Madhya Pradesh,Bhindi,Whole Year,central_west,vegetable,annual_reporting_window,7,1,0,6,30,1,365,2010,2010-07-01,2011-06-30,91,47,state_zone+crop+season,v1.0,decided_project_convention,Whole Year mapped to the complete July-June crop-year reporting cycle.,Annual reporting window; do not calculate planting/harvest flags.,https://www.kaggle.com/datasets/arjunyadav99/indian-agriculture-crop-production-and-yield,"Project convention based on the recorded Indian crop-season label; Autumn and Winter are treated as crop reporting seasons, not literal meteorological seasons."
Madhya Pradesh,Brinjal,Whole Year,central_west,vegetable,annual_reporting_window,7,1,0,6,30,1,365,2010,2010-07-01,2011-06-30,91,47,state_zone+crop+season,v1.0,decided_project_convention,Whole Year mapped to the complete July-June crop-year reporting cycle.,Annual reporting window; do not calculate planting/harvest flags.,https://www.kaggle.com/datasets/arjunyadav99/indian-agriculture-crop-production-and-yield,"Project convention based on the recorded Indian crop-season label; Autumn and Winter are treated as crop reporting seasons, not literal meteorological seasons."
Madhya Pradesh,Cabbage,Whole Year,central_west,vegetable,annual_reporting_window,7,1,0,6,30,1,365,2010,2010-07-01,2011-06-30,73,39,state_zone+crop+season,v1.0,decided_project_convention,Whole Year mapped to the complete July-June crop-year reporting cycle.,Annual reporting window; do not calculate planting/harvest flags.,https://www.kaggle.com/datasets/arjunyadav99/indian-agriculture-crop-production-and-yield,"Project convention based on the recorded Indian crop-season label; Autumn and Winter are treated as crop reporting seasons, not literal meteorological seasons."
Madhya Pradesh,Cashewnut,Whole Year,central_west,cashew,annual_reporting_window,7,1,0,6,30,1,365,2010,2010-07-01,2011-06-30,1,1,state_zone+crop+season,v1.0,decided_project_convention,Whole Year mapped to the complete July-June crop-year reporting cycle.,Annual reporting window; do not calculate planting/harvest flags.,https://www.kaggle.com/datasets/arjunyadav99/indian-agriculture-crop-production-and-yield,"Project convention based on the recorded Indian crop-season label; Autumn and Winter are treated as crop reporting seasons, not literal meteorological seasons."
Madhya Pradesh,Castor seed,Kharif,central_west,castor,crop_cycle_estimate,5,17,0,11,12,0,180,2010,2010-05-17,2010-11-12,460,43,state_zone+crop+season,v1.0,decided_project_convention,Crop-specific 180-day cycle starting from the central_west Kharif anchor.,,https://www.kaggle.com/datasets/arjunyadav99/indian-agriculture-crop-production-and-yield,https://en.wikipedia.org/wiki/Kharif_crop
Madhya Pradesh,Castor seed,Whole Year,central_west,castor,annual_reporting_window,7,1,0,6,30,1,365,2010,2010-07-01,2011-06-30,26,13,state_zone+crop+season,v1.0,decided_project_convention,Whole Year mapped to the complete July-June crop-year reporting cycle.,Annual reporting window; do not calculate planting/harvest flags.,https://www.kaggle.com/datasets/arjunyadav99/indian-agriculture-crop-production-and-yield,"Project convention based on the recorded Indian crop-season label; Autumn and Winter are treated as crop reporting seasons, not literal meteorological seasons."
Madhya Pradesh,Cauliflower,Whole Year,central_west,vegetable,annual_reporting_window,7,1,0,6,30,1,365,2010,2010-07-01,2011-06-30,90,47,state_zone+crop+season,v1.0,decided_project_convention,Whole Year mapped to the complete July-June crop-year reporting cycle.,Annual reporting window; do not calculate planting/harvest flags.,https://www.kaggle.com/datasets/arjunyadav99/indian-agriculture-crop-production-and-yield,"Project convention based on the recorded Indian crop-season label; Autumn and Winter are treated as crop reporting seasons, not literal meteorological seasons."
Madhya Pradesh,Citrus Fruit,Whole Year,central_west,fruit_perennial,annual_reporting_window,7,1,0,6,30,1,365,2010,2010-07-01,2011-06-30,77,42,state_zone+crop+season,v1.0,decided_project_convention,Whole Year mapped to the complete July-June crop-year reporting cycle.,Annual reporting window; do not calculate planting/harvest flags.,https://www.kaggle.com/datasets/arjunyadav99/indian-agriculture-crop-production-and-yield,"Project convention based on the recorded Indian crop-season label; Autumn and Winter are treated as crop reporting seasons, not literal meteorological seasons."
Madhya Pradesh,Coriander,Whole Year,central_west,coriander,annual_reporting_window,7,1,0,6,30,1,365,2010,2010-07-01,2011-06-30,1282,51,state_zone+crop+season,v1.0,decided_project_convention,Whole Year mapped to the complete July-June crop-year reporting cycle.,Annual reporting window; do not calculate planting/harvest flags.,https://www.kaggle.com/datasets/arjunyadav99/indian-agriculture-crop-production-and-yield,"Project convention based on the recorded Indian crop-season label; Autumn and Winter are treated as crop reporting seasons, not literal meteorological seasons."
Madhya Pradesh,Cotton(lint),Kharif,central_west,cotton,crop_cycle_estimate,5,17,0,12,12,0,210,2010,2010-05-17,2010-12-12,614,35,state_zone+crop+season,v1.0,decided_project_convention,Crop-specific 210-day cycle starting from the central_west Kharif anchor.,,https://www.kaggle.com/datasets/arjunyadav99/indian-agriculture-crop-production-and-yield,https://en.wikipedia.org/wiki/Kharif_crop
Madhya Pradesh,Cotton(lint),Whole Year,central_west,cotton,annual_reporting_window,7,1,0,6,30,1,365,2010,2010-07-01,2011-06-30,36,18,state_zone+crop+season,v1.0,decided_project_convention,Whole Year mapped to the complete July-June crop-year reporting cycle.,Annual reporting window; do not calculate planting/harvest flags.,https://www.kaggle.com/datasets/arjunyadav99/indian-agriculture-crop-production-and-yield,"Project convention based on the recorded Indian crop-season label; Autumn and Winter are treated as crop reporting seasons, not literal meteorological seasons."
Madhya Pradesh,Cowpea(Lobia),Kharif,central_west,cowpea,crop_cycle_estimate,6,1,0,9,8,0,100,2010,2010-06-01,2010-09-08,102,28,state_zone+crop+season,v1.0,decided_project_convention,Crop-specific 100-day cycle starting from the central_west Kharif anchor.,,https://www.kaggle.com/datasets/arjunyadav99/indian-agriculture-crop-production-and-yield,https://en.wikipedia.org/wiki/Kharif_crop
Madhya Pradesh,Cowpea(Lobia),Rabi,central_west,cowpea,crop_cycle_estimate,10,15,0,1,22,1,100,2010,2010-10-15,2011-01-22,82,23,state_zone+crop+season,v1.0,decided_project_convention,Crop-specific 100-day cycle starting from the central_west Rabi anchor.,,https://www.kaggle.com/datasets/arjunyadav99/indian-agriculture-crop-production-and-yield,https://en.wikipedia.org/wiki/Rabi_crop
Madhya Pradesh,Dry chillies,Whole Year,central_west,chilli,annual_reporting_window,7,1,0,6,30,1,365,2010,2010-07-01,2011-06-30,1046,51,state_zone+crop+season,v1.0,decided_project_convention,Whole Year mapped to the complete July-June crop-year reporting cycle.,Annual reporting window; do not calculate planting/harvest flags.,https://www.kaggle.com/datasets/arjunyadav99/indian-agriculture-crop-production-and-yield,"Project convention based on the recorded Indian crop-season label; Autumn and Winter are treated as crop reporting seasons, not literal meteorological seasons."
Madhya Pradesh,Dry ginger,Kharif,central_west,ginger,crop_cycle_estimate,6,1,0,1,26,1,240,2010,2010-06-01,2011-01-26,271,46,state_zone+crop+season,v1.0,decided_project_convention,Crop-specific 240-day cycle starting from the central_west Kharif anchor.,,https://www.kaggle.com/datasets/arjunyadav99/indian-agriculture-crop-production-and-yield,https://en.wikipedia.org/wiki/Kharif_crop
Madhya Pradesh,Dry ginger,Whole Year,central_west,ginger,annual_reporting_window,7,1,0,6,30,1,365,2010,2010-07-01,2011-06-30,214,46,state_zone+crop+season,v1.0,decided_project_convention,Whole Year mapped to the complete July-June crop-year reporting cycle.,Annual reporting window; do not calculate planting/harvest flags.,https://www.kaggle.com/datasets/arjunyadav99/indian-agriculture-crop-production-and-yield,"Project convention based on the recorded Indian crop-season label; Autumn and Winter are treated as crop reporting seasons, not literal meteorological seasons."
Madhya Pradesh,Garlic,Whole Year,central_west,garlic,annual_reporting_window,7,1,0,6,30,1,365,2010,2010-07-01,2011-06-30,1357,64,state_zone+crop+season,v1.0,decided_project_convention,Whole Year mapped to the complete July-June crop-year reporting cycle.,Annual reporting window; do not calculate planting/harvest flags.,https://www.kaggle.com/datasets/arjunyadav99/indian-agriculture-crop-production-and-yield,"Project convention based on the recorded Indian crop-season label; Autumn and Winter are treated as crop reporting seasons, not literal meteorological seasons."
Madhya Pradesh,Ginger,Kharif,central_west,ginger,crop_cycle_estimate,6,1,0,1,26,1,240,2010,2010-06-01,2011-01-26,282,57,state_zone+crop+season,v1.0,decided_project_convention,Crop-specific 240-day cycle starting from the central_west Kharif anchor.,,https://www.kaggle.com/datasets/arjunyadav99/indian-agriculture-crop-production-and-yield,https://en.wikipedia.org/wiki/Kharif_crop
Madhya Pradesh,Ginger,Whole Year,central_west,ginger,annual_reporting_window,7,1,0,6,30,1,365,2010,2010-07-01,2011-06-30,214,46,state_zone+crop+season,v1.0,decided_project_convention,Whole Year mapped to the complete July-June crop-year reporting cycle.,Annual reporting window; do not calculate planting/harvest flags.,https://www.kaggle.com/datasets/arjunyadav99/indian-agriculture-crop-production-and-yield,"Project convention based on the recorded Indian crop-season label; Autumn and Winter are treated as crop reporting seasons, not literal meteorological seasons."
Madhya Pradesh,Gram,Rabi,central_west,chickpea,crop_cycle_estimate,10,30,0,3,8,1,130,2010,2010-10-30,2011-03-08,1511,66,state_zone+crop+season,v1.0,decided_project_convention,Crop-specific 130-day cycle starting from the central_west Rabi anchor.,,https://www.kaggle.com/datasets/arjunyadav99/indian-agriculture-crop-production-and-yield,https://en.wikipedia.org/wiki/Rabi_crop
Madhya Pradesh,Gram,Whole Year,central_west,chickpea,annual_reporting_window,7,1,0,6,30,1,365,2010,2010-07-01,2011-06-30,100,50,state_zone+crop+season,v1.0,decided_project_convention,Whole Year mapped to the complete July-June crop-year reporting cycle.,Annual reporting window; do not calculate planting/harvest flags.,https://www.kaggle.com/datasets/arjunyadav99/indian-agriculture-crop-production-and-yield,"Project convention based on the recorded Indian crop-season label; Autumn and Winter are treated as crop reporting seasons, not literal meteorological seasons."
Madhya Pradesh,Grapes,Whole Year,central_west,fruit_perennial,annual_reporting_window,7,1,0,6,30,1,365,2010,2010-07-01,2011-06-30,12,7,state_zone+crop+season,v1.0,decided_project_convention,Whole Year mapped to the complete July-June crop-year reporting cycle.,Annual reporting window; do not calculate planting/harvest flags.,https://www.kaggle.com/datasets/arjunyadav99/indian-agriculture-crop-production-and-yield,"Project convention based on the recorded Indian crop-season label; Autumn and Winter are treated as crop reporting seasons, not literal meteorological seasons."
Madhya Pradesh,Groundnut,Kharif,central_west,groundnut,crop_cycle_estimate,6,1,0,9,28,0,120,2010,2010-06-01,2010-09-28,1481,64,state_zone+crop+season,v1.0,decided_project_convention,Crop-specific 120-day cycle starting from the central_west Kharif anchor.,,https://www.kaggle.com/datasets/arjunyadav99/indian-agriculture-crop-production-and-yield,https://en.wikipedia.org/wiki/Kharif_crop
Madhya Pradesh,Groundnut,Whole Year,central_west,groundnut,annual_reporting_window,7,1,0,6,30,1,365,2010,2010-07-01,2011-06-30,96,48,state_zone+crop+season,v1.0,decided_project_convention,Whole Year mapped to the complete July-June crop-year reporting cycle.,Annual reporting window; do not calculate planting/harvest flags.,https://www.kaggle.com/datasets/arjunyadav99/indian-agriculture-crop-production-and-yield,"Project convention based on the recorded Indian crop-season label; Autumn and Winter are treated as crop reporting seasons, not literal meteorological seasons."
Madhya Pradesh,Horse-gram,Kharif,central_west,horse_gram,crop_cycle_estimate,6,1,0,9,18,0,110,2010,2010-06-01,2010-09-18,288,23,state_zone+crop+season,v1.0,decided_project_convention,Crop-specific 110-day cycle starting from the central_west Kharif anchor.,,https://www.kaggle.com/datasets/arjunyadav99/indian-agriculture-crop-production-and-yield,https://en.wikipedia.org/wiki/Kharif_crop
Madhya Pradesh,Horse-gram,Rabi,central_west,horse_gram,crop_cycle_estimate,10,15,0,2,1,1,110,2010,2010-10-15,2011-02-01,44,10,state_zone+crop+season,v1.0,decided_project_convention,Crop-specific 110-day cycle starting from the central_west Rabi anchor.,,https://www.kaggle.com/datasets/arjunyadav99/indian-agriculture-crop-production-and-yield,https://en.wikipedia.org/wiki/Rabi_crop
Madhya Pradesh,Jowar,Kharif,central_west,sorghum,crop_cycle_estimate,6,1,0,9,28,0,120,2010,2010-06-01,2010-09-28,1664,64,state_zone+crop+season,v1.0,decided_project_convention,Crop-specific 120-day cycle starting from the central_west Kharif anchor.,,https://www.kaggle.com/datasets/arjunyadav99/indian-agriculture-crop-production-and-yield,https://en.wikipedia.org/wiki/Kharif_crop
Madhya Pradesh,Jowar,Rabi,central_west,sorghum,crop_cycle_estimate,10,15,0,2,11,1,120,2010,2010-10-15,2011-02-11,394,28,state_zone+crop+season,v1.0,decided_project_convention,Crop-specific 120-day cycle starting from the central_west Rabi anchor.,,https://www.kaggle.com/datasets/arjunyadav99/indian-agriculture-crop-production-and-yield,https://en.wikipedia.org/wiki/Rabi_crop
Madhya Pradesh,Jute,Kharif,central_west,jute_mesta,crop_cycle_estimate,5,2,0,9,28,0,150,2010,2010-05-02,2010-09-28,80,40,state_zone+crop+season,v1.0,decided_project_convention,Crop-specific 150-day cycle starting from the central_west Kharif anchor.,,https://www.kaggle.com/datasets/arjunyadav99/indian-agriculture-crop-production-and-yield,https://en.wikipedia.org/wiki/Kharif_crop
Madhya Pradesh,Khesari,Rabi,central_west,khesari,crop_cycle_estimate,10,15,0,2,11,1,120,2010,2010-10-15,2011-02-11,400,37,state_zone+crop+season,v1.0,decided_project_convention,Crop-specific 120-day cycle starting from the central_west Rabi anchor.,,https://www.kaggle.com/datasets/arjunyadav99/indian-agriculture-crop-production-and-yield,https://en.wikipedia.org/wiki/Rabi_crop
Madhya Pradesh,Khesari,Whole Year,central_west,khesari,annual_reporting_window,7,1,0,6,30,1,365,2010,2010-07-01,2011-06-30,60,30,state_zone+crop+season,v1.0,decided_project_convention,Whole Year mapped to the complete July-June crop-year reporting cycle.,Annual reporting window; do not calculate planting/harvest flags.,https://www.kaggle.com/datasets/arjunyadav99/indian-agriculture-crop-production-and-yield,"Project convention based on the recorded Indian crop-season label; Autumn and Winter are treated as crop reporting seasons, not literal meteorological seasons."
Madhya Pradesh,Linseed,Rabi,central_west,linseed,crop_cycle_estimate,10,30,0,3,8,1,130,2010,2010-10-30,2011-03-08,1464,66,state_zone+crop+season,v1.0,decided_project_convention,Crop-specific 130-day cycle starting from the central_west Rabi anchor.,,https://www.kaggle.com/datasets/arjunyadav99/indian-agriculture-crop-production-and-yield,https://en.wikipedia.org/wiki/Rabi_crop
Madhya Pradesh,Linseed,Whole Year,central_west,linseed,annual_reporting_window,7,1,0,6,30,1,365,2010,2010-07-01,2011-06-30,92,46,state_zone+crop+season,v1.0,decided_project_convention,Whole Year mapped to the complete July-June crop-year reporting cycle.,Annual reporting window; do not calculate planting/harvest flags.,https://www.kaggle.com/datasets/arjunyadav99/indian-agriculture-crop-production-and-yield,"Project convention based on the recorded Indian crop-season label; Autumn and Winter are treated as crop reporting seasons, not literal meteorological seasons."
Madhya Pradesh,Maize,Kharif,central_west,maize,crop_cycle_estimate,6,1,0,9,28,0,120,2010,2010-06-01,2010-09-28,1572,66,state_zone+crop+season,v1.0,decided_project_convention,Crop-specific 120-day cycle starting from the central_west Kharif anchor.,,https://www.kaggle.com/datasets/arjunyadav99/indian-agriculture-crop-production-and-yield,https://en.wikipedia.org/wiki/Kharif_crop
Madhya Pradesh,Maize,Whole Year,central_west,maize,annual_reporting_window,7,1,0,6,30,1,365,2010,2010-07-01,2011-06-30,100,50,state_zone+crop+season,v1.0,decided_project_convention,Whole Year mapped to the complete July-June crop-year reporting cycle.,Annual reporting window; do not calculate planting/harvest flags.,https://www.kaggle.com/datasets/arjunyadav99/indian-agriculture-crop-production-and-yield,"Project convention based on the recorded Indian crop-season label; Autumn and Winter are treated as crop reporting seasons, not literal meteorological seasons."
Madhya Pradesh,Mango,Whole Year,central_west,fruit_perennial,annual_reporting_window,7,1,0,6,30,1,365,2010,2010-07-01,2011-06-30,84,44,state_zone+crop+season,v1.0,decided_project_convention,Whole Year mapped to the complete July-June crop-year reporting cycle.,Annual reporting window; do not calculate planting/harvest flags.,https://www.kaggle.com/datasets/arjunyadav99/indian-agriculture-crop-production-and-yield,"Project convention based on the recorded Indian crop-season label; Autumn and Winter are treated as crop reporting seasons, not literal meteorological seasons."
Madhya Pradesh,Masoor,Rabi,central_west,lentil,crop_cycle_estimate,10,15,0,2,11,1,120,2010,2010-10-15,2011-02-11,881,49,state_zone+crop+season,v1.0,decided_project_convention,Crop-specific 120-day cycle starting from the central_west Rabi anchor.,,https://www.kaggle.com/datasets/arjunyadav99/indian-agriculture-crop-production-and-yield,https://en.wikipedia.org/wiki/Rabi_crop
Madhya Pradesh,Masoor,Whole Year,central_west,lentil,annual_reporting_window,7,1,0,6,30,1,365,2010,2010-07-01,2011-06-30,96,48,state_zone+crop+season,v1.0,decided_project_convention,Whole Year mapped to the complete July-June crop-year reporting cycle.,Annual reporting window; do not calculate planting/harvest flags.,https://www.kaggle.com/datasets/arjunyadav99/indian-agriculture-crop-production-and-yield,"Project convention based on the recorded Indian crop-season label; Autumn and Winter are treated as crop reporting seasons, not literal meteorological seasons."
Madhya Pradesh,Mesta,Kharif,central_west,jute_mesta,crop_cycle_estimate,5,2,0,9,28,0,150,2010,2010-05-02,2010-09-28,112,21,state_zone+crop+season,v1.0,decided_project_convention,Crop-specific 150-day cycle starting from the central_west Kharif anchor.,,https://www.kaggle.com/datasets/arjunyadav99/indian-agriculture-crop-production-and-yield,https://en.wikipedia.org/wiki/Kharif_crop
Madhya Pradesh,Mesta,Whole Year,central_west,jute_mesta,annual_reporting_window,7,1,0,6,30,1,365,2010,2010-07-01,2011-06-30,48,13,state_zone+crop+season,v1.0,decided_project_convention,Whole Year mapped to the complete July-June crop-year reporting cycle.,Annual reporting window; do not calculate planting/harvest flags.,https://www.kaggle.com/datasets/arjunyadav99/indian-agriculture-crop-production-and-yield,"Project convention based on the recorded Indian crop-season label; Autumn and Winter are treated as crop reporting seasons, not literal meteorological seasons."
Madhya Pradesh,Moong(Green Gram),Kharif,central_west,green_gram,crop_cycle_estimate,6,1,0,8,29,0,90,2010,2010-06-01,2010-08-29,729,51,state_zone+crop+season,v1.0,decided_project_convention,Crop-specific 90-day cycle starting from the central_west Kharif anchor.,,https://www.kaggle.com/datasets/arjunyadav99/indian-agriculture-crop-production-and-yield,https://en.wikipedia.org/wiki/Kharif_crop
Madhya Pradesh,Moong(Green Gram),Rabi,central_west,green_gram,crop_cycle_estimate,10,15,0,1,12,1,90,2010,2010-10-15,2011-01-12,330,40,state_zone+crop+season,v1.0,decided_project_convention,Crop-specific 90-day cycle starting from the central_west Rabi anchor.,,https://www.kaggle.com/datasets/arjunyadav99/indian-agriculture-crop-production-and-yield,https://en.wikipedia.org/wiki/Rabi_crop
Madhya Pradesh,Niger seed,Kharif,central_west,niger,crop_cycle_estimate,6,1,0,9,28,0,120,2010,2010-06-01,2010-09-28,654,49,state_zone+crop+season,v1.0,decided_project_convention,Crop-specific 120-day cycle starting from the central_west Kharif anchor.,,https://www.kaggle.com/datasets/arjunyadav99/indian-agriculture-crop-production-and-yield,https://en.wikipedia.org/wiki/Kharif_crop
Madhya Pradesh,Niger seed,Whole Year,central_west,niger,annual_reporting_window,7,1,0,6,30,1,365,2010,2010-07-01,2011-06-30,52,26,state_zone+crop+season,v1.0,decided_project_convention,Whole Year mapped to the complete July-June crop-year reporting cycle.,Annual reporting window; do not calculate planting/harvest flags.,https://www.kaggle.com/datasets/arjunyadav99/indian-agriculture-crop-production-and-yield,"Project convention based on the recorded Indian crop-season label; Autumn and Winter are treated as crop reporting seasons, not literal meteorological seasons."
Madhya Pradesh,Onion,Whole Year,central_west,onion,annual_reporting_window,7,1,0,6,30,1,365,2010,2010-07-01,2011-06-30,1456,65,state_zone+crop+season,v1.0,decided_project_convention,Whole Year mapped to the complete July-June crop-year reporting cycle.,Annual reporting window; do not calculate planting/harvest flags.,https://www.kaggle.com/datasets/arjunyadav99/indian-agriculture-crop-production-and-yield,"Project convention based on the recorded Indian crop-season label; Autumn and Winter are treated as crop reporting seasons, not literal meteorological seasons."
Madhya Pradesh,Orange,Whole Year,central_west,fruit_perennial,annual_reporting_window,7,1,0,6,30,1,365,2010,2010-07-01,2011-06-30,26,26,state_zone+crop+season,v1.0,decided_project_convention,Whole Year mapped to the complete July-June crop-year reporting cycle.,Annual reporting window; do not calculate planting/harvest flags.,https://www.kaggle.com/datasets/arjunyadav99/indian-agriculture-crop-production-and-yield,"Project convention based on the recorded Indian crop-season label; Autumn and Winter are treated as crop reporting seasons, not literal meteorological seasons."
Madhya Pradesh,Other Citrus Fruit,Whole Year,central_west,fruit_perennial,annual_reporting_window,7,1,0,6,30,1,365,2010,2010-07-01,2011-06-30,15,15,state_zone+crop+season,v1.0,decided_project_convention,Whole Year mapped to the complete July-June crop-year reporting cycle.,Annual reporting window; do not calculate planting/harvest flags.,https://www.kaggle.com/datasets/arjunyadav99/indian-agriculture-crop-production-and-yield,"Project convention based on the recorded Indian crop-season label; Autumn and Winter are treated as crop reporting seasons, not literal meteorological seasons."
Madhya Pradesh,Other Fresh Fruits,Whole Year,central_west,fruit_perennial,annual_reporting_window,7,1,0,6,30,1,365,2010,2010-07-01,2011-06-30,79,43,state_zone+crop+season,v1.0,decided_project_convention,Whole Year mapped to the complete July-June crop-year reporting cycle.,Annual reporting window; do not calculate planting/harvest flags.,https://www.kaggle.com/datasets/arjunyadav99/indian-agriculture-crop-production-and-yield,"Project convention based on the recorded Indian crop-season label; Autumn and Winter are treated as crop reporting seasons, not literal meteorological seasons."
Madhya Pradesh,Other Kharif pulses,Kharif,central_west,aggregate_kharif_pulses,aggregate_reporting_window,6,1,0,11,30,0,183,2010,2010-06-01,2010-11-30,694,65,state_zone+crop+season,v1.0,decided_project_convention,Aggregate crop category mapped to the complete reporting-season window.,Aggregate crop category; uses the full reporting-season window.,https://www.kaggle.com/datasets/arjunyadav99/indian-agriculture-crop-production-and-yield,https://en.wikipedia.org/wiki/Kharif_crop
Madhya Pradesh,Other Rabi pulses,Rabi,central_west,aggregate_rabi_pulses,aggregate_reporting_window,10,15,0,4,30,1,198,2010,2010-10-15,2011-04-30,628,62,state_zone+crop+season,v1.0,decided_project_convention,Aggregate crop category mapped to the complete reporting-season window.,Aggregate crop category; uses the full reporting-season window.,https://www.kaggle.com/datasets/arjunyadav99/indian-agriculture-crop-production-and-yield,https://en.wikipedia.org/wiki/Rabi_crop
Madhya Pradesh,Other Vegetables,Whole Year,central_west,vegetable,annual_reporting_window,7,1,0,6,30,1,365,2010,2010-07-01,2011-06-30,93,48,state_zone+crop+season,v1.0,decided_project_convention,Whole Year mapped to the complete July-June crop-year reporting cycle.,Annual reporting window; do not calculate planting/harvest flags.,https://www.kaggle.com/datasets/arjunyadav99/indian-agriculture-crop-production-and-yield,"Project convention based on the recorded Indian crop-season label; Autumn and Winter are treated as crop reporting seasons, not literal meteorological seasons."
Madhya Pradesh,Paddy,Kharif,central_west,rice,crop_cycle_estimate,6,1,0,10,28,0,150,2010,2010-06-01,2010-10-28,35,35,state_zone+crop+season,v1.0,decided_project_convention,Crop-specific 150-day cycle starting from the central_west Kharif anchor.,,https://www.kaggle.com/datasets/arjunyadav99/indian-agriculture-crop-production-and-yield,https://en.wikipedia.org/wiki/Kharif_crop
Madhya Pradesh,Papaya,Whole Year,central_west,fruit_perennial,annual_reporting_window,7,1,0,6,30,1,365,2010,2010-07-01,2011-06-30,76,40,state_zone+crop+season,v1.0,decided_project_convention,Whole Year mapped to the complete July-June crop-year reporting cycle.,Annual reporting window; do not calculate planting/harvest flags.,https://www.kaggle.com/datasets/arjunyadav99/indian-agriculture-crop-production-and-yield,"Project convention based on the recorded Indian crop-season label; Autumn and Winter are treated as crop reporting seasons, not literal meteorological seasons."
Madhya Pradesh,Peas & beans (Pulses),Rabi,central_west,other_pulse,crop_cycle_estimate,10,15,0,2,11,1,120,2010,2010-10-15,2011-02-11,811,51,state_zone+crop+season,v1.0,decided_project_convention,Crop-specific 120-day cycle starting from the central_west Rabi anchor.,,https://www.kaggle.com/datasets/arjunyadav99/indian-agriculture-crop-production-and-yield,https://en.wikipedia.org/wiki/Rabi_crop
Madhya Pradesh,Peas & beans (Pulses),Whole Year,central_west,other_pulse,annual_reporting_window,7,1,0,6,30,1,365,2010,2010-07-01,2011-06-30,96,48,state_zone+crop+season,v1.0,decided_project_convention,Whole Year mapped to the complete July-June crop-year reporting cycle.,Annual reporting window; do not calculate planting/harvest flags.,https://www.kaggle.com/datasets/arjunyadav99/indian-agriculture-crop-production-and-yield,"Project convention based on the recorded Indian crop-season label; Autumn and Winter are treated as crop reporting seasons, not literal meteorological seasons."
Madhya Pradesh,Pome Fruit,Whole Year,central_west,fruit_perennial,annual_reporting_window,7,1,0,6,30,1,365,2010,2010-07-01,2011-06-30,89,47,state_zone+crop+season,v1.0,decided_project_convention,Whole Year mapped to the complete July-June crop-year reporting cycle.,Annual reporting window; do not calculate planting/harvest flags.,https://www.kaggle.com/datasets/arjunyadav99/indian-agriculture-crop-production-and-yield,"Project convention based on the recorded Indian crop-season label; Autumn and Winter are treated as crop reporting seasons, not literal meteorological seasons."
Madhya Pradesh,Potato,Whole Year,central_west,potato,annual_reporting_window,7,1,0,6,30,1,365,2010,2010-07-01,2011-06-30,1340,65,state_zone+crop+season,v1.0,decided_project_convention,Whole Year mapped to the complete July-June crop-year reporting cycle.,Annual reporting window; do not calculate planting/harvest flags.,https://www.kaggle.com/datasets/arjunyadav99/indian-agriculture-crop-production-and-yield,"Project convention based on the recorded Indian crop-season label; Autumn and Winter are treated as crop reporting seasons, not literal meteorological seasons."
Madhya Pradesh,Ragi,Kharif,central_west,finger_millet,crop_cycle_estimate,6,1,0,9,28,0,120,2010,2010-06-01,2010-09-28,140,31,state_zone+crop+season,v1.0,decided_project_convention,Crop-specific 120-day cycle starting from the central_west Kharif anchor.,,https://www.kaggle.com/datasets/arjunyadav99/indian-agriculture-crop-production-and-yield,https://en.wikipedia.org/wiki/Kharif_crop
Madhya Pradesh,Ragi,Whole Year,central_west,finger_millet,annual_reporting_window,7,1,0,6,30,1,365,2010,2010-07-01,2011-06-30,4,2,state_zone+crop+season,v1.0,decided_project_convention,Whole Year mapped to the complete July-June crop-year reporting cycle.,Annual reporting window; do not calculate planting/harvest flags.,https://www.kaggle.com/datasets/arjunyadav99/indian-agriculture-crop-production-and-yield,"Project convention based on the recorded Indian crop-season label; Autumn and Winter are treated as crop reporting seasons, not literal meteorological seasons."
Madhya Pradesh,Rapeseed &Mustard,Rabi,central_west,rapeseed_mustard,crop_cycle_estimate,10,30,0,3,18,1,140,2010,2010-10-30,2011-03-18,1515,65,state_zone+crop+season,v1.0,decided_project_convention,Crop-specific 140-day cycle starting from the central_west Rabi anchor.,,https://www.kaggle.com/datasets/arjunyadav99/indian-agriculture-crop-production-and-yield,https://en.wikipedia.org/wiki/Rabi_crop
Madhya Pradesh,Rapeseed &Mustard,Whole Year,central_west,rapeseed_mustard,annual_reporting_window,7,1,0,6,30,1,365,2010,2010-07-01,2011-06-30,98,49,state_zone+crop+season,v1.0,decided_project_convention,Whole Year mapped to the complete July-June crop-year reporting cycle.,Annual reporting window; do not calculate planting/harvest flags.,https://www.kaggle.com/datasets/arjunyadav99/indian-agriculture-crop-production-and-yield,"Project convention based on the recorded Indian crop-season label; Autumn and Winter are treated as crop reporting seasons, not literal meteorological seasons."
Madhya Pradesh,Rice,Kharif,central_west,rice,crop_cycle_estimate,6,1,0,10,28,0,150,2010,2010-06-01,2010-10-28,1474,66,state_zone+crop+season,v1.0,decided_project_convention,Crop-specific 150-day cycle starting from the central_west Kharif anchor.,,https://www.kaggle.com/datasets/arjunyadav99/indian-agriculture-crop-production-and-yield,https://en.wikipedia.org/wiki/Kharif_crop
Madhya Pradesh,Rice,Whole Year,central_west,rice,annual_reporting_window,7,1,0,6,30,1,365,2010,2010-07-01,2011-06-30,96,48,state_zone+crop+season,v1.0,decided_project_convention,Whole Year mapped to the complete July-June crop-year reporting cycle.,Annual reporting window; do not calculate planting/harvest flags.,https://www.kaggle.com/datasets/arjunyadav99/indian-agriculture-crop-production-and-yield,"Project convention based on the recorded Indian crop-season label; Autumn and Winter are treated as crop reporting seasons, not literal meteorological seasons."
Madhya Pradesh,Safflower,Rabi,central_west,safflower,crop_cycle_estimate,10,15,0,3,13,1,150,2010,2010-10-15,2011-03-13,305,42,state_zone+crop+season,v1.0,decided_project_convention,Crop-specific 150-day cycle starting from the central_west Rabi anchor.,,https://www.kaggle.com/datasets/arjunyadav99/indian-agriculture-crop-production-and-yield,https://en.wikipedia.org/wiki/Rabi_crop
Madhya Pradesh,Safflower,Whole Year,central_west,safflower,annual_reporting_window,7,1,0,6,30,1,365,2010,2010-07-01,2011-06-30,16,8,state_zone+crop+season,v1.0,decided_project_convention,Whole Year mapped to the complete July-June crop-year reporting cycle.,Annual reporting window; do not calculate planting/harvest flags.,https://www.kaggle.com/datasets/arjunyadav99/indian-agriculture-crop-production-and-yield,"Project convention based on the recorded Indian crop-season label; Autumn and Winter are treated as crop reporting seasons, not literal meteorological seasons."
Madhya Pradesh,Sannhamp,Kharif,central_west,other_fibre,crop_cycle_estimate,5,2,0,9,8,0,130,2010,2010-05-02,2010-09-08,396,48,state_zone+crop+season,v1.0,decided_project_convention,Crop-specific 130-day cycle starting from the central_west Kharif anchor.,,https://www.kaggle.com/datasets/arjunyadav99/indian-agriculture-crop-production-and-yield,https://en.wikipedia.org/wiki/Kharif_crop
Madhya Pradesh,Sannhamp,Whole Year,central_west,other_fibre,annual_reporting_window,7,1,0,6,30,1,365,2010,2010-07-01,2011-06-30,580,49,state_zone+crop+season,v1.0,decided_project_convention,Whole Year mapped to the complete July-June crop-year reporting cycle.,Annual reporting window; do not calculate planting/harvest flags.,https://www.kaggle.com/datasets/arjunyadav99/indian-agriculture-crop-production-and-yield,"Project convention based on the recorded Indian crop-season label; Autumn and Winter are treated as crop reporting seasons, not literal meteorological seasons."
Madhya Pradesh,Sesamum,Kharif,central_west,sesame,crop_cycle_estimate,6,1,0,9,8,0,100,2010,2010-06-01,2010-09-08,821,63,state_zone+crop+season,v1.0,decided_project_convention,Crop-specific 100-day cycle starting from the central_west Kharif anchor.,,https://www.kaggle.com/datasets/arjunyadav99/indian-agriculture-crop-production-and-yield,https://en.wikipedia.org/wiki/Kharif_crop
Madhya Pradesh,Sesamum,Whole Year,central_west,sesame,annual_reporting_window,7,1,0,6,30,1,365,2010,2010-07-01,2011-06-30,814,51,state_zone+crop+season,v1.0,decided_project_convention,Whole Year mapped to the complete July-June crop-year reporting cycle.,Annual reporting window; do not calculate planting/harvest flags.,https://www.kaggle.com/datasets/arjunyadav99/indian-agriculture-crop-production-and-yield,"Project convention based on the recorded Indian crop-season label; Autumn and Winter are treated as crop reporting seasons, not literal meteorological seasons."
Madhya Pradesh,Small millets,Kharif,central_west,minor_cereal,crop_cycle_estimate,6,1,0,9,13,0,105,2010,2010-06-01,2010-09-13,972,59,state_zone+crop+season,v1.0,decided_project_convention,Crop-specific 105-day cycle starting from the central_west Kharif anchor.,,https://www.kaggle.com/datasets/arjunyadav99/indian-agriculture-crop-production-and-yield,https://en.wikipedia.org/wiki/Kharif_crop
Madhya Pradesh,Small millets,Rabi,central_west,minor_cereal,crop_cycle_estimate,10,15,0,1,27,1,105,2010,2010-10-15,2011-01-27,26,13,state_zone+crop+season,v1.0,decided_project_convention,Crop-specific 105-day cycle starting from the central_west Rabi anchor.,,https://www.kaggle.com/datasets/arjunyadav99/indian-agriculture-crop-production-and-yield,https://en.wikipedia.org/wiki/Rabi_crop
Madhya Pradesh,Small millets,Whole Year,central_west,minor_cereal,annual_reporting_window,7,1,0,6,30,1,365,2010,2010-07-01,2011-06-30,96,35,state_zone+crop+season,v1.0,decided_project_convention,Whole Year mapped to the complete July-June crop-year reporting cycle.,Annual reporting window; do not calculate planting/harvest flags.,https://www.kaggle.com/datasets/arjunyadav99/indian-agriculture-crop-production-and-yield,"Project convention based on the recorded Indian crop-season label; Autumn and Winter are treated as crop reporting seasons, not literal meteorological seasons."
Madhya Pradesh,Soyabean,Kharif,central_west,soybean,crop_cycle_estimate,6,1,0,9,18,0,110,2010,2010-06-01,2010-09-18,1569,63,state_zone+crop+season,v1.0,decided_project_convention,Crop-specific 110-day cycle starting from the central_west Kharif anchor.,,https://www.kaggle.com/datasets/arjunyadav99/indian-agriculture-crop-production-and-yield,https://en.wikipedia.org/wiki/Kharif_crop
Madhya Pradesh,Soyabean,Whole Year,central_west,soybean,annual_reporting_window,7,1,0,6,30,1,365,2010,2010-07-01,2011-06-30,98,49,state_zone+crop+season,v1.0,decided_project_convention,Whole Year mapped to the complete July-June crop-year reporting cycle.,Annual reporting window; do not calculate planting/harvest flags.,https://www.kaggle.com/datasets/arjunyadav99/indian-agriculture-crop-production-and-yield,"Project convention based on the recorded Indian crop-season label; Autumn and Winter are treated as crop reporting seasons, not literal meteorological seasons."
Madhya Pradesh,Sugarcane,Whole Year,central_west,sugarcane,annual_reporting_window,7,1,0,6,30,1,365,2010,2010-07-01,2011-06-30,1537,66,state_zone+crop+season,v1.0,decided_project_convention,Whole Year mapped to the complete July-June crop-year reporting cycle.,Annual reporting window; do not calculate planting/harvest flags.,https://www.kaggle.com/datasets/arjunyadav99/indian-agriculture-crop-production-and-yield,"Project convention based on the recorded Indian crop-season label; Autumn and Winter are treated as crop reporting seasons, not literal meteorological seasons."
Madhya Pradesh,Sunflower,Kharif,central_west,sunflower,crop_cycle_estimate,6,1,0,9,18,0,110,2010,2010-06-01,2010-09-18,398,47,state_zone+crop+season,v1.0,decided_project_convention,Crop-specific 110-day cycle starting from the central_west Kharif anchor.,,https://www.kaggle.com/datasets/arjunyadav99/indian-agriculture-crop-production-and-yield,https://en.wikipedia.org/wiki/Kharif_crop
Madhya Pradesh,Sunflower,Whole Year,central_west,sunflower,annual_reporting_window,7,1,0,6,30,1,365,2010,2010-07-01,2011-06-30,72,17,state_zone+crop+season,v1.0,decided_project_convention,Whole Year mapped to the complete July-June crop-year reporting cycle.,Annual reporting window; do not calculate planting/harvest flags.,https://www.kaggle.com/datasets/arjunyadav99/indian-agriculture-crop-production-and-yield,"Project convention based on the recorded Indian crop-season label; Autumn and Winter are treated as crop reporting seasons, not literal meteorological seasons."
Madhya Pradesh,Sweet potato,Whole Year,central_west,sweet_potato,annual_reporting_window,7,1,0,6,30,1,365,2010,2010-07-01,2011-06-30,1296,65,state_zone+crop+season,v1.0,decided_project_convention,Whole Year mapped to the complete July-June crop-year reporting cycle.,Annual reporting window; do not calculate planting/harvest flags.,https://www.kaggle.com/datasets/arjunyadav99/indian-agriculture-crop-production-and-yield,"Project convention based on the recorded Indian crop-season label; Autumn and Winter are treated as crop reporting seasons, not literal meteorological seasons."
Madhya Pradesh,Tobacco,Whole Year,central_west,tobacco,annual_reporting_window,7,1,0,6,30,1,365,2010,2010-07-01,2011-06-30,174,17,state_zone+crop+season,v1.0,decided_project_convention,Whole Year mapped to the complete July-June crop-year reporting cycle.,Annual reporting window; do not calculate planting/harvest flags.,https://www.kaggle.com/datasets/arjunyadav99/indian-agriculture-crop-production-and-yield,"Project convention based on the recorded Indian crop-season label; Autumn and Winter are treated as crop reporting seasons, not literal meteorological seasons."
Madhya Pradesh,Tomato,Whole Year,central_west,vegetable,annual_reporting_window,7,1,0,6,30,1,365,2010,2010-07-01,2011-06-30,93,48,state_zone+crop+season,v1.0,decided_project_convention,Whole Year mapped to the complete July-June crop-year reporting cycle.,Annual reporting window; do not calculate planting/harvest flags.,https://www.kaggle.com/datasets/arjunyadav99/indian-agriculture-crop-production-and-yield,"Project convention based on the recorded Indian crop-season label; Autumn and Winter are treated as crop reporting seasons, not literal meteorological seasons."
Madhya Pradesh,Turmeric,Whole Year,central_west,turmeric,annual_reporting_window,7,1,0,6,30,1,365,2010,2010-07-01,2011-06-30,836,44,state_zone+crop+season,v1.0,decided_project_convention,Whole Year mapped to the complete July-June crop-year reporting cycle.,Annual reporting window; do not calculate planting/harvest flags.,https://www.kaggle.com/datasets/arjunyadav99/indian-agriculture-crop-production-and-yield,"Project convention based on the recorded Indian crop-season label; Autumn and Winter are treated as crop reporting seasons, not literal meteorological seasons."
Madhya Pradesh,Urad,Kharif,central_west,black_gram,crop_cycle_estimate,6,1,0,9,3,0,95,2010,2010-06-01,2010-09-03,1216,51,state_zone+crop+season,v1.0,decided_project_convention,Crop-specific 95-day cycle starting from the central_west Kharif anchor.,,https://www.kaggle.com/datasets/arjunyadav99/indian-agriculture-crop-production-and-yield,https://en.wikipedia.org/wiki/Kharif_crop
Madhya Pradesh,Urad,Rabi,central_west,black_gram,crop_cycle_estimate,10,15,0,1,17,1,95,2010,2010-10-15,2011-01-17,352,31,state_zone+crop+season,v1.0,decided_project_convention,Crop-specific 95-day cycle starting from the central_west Rabi anchor.,,https://www.kaggle.com/datasets/arjunyadav99/indian-agriculture-crop-production-and-yield,https://en.wikipedia.org/wiki/Rabi_crop
Madhya Pradesh,Water Melon,Whole Year,central_west,vegetable,annual_reporting_window,7,1,0,6,30,1,365,2010,2010-07-01,2011-06-30,24,24,state_zone+crop+season,v1.0,decided_project_convention,Whole Year mapped to the complete July-June crop-year reporting cycle.,Annual reporting window; do not calculate planting/harvest flags.,https://www.kaggle.com/datasets/arjunyadav99/indian-agriculture-crop-production-and-yield,"Project convention based on the recorded Indian crop-season label; Autumn and Winter are treated as crop reporting seasons, not literal meteorological seasons."
Madhya Pradesh,Wheat,Rabi,central_west,wheat,crop_cycle_estimate,10,30,0,3,28,1,150,2010,2010-10-30,2011-03-28,1579,65,state_zone+crop+season,v1.0,decided_project_convention,Crop-specific 150-day cycle starting from the central_west Rabi anchor.,,https://www.kaggle.com/datasets/arjunyadav99/indian-agriculture-crop-production-and-yield,https://en.wikipedia.org/wiki/Rabi_crop
Madhya Pradesh,Wheat,Whole Year,central_west,wheat,annual_reporting_window,7,1,0,6,30,1,365,2010,2010-07-01,2011-06-30,100,50,state_zone+crop+season,v1.0,decided_project_convention,Whole Year mapped to the complete July-June crop-year reporting cycle.,Annual reporting window; do not calculate planting/harvest flags.,https://www.kaggle.com/datasets/arjunyadav99/indian-agriculture-crop-production-and-yield,"Project convention based on the recorded Indian crop-season label; Autumn and Winter are treated as crop reporting seasons, not literal meteorological seasons."
Madhya Pradesh,other misc. pulses,Kharif,central_west,other_pulse,crop_cycle_estimate,6,1,0,9,28,0,120,2010,2010-06-01,2010-09-28,16,16,state_zone+crop+season,v1.0,decided_project_convention,Crop-specific 120-day cycle starting from the central_west Kharif anchor.,,https://www.kaggle.com/datasets/arjunyadav99/indian-agriculture-crop-production-and-yield,https://en.wikipedia.org/wiki/Kharif_crop
Madhya Pradesh,other misc. pulses,Rabi,central_west,other_pulse,crop_cycle_estimate,10,15,0,2,11,1,120,2010,2010-10-15,2011-02-11,6,6,state_zone+crop+season,v1.0,decided_project_convention,Crop-specific 120-day cycle starting from the central_west Rabi anchor.,,https://www.kaggle.com/datasets/arjunyadav99/indian-agriculture-crop-production-and-yield,https://en.wikipedia.org/wiki/Rabi_crop
Maharashtra,Arhar/Tur,Kharif,central_west,pigeon_pea,crop_cycle_estimate,5,17,0,12,2,0,200,2010,2010-05-17,2010-12-02,1138,33,state_zone+crop+season,v1.0,decided_project_convention,Crop-specific 200-day cycle starting from the central_west Kharif anchor.,,https://www.kaggle.com/datasets/arjunyadav99/indian-agriculture-crop-production-and-yield,https://en.wikipedia.org/wiki/Kharif_crop
Maharashtra,Bajra,Kharif,central_west,pearl_millet,crop_cycle_estimate,6,1,0,9,8,0,100,2010,2010-06-01,2010-09-08,768,26,state_zone+crop+season,v1.0,decided_project_convention,Crop-specific 100-day cycle starting from the central_west Kharif anchor.,,https://www.kaggle.com/datasets/arjunyadav99/indian-agriculture-crop-production-and-yield,https://en.wikipedia.org/wiki/Kharif_crop
Maharashtra,Banana,Whole Year,central_west,fruit_perennial,annual_reporting_window,7,1,0,6,30,1,365,2010,2010-07-01,2011-06-30,56,28,state_zone+crop+season,v1.0,decided_project_convention,Whole Year mapped to the complete July-June crop-year reporting cycle.,Annual reporting window; do not calculate planting/harvest flags.,https://www.kaggle.com/datasets/arjunyadav99/indian-agriculture-crop-production-and-yield,"Project convention based on the recorded Indian crop-season label; Autumn and Winter are treated as crop reporting seasons, not literal meteorological seasons."
Maharashtra,Castor seed,Kharif,central_west,castor,crop_cycle_estimate,5,17,0,11,12,0,180,2010,2010-05-17,2010-11-12,579,28,state_zone+crop+season,v1.0,decided_project_convention,Crop-specific 180-day cycle starting from the central_west Kharif anchor.,,https://www.kaggle.com/datasets/arjunyadav99/indian-agriculture-crop-production-and-yield,https://en.wikipedia.org/wiki/Kharif_crop
Maharashtra,Cotton(lint),Kharif,central_west,cotton,crop_cycle_estimate,5,17,0,12,12,0,210,2010,2010-05-17,2010-12-12,857,27,state_zone+crop+season,v1.0,decided_project_convention,Crop-specific 210-day cycle starting from the central_west Kharif anchor.,,https://www.kaggle.com/datasets/arjunyadav99/indian-agriculture-crop-production-and-yield,https://en.wikipedia.org/wiki/Kharif_crop
Maharashtra,Cotton(lint),Whole Year,central_west,cotton,annual_reporting_window,7,1,0,6,30,1,365,2010,2010-07-01,2011-06-30,73,27,state_zone+crop+season,v1.0,decided_project_convention,Whole Year mapped to the complete July-June crop-year reporting cycle.,Annual reporting window; do not calculate planting/harvest flags.,https://www.kaggle.com/datasets/arjunyadav99/indian-agriculture-crop-production-and-yield,"Project convention based on the recorded Indian crop-season label; Autumn and Winter are treated as crop reporting seasons, not literal meteorological seasons."
Maharashtra,Gram,Kharif,central_west,chickpea,crop_cycle_estimate,6,1,0,10,8,0,130,2010,2010-06-01,2010-10-08,54,27,state_zone+crop+season,v1.0,decided_project_convention,Crop-specific 130-day cycle starting from the central_west Kharif anchor.,,https://www.kaggle.com/datasets/arjunyadav99/indian-agriculture-crop-production-and-yield,https://en.wikipedia.org/wiki/Kharif_crop
Maharashtra,Gram,Rabi,central_west,chickpea,crop_cycle_estimate,10,30,0,3,8,1,130,2010,2010-10-30,2011-03-08,1042,33,state_zone+crop+season,v1.0,decided_project_convention,Crop-specific 130-day cycle starting from the central_west Rabi anchor.,,https://www.kaggle.com/datasets/arjunyadav99/indian-agriculture-crop-production-and-yield,https://en.wikipedia.org/wiki/Rabi_crop
Maharashtra,Grapes,Whole Year,central_west,fruit_perennial,annual_reporting_window,7,1,0,6,30,1,365,2010,2010-07-01,2011-06-30,24,24,state_zone+crop+season,v1.0,decided_project_convention,Whole Year mapped to the complete July-June crop-year reporting cycle.,Annual reporting window; do not calculate planting/harvest flags.,https://www.kaggle.com/datasets/arjunyadav99/indian-agriculture-crop-production-and-yield,"Project convention based on the recorded Indian crop-season label; Autumn and Winter are treated as crop reporting seasons, not literal meteorological seasons."
Maharashtra,Groundnut,Kharif,central_west,groundnut,crop_cycle_estimate,6,1,0,9,28,0,120,2010,2010-06-01,2010-09-28,894,32,state_zone+crop+season,v1.0,decided_project_convention,Crop-specific 120-day cycle starting from the central_west Kharif anchor.,,https://www.kaggle.com/datasets/arjunyadav99/indian-agriculture-crop-production-and-yield,https://en.wikipedia.org/wiki/Kharif_crop
Maharashtra,Groundnut,Summer,central_west,groundnut,crop_cycle_estimate,3,1,1,6,28,1,120,2010,2011-03-01,2011-06-28,933,34,state_zone+crop+season,v1.0,decided_project_convention,Crop-specific 120-day cycle starting from the central_west Summer anchor.,,https://www.kaggle.com/datasets/arjunyadav99/indian-agriculture-crop-production-and-yield,https://en.wikipedia.org/wiki/Zaid_crop
Maharashtra,Jowar,Kharif,central_west,sorghum,crop_cycle_estimate,6,1,0,9,28,0,120,2010,2010-06-01,2010-09-28,894,29,state_zone+crop+season,v1.0,decided_project_convention,Crop-specific 120-day cycle starting from the central_west Kharif anchor.,,https://www.kaggle.com/datasets/arjunyadav99/indian-agriculture-crop-production-and-yield,https://en.wikipedia.org/wiki/Kharif_crop
Maharashtra,Jowar,Rabi,central_west,sorghum,crop_cycle_estimate,10,15,0,2,11,1,120,2010,2010-10-15,2011-02-11,908,29,state_zone+crop+season,v1.0,decided_project_convention,Crop-specific 120-day cycle starting from the central_west Rabi anchor.,,https://www.kaggle.com/datasets/arjunyadav99/indian-agriculture-crop-production-and-yield,https://en.wikipedia.org/wiki/Rabi_crop
Maharashtra,Linseed,Rabi,central_west,linseed,crop_cycle_estimate,10,30,0,3,8,1,130,2010,2010-10-30,2011-03-08,543,22,state_zone+crop+season,v1.0,decided_project_convention,Crop-specific 130-day cycle starting from the central_west Rabi anchor.,,https://www.kaggle.com/datasets/arjunyadav99/indian-agriculture-crop-production-and-yield,https://en.wikipedia.org/wiki/Rabi_crop
Maharashtra,Maize,Autumn,central_west,maize,crop_cycle_estimate,5,1,0,8,28,0,120,2010,2010-05-01,2010-08-28,14,7,state_zone+crop+season,v1.0,decided_project_convention,Crop-specific 120-day cycle starting from the central_west Autumn anchor.,,https://www.kaggle.com/datasets/arjunyadav99/indian-agriculture-crop-production-and-yield,"Project convention based on the recorded Indian crop-season label; Autumn and Winter are treated as crop reporting seasons, not literal meteorological seasons."
Maharashtra,Maize,Kharif,central_west,maize,crop_cycle_estimate,6,1,0,9,28,0,120,2010,2010-06-01,2010-09-28,913,29,state_zone+crop+season,v1.0,decided_project_convention,Crop-specific 120-day cycle starting from the central_west Kharif anchor.,,https://www.kaggle.com/datasets/arjunyadav99/indian-agriculture-crop-production-and-yield,https://en.wikipedia.org/wiki/Kharif_crop
Maharashtra,Maize,Rabi,central_west,maize,crop_cycle_estimate,10,15,0,2,11,1,120,2010,2010-10-15,2011-02-11,774,30,state_zone+crop+season,v1.0,decided_project_convention,Crop-specific 120-day cycle starting from the central_west Rabi anchor.,,https://www.kaggle.com/datasets/arjunyadav99/indian-agriculture-crop-production-and-yield,https://en.wikipedia.org/wiki/Rabi_crop
Maharashtra,Maize,Summer,central_west,maize,crop_cycle_estimate,3,1,1,6,28,1,120,2010,2011-03-01,2011-06-28,534,28,state_zone+crop+season,v1.0,decided_project_convention,Crop-specific 120-day cycle starting from the central_west Summer anchor.,,https://www.kaggle.com/datasets/arjunyadav99/indian-agriculture-crop-production-and-yield,https://en.wikipedia.org/wiki/Zaid_crop
Maharashtra,Mango,Whole Year,central_west,fruit_perennial,annual_reporting_window,7,1,0,6,30,1,365,2010,2010-07-01,2011-06-30,31,31,state_zone+crop+season,v1.0,decided_project_convention,Whole Year mapped to the complete July-June crop-year reporting cycle.,Annual reporting window; do not calculate planting/harvest flags.,https://www.kaggle.com/datasets/arjunyadav99/indian-agriculture-crop-production-and-yield,"Project convention based on the recorded Indian crop-season label; Autumn and Winter are treated as crop reporting seasons, not literal meteorological seasons."
Maharashtra,Moong(Green Gram),Kharif,central_west,green_gram,crop_cycle_estimate,6,1,0,8,29,0,90,2010,2010-06-01,2010-08-29,1129,33,state_zone+crop+season,v1.0,decided_project_convention,Crop-specific 90-day cycle starting from the central_west Kharif anchor.,,https://www.kaggle.com/datasets/arjunyadav99/indian-agriculture-crop-production-and-yield,https://en.wikipedia.org/wiki/Kharif_crop
Maharashtra,Niger seed,Kharif,central_west,niger,crop_cycle_estimate,6,1,0,9,28,0,120,2010,2010-06-01,2010-09-28,622,28,state_zone+crop+season,v1.0,decided_project_convention,Crop-specific 120-day cycle starting from the central_west Kharif anchor.,,https://www.kaggle.com/datasets/arjunyadav99/indian-agriculture-crop-production-and-yield,https://en.wikipedia.org/wiki/Kharif_crop
Maharashtra,Onion,Whole Year,central_west,onion,annual_reporting_window,7,1,0,6,30,1,365,2010,2010-07-01,2011-06-30,52,26,state_zone+crop+season,v1.0,decided_project_convention,Whole Year mapped to the complete July-June crop-year reporting cycle.,Annual reporting window; do not calculate planting/harvest flags.,https://www.kaggle.com/datasets/arjunyadav99/indian-agriculture-crop-production-and-yield,"Project convention based on the recorded Indian crop-season label; Autumn and Winter are treated as crop reporting seasons, not literal meteorological seasons."
Maharashtra,Other Cereals,Kharif,central_west,minor_cereal,crop_cycle_estimate,6,1,0,9,13,0,105,2010,2010-06-01,2010-09-13,53,32,state_zone+crop+season,v1.0,decided_project_convention,Crop-specific 105-day cycle starting from the central_west Kharif anchor.,,https://www.kaggle.com/datasets/arjunyadav99/indian-agriculture-crop-production-and-yield,https://en.wikipedia.org/wiki/Kharif_crop
Maharashtra,Other Cereals,Rabi,central_west,minor_cereal,crop_cycle_estimate,10,15,0,1,27,1,105,2010,2010-10-15,2011-01-27,29,18,state_zone+crop+season,v1.0,decided_project_convention,Crop-specific 105-day cycle starting from the central_west Rabi anchor.,,https://www.kaggle.com/datasets/arjunyadav99/indian-agriculture-crop-production-and-yield,https://en.wikipedia.org/wiki/Rabi_crop
Maharashtra,Other Cereals & Millets,Kharif,central_west,minor_cereal,crop_cycle_estimate,6,1,0,9,13,0,105,2010,2010-06-01,2010-09-13,53,32,state_zone+crop+season,v1.0,decided_project_convention,Crop-specific 105-day cycle starting from the central_west Kharif anchor.,,https://www.kaggle.com/datasets/arjunyadav99/indian-agriculture-crop-production-and-yield,https://en.wikipedia.org/wiki/Kharif_crop
Maharashtra,Other Cereals & Millets,Rabi,central_west,minor_cereal,crop_cycle_estimate,10,15,0,1,27,1,105,2010,2010-10-15,2011-01-27,29,18,state_zone+crop+season,v1.0,decided_project_convention,Crop-specific 105-day cycle starting from the central_west Rabi anchor.,,https://www.kaggle.com/datasets/arjunyadav99/indian-agriculture-crop-production-and-yield,https://en.wikipedia.org/wiki/Rabi_crop
Maharashtra,Other Kharif pulses,Kharif,central_west,aggregate_kharif_pulses,aggregate_reporting_window,6,1,0,11,30,0,183,2010,2010-06-01,2010-11-30,854,34,state_zone+crop+season,v1.0,decided_project_convention,Aggregate crop category mapped to the complete reporting-season window.,Aggregate crop category; uses the full reporting-season window.,https://www.kaggle.com/datasets/arjunyadav99/indian-agriculture-crop-production-and-yield,https://en.wikipedia.org/wiki/Kharif_crop
Maharashtra,Other Rabi pulses,Rabi,central_west,aggregate_rabi_pulses,aggregate_reporting_window,10,15,0,4,30,1,198,2010,2010-10-15,2011-04-30,744,33,state_zone+crop+season,v1.0,decided_project_convention,Aggregate crop category mapped to the complete reporting-season window.,Aggregate crop category; uses the full reporting-season window.,https://www.kaggle.com/datasets/arjunyadav99/indian-agriculture-crop-production-and-yield,https://en.wikipedia.org/wiki/Rabi_crop
Maharashtra,Pulses total,Kharif,central_west,aggregate_pulses,aggregate_reporting_window,6,1,0,11,30,0,183,2010,2010-06-01,2010-11-30,29,29,state_zone+crop+season,v1.0,decided_project_convention,Aggregate crop category mapped to the complete reporting-season window.,Aggregate crop category; uses the full reporting-season window.,https://www.kaggle.com/datasets/arjunyadav99/indian-agriculture-crop-production-and-yield,https://en.wikipedia.org/wiki/Kharif_crop
Maharashtra,Ragi,Kharif,central_west,finger_millet,crop_cycle_estimate,6,1,0,9,28,0,120,2010,2010-06-01,2010-09-28,412,13,state_zone+crop+season,v1.0,decided_project_convention,Crop-specific 120-day cycle starting from the central_west Kharif anchor.,,https://www.kaggle.com/datasets/arjunyadav99/indian-agriculture-crop-production-and-yield,https://en.wikipedia.org/wiki/Kharif_crop
Maharashtra,Rapeseed &Mustard,Rabi,central_west,rapeseed_mustard,crop_cycle_estimate,10,30,0,3,18,1,140,2010,2010-10-30,2011-03-18,680,32,state_zone+crop+season,v1.0,decided_project_convention,Crop-specific 140-day cycle starting from the central_west Rabi anchor.,,https://www.kaggle.com/datasets/arjunyadav99/indian-agriculture-crop-production-and-yield,https://en.wikipedia.org/wiki/Rabi_crop
Maharashtra,Rice,Kharif,central_west,rice,crop_cycle_estimate,6,1,0,10,28,0,150,2010,2010-06-01,2010-10-28,1034,34,state_zone+crop+season,v1.0,decided_project_convention,Crop-specific 150-day cycle starting from the central_west Kharif anchor.,,https://www.kaggle.com/datasets/arjunyadav99/indian-agriculture-crop-production-and-yield,https://en.wikipedia.org/wiki/Kharif_crop
Maharashtra,Rice,Summer,central_west,rice,crop_cycle_estimate,12,1,0,5,29,1,180,2010,2010-12-01,2011-05-29,305,11,state_zone+crop+season,v1.0,decided_project_convention,Crop-specific 180-day cycle starting from the central_west Summer anchor.,Summer/Boro rice: winter-starting cycle ending in late spring or early summer.,https://www.kaggle.com/datasets/arjunyadav99/indian-agriculture-crop-production-and-yield,https://en.wikipedia.org/wiki/Zaid_crop
Maharashtra,Safflower,Rabi,central_west,safflower,crop_cycle_estimate,10,15,0,3,13,1,150,2010,2010-10-15,2011-03-13,669,26,state_zone+crop+season,v1.0,decided_project_convention,Crop-specific 150-day cycle starting from the central_west Rabi anchor.,,https://www.kaggle.com/datasets/arjunyadav99/indian-agriculture-crop-production-and-yield,https://en.wikipedia.org/wiki/Rabi_crop
Maharashtra,Sesamum,Kharif,central_west,sesame,crop_cycle_estimate,6,1,0,9,8,0,100,2010,2010-06-01,2010-09-08,989,33,state_zone+crop+season,v1.0,decided_project_convention,Crop-specific 100-day cycle starting from the central_west Kharif anchor.,,https://www.kaggle.com/datasets/arjunyadav99/indian-agriculture-crop-production-and-yield,https://en.wikipedia.org/wiki/Kharif_crop
Maharashtra,Sesamum,Rabi,central_west,sesame,crop_cycle_estimate,10,15,0,1,22,1,100,2010,2010-10-15,2011-01-22,281,21,state_zone+crop+season,v1.0,decided_project_convention,Crop-specific 100-day cycle starting from the central_west Rabi anchor.,,https://www.kaggle.com/datasets/arjunyadav99/indian-agriculture-crop-production-and-yield,https://en.wikipedia.org/wiki/Rabi_crop
Maharashtra,Small millets,Kharif,central_west,minor_cereal,crop_cycle_estimate,6,1,0,9,13,0,105,2010,2010-06-01,2010-09-13,567,33,state_zone+crop+season,v1.0,decided_project_convention,Crop-specific 105-day cycle starting from the central_west Kharif anchor.,,https://www.kaggle.com/datasets/arjunyadav99/indian-agriculture-crop-production-and-yield,https://en.wikipedia.org/wiki/Kharif_crop
Maharashtra,Small millets,Rabi,central_west,minor_cereal,crop_cycle_estimate,10,15,0,1,27,1,105,2010,2010-10-15,2011-01-27,327,34,state_zone+crop+season,v1.0,decided_project_convention,Crop-specific 105-day cycle starting from the central_west Rabi anchor.,,https://www.kaggle.com/datasets/arjunyadav99/indian-agriculture-crop-production-and-yield,https://en.wikipedia.org/wiki/Rabi_crop
Maharashtra,Soyabean,Kharif,central_west,soybean,crop_cycle_estimate,6,1,0,9,18,0,110,2010,2010-06-01,2010-09-18,925,29,state_zone+crop+season,v1.0,decided_project_convention,Crop-specific 110-day cycle starting from the central_west Kharif anchor.,,https://www.kaggle.com/datasets/arjunyadav99/indian-agriculture-crop-production-and-yield,https://en.wikipedia.org/wiki/Kharif_crop
Maharashtra,Soyabean,Rabi,central_west,soybean,crop_cycle_estimate,10,15,0,2,1,1,110,2010,2010-10-15,2011-02-01,29,29,state_zone+crop+season,v1.0,decided_project_convention,Crop-specific 110-day cycle starting from the central_west Rabi anchor.,,https://www.kaggle.com/datasets/arjunyadav99/indian-agriculture-crop-production-and-yield,https://en.wikipedia.org/wiki/Rabi_crop
Maharashtra,Sugarcane,Kharif,central_west,sugarcane,crop_cycle_estimate,6,1,0,5,31,1,365,2010,2010-06-01,2011-05-31,164,27,state_zone+crop+season,v1.0,decided_project_convention,Crop-specific 365-day cycle starting from the central_west Kharif anchor.,,https://www.kaggle.com/datasets/arjunyadav99/indian-agriculture-crop-production-and-yield,https://en.wikipedia.org/wiki/Kharif_crop
Maharashtra,Sugarcane,Whole Year,central_west,sugarcane,annual_reporting_window,7,1,0,6,30,1,365,2010,2010-07-01,2011-06-30,748,30,state_zone+crop+season,v1.0,decided_project_convention,Whole Year mapped to the complete July-June crop-year reporting cycle.,Annual reporting window; do not calculate planting/harvest flags.,https://www.kaggle.com/datasets/arjunyadav99/indian-agriculture-crop-production-and-yield,"Project convention based on the recorded Indian crop-season label; Autumn and Winter are treated as crop reporting seasons, not literal meteorological seasons."
Maharashtra,Sunflower,Kharif,central_west,sunflower,crop_cycle_estimate,6,1,0,9,18,0,110,2010,2010-06-01,2010-09-18,702,25,state_zone+crop+season,v1.0,decided_project_convention,Crop-specific 110-day cycle starting from the central_west Kharif anchor.,,https://www.kaggle.com/datasets/arjunyadav99/indian-agriculture-crop-production-and-yield,https://en.wikipedia.org/wiki/Kharif_crop
Maharashtra,Sunflower,Rabi,central_west,sunflower,crop_cycle_estimate,10,15,0,2,1,1,110,2010,2010-10-15,2011-02-01,738,29,state_zone+crop+season,v1.0,decided_project_convention,Crop-specific 110-day cycle starting from the central_west Rabi anchor.,,https://www.kaggle.com/datasets/arjunyadav99/indian-agriculture-crop-production-and-yield,https://en.wikipedia.org/wiki/Rabi_crop
Maharashtra,Sunflower,Summer,central_west,sunflower,crop_cycle_estimate,3,1,1,6,18,1,110,2010,2011-03-01,2011-06-18,503,26,state_zone+crop+season,v1.0,decided_project_convention,Crop-specific 110-day cycle starting from the central_west Summer anchor.,,https://www.kaggle.com/datasets/arjunyadav99/indian-agriculture-crop-production-and-yield,https://en.wikipedia.org/wiki/Zaid_crop
Maharashtra,Tobacco,Kharif,central_west,tobacco,crop_cycle_estimate,6,1,0,10,28,0,150,2010,2010-06-01,2010-10-28,1,1,state_zone+crop+season,v1.0,decided_project_convention,Crop-specific 150-day cycle starting from the central_west Kharif anchor.,,https://www.kaggle.com/datasets/arjunyadav99/indian-agriculture-crop-production-and-yield,https://en.wikipedia.org/wiki/Kharif_crop
Maharashtra,Tobacco,Whole Year,central_west,tobacco,annual_reporting_window,7,1,0,6,30,1,365,2010,2010-07-01,2011-06-30,3,1,state_zone+crop+season,v1.0,decided_project_convention,Whole Year mapped to the complete July-June crop-year reporting cycle.,Annual reporting window; do not calculate planting/harvest flags.,https://www.kaggle.com/datasets/arjunyadav99/indian-agriculture-crop-production-and-yield,"Project convention based on the recorded Indian crop-season label; Autumn and Winter are treated as crop reporting seasons, not literal meteorological seasons."
Maharashtra,Tomato,Whole Year,central_west,vegetable,annual_reporting_window,7,1,0,6,30,1,365,2010,2010-07-01,2011-06-30,30,30,state_zone+crop+season,v1.0,decided_project_convention,Whole Year mapped to the complete July-June crop-year reporting cycle.,Annual reporting window; do not calculate planting/harvest flags.,https://www.kaggle.com/datasets/arjunyadav99/indian-agriculture-crop-production-and-yield,"Project convention based on the recorded Indian crop-season label; Autumn and Winter are treated as crop reporting seasons, not literal meteorological seasons."
Maharashtra,Total foodgrain,Kharif,central_west,aggregate_foodgrain,aggregate_reporting_window,6,1,0,11,30,0,183,2010,2010-06-01,2010-11-30,29,29,state_zone+crop+season,v1.0,decided_project_convention,Aggregate crop category mapped to the complete reporting-season window.,Aggregate crop category; uses the full reporting-season window.,https://www.kaggle.com/datasets/arjunyadav99/indian-agriculture-crop-production-and-yield,https://en.wikipedia.org/wiki/Kharif_crop
Maharashtra,Urad,Kharif,central_west,black_gram,crop_cycle_estimate,6,1,0,9,3,0,95,2010,2010-06-01,2010-09-03,1129,34,state_zone+crop+season,v1.0,decided_project_convention,Crop-specific 95-day cycle starting from the central_west Kharif anchor.,,https://www.kaggle.com/datasets/arjunyadav99/indian-agriculture-crop-production-and-yield,https://en.wikipedia.org/wiki/Kharif_crop
Maharashtra,Wheat,Rabi,central_west,wheat,crop_cycle_estimate,10,30,0,3,28,1,150,2010,2010-10-30,2011-03-28,1044,30,state_zone+crop+season,v1.0,decided_project_convention,Crop-specific 150-day cycle starting from the central_west Rabi anchor.,,https://www.kaggle.com/datasets/arjunyadav99/indian-agriculture-crop-production-and-yield,https://en.wikipedia.org/wiki/Rabi_crop
Maharashtra,other oilseeds,Kharif,central_west,other_oilseed,crop_cycle_estimate,6,1,0,9,28,0,120,2010,2010-06-01,2010-09-28,51,21,state_zone+crop+season,v1.0,decided_project_convention,Crop-specific 120-day cycle starting from the central_west Kharif anchor.,,https://www.kaggle.com/datasets/arjunyadav99/indian-agriculture-crop-production-and-yield,https://en.wikipedia.org/wiki/Kharif_crop
Manipur,Arhar/Tur,Kharif,east_northeast,pigeon_pea,crop_cycle_estimate,4,30,0,11,15,0,200,2010,2010-04-30,2010-11-15,64,9,state_zone+crop+season,v1.0,decided_project_convention,Crop-specific 200-day cycle starting from the east_northeast Kharif anchor.,,https://www.kaggle.com/datasets/arjunyadav99/indian-agriculture-crop-production-and-yield,https://en.wikipedia.org/wiki/Kharif_crop
Manipur,Banana,Autumn,east_northeast,fruit_perennial,seasonal_reporting_window,4,1,0,10,31,0,214,2010,2010-04-01,2010-10-31,12,6,state_zone+crop+season,v1.0,decided_project_convention,Perennial or plantation crop mapped to its recorded reporting season.,Seasonal reporting window for a perennial/plantation crop; not its full biological life cycle.,https://www.kaggle.com/datasets/arjunyadav99/indian-agriculture-crop-production-and-yield,"Project convention based on the recorded Indian crop-season label; Autumn and Winter are treated as crop reporting seasons, not literal meteorological seasons."
Manipur,Banana,Rabi,east_northeast,fruit_perennial,seasonal_reporting_window,10,15,0,4,30,1,198,2010,2010-10-15,2011-04-30,10,5,state_zone+crop+season,v1.0,decided_project_convention,Perennial or plantation crop mapped to its recorded reporting season.,Seasonal reporting window for a perennial/plantation crop; not its full biological life cycle.,https://www.kaggle.com/datasets/arjunyadav99/indian-agriculture-crop-production-and-yield,https://en.wikipedia.org/wiki/Rabi_crop
Manipur,Banana,Summer,east_northeast,fruit_perennial,seasonal_reporting_window,2,15,1,6,30,1,136,2010,2011-02-15,2011-06-30,16,7,state_zone+crop+season,v1.0,decided_project_convention,Perennial or plantation crop mapped to its recorded reporting season.,Seasonal reporting window for a perennial/plantation crop; not its full biological life cycle.,https://www.kaggle.com/datasets/arjunyadav99/indian-agriculture-crop-production-and-yield,https://en.wikipedia.org/wiki/Zaid_crop
Manipur,Banana,Whole Year,east_northeast,fruit_perennial,annual_reporting_window,7,1,0,6,30,1,365,2010,2010-07-01,2011-06-30,215,9,state_zone+crop+season,v1.0,decided_project_convention,Whole Year mapped to the complete July-June crop-year reporting cycle.,Annual reporting window; do not calculate planting/harvest flags.,https://www.kaggle.com/datasets/arjunyadav99/indian-agriculture-crop-production-and-yield,"Project convention based on the recorded Indian crop-season label; Autumn and Winter are treated as crop reporting seasons, not literal meteorological seasons."
Manipur,Banana,Winter,east_northeast,fruit_perennial,seasonal_reporting_window,10,15,0,1,31,1,109,2010,2010-10-15,2011-01-31,12,6,state_zone+crop+season,v1.0,decided_project_convention,Perennial or plantation crop mapped to its recorded reporting season.,Seasonal reporting window for a perennial/plantation crop; not its full biological life cycle.,https://www.kaggle.com/datasets/arjunyadav99/indian-agriculture-crop-production-and-yield,"Project convention based on the recorded Indian crop-season label; Autumn and Winter are treated as crop reporting seasons, not literal meteorological seasons."
Manipur,Beans & Mutter(Vegetable),Whole Year,east_northeast,vegetable,annual_reporting_window,7,1,0,6,30,1,365,2010,2010-07-01,2011-06-30,18,9,state_zone+crop+season,v1.0,decided_project_convention,Whole Year mapped to the complete July-June crop-year reporting cycle.,Annual reporting window; do not calculate planting/harvest flags.,https://www.kaggle.com/datasets/arjunyadav99/indian-agriculture-crop-production-and-yield,"Project convention based on the recorded Indian crop-season label; Autumn and Winter are treated as crop reporting seasons, not literal meteorological seasons."
Manipur,Bhindi,Whole Year,east_northeast,vegetable,annual_reporting_window,7,1,0,6,30,1,365,2010,2010-07-01,2011-06-30,18,9,state_zone+crop+season,v1.0,decided_project_convention,Whole Year mapped to the complete July-June crop-year reporting cycle.,Annual reporting window; do not calculate planting/harvest flags.,https://www.kaggle.com/datasets/arjunyadav99/indian-agriculture-crop-production-and-yield,"Project convention based on the recorded Indian crop-season label; Autumn and Winter are treated as crop reporting seasons, not literal meteorological seasons."
Manipur,Bitter Gourd,Whole Year,east_northeast,vegetable,annual_reporting_window,7,1,0,6,30,1,365,2010,2010-07-01,2011-06-30,10,8,state_zone+crop+season,v1.0,decided_project_convention,Whole Year mapped to the complete July-June crop-year reporting cycle.,Annual reporting window; do not calculate planting/harvest flags.,https://www.kaggle.com/datasets/arjunyadav99/indian-agriculture-crop-production-and-yield,"Project convention based on the recorded Indian crop-season label; Autumn and Winter are treated as crop reporting seasons, not literal meteorological seasons."
Manipur,Bottle Gourd,Whole Year,east_northeast,vegetable,annual_reporting_window,7,1,0,6,30,1,365,2010,2010-07-01,2011-06-30,12,9,state_zone+crop+season,v1.0,decided_project_convention,Whole Year mapped to the complete July-June crop-year reporting cycle.,Annual reporting window; do not calculate planting/harvest flags.,https://www.kaggle.com/datasets/arjunyadav99/indian-agriculture-crop-production-and-yield,"Project convention based on the recorded Indian crop-season label; Autumn and Winter are treated as crop reporting seasons, not literal meteorological seasons."
Manipur,Brinjal,Whole Year,east_northeast,vegetable,annual_reporting_window,7,1,0,6,30,1,365,2010,2010-07-01,2011-06-30,18,9,state_zone+crop+season,v1.0,decided_project_convention,Whole Year mapped to the complete July-June crop-year reporting cycle.,Annual reporting window; do not calculate planting/harvest flags.,https://www.kaggle.com/datasets/arjunyadav99/indian-agriculture-crop-production-and-yield,"Project convention based on the recorded Indian crop-season label; Autumn and Winter are treated as crop reporting seasons, not literal meteorological seasons."
Manipur,Cabbage,Whole Year,east_northeast,vegetable,annual_reporting_window,7,1,0,6,30,1,365,2010,2010-07-01,2011-06-30,18,9,state_zone+crop+season,v1.0,decided_project_convention,Whole Year mapped to the complete July-June crop-year reporting cycle.,Annual reporting window; do not calculate planting/harvest flags.,https://www.kaggle.com/datasets/arjunyadav99/indian-agriculture-crop-production-and-yield,"Project convention based on the recorded Indian crop-season label; Autumn and Winter are treated as crop reporting seasons, not literal meteorological seasons."
Manipur,Carrot,Whole Year,east_northeast,vegetable,annual_reporting_window,7,1,0,6,30,1,365,2010,2010-07-01,2011-06-30,18,9,state_zone+crop+season,v1.0,decided_project_convention,Whole Year mapped to the complete July-June crop-year reporting cycle.,Annual reporting window; do not calculate planting/harvest flags.,https://www.kaggle.com/datasets/arjunyadav99/indian-agriculture-crop-production-and-yield,"Project convention based on the recorded Indian crop-season label; Autumn and Winter are treated as crop reporting seasons, not literal meteorological seasons."
Manipur,Cashewnut,Whole Year,east_northeast,cashew,annual_reporting_window,7,1,0,6,30,1,365,2010,2010-07-01,2011-06-30,10,2,state_zone+crop+season,v1.0,decided_project_convention,Whole Year mapped to the complete July-June crop-year reporting cycle.,Annual reporting window; do not calculate planting/harvest flags.,https://www.kaggle.com/datasets/arjunyadav99/indian-agriculture-crop-production-and-yield,"Project convention based on the recorded Indian crop-season label; Autumn and Winter are treated as crop reporting seasons, not literal meteorological seasons."
Manipur,Cauliflower,Whole Year,east_northeast,vegetable,annual_reporting_window,7,1,0,6,30,1,365,2010,2010-07-01,2011-06-30,18,9,state_zone+crop+season,v1.0,decided_project_convention,Whole Year mapped to the complete July-June crop-year reporting cycle.,Annual reporting window; do not calculate planting/harvest flags.,https://www.kaggle.com/datasets/arjunyadav99/indian-agriculture-crop-production-and-yield,"Project convention based on the recorded Indian crop-season label; Autumn and Winter are treated as crop reporting seasons, not literal meteorological seasons."
Manipur,Citrus Fruit,Whole Year,east_northeast,fruit_perennial,annual_reporting_window,7,1,0,6,30,1,365,2010,2010-07-01,2011-06-30,18,9,state_zone+crop+season,v1.0,decided_project_convention,Whole Year mapped to the complete July-June crop-year reporting cycle.,Annual reporting window; do not calculate planting/harvest flags.,https://www.kaggle.com/datasets/arjunyadav99/indian-agriculture-crop-production-and-yield,"Project convention based on the recorded Indian crop-season label; Autumn and Winter are treated as crop reporting seasons, not literal meteorological seasons."
Manipur,Cotton(lint),Autumn,east_northeast,cotton,crop_cycle_estimate,4,1,0,10,17,0,200,2010,2010-04-01,2010-10-17,2,1,state_zone+crop+season,v1.0,decided_project_convention,Crop-specific 200-day cycle starting from the east_northeast Autumn anchor.,,https://www.kaggle.com/datasets/arjunyadav99/indian-agriculture-crop-production-and-yield,"Project convention based on the recorded Indian crop-season label; Autumn and Winter are treated as crop reporting seasons, not literal meteorological seasons."
Manipur,Cotton(lint),Kharif,east_northeast,cotton,crop_cycle_estimate,4,30,0,11,25,0,210,2010,2010-04-30,2010-11-25,10,1,state_zone+crop+season,v1.0,decided_project_convention,Crop-specific 210-day cycle starting from the east_northeast Kharif anchor.,,https://www.kaggle.com/datasets/arjunyadav99/indian-agriculture-crop-production-and-yield,https://en.wikipedia.org/wiki/Kharif_crop
Manipur,Cotton(lint),Rabi,east_northeast,cotton,crop_cycle_estimate,10,15,0,4,12,1,180,2010,2010-10-15,2011-04-12,2,1,state_zone+crop+season,v1.0,decided_project_convention,Crop-specific 180-day cycle starting from the east_northeast Rabi anchor.,,https://www.kaggle.com/datasets/arjunyadav99/indian-agriculture-crop-production-and-yield,https://en.wikipedia.org/wiki/Rabi_crop
Manipur,Cotton(lint),Winter,east_northeast,cotton,crop_cycle_estimate,10,15,0,5,2,1,200,2010,2010-10-15,2011-05-02,2,1,state_zone+crop+season,v1.0,decided_project_convention,Crop-specific 200-day cycle starting from the east_northeast Winter anchor.,,https://www.kaggle.com/datasets/arjunyadav99/indian-agriculture-crop-production-and-yield,"Project convention based on the recorded Indian crop-season label; Autumn and Winter are treated as crop reporting seasons, not literal meteorological seasons."
Manipur,Cowpea(Lobia),Kharif,east_northeast,cowpea,crop_cycle_estimate,5,15,0,8,22,0,100,2010,2010-05-15,2010-08-22,62,9,state_zone+crop+season,v1.0,decided_project_convention,Crop-specific 100-day cycle starting from the east_northeast Kharif anchor.,,https://www.kaggle.com/datasets/arjunyadav99/indian-agriculture-crop-production-and-yield,https://en.wikipedia.org/wiki/Kharif_crop
Manipur,Dry chillies,Autumn,east_northeast,chilli,crop_cycle_estimate,4,1,0,9,27,0,180,2010,2010-04-01,2010-09-27,10,5,state_zone+crop+season,v1.0,decided_project_convention,Crop-specific 180-day cycle starting from the east_northeast Autumn anchor.,,https://www.kaggle.com/datasets/arjunyadav99/indian-agriculture-crop-production-and-yield,"Project convention based on the recorded Indian crop-season label; Autumn and Winter are treated as crop reporting seasons, not literal meteorological seasons."
Manipur,Dry chillies,Rabi,east_northeast,chilli,crop_cycle_estimate,10,15,0,4,12,1,180,2010,2010-10-15,2011-04-12,12,6,state_zone+crop+season,v1.0,decided_project_convention,Crop-specific 180-day cycle starting from the east_northeast Rabi anchor.,,https://www.kaggle.com/datasets/arjunyadav99/indian-agriculture-crop-production-and-yield,https://en.wikipedia.org/wiki/Rabi_crop
Manipur,Dry chillies,Summer,east_northeast,chilli,crop_cycle_estimate,2,15,1,8,13,1,180,2010,2011-02-15,2011-08-13,8,4,state_zone+crop+season,v1.0,decided_project_convention,Crop-specific 180-day cycle starting from the east_northeast Summer anchor.,,https://www.kaggle.com/datasets/arjunyadav99/indian-agriculture-crop-production-and-yield,https://en.wikipedia.org/wiki/Zaid_crop
Manipur,Dry chillies,Whole Year,east_northeast,chilli,annual_reporting_window,7,1,0,6,30,1,365,2010,2010-07-01,2011-06-30,229,9,state_zone+crop+season,v1.0,decided_project_convention,Whole Year mapped to the complete July-June crop-year reporting cycle.,Annual reporting window; do not calculate planting/harvest flags.,https://www.kaggle.com/datasets/arjunyadav99/indian-agriculture-crop-production-and-yield,"Project convention based on the recorded Indian crop-season label; Autumn and Winter are treated as crop reporting seasons, not literal meteorological seasons."
Manipur,Dry chillies,Winter,east_northeast,chilli,crop_cycle_estimate,10,15,0,4,12,1,180,2010,2010-10-15,2011-04-12,12,6,state_zone+crop+season,v1.0,decided_project_convention,Crop-specific 180-day cycle starting from the east_northeast Winter anchor.,,https://www.kaggle.com/datasets/arjunyadav99/indian-agriculture-crop-production-and-yield,"Project convention based on the recorded Indian crop-season label; Autumn and Winter are treated as crop reporting seasons, not literal meteorological seasons."
Manipur,Dry ginger,Autumn,east_northeast,ginger,crop_cycle_estimate,4,1,0,11,26,0,240,2010,2010-04-01,2010-11-26,6,6,state_zone+crop+season,v1.0,decided_project_convention,Crop-specific 240-day cycle starting from the east_northeast Autumn anchor.,,https://www.kaggle.com/datasets/arjunyadav99/indian-agriculture-crop-production-and-yield,"Project convention based on the recorded Indian crop-season label; Autumn and Winter are treated as crop reporting seasons, not literal meteorological seasons."
Manipur,Dry ginger,Kharif,east_northeast,ginger,crop_cycle_estimate,5,15,0,1,9,1,240,2010,2010-05-15,2011-01-09,62,8,state_zone+crop+season,v1.0,decided_project_convention,Crop-specific 240-day cycle starting from the east_northeast Kharif anchor.,,https://www.kaggle.com/datasets/arjunyadav99/indian-agriculture-crop-production-and-yield,https://en.wikipedia.org/wiki/Kharif_crop
Manipur,Dry ginger,Summer,east_northeast,ginger,crop_cycle_estimate,2,15,1,10,12,1,240,2010,2011-02-15,2011-10-12,5,5,state_zone+crop+season,v1.0,decided_project_convention,Crop-specific 240-day cycle starting from the east_northeast Summer anchor.,,https://www.kaggle.com/datasets/arjunyadav99/indian-agriculture-crop-production-and-yield,https://en.wikipedia.org/wiki/Zaid_crop
Manipur,Dry ginger,Winter,east_northeast,ginger,crop_cycle_estimate,10,15,0,6,11,1,240,2010,2010-10-15,2011-06-11,5,5,state_zone+crop+season,v1.0,decided_project_convention,Crop-specific 240-day cycle starting from the east_northeast Winter anchor.,,https://www.kaggle.com/datasets/arjunyadav99/indian-agriculture-crop-production-and-yield,"Project convention based on the recorded Indian crop-season label; Autumn and Winter are treated as crop reporting seasons, not literal meteorological seasons."
Manipur,Ginger,Autumn,east_northeast,ginger,crop_cycle_estimate,4,1,0,11,26,0,240,2010,2010-04-01,2010-11-26,6,6,state_zone+crop+season,v1.0,decided_project_convention,Crop-specific 240-day cycle starting from the east_northeast Autumn anchor.,,https://www.kaggle.com/datasets/arjunyadav99/indian-agriculture-crop-production-and-yield,"Project convention based on the recorded Indian crop-season label; Autumn and Winter are treated as crop reporting seasons, not literal meteorological seasons."
Manipur,Ginger,Kharif,east_northeast,ginger,crop_cycle_estimate,5,15,0,1,9,1,240,2010,2010-05-15,2011-01-09,125,9,state_zone+crop+season,v1.0,decided_project_convention,Crop-specific 240-day cycle starting from the east_northeast Kharif anchor.,,https://www.kaggle.com/datasets/arjunyadav99/indian-agriculture-crop-production-and-yield,https://en.wikipedia.org/wiki/Kharif_crop
Manipur,Ginger,Summer,east_northeast,ginger,crop_cycle_estimate,2,15,1,10,12,1,240,2010,2011-02-15,2011-10-12,5,5,state_zone+crop+season,v1.0,decided_project_convention,Crop-specific 240-day cycle starting from the east_northeast Summer anchor.,,https://www.kaggle.com/datasets/arjunyadav99/indian-agriculture-crop-production-and-yield,https://en.wikipedia.org/wiki/Zaid_crop
Manipur,Ginger,Winter,east_northeast,ginger,crop_cycle_estimate,10,15,0,6,11,1,240,2010,2010-10-15,2011-06-11,5,5,state_zone+crop+season,v1.0,decided_project_convention,Crop-specific 240-day cycle starting from the east_northeast Winter anchor.,,https://www.kaggle.com/datasets/arjunyadav99/indian-agriculture-crop-production-and-yield,"Project convention based on the recorded Indian crop-season label; Autumn and Winter are treated as crop reporting seasons, not literal meteorological seasons."
Manipur,Gram,Rabi,east_northeast,chickpea,crop_cycle_estimate,10,30,0,3,8,1,130,2010,2010-10-30,2011-03-08,63,9,state_zone+crop+season,v1.0,decided_project_convention,Crop-specific 130-day cycle starting from the east_northeast Rabi anchor.,,https://www.kaggle.com/datasets/arjunyadav99/indian-agriculture-crop-production-and-yield,https://en.wikipedia.org/wiki/Rabi_crop
Manipur,Groundnut,Kharif,east_northeast,groundnut,crop_cycle_estimate,5,15,0,9,11,0,120,2010,2010-05-15,2010-09-11,63,9,state_zone+crop+season,v1.0,decided_project_convention,Crop-specific 120-day cycle starting from the east_northeast Kharif anchor.,,https://www.kaggle.com/datasets/arjunyadav99/indian-agriculture-crop-production-and-yield,https://en.wikipedia.org/wiki/Kharif_crop
Manipur,Jack Fruit,Whole Year,east_northeast,fruit_perennial,annual_reporting_window,7,1,0,6,30,1,365,2010,2010-07-01,2011-06-30,16,9,state_zone+crop+season,v1.0,decided_project_convention,Whole Year mapped to the complete July-June crop-year reporting cycle.,Annual reporting window; do not calculate planting/harvest flags.,https://www.kaggle.com/datasets/arjunyadav99/indian-agriculture-crop-production-and-yield,"Project convention based on the recorded Indian crop-season label; Autumn and Winter are treated as crop reporting seasons, not literal meteorological seasons."
Manipur,Jute,Autumn,east_northeast,jute_mesta,crop_cycle_estimate,4,1,0,8,18,0,140,2010,2010-04-01,2010-08-18,2,1,state_zone+crop+season,v1.0,decided_project_convention,Crop-specific 140-day cycle starting from the east_northeast Autumn anchor.,,https://www.kaggle.com/datasets/arjunyadav99/indian-agriculture-crop-production-and-yield,"Project convention based on the recorded Indian crop-season label; Autumn and Winter are treated as crop reporting seasons, not literal meteorological seasons."
Manipur,Jute,Kharif,east_northeast,jute_mesta,crop_cycle_estimate,4,15,0,9,11,0,150,2010,2010-04-15,2010-09-11,2,1,state_zone+crop+season,v1.0,decided_project_convention,Crop-specific 150-day cycle starting from the east_northeast Kharif anchor.,,https://www.kaggle.com/datasets/arjunyadav99/indian-agriculture-crop-production-and-yield,https://en.wikipedia.org/wiki/Kharif_crop
Manipur,Jute,Summer,east_northeast,jute_mesta,crop_cycle_estimate,2,15,1,7,4,1,140,2010,2011-02-15,2011-07-04,2,1,state_zone+crop+season,v1.0,decided_project_convention,Crop-specific 140-day cycle starting from the east_northeast Summer anchor.,,https://www.kaggle.com/datasets/arjunyadav99/indian-agriculture-crop-production-and-yield,https://en.wikipedia.org/wiki/Zaid_crop
Manipur,Kapas,Kharif,east_northeast,cotton,crop_cycle_estimate,4,30,0,11,25,0,210,2010,2010-04-30,2010-11-25,1,1,state_zone+crop+season,v1.0,decided_project_convention,Crop-specific 210-day cycle starting from the east_northeast Kharif anchor.,,https://www.kaggle.com/datasets/arjunyadav99/indian-agriculture-crop-production-and-yield,https://en.wikipedia.org/wiki/Kharif_crop
Manipur,Maize,Autumn,east_northeast,maize,crop_cycle_estimate,4,1,0,7,29,0,120,2010,2010-04-01,2010-07-29,8,4,state_zone+crop+season,v1.0,decided_project_convention,Crop-specific 120-day cycle starting from the east_northeast Autumn anchor.,,https://www.kaggle.com/datasets/arjunyadav99/indian-agriculture-crop-production-and-yield,"Project convention based on the recorded Indian crop-season label; Autumn and Winter are treated as crop reporting seasons, not literal meteorological seasons."
Manipur,Maize,Kharif,east_northeast,maize,crop_cycle_estimate,5,15,0,9,11,0,120,2010,2010-05-15,2010-09-11,143,9,state_zone+crop+season,v1.0,decided_project_convention,Crop-specific 120-day cycle starting from the east_northeast Kharif anchor.,,https://www.kaggle.com/datasets/arjunyadav99/indian-agriculture-crop-production-and-yield,https://en.wikipedia.org/wiki/Kharif_crop
Manipur,Maize,Rabi,east_northeast,maize,crop_cycle_estimate,10,15,0,2,11,1,120,2010,2010-10-15,2011-02-11,63,9,state_zone+crop+season,v1.0,decided_project_convention,Crop-specific 120-day cycle starting from the east_northeast Rabi anchor.,,https://www.kaggle.com/datasets/arjunyadav99/indian-agriculture-crop-production-and-yield,https://en.wikipedia.org/wiki/Rabi_crop
Manipur,Mango,Whole Year,east_northeast,fruit_perennial,annual_reporting_window,7,1,0,6,30,1,365,2010,2010-07-01,2011-06-30,16,9,state_zone+crop+season,v1.0,decided_project_convention,Whole Year mapped to the complete July-June crop-year reporting cycle.,Annual reporting window; do not calculate planting/harvest flags.,https://www.kaggle.com/datasets/arjunyadav99/indian-agriculture-crop-production-and-yield,"Project convention based on the recorded Indian crop-season label; Autumn and Winter are treated as crop reporting seasons, not literal meteorological seasons."
Manipur,Masoor,Rabi,east_northeast,lentil,crop_cycle_estimate,10,15,0,2,11,1,120,2010,2010-10-15,2011-02-11,63,9,state_zone+crop+season,v1.0,decided_project_convention,Crop-specific 120-day cycle starting from the east_northeast Rabi anchor.,,https://www.kaggle.com/datasets/arjunyadav99/indian-agriculture-crop-production-and-yield,https://en.wikipedia.org/wiki/Rabi_crop
Manipur,Moong(Green Gram),Kharif,east_northeast,green_gram,crop_cycle_estimate,5,15,0,8,12,0,90,2010,2010-05-15,2010-08-12,63,9,state_zone+crop+season,v1.0,decided_project_convention,Crop-specific 90-day cycle starting from the east_northeast Kharif anchor.,,https://www.kaggle.com/datasets/arjunyadav99/indian-agriculture-crop-production-and-yield,https://en.wikipedia.org/wiki/Kharif_crop
Manipur,Onion,Autumn,east_northeast,onion,crop_cycle_estimate,4,1,0,8,28,0,150,2010,2010-04-01,2010-08-28,8,4,state_zone+crop+season,v1.0,decided_project_convention,Crop-specific 150-day cycle starting from the east_northeast Autumn anchor.,,https://www.kaggle.com/datasets/arjunyadav99/indian-agriculture-crop-production-and-yield,"Project convention based on the recorded Indian crop-season label; Autumn and Winter are treated as crop reporting seasons, not literal meteorological seasons."
Manipur,Onion,Kharif,east_northeast,onion,crop_cycle_estimate,5,15,0,10,11,0,150,2010,2010-05-15,2010-10-11,2,1,state_zone+crop+season,v1.0,decided_project_convention,Crop-specific 150-day cycle starting from the east_northeast Kharif anchor.,,https://www.kaggle.com/datasets/arjunyadav99/indian-agriculture-crop-production-and-yield,https://en.wikipedia.org/wiki/Kharif_crop
Manipur,Onion,Rabi,east_northeast,onion,crop_cycle_estimate,10,30,0,3,28,1,150,2010,2010-10-30,2011-03-28,10,5,state_zone+crop+season,v1.0,decided_project_convention,Crop-specific 150-day cycle starting from the east_northeast Rabi anchor.,,https://www.kaggle.com/datasets/arjunyadav99/indian-agriculture-crop-production-and-yield,https://en.wikipedia.org/wiki/Rabi_crop
Manipur,Onion,Summer,east_northeast,onion,crop_cycle_estimate,2,15,1,7,14,1,150,2010,2011-02-15,2011-07-14,8,4,state_zone+crop+season,v1.0,decided_project_convention,Crop-specific 150-day cycle starting from the east_northeast Summer anchor.,,https://www.kaggle.com/datasets/arjunyadav99/indian-agriculture-crop-production-and-yield,https://en.wikipedia.org/wiki/Zaid_crop
Manipur,Onion,Whole Year,east_northeast,onion,annual_reporting_window,7,1,0,6,30,1,365,2010,2010-07-01,2011-06-30,96,8,state_zone+crop+season,v1.0,decided_project_convention,Whole Year mapped to the complete July-June crop-year reporting cycle.,Annual reporting window; do not calculate planting/harvest flags.,https://www.kaggle.com/datasets/arjunyadav99/indian-agriculture-crop-production-and-yield,"Project convention based on the recorded Indian crop-season label; Autumn and Winter are treated as crop reporting seasons, not literal meteorological seasons."
Manipur,Onion,Winter,east_northeast,onion,crop_cycle_estimate,10,15,0,3,13,1,150,2010,2010-10-15,2011-03-13,4,2,state_zone+crop+season,v1.0,decided_project_convention,Crop-specific 150-day cycle starting from the east_northeast Winter anchor.,,https://www.kaggle.com/datasets/arjunyadav99/indian-agriculture-crop-production-and-yield,"Project convention based on the recorded Indian crop-season label; Autumn and Winter are treated as crop reporting seasons, not literal meteorological seasons."
Manipur,Orange,Whole Year,east_northeast,fruit_perennial,annual_reporting_window,7,1,0,6,30,1,365,2010,2010-07-01,2011-06-30,7,7,state_zone+crop+season,v1.0,decided_project_convention,Whole Year mapped to the complete July-June crop-year reporting cycle.,Annual reporting window; do not calculate planting/harvest flags.,https://www.kaggle.com/datasets/arjunyadav99/indian-agriculture-crop-production-and-yield,"Project convention based on the recorded Indian crop-season label; Autumn and Winter are treated as crop reporting seasons, not literal meteorological seasons."
Manipur,Other Fresh Fruits,Whole Year,east_northeast,fruit_perennial,annual_reporting_window,7,1,0,6,30,1,365,2010,2010-07-01,2011-06-30,18,9,state_zone+crop+season,v1.0,decided_project_convention,Whole Year mapped to the complete July-June crop-year reporting cycle.,Annual reporting window; do not calculate planting/harvest flags.,https://www.kaggle.com/datasets/arjunyadav99/indian-agriculture-crop-production-and-yield,"Project convention based on the recorded Indian crop-season label; Autumn and Winter are treated as crop reporting seasons, not literal meteorological seasons."
Manipur,Other Kharif pulses,Kharif,east_northeast,aggregate_kharif_pulses,aggregate_reporting_window,5,15,0,11,30,0,200,2010,2010-05-15,2010-11-30,179,9,state_zone+crop+season,v1.0,decided_project_convention,Aggregate crop category mapped to the complete reporting-season window.,Aggregate crop category; uses the full reporting-season window.,https://www.kaggle.com/datasets/arjunyadav99/indian-agriculture-crop-production-and-yield,https://en.wikipedia.org/wiki/Kharif_crop
Manipur,Other Rabi pulses,Rabi,east_northeast,aggregate_rabi_pulses,aggregate_reporting_window,10,15,0,4,30,1,198,2010,2010-10-15,2011-04-30,63,9,state_zone+crop+season,v1.0,decided_project_convention,Aggregate crop category mapped to the complete reporting-season window.,Aggregate crop category; uses the full reporting-season window.,https://www.kaggle.com/datasets/arjunyadav99/indian-agriculture-crop-production-and-yield,https://en.wikipedia.org/wiki/Rabi_crop
Manipur,Other Vegetables,Whole Year,east_northeast,vegetable,annual_reporting_window,7,1,0,6,30,1,365,2010,2010-07-01,2011-06-30,18,9,state_zone+crop+season,v1.0,decided_project_convention,Whole Year mapped to the complete July-June crop-year reporting cycle.,Annual reporting window; do not calculate planting/harvest flags.,https://www.kaggle.com/datasets/arjunyadav99/indian-agriculture-crop-production-and-yield,"Project convention based on the recorded Indian crop-season label; Autumn and Winter are treated as crop reporting seasons, not literal meteorological seasons."
Manipur,Papaya,Whole Year,east_northeast,fruit_perennial,annual_reporting_window,7,1,0,6,30,1,365,2010,2010-07-01,2011-06-30,18,9,state_zone+crop+season,v1.0,decided_project_convention,Whole Year mapped to the complete July-June crop-year reporting cycle.,Annual reporting window; do not calculate planting/harvest flags.,https://www.kaggle.com/datasets/arjunyadav99/indian-agriculture-crop-production-and-yield,"Project convention based on the recorded Indian crop-season label; Autumn and Winter are treated as crop reporting seasons, not literal meteorological seasons."
Manipur,Peas & beans (Pulses),Autumn,east_northeast,other_pulse,crop_cycle_estimate,4,1,0,7,29,0,120,2010,2010-04-01,2010-07-29,10,5,state_zone+crop+season,v1.0,decided_project_convention,Crop-specific 120-day cycle starting from the east_northeast Autumn anchor.,,https://www.kaggle.com/datasets/arjunyadav99/indian-agriculture-crop-production-and-yield,"Project convention based on the recorded Indian crop-season label; Autumn and Winter are treated as crop reporting seasons, not literal meteorological seasons."
Manipur,Peas & beans (Pulses),Kharif,east_northeast,other_pulse,crop_cycle_estimate,5,15,0,9,11,0,120,2010,2010-05-15,2010-09-11,158,9,state_zone+crop+season,v1.0,decided_project_convention,Crop-specific 120-day cycle starting from the east_northeast Kharif anchor.,,https://www.kaggle.com/datasets/arjunyadav99/indian-agriculture-crop-production-and-yield,https://en.wikipedia.org/wiki/Kharif_crop
Manipur,Peas & beans (Pulses),Rabi,east_northeast,other_pulse,crop_cycle_estimate,10,15,0,2,11,1,120,2010,2010-10-15,2011-02-11,79,9,state_zone+crop+season,v1.0,decided_project_convention,Crop-specific 120-day cycle starting from the east_northeast Rabi anchor.,,https://www.kaggle.com/datasets/arjunyadav99/indian-agriculture-crop-production-and-yield,https://en.wikipedia.org/wiki/Rabi_crop
Manipur,Peas & beans (Pulses),Summer,east_northeast,other_pulse,crop_cycle_estimate,2,15,1,6,14,1,120,2010,2011-02-15,2011-06-14,8,4,state_zone+crop+season,v1.0,decided_project_convention,Crop-specific 120-day cycle starting from the east_northeast Summer anchor.,,https://www.kaggle.com/datasets/arjunyadav99/indian-agriculture-crop-production-and-yield,https://en.wikipedia.org/wiki/Zaid_crop
Manipur,Peas & beans (Pulses),Winter,east_northeast,other_pulse,crop_cycle_estimate,10,15,0,2,11,1,120,2010,2010-10-15,2011-02-11,10,5,state_zone+crop+season,v1.0,decided_project_convention,Crop-specific 120-day cycle starting from the east_northeast Winter anchor.,,https://www.kaggle.com/datasets/arjunyadav99/indian-agriculture-crop-production-and-yield,"Project convention based on the recorded Indian crop-season label; Autumn and Winter are treated as crop reporting seasons, not literal meteorological seasons."
Manipur,Pineapple,Whole Year,east_northeast,fruit_perennial,annual_reporting_window,7,1,0,6,30,1,365,2010,2010-07-01,2011-06-30,18,9,state_zone+crop+season,v1.0,decided_project_convention,Whole Year mapped to the complete July-June crop-year reporting cycle.,Annual reporting window; do not calculate planting/harvest flags.,https://www.kaggle.com/datasets/arjunyadav99/indian-agriculture-crop-production-and-yield,"Project convention based on the recorded Indian crop-season label; Autumn and Winter are treated as crop reporting seasons, not literal meteorological seasons."
Manipur,Pome Fruit,Whole Year,east_northeast,fruit_perennial,annual_reporting_window,7,1,0,6,30,1,365,2010,2010-07-01,2011-06-30,16,9,state_zone+crop+season,v1.0,decided_project_convention,Whole Year mapped to the complete July-June crop-year reporting cycle.,Annual reporting window; do not calculate planting/harvest flags.,https://www.kaggle.com/datasets/arjunyadav99/indian-agriculture-crop-production-and-yield,"Project convention based on the recorded Indian crop-season label; Autumn and Winter are treated as crop reporting seasons, not literal meteorological seasons."
Manipur,Potato,Autumn,east_northeast,potato,crop_cycle_estimate,4,1,0,7,29,0,120,2010,2010-04-01,2010-07-29,12,6,state_zone+crop+season,v1.0,decided_project_convention,Crop-specific 120-day cycle starting from the east_northeast Autumn anchor.,,https://www.kaggle.com/datasets/arjunyadav99/indian-agriculture-crop-production-and-yield,"Project convention based on the recorded Indian crop-season label; Autumn and Winter are treated as crop reporting seasons, not literal meteorological seasons."
Manipur,Potato,Rabi,east_northeast,potato,crop_cycle_estimate,10,30,0,2,26,1,120,2010,2010-10-30,2011-02-26,12,6,state_zone+crop+season,v1.0,decided_project_convention,Crop-specific 120-day cycle starting from the east_northeast Rabi anchor.,,https://www.kaggle.com/datasets/arjunyadav99/indian-agriculture-crop-production-and-yield,https://en.wikipedia.org/wiki/Rabi_crop
Manipur,Potato,Summer,east_northeast,potato,crop_cycle_estimate,2,15,1,6,14,1,120,2010,2011-02-15,2011-06-14,2,1,state_zone+crop+season,v1.0,decided_project_convention,Crop-specific 120-day cycle starting from the east_northeast Summer anchor.,,https://www.kaggle.com/datasets/arjunyadav99/indian-agriculture-crop-production-and-yield,https://en.wikipedia.org/wiki/Zaid_crop
Manipur,Potato,Whole Year,east_northeast,potato,annual_reporting_window,7,1,0,6,30,1,365,2010,2010-07-01,2011-06-30,181,9,state_zone+crop+season,v1.0,decided_project_convention,Whole Year mapped to the complete July-June crop-year reporting cycle.,Annual reporting window; do not calculate planting/harvest flags.,https://www.kaggle.com/datasets/arjunyadav99/indian-agriculture-crop-production-and-yield,"Project convention based on the recorded Indian crop-season label; Autumn and Winter are treated as crop reporting seasons, not literal meteorological seasons."
Manipur,Potato,Winter,east_northeast,potato,crop_cycle_estimate,10,15,0,2,11,1,120,2010,2010-10-15,2011-02-11,14,7,state_zone+crop+season,v1.0,decided_project_convention,Crop-specific 120-day cycle starting from the east_northeast Winter anchor.,,https://www.kaggle.com/datasets/arjunyadav99/indian-agriculture-crop-production-and-yield,"Project convention based on the recorded Indian crop-season label; Autumn and Winter are treated as crop reporting seasons, not literal meteorological seasons."
Manipur,Rapeseed &Mustard,Rabi,east_northeast,rapeseed_mustard,crop_cycle_estimate,10,30,0,3,18,1,140,2010,2010-10-30,2011-03-18,105,9,state_zone+crop+season,v1.0,decided_project_convention,Crop-specific 140-day cycle starting from the east_northeast Rabi anchor.,,https://www.kaggle.com/datasets/arjunyadav99/indian-agriculture-crop-production-and-yield,https://en.wikipedia.org/wiki/Rabi_crop
Manipur,Rapeseed &Mustard,Winter,east_northeast,rapeseed_mustard,crop_cycle_estimate,10,15,0,3,3,1,140,2010,2010-10-15,2011-03-03,2,1,state_zone+crop+season,v1.0,decided_project_convention,Crop-specific 140-day cycle starting from the east_northeast Winter anchor.,,https://www.kaggle.com/datasets/arjunyadav99/indian-agriculture-crop-production-and-yield,"Project convention based on the recorded Indian crop-season label; Autumn and Winter are treated as crop reporting seasons, not literal meteorological seasons."
Manipur,Redish,Whole Year,east_northeast,vegetable,annual_reporting_window,7,1,0,6,30,1,365,2010,2010-07-01,2011-06-30,18,9,state_zone+crop+season,v1.0,decided_project_convention,Whole Year mapped to the complete July-June crop-year reporting cycle.,Annual reporting window; do not calculate planting/harvest flags.,https://www.kaggle.com/datasets/arjunyadav99/indian-agriculture-crop-production-and-yield,"Project convention based on the recorded Indian crop-season label; Autumn and Winter are treated as crop reporting seasons, not literal meteorological seasons."
Manipur,Rice,Autumn,east_northeast,rice,crop_cycle_estimate,3,1,0,8,27,0,180,2010,2010-03-01,2010-08-27,18,9,state_zone+crop+season,v1.0,decided_project_convention,Crop-specific 180-day cycle starting from the east_northeast Autumn anchor.,Autumn rice: early rice crop; the window starts well before meteorological autumn.,https://www.kaggle.com/datasets/arjunyadav99/indian-agriculture-crop-production-and-yield,"Project convention based on the recorded Indian crop-season label; Autumn and Winter are treated as crop reporting seasons, not literal meteorological seasons."
Manipur,Rice,Kharif,east_northeast,rice,crop_cycle_estimate,5,15,0,10,11,0,150,2010,2010-05-15,2010-10-11,243,9,state_zone+crop+season,v1.0,decided_project_convention,Crop-specific 150-day cycle starting from the east_northeast Kharif anchor.,,https://www.kaggle.com/datasets/arjunyadav99/indian-agriculture-crop-production-and-yield,https://en.wikipedia.org/wiki/Kharif_crop
Manipur,Rice,Winter,east_northeast,rice,crop_cycle_estimate,5,15,0,12,10,0,210,2010,2010-05-15,2010-12-10,16,8,state_zone+crop+season,v1.0,decided_project_convention,Crop-specific 210-day cycle starting from the east_northeast Winter anchor.,Winter rice: long monsoon-to-winter crop; not a December-February-only window.,https://www.kaggle.com/datasets/arjunyadav99/indian-agriculture-crop-production-and-yield,"Project convention based on the recorded Indian crop-season label; Autumn and Winter are treated as crop reporting seasons, not literal meteorological seasons."
Manipur,Rubber,Whole Year,east_northeast,rubber,annual_reporting_window,7,1,0,6,30,1,365,2010,2010-07-01,2011-06-30,1,1,state_zone+crop+season,v1.0,decided_project_convention,Whole Year mapped to the complete July-June crop-year reporting cycle.,Annual reporting window; do not calculate planting/harvest flags.,https://www.kaggle.com/datasets/arjunyadav99/indian-agriculture-crop-production-and-yield,"Project convention based on the recorded Indian crop-season label; Autumn and Winter are treated as crop reporting seasons, not literal meteorological seasons."
Manipur,Sesamum,Autumn,east_northeast,sesame,crop_cycle_estimate,4,1,0,7,9,0,100,2010,2010-04-01,2010-07-09,4,2,state_zone+crop+season,v1.0,decided_project_convention,Crop-specific 100-day cycle starting from the east_northeast Autumn anchor.,,https://www.kaggle.com/datasets/arjunyadav99/indian-agriculture-crop-production-and-yield,"Project convention based on the recorded Indian crop-season label; Autumn and Winter are treated as crop reporting seasons, not literal meteorological seasons."
Manipur,Sesamum,Kharif,east_northeast,sesame,crop_cycle_estimate,5,15,0,8,22,0,100,2010,2010-05-15,2010-08-22,46,5,state_zone+crop+season,v1.0,decided_project_convention,Crop-specific 100-day cycle starting from the east_northeast Kharif anchor.,,https://www.kaggle.com/datasets/arjunyadav99/indian-agriculture-crop-production-and-yield,https://en.wikipedia.org/wiki/Kharif_crop
Manipur,Sesamum,Winter,east_northeast,sesame,crop_cycle_estimate,10,15,0,1,22,1,100,2010,2010-10-15,2011-01-22,4,2,state_zone+crop+season,v1.0,decided_project_convention,Crop-specific 100-day cycle starting from the east_northeast Winter anchor.,,https://www.kaggle.com/datasets/arjunyadav99/indian-agriculture-crop-production-and-yield,"Project convention based on the recorded Indian crop-season label; Autumn and Winter are treated as crop reporting seasons, not literal meteorological seasons."
Manipur,Soyabean,Autumn,east_northeast,soybean,crop_cycle_estimate,4,1,0,7,19,0,110,2010,2010-04-01,2010-07-19,10,5,state_zone+crop+season,v1.0,decided_project_convention,Crop-specific 110-day cycle starting from the east_northeast Autumn anchor.,,https://www.kaggle.com/datasets/arjunyadav99/indian-agriculture-crop-production-and-yield,"Project convention based on the recorded Indian crop-season label; Autumn and Winter are treated as crop reporting seasons, not literal meteorological seasons."
Manipur,Soyabean,Kharif,east_northeast,soybean,crop_cycle_estimate,5,15,0,9,1,0,110,2010,2010-05-15,2010-09-01,111,9,state_zone+crop+season,v1.0,decided_project_convention,Crop-specific 110-day cycle starting from the east_northeast Kharif anchor.,,https://www.kaggle.com/datasets/arjunyadav99/indian-agriculture-crop-production-and-yield,https://en.wikipedia.org/wiki/Kharif_crop
Manipur,Soyabean,Winter,east_northeast,soybean,crop_cycle_estimate,10,15,0,2,1,1,110,2010,2010-10-15,2011-02-01,4,2,state_zone+crop+season,v1.0,decided_project_convention,Crop-specific 110-day cycle starting from the east_northeast Winter anchor.,,https://www.kaggle.com/datasets/arjunyadav99/indian-agriculture-crop-production-and-yield,"Project convention based on the recorded Indian crop-season label; Autumn and Winter are treated as crop reporting seasons, not literal meteorological seasons."
Manipur,Sugarcane,Autumn,east_northeast,sugarcane,crop_cycle_estimate,4,1,0,3,31,1,365,2010,2010-04-01,2011-03-31,6,3,state_zone+crop+season,v1.0,decided_project_convention,Crop-specific 365-day cycle starting from the east_northeast Autumn anchor.,,https://www.kaggle.com/datasets/arjunyadav99/indian-agriculture-crop-production-and-yield,"Project convention based on the recorded Indian crop-season label; Autumn and Winter are treated as crop reporting seasons, not literal meteorological seasons."
Manipur,Sugarcane,Rabi,east_northeast,sugarcane,crop_cycle_estimate,10,15,0,10,14,1,365,2010,2010-10-15,2011-10-14,2,1,state_zone+crop+season,v1.0,decided_project_convention,Crop-specific 365-day cycle starting from the east_northeast Rabi anchor.,,https://www.kaggle.com/datasets/arjunyadav99/indian-agriculture-crop-production-and-yield,https://en.wikipedia.org/wiki/Rabi_crop
Manipur,Sugarcane,Summer,east_northeast,sugarcane,crop_cycle_estimate,2,15,1,2,14,2,365,2010,2011-02-15,2012-02-14,4,2,state_zone+crop+season,v1.0,decided_project_convention,Crop-specific 365-day cycle starting from the east_northeast Summer anchor.,,https://www.kaggle.com/datasets/arjunyadav99/indian-agriculture-crop-production-and-yield,https://en.wikipedia.org/wiki/Zaid_crop
Manipur,Sugarcane,Whole Year,east_northeast,sugarcane,annual_reporting_window,7,1,0,6,30,1,365,2010,2010-07-01,2011-06-30,125,9,state_zone+crop+season,v1.0,decided_project_convention,Whole Year mapped to the complete July-June crop-year reporting cycle.,Annual reporting window; do not calculate planting/harvest flags.,https://www.kaggle.com/datasets/arjunyadav99/indian-agriculture-crop-production-and-yield,"Project convention based on the recorded Indian crop-season label; Autumn and Winter are treated as crop reporting seasons, not literal meteorological seasons."
Manipur,Sugarcane,Winter,east_northeast,sugarcane,crop_cycle_estimate,10,15,0,10,14,1,365,2010,2010-10-15,2011-10-14,4,2,state_zone+crop+season,v1.0,decided_project_convention,Crop-specific 365-day cycle starting from the east_northeast Winter anchor.,,https://www.kaggle.com/datasets/arjunyadav99/indian-agriculture-crop-production-and-yield,"Project convention based on the recorded Indian crop-season label; Autumn and Winter are treated as crop reporting seasons, not literal meteorological seasons."
Manipur,Sweet potato,Autumn,east_northeast,sweet_potato,crop_cycle_estimate,4,1,0,7,29,0,120,2010,2010-04-01,2010-07-29,2,1,state_zone+crop+season,v1.0,decided_project_convention,Crop-specific 120-day cycle starting from the east_northeast Autumn anchor.,,https://www.kaggle.com/datasets/arjunyadav99/indian-agriculture-crop-production-and-yield,"Project convention based on the recorded Indian crop-season label; Autumn and Winter are treated as crop reporting seasons, not literal meteorological seasons."
Manipur,Sweet potato,Rabi,east_northeast,sweet_potato,crop_cycle_estimate,10,15,0,2,11,1,120,2010,2010-10-15,2011-02-11,2,1,state_zone+crop+season,v1.0,decided_project_convention,Crop-specific 120-day cycle starting from the east_northeast Rabi anchor.,,https://www.kaggle.com/datasets/arjunyadav99/indian-agriculture-crop-production-and-yield,https://en.wikipedia.org/wiki/Rabi_crop
Manipur,Sweet potato,Whole Year,east_northeast,sweet_potato,annual_reporting_window,7,1,0,6,30,1,365,2010,2010-07-01,2011-06-30,34,9,state_zone+crop+season,v1.0,decided_project_convention,Whole Year mapped to the complete July-June crop-year reporting cycle.,Annual reporting window; do not calculate planting/harvest flags.,https://www.kaggle.com/datasets/arjunyadav99/indian-agriculture-crop-production-and-yield,"Project convention based on the recorded Indian crop-season label; Autumn and Winter are treated as crop reporting seasons, not literal meteorological seasons."
Manipur,Sweet potato,Winter,east_northeast,sweet_potato,crop_cycle_estimate,10,15,0,2,11,1,120,2010,2010-10-15,2011-02-11,2,1,state_zone+crop+season,v1.0,decided_project_convention,Crop-specific 120-day cycle starting from the east_northeast Winter anchor.,,https://www.kaggle.com/datasets/arjunyadav99/indian-agriculture-crop-production-and-yield,"Project convention based on the recorded Indian crop-season label; Autumn and Winter are treated as crop reporting seasons, not literal meteorological seasons."
Manipur,Tapioca,Autumn,east_northeast,tapioca,crop_cycle_estimate,4,1,0,1,25,1,300,2010,2010-04-01,2011-01-25,2,1,state_zone+crop+season,v1.0,decided_project_convention,Crop-specific 300-day cycle starting from the east_northeast Autumn anchor.,,https://www.kaggle.com/datasets/arjunyadav99/indian-agriculture-crop-production-and-yield,"Project convention based on the recorded Indian crop-season label; Autumn and Winter are treated as crop reporting seasons, not literal meteorological seasons."
Manipur,Tapioca,Whole Year,east_northeast,tapioca,annual_reporting_window,7,1,0,6,30,1,365,2010,2010-07-01,2011-06-30,34,9,state_zone+crop+season,v1.0,decided_project_convention,Whole Year mapped to the complete July-June crop-year reporting cycle.,Annual reporting window; do not calculate planting/harvest flags.,https://www.kaggle.com/datasets/arjunyadav99/indian-agriculture-crop-production-and-yield,"Project convention based on the recorded Indian crop-season label; Autumn and Winter are treated as crop reporting seasons, not literal meteorological seasons."
Manipur,Tomato,Whole Year,east_northeast,vegetable,annual_reporting_window,7,1,0,6,30,1,365,2010,2010-07-01,2011-06-30,18,9,state_zone+crop+season,v1.0,decided_project_convention,Whole Year mapped to the complete July-June crop-year reporting cycle.,Annual reporting window; do not calculate planting/harvest flags.,https://www.kaggle.com/datasets/arjunyadav99/indian-agriculture-crop-production-and-yield,"Project convention based on the recorded Indian crop-season label; Autumn and Winter are treated as crop reporting seasons, not literal meteorological seasons."
Manipur,Turmeric,Autumn,east_northeast,turmeric,crop_cycle_estimate,4,1,0,12,26,0,270,2010,2010-04-01,2010-12-26,12,6,state_zone+crop+season,v1.0,decided_project_convention,Crop-specific 270-day cycle starting from the east_northeast Autumn anchor.,,https://www.kaggle.com/datasets/arjunyadav99/indian-agriculture-crop-production-and-yield,"Project convention based on the recorded Indian crop-season label; Autumn and Winter are treated as crop reporting seasons, not literal meteorological seasons."
Manipur,Turmeric,Summer,east_northeast,turmeric,crop_cycle_estimate,2,15,1,11,11,1,270,2010,2011-02-15,2011-11-11,2,1,state_zone+crop+season,v1.0,decided_project_convention,Crop-specific 270-day cycle starting from the east_northeast Summer anchor.,,https://www.kaggle.com/datasets/arjunyadav99/indian-agriculture-crop-production-and-yield,https://en.wikipedia.org/wiki/Zaid_crop
Manipur,Turmeric,Whole Year,east_northeast,turmeric,annual_reporting_window,7,1,0,6,30,1,365,2010,2010-07-01,2011-06-30,133,9,state_zone+crop+season,v1.0,decided_project_convention,Whole Year mapped to the complete July-June crop-year reporting cycle.,Annual reporting window; do not calculate planting/harvest flags.,https://www.kaggle.com/datasets/arjunyadav99/indian-agriculture-crop-production-and-yield,"Project convention based on the recorded Indian crop-season label; Autumn and Winter are treated as crop reporting seasons, not literal meteorological seasons."
Manipur,Turmeric,Winter,east_northeast,turmeric,crop_cycle_estimate,10,15,0,7,11,1,270,2010,2010-10-15,2011-07-11,4,2,state_zone+crop+season,v1.0,decided_project_convention,Crop-specific 270-day cycle starting from the east_northeast Winter anchor.,,https://www.kaggle.com/datasets/arjunyadav99/indian-agriculture-crop-production-and-yield,"Project convention based on the recorded Indian crop-season label; Autumn and Winter are treated as crop reporting seasons, not literal meteorological seasons."
Manipur,Urad,Kharif,east_northeast,black_gram,crop_cycle_estimate,5,15,0,8,17,0,95,2010,2010-05-15,2010-08-17,63,9,state_zone+crop+season,v1.0,decided_project_convention,Crop-specific 95-day cycle starting from the east_northeast Kharif anchor.,,https://www.kaggle.com/datasets/arjunyadav99/indian-agriculture-crop-production-and-yield,https://en.wikipedia.org/wiki/Kharif_crop
Manipur,Wheat,Rabi,east_northeast,wheat,crop_cycle_estimate,10,30,0,3,28,1,150,2010,2010-10-30,2011-03-28,42,6,state_zone+crop+season,v1.0,decided_project_convention,Crop-specific 150-day cycle starting from the east_northeast Rabi anchor.,,https://www.kaggle.com/datasets/arjunyadav99/indian-agriculture-crop-production-and-yield,https://en.wikipedia.org/wiki/Rabi_crop
Meghalaya,Arecanut,Rabi,east_northeast,arecanut,seasonal_reporting_window,10,15,0,4,30,1,198,2010,2010-10-15,2011-04-30,14,7,state_zone+crop+season,v1.0,decided_project_convention,Perennial or plantation crop mapped to its recorded reporting season.,Seasonal reporting window for a perennial/plantation crop; not its full biological life cycle.,https://www.kaggle.com/datasets/arjunyadav99/indian-agriculture-crop-production-and-yield,https://en.wikipedia.org/wiki/Rabi_crop
Meghalaya,Arecanut,Whole Year,east_northeast,arecanut,annual_reporting_window,7,1,0,6,30,1,365,2010,2010-07-01,2011-06-30,222,11,state_zone+crop+season,v1.0,decided_project_convention,Whole Year mapped to the complete July-June crop-year reporting cycle.,Annual reporting window; do not calculate planting/harvest flags.,https://www.kaggle.com/datasets/arjunyadav99/indian-agriculture-crop-production-and-yield,"Project convention based on the recorded Indian crop-season label; Autumn and Winter are treated as crop reporting seasons, not literal meteorological seasons."
Meghalaya,Arhar/Tur,Kharif,east_northeast,pigeon_pea,crop_cycle_estimate,4,30,0,11,15,0,200,2010,2010-04-30,2010-11-15,110,5,state_zone+crop+season,v1.0,decided_project_convention,Crop-specific 200-day cycle starting from the east_northeast Kharif anchor.,,https://www.kaggle.com/datasets/arjunyadav99/indian-agriculture-crop-production-and-yield,https://en.wikipedia.org/wiki/Kharif_crop
Meghalaya,Banana,Kharif,east_northeast,fruit_perennial,seasonal_reporting_window,5,15,0,11,30,0,200,2010,2010-05-15,2010-11-30,114,11,state_zone+crop+season,v1.0,decided_project_convention,Perennial or plantation crop mapped to its recorded reporting season.,Seasonal reporting window for a perennial/plantation crop; not its full biological life cycle.,https://www.kaggle.com/datasets/arjunyadav99/indian-agriculture-crop-production-and-yield,https://en.wikipedia.org/wiki/Kharif_crop
Meghalaya,Banana,Whole Year,east_northeast,fruit_perennial,annual_reporting_window,7,1,0,6,30,1,365,2010,2010-07-01,2011-06-30,126,7,state_zone+crop+season,v1.0,decided_project_convention,Whole Year mapped to the complete July-June crop-year reporting cycle.,Annual reporting window; do not calculate planting/harvest flags.,https://www.kaggle.com/datasets/arjunyadav99/indian-agriculture-crop-production-and-yield,"Project convention based on the recorded Indian crop-season label; Autumn and Winter are treated as crop reporting seasons, not literal meteorological seasons."
Meghalaya,Black pepper,Rabi,east_northeast,black_pepper,seasonal_reporting_window,10,15,0,4,30,1,198,2010,2010-10-15,2011-04-30,14,7,state_zone+crop+season,v1.0,decided_project_convention,Perennial or plantation crop mapped to its recorded reporting season.,Seasonal reporting window for a perennial/plantation crop; not its full biological life cycle.,https://www.kaggle.com/datasets/arjunyadav99/indian-agriculture-crop-production-and-yield,https://en.wikipedia.org/wiki/Rabi_crop
Meghalaya,Black pepper,Whole Year,east_northeast,black_pepper,annual_reporting_window,7,1,0,6,30,1,365,2010,2010-07-01,2011-06-30,114,11,state_zone+crop+season,v1.0,decided_project_convention,Whole Year mapped to the complete July-June crop-year reporting cycle.,Annual reporting window; do not calculate planting/harvest flags.,https://www.kaggle.com/datasets/arjunyadav99/indian-agriculture-crop-production-and-yield,"Project convention based on the recorded Indian crop-season label; Autumn and Winter are treated as crop reporting seasons, not literal meteorological seasons."
Meghalaya,Cashewnut,Whole Year,east_northeast,cashew,annual_reporting_window,7,1,0,6,30,1,365,2010,2010-07-01,2011-06-30,50,5,state_zone+crop+season,v1.0,decided_project_convention,Whole Year mapped to the complete July-June crop-year reporting cycle.,Annual reporting window; do not calculate planting/harvest flags.,https://www.kaggle.com/datasets/arjunyadav99/indian-agriculture-crop-production-and-yield,"Project convention based on the recorded Indian crop-season label; Autumn and Winter are treated as crop reporting seasons, not literal meteorological seasons."
Meghalaya,Castor seed,Kharif,east_northeast,castor,crop_cycle_estimate,4,30,0,10,26,0,180,2010,2010-04-30,2010-10-26,86,5,state_zone+crop+season,v1.0,decided_project_convention,Crop-specific 180-day cycle starting from the east_northeast Kharif anchor.,,https://www.kaggle.com/datasets/arjunyadav99/indian-agriculture-crop-production-and-yield,https://en.wikipedia.org/wiki/Kharif_crop
Meghalaya,Castor seed,Rabi,east_northeast,castor,crop_cycle_estimate,10,15,0,4,12,1,180,2010,2010-10-15,2011-04-12,10,3,state_zone+crop+season,v1.0,decided_project_convention,Crop-specific 180-day cycle starting from the east_northeast Rabi anchor.,,https://www.kaggle.com/datasets/arjunyadav99/indian-agriculture-crop-production-and-yield,https://en.wikipedia.org/wiki/Rabi_crop
Meghalaya,Citrus Fruit,Whole Year,east_northeast,fruit_perennial,annual_reporting_window,7,1,0,6,30,1,365,2010,2010-07-01,2011-06-30,14,7,state_zone+crop+season,v1.0,decided_project_convention,Whole Year mapped to the complete July-June crop-year reporting cycle.,Annual reporting window; do not calculate planting/harvest flags.,https://www.kaggle.com/datasets/arjunyadav99/indian-agriculture-crop-production-and-yield,"Project convention based on the recorded Indian crop-season label; Autumn and Winter are treated as crop reporting seasons, not literal meteorological seasons."
Meghalaya,Coriander,Whole Year,east_northeast,coriander,annual_reporting_window,7,1,0,6,30,1,365,2010,2010-07-01,2011-06-30,8,4,state_zone+crop+season,v1.0,decided_project_convention,Whole Year mapped to the complete July-June crop-year reporting cycle.,Annual reporting window; do not calculate planting/harvest flags.,https://www.kaggle.com/datasets/arjunyadav99/indian-agriculture-crop-production-and-yield,"Project convention based on the recorded Indian crop-season label; Autumn and Winter are treated as crop reporting seasons, not literal meteorological seasons."
Meghalaya,Cotton(lint),Kharif,east_northeast,cotton,crop_cycle_estimate,4,30,0,11,25,0,210,2010,2010-04-30,2010-11-25,110,5,state_zone+crop+season,v1.0,decided_project_convention,Crop-specific 210-day cycle starting from the east_northeast Kharif anchor.,,https://www.kaggle.com/datasets/arjunyadav99/indian-agriculture-crop-production-and-yield,https://en.wikipedia.org/wiki/Kharif_crop
Meghalaya,Cotton(lint),Rabi,east_northeast,cotton,crop_cycle_estimate,10,15,0,4,12,1,180,2010,2010-10-15,2011-04-12,6,3,state_zone+crop+season,v1.0,decided_project_convention,Crop-specific 180-day cycle starting from the east_northeast Rabi anchor.,,https://www.kaggle.com/datasets/arjunyadav99/indian-agriculture-crop-production-and-yield,https://en.wikipedia.org/wiki/Rabi_crop
Meghalaya,Cowpea(Lobia),Rabi,east_northeast,cowpea,crop_cycle_estimate,10,15,0,1,22,1,100,2010,2010-10-15,2011-01-22,44,11,state_zone+crop+season,v1.0,decided_project_convention,Crop-specific 100-day cycle starting from the east_northeast Rabi anchor.,,https://www.kaggle.com/datasets/arjunyadav99/indian-agriculture-crop-production-and-yield,https://en.wikipedia.org/wiki/Rabi_crop
Meghalaya,Dry chillies,Rabi,east_northeast,chilli,crop_cycle_estimate,10,15,0,4,12,1,180,2010,2010-10-15,2011-04-12,14,7,state_zone+crop+season,v1.0,decided_project_convention,Crop-specific 180-day cycle starting from the east_northeast Rabi anchor.,,https://www.kaggle.com/datasets/arjunyadav99/indian-agriculture-crop-production-and-yield,https://en.wikipedia.org/wiki/Rabi_crop
Meghalaya,Dry chillies,Whole Year,east_northeast,chilli,annual_reporting_window,7,1,0,6,30,1,365,2010,2010-07-01,2011-06-30,226,11,state_zone+crop+season,v1.0,decided_project_convention,Whole Year mapped to the complete July-June crop-year reporting cycle.,Annual reporting window; do not calculate planting/harvest flags.,https://www.kaggle.com/datasets/arjunyadav99/indian-agriculture-crop-production-and-yield,"Project convention based on the recorded Indian crop-season label; Autumn and Winter are treated as crop reporting seasons, not literal meteorological seasons."
Meghalaya,Dry ginger,Kharif,east_northeast,ginger,crop_cycle_estimate,5,15,0,1,9,1,240,2010,2010-05-15,2011-01-09,127,11,state_zone+crop+season,v1.0,decided_project_convention,Crop-specific 240-day cycle starting from the east_northeast Kharif anchor.,,https://www.kaggle.com/datasets/arjunyadav99/indian-agriculture-crop-production-and-yield,https://en.wikipedia.org/wiki/Kharif_crop
Meghalaya,Garlic,Whole Year,east_northeast,garlic,annual_reporting_window,7,1,0,6,30,1,365,2010,2010-07-01,2011-06-30,14,7,state_zone+crop+season,v1.0,decided_project_convention,Whole Year mapped to the complete July-June crop-year reporting cycle.,Annual reporting window; do not calculate planting/harvest flags.,https://www.kaggle.com/datasets/arjunyadav99/indian-agriculture-crop-production-and-yield,"Project convention based on the recorded Indian crop-season label; Autumn and Winter are treated as crop reporting seasons, not literal meteorological seasons."
Meghalaya,Ginger,Kharif,east_northeast,ginger,crop_cycle_estimate,5,15,0,1,9,1,240,2010,2010-05-15,2011-01-09,127,11,state_zone+crop+season,v1.0,decided_project_convention,Crop-specific 240-day cycle starting from the east_northeast Kharif anchor.,,https://www.kaggle.com/datasets/arjunyadav99/indian-agriculture-crop-production-and-yield,https://en.wikipedia.org/wiki/Kharif_crop
Meghalaya,Gram,Rabi,east_northeast,chickpea,crop_cycle_estimate,10,30,0,3,8,1,130,2010,2010-10-30,2011-03-08,116,5,state_zone+crop+season,v1.0,decided_project_convention,Crop-specific 130-day cycle starting from the east_northeast Rabi anchor.,,https://www.kaggle.com/datasets/arjunyadav99/indian-agriculture-crop-production-and-yield,https://en.wikipedia.org/wiki/Rabi_crop
Meghalaya,Jute,Kharif,east_northeast,jute_mesta,crop_cycle_estimate,4,15,0,9,11,0,150,2010,2010-04-15,2010-09-11,110,5,state_zone+crop+season,v1.0,decided_project_convention,Crop-specific 150-day cycle starting from the east_northeast Kharif anchor.,,https://www.kaggle.com/datasets/arjunyadav99/indian-agriculture-crop-production-and-yield,https://en.wikipedia.org/wiki/Kharif_crop
Meghalaya,Jute,Rabi,east_northeast,jute_mesta,crop_cycle_estimate,10,15,0,3,3,1,140,2010,2010-10-15,2011-03-03,6,3,state_zone+crop+season,v1.0,decided_project_convention,Crop-specific 140-day cycle starting from the east_northeast Rabi anchor.,,https://www.kaggle.com/datasets/arjunyadav99/indian-agriculture-crop-production-and-yield,https://en.wikipedia.org/wiki/Rabi_crop
Meghalaya,Kapas,Kharif,east_northeast,cotton,crop_cycle_estimate,4,30,0,11,25,0,210,2010,2010-04-30,2010-11-25,3,3,state_zone+crop+season,v1.0,decided_project_convention,Crop-specific 210-day cycle starting from the east_northeast Kharif anchor.,,https://www.kaggle.com/datasets/arjunyadav99/indian-agriculture-crop-production-and-yield,https://en.wikipedia.org/wiki/Kharif_crop
Meghalaya,Linseed,Kharif,east_northeast,linseed,crop_cycle_estimate,5,15,0,9,21,0,130,2010,2010-05-15,2010-09-21,4,1,state_zone+crop+season,v1.0,decided_project_convention,Crop-specific 130-day cycle starting from the east_northeast Kharif anchor.,,https://www.kaggle.com/datasets/arjunyadav99/indian-agriculture-crop-production-and-yield,https://en.wikipedia.org/wiki/Kharif_crop
Meghalaya,Linseed,Rabi,east_northeast,linseed,crop_cycle_estimate,10,30,0,3,8,1,130,2010,2010-10-30,2011-03-08,28,2,state_zone+crop+season,v1.0,decided_project_convention,Crop-specific 130-day cycle starting from the east_northeast Rabi anchor.,,https://www.kaggle.com/datasets/arjunyadav99/indian-agriculture-crop-production-and-yield,https://en.wikipedia.org/wiki/Rabi_crop
Meghalaya,Maize,Kharif,east_northeast,maize,crop_cycle_estimate,5,15,0,9,11,0,120,2010,2010-05-15,2010-09-11,210,7,state_zone+crop+season,v1.0,decided_project_convention,Crop-specific 120-day cycle starting from the east_northeast Kharif anchor.,,https://www.kaggle.com/datasets/arjunyadav99/indian-agriculture-crop-production-and-yield,https://en.wikipedia.org/wiki/Kharif_crop
Meghalaya,Maize,Whole Year,east_northeast,maize,annual_reporting_window,7,1,0,6,30,1,365,2010,2010-07-01,2011-06-30,58,11,state_zone+crop+season,v1.0,decided_project_convention,Whole Year mapped to the complete July-June crop-year reporting cycle.,Annual reporting window; do not calculate planting/harvest flags.,https://www.kaggle.com/datasets/arjunyadav99/indian-agriculture-crop-production-and-yield,"Project convention based on the recorded Indian crop-season label; Autumn and Winter are treated as crop reporting seasons, not literal meteorological seasons."
Meghalaya,Masoor,Rabi,east_northeast,lentil,crop_cycle_estimate,10,15,0,2,11,1,120,2010,2010-10-15,2011-02-11,48,6,state_zone+crop+season,v1.0,decided_project_convention,Crop-specific 120-day cycle starting from the east_northeast Rabi anchor.,,https://www.kaggle.com/datasets/arjunyadav99/indian-agriculture-crop-production-and-yield,https://en.wikipedia.org/wiki/Rabi_crop
Meghalaya,Mesta,Kharif,east_northeast,jute_mesta,crop_cycle_estimate,4,15,0,9,11,0,150,2010,2010-04-15,2010-09-11,116,5,state_zone+crop+season,v1.0,decided_project_convention,Crop-specific 150-day cycle starting from the east_northeast Kharif anchor.,,https://www.kaggle.com/datasets/arjunyadav99/indian-agriculture-crop-production-and-yield,https://en.wikipedia.org/wiki/Kharif_crop
Meghalaya,Oilseeds total,Whole Year,east_northeast,aggregate_oilseeds,annual_reporting_window,7,1,0,6,30,1,365,2010,2010-07-01,2011-06-30,16,4,state_zone+crop+season,v1.0,decided_project_convention,Whole Year mapped to the complete July-June crop-year reporting cycle.,Annual reporting window; do not calculate planting/harvest flags.,https://www.kaggle.com/datasets/arjunyadav99/indian-agriculture-crop-production-and-yield,"Project convention based on the recorded Indian crop-season label; Autumn and Winter are treated as crop reporting seasons, not literal meteorological seasons."
Meghalaya,Onion,Rabi,east_northeast,onion,crop_cycle_estimate,10,30,0,3,28,1,150,2010,2010-10-30,2011-03-28,10,10,state_zone+crop+season,v1.0,decided_project_convention,Crop-specific 150-day cycle starting from the east_northeast Rabi anchor.,,https://www.kaggle.com/datasets/arjunyadav99/indian-agriculture-crop-production-and-yield,https://en.wikipedia.org/wiki/Rabi_crop
Meghalaya,Other Rabi pulses,Rabi,east_northeast,aggregate_rabi_pulses,aggregate_reporting_window,10,15,0,4,30,1,198,2010,2010-10-15,2011-04-30,182,7,state_zone+crop+season,v1.0,decided_project_convention,Aggregate crop category mapped to the complete reporting-season window.,Aggregate crop category; uses the full reporting-season window.,https://www.kaggle.com/datasets/arjunyadav99/indian-agriculture-crop-production-and-yield,https://en.wikipedia.org/wiki/Rabi_crop
Meghalaya,Papaya,Whole Year,east_northeast,fruit_perennial,annual_reporting_window,7,1,0,6,30,1,365,2010,2010-07-01,2011-06-30,14,7,state_zone+crop+season,v1.0,decided_project_convention,Whole Year mapped to the complete July-June crop-year reporting cycle.,Annual reporting window; do not calculate planting/harvest flags.,https://www.kaggle.com/datasets/arjunyadav99/indian-agriculture-crop-production-and-yield,"Project convention based on the recorded Indian crop-season label; Autumn and Winter are treated as crop reporting seasons, not literal meteorological seasons."
Meghalaya,Peas & beans (Pulses),Rabi,east_northeast,other_pulse,crop_cycle_estimate,10,15,0,2,11,1,120,2010,2010-10-15,2011-02-11,100,11,state_zone+crop+season,v1.0,decided_project_convention,Crop-specific 120-day cycle starting from the east_northeast Rabi anchor.,,https://www.kaggle.com/datasets/arjunyadav99/indian-agriculture-crop-production-and-yield,https://en.wikipedia.org/wiki/Rabi_crop
Meghalaya,Pineapple,Whole Year,east_northeast,fruit_perennial,annual_reporting_window,7,1,0,6,30,1,365,2010,2010-07-01,2011-06-30,14,7,state_zone+crop+season,v1.0,decided_project_convention,Whole Year mapped to the complete July-June crop-year reporting cycle.,Annual reporting window; do not calculate planting/harvest flags.,https://www.kaggle.com/datasets/arjunyadav99/indian-agriculture-crop-production-and-yield,"Project convention based on the recorded Indian crop-season label; Autumn and Winter are treated as crop reporting seasons, not literal meteorological seasons."
Meghalaya,Potato,Rabi,east_northeast,potato,crop_cycle_estimate,10,30,0,2,26,1,120,2010,2010-10-30,2011-02-26,14,7,state_zone+crop+season,v1.0,decided_project_convention,Crop-specific 120-day cycle starting from the east_northeast Rabi anchor.,,https://www.kaggle.com/datasets/arjunyadav99/indian-agriculture-crop-production-and-yield,https://en.wikipedia.org/wiki/Rabi_crop
Meghalaya,Potato,Summer,east_northeast,potato,crop_cycle_estimate,2,15,1,6,14,1,120,2010,2011-02-15,2011-06-14,22,11,state_zone+crop+season,v1.0,decided_project_convention,Crop-specific 120-day cycle starting from the east_northeast Summer anchor.,,https://www.kaggle.com/datasets/arjunyadav99/indian-agriculture-crop-production-and-yield,https://en.wikipedia.org/wiki/Zaid_crop
Meghalaya,Potato,Whole Year,east_northeast,potato,annual_reporting_window,7,1,0,6,30,1,365,2010,2010-07-01,2011-06-30,218,11,state_zone+crop+season,v1.0,decided_project_convention,Whole Year mapped to the complete July-June crop-year reporting cycle.,Annual reporting window; do not calculate planting/harvest flags.,https://www.kaggle.com/datasets/arjunyadav99/indian-agriculture-crop-production-and-yield,"Project convention based on the recorded Indian crop-season label; Autumn and Winter are treated as crop reporting seasons, not literal meteorological seasons."
Meghalaya,Potato,Winter,east_northeast,potato,crop_cycle_estimate,10,15,0,2,11,1,120,2010,2010-10-15,2011-02-11,22,11,state_zone+crop+season,v1.0,decided_project_convention,Crop-specific 120-day cycle starting from the east_northeast Winter anchor.,,https://www.kaggle.com/datasets/arjunyadav99/indian-agriculture-crop-production-and-yield,"Project convention based on the recorded Indian crop-season label; Autumn and Winter are treated as crop reporting seasons, not literal meteorological seasons."
Meghalaya,Pulses total,Rabi,east_northeast,aggregate_pulses,aggregate_reporting_window,10,15,0,4,30,1,198,2010,2010-10-15,2011-04-30,14,7,state_zone+crop+season,v1.0,decided_project_convention,Aggregate crop category mapped to the complete reporting-season window.,Aggregate crop category; uses the full reporting-season window.,https://www.kaggle.com/datasets/arjunyadav99/indian-agriculture-crop-production-and-yield,https://en.wikipedia.org/wiki/Rabi_crop
Meghalaya,Rapeseed &Mustard,Rabi,east_northeast,rapeseed_mustard,crop_cycle_estimate,10,30,0,3,18,1,140,2010,2010-10-30,2011-03-18,268,11,state_zone+crop+season,v1.0,decided_project_convention,Crop-specific 140-day cycle starting from the east_northeast Rabi anchor.,,https://www.kaggle.com/datasets/arjunyadav99/indian-agriculture-crop-production-and-yield,https://en.wikipedia.org/wiki/Rabi_crop
Meghalaya,Rice,Autumn,east_northeast,rice,crop_cycle_estimate,3,1,0,8,27,0,180,2010,2010-03-01,2010-08-27,162,11,state_zone+crop+season,v1.0,decided_project_convention,Crop-specific 180-day cycle starting from the east_northeast Autumn anchor.,Autumn rice: early rice crop; the window starts well before meteorological autumn.,https://www.kaggle.com/datasets/arjunyadav99/indian-agriculture-crop-production-and-yield,"Project convention based on the recorded Indian crop-season label; Autumn and Winter are treated as crop reporting seasons, not literal meteorological seasons."
Meghalaya,Rice,Kharif,east_northeast,rice,crop_cycle_estimate,5,15,0,10,11,0,150,2010,2010-05-15,2010-10-11,98,7,state_zone+crop+season,v1.0,decided_project_convention,Crop-specific 150-day cycle starting from the east_northeast Kharif anchor.,,https://www.kaggle.com/datasets/arjunyadav99/indian-agriculture-crop-production-and-yield,https://en.wikipedia.org/wiki/Kharif_crop
Meghalaya,Rice,Rabi,east_northeast,rice,crop_cycle_estimate,10,15,0,3,13,1,150,2010,2010-10-15,2011-03-13,106,11,state_zone+crop+season,v1.0,decided_project_convention,Crop-specific 150-day cycle starting from the east_northeast Rabi anchor.,,https://www.kaggle.com/datasets/arjunyadav99/indian-agriculture-crop-production-and-yield,https://en.wikipedia.org/wiki/Rabi_crop
Meghalaya,Rice,Summer,east_northeast,rice,crop_cycle_estimate,12,1,0,5,29,1,180,2010,2010-12-01,2011-05-29,66,7,state_zone+crop+season,v1.0,decided_project_convention,Crop-specific 180-day cycle starting from the east_northeast Summer anchor.,Summer/Boro rice: winter-starting cycle ending in late spring or early summer.,https://www.kaggle.com/datasets/arjunyadav99/indian-agriculture-crop-production-and-yield,https://en.wikipedia.org/wiki/Zaid_crop
Meghalaya,Rice,Winter,east_northeast,rice,crop_cycle_estimate,5,15,0,12,10,0,210,2010,2010-05-15,2010-12-10,162,11,state_zone+crop+season,v1.0,decided_project_convention,Crop-specific 210-day cycle starting from the east_northeast Winter anchor.,Winter rice: long monsoon-to-winter crop; not a December-February-only window.,https://www.kaggle.com/datasets/arjunyadav99/indian-agriculture-crop-production-and-yield,"Project convention based on the recorded Indian crop-season label; Autumn and Winter are treated as crop reporting seasons, not literal meteorological seasons."
Meghalaya,Sesamum,Kharif,east_northeast,sesame,crop_cycle_estimate,5,15,0,8,22,0,100,2010,2010-05-15,2010-08-22,234,11,state_zone+crop+season,v1.0,decided_project_convention,Crop-specific 100-day cycle starting from the east_northeast Kharif anchor.,,https://www.kaggle.com/datasets/arjunyadav99/indian-agriculture-crop-production-and-yield,https://en.wikipedia.org/wiki/Kharif_crop
Meghalaya,Sesamum,Rabi,east_northeast,sesame,crop_cycle_estimate,10,15,0,1,22,1,100,2010,2010-10-15,2011-01-22,12,6,state_zone+crop+season,v1.0,decided_project_convention,Crop-specific 100-day cycle starting from the east_northeast Rabi anchor.,,https://www.kaggle.com/datasets/arjunyadav99/indian-agriculture-crop-production-and-yield,https://en.wikipedia.org/wiki/Rabi_crop
Meghalaya,Small millets,Kharif,east_northeast,minor_cereal,crop_cycle_estimate,5,15,0,8,27,0,105,2010,2010-05-15,2010-08-27,154,7,state_zone+crop+season,v1.0,decided_project_convention,Crop-specific 105-day cycle starting from the east_northeast Kharif anchor.,,https://www.kaggle.com/datasets/arjunyadav99/indian-agriculture-crop-production-and-yield,https://en.wikipedia.org/wiki/Kharif_crop
Meghalaya,Small millets,Rabi,east_northeast,minor_cereal,crop_cycle_estimate,10,15,0,1,27,1,105,2010,2010-10-15,2011-01-27,96,11,state_zone+crop+season,v1.0,decided_project_convention,Crop-specific 105-day cycle starting from the east_northeast Rabi anchor.,,https://www.kaggle.com/datasets/arjunyadav99/indian-agriculture-crop-production-and-yield,https://en.wikipedia.org/wiki/Rabi_crop
Meghalaya,Soyabean,Kharif,east_northeast,soybean,crop_cycle_estimate,5,15,0,9,1,0,110,2010,2010-05-15,2010-09-01,226,11,state_zone+crop+season,v1.0,decided_project_convention,Crop-specific 110-day cycle starting from the east_northeast Kharif anchor.,,https://www.kaggle.com/datasets/arjunyadav99/indian-agriculture-crop-production-and-yield,https://en.wikipedia.org/wiki/Kharif_crop
Meghalaya,Sugarcane,Whole Year,east_northeast,sugarcane,annual_reporting_window,7,1,0,6,30,1,365,2010,2010-07-01,2011-06-30,192,8,state_zone+crop+season,v1.0,decided_project_convention,Whole Year mapped to the complete July-June crop-year reporting cycle.,Annual reporting window; do not calculate planting/harvest flags.,https://www.kaggle.com/datasets/arjunyadav99/indian-agriculture-crop-production-and-yield,"Project convention based on the recorded Indian crop-season label; Autumn and Winter are treated as crop reporting seasons, not literal meteorological seasons."
Meghalaya,Sweet potato,Kharif,east_northeast,sweet_potato,crop_cycle_estimate,5,15,0,9,11,0,120,2010,2010-05-15,2010-09-11,114,11,state_zone+crop+season,v1.0,decided_project_convention,Crop-specific 120-day cycle starting from the east_northeast Kharif anchor.,,https://www.kaggle.com/datasets/arjunyadav99/indian-agriculture-crop-production-and-yield,https://en.wikipedia.org/wiki/Kharif_crop
Meghalaya,Sweet potato,Rabi,east_northeast,sweet_potato,crop_cycle_estimate,10,15,0,2,11,1,120,2010,2010-10-15,2011-02-11,14,7,state_zone+crop+season,v1.0,decided_project_convention,Crop-specific 120-day cycle starting from the east_northeast Rabi anchor.,,https://www.kaggle.com/datasets/arjunyadav99/indian-agriculture-crop-production-and-yield,https://en.wikipedia.org/wiki/Rabi_crop
Meghalaya,Sweet potato,Whole Year,east_northeast,sweet_potato,annual_reporting_window,7,1,0,6,30,1,365,2010,2010-07-01,2011-06-30,140,7,state_zone+crop+season,v1.0,decided_project_convention,Whole Year mapped to the complete July-June crop-year reporting cycle.,Annual reporting window; do not calculate planting/harvest flags.,https://www.kaggle.com/datasets/arjunyadav99/indian-agriculture-crop-production-and-yield,"Project convention based on the recorded Indian crop-season label; Autumn and Winter are treated as crop reporting seasons, not literal meteorological seasons."
Meghalaya,Tapioca,Kharif,east_northeast,tapioca,crop_cycle_estimate,5,15,0,3,10,1,300,2010,2010-05-15,2011-03-10,114,11,state_zone+crop+season,v1.0,decided_project_convention,Crop-specific 300-day cycle starting from the east_northeast Kharif anchor.,,https://www.kaggle.com/datasets/arjunyadav99/indian-agriculture-crop-production-and-yield,https://en.wikipedia.org/wiki/Kharif_crop
Meghalaya,Tapioca,Whole Year,east_northeast,tapioca,annual_reporting_window,7,1,0,6,30,1,365,2010,2010-07-01,2011-06-30,140,7,state_zone+crop+season,v1.0,decided_project_convention,Whole Year mapped to the complete July-June crop-year reporting cycle.,Annual reporting window; do not calculate planting/harvest flags.,https://www.kaggle.com/datasets/arjunyadav99/indian-agriculture-crop-production-and-yield,"Project convention based on the recorded Indian crop-season label; Autumn and Winter are treated as crop reporting seasons, not literal meteorological seasons."
Meghalaya,Tobacco,Rabi,east_northeast,tobacco,crop_cycle_estimate,10,15,0,3,13,1,150,2010,2010-10-15,2011-03-13,76,7,state_zone+crop+season,v1.0,decided_project_convention,Crop-specific 150-day cycle starting from the east_northeast Rabi anchor.,,https://www.kaggle.com/datasets/arjunyadav99/indian-agriculture-crop-production-and-yield,https://en.wikipedia.org/wiki/Rabi_crop
Meghalaya,Tobacco,Whole Year,east_northeast,tobacco,annual_reporting_window,7,1,0,6,30,1,365,2010,2010-07-01,2011-06-30,96,5,state_zone+crop+season,v1.0,decided_project_convention,Whole Year mapped to the complete July-June crop-year reporting cycle.,Annual reporting window; do not calculate planting/harvest flags.,https://www.kaggle.com/datasets/arjunyadav99/indian-agriculture-crop-production-and-yield,"Project convention based on the recorded Indian crop-season label; Autumn and Winter are treated as crop reporting seasons, not literal meteorological seasons."
Meghalaya,Total foodgrain,Kharif,east_northeast,aggregate_foodgrain,aggregate_reporting_window,5,15,0,11,30,0,200,2010,2010-05-15,2010-11-30,8,4,state_zone+crop+season,v1.0,decided_project_convention,Aggregate crop category mapped to the complete reporting-season window.,Aggregate crop category; uses the full reporting-season window.,https://www.kaggle.com/datasets/arjunyadav99/indian-agriculture-crop-production-and-yield,https://en.wikipedia.org/wiki/Kharif_crop
Meghalaya,Turmeric,Rabi,east_northeast,turmeric,crop_cycle_estimate,10,15,0,7,11,1,270,2010,2010-10-15,2011-07-11,14,7,state_zone+crop+season,v1.0,decided_project_convention,Crop-specific 270-day cycle starting from the east_northeast Rabi anchor.,,https://www.kaggle.com/datasets/arjunyadav99/indian-agriculture-crop-production-and-yield,https://en.wikipedia.org/wiki/Rabi_crop
Meghalaya,Turmeric,Whole Year,east_northeast,turmeric,annual_reporting_window,7,1,0,6,30,1,365,2010,2010-07-01,2011-06-30,226,11,state_zone+crop+season,v1.0,decided_project_convention,Whole Year mapped to the complete July-June crop-year reporting cycle.,Annual reporting window; do not calculate planting/harvest flags.,https://www.kaggle.com/datasets/arjunyadav99/indian-agriculture-crop-production-and-yield,"Project convention based on the recorded Indian crop-season label; Autumn and Winter are treated as crop reporting seasons, not literal meteorological seasons."
Meghalaya,Wheat,Rabi,east_northeast,wheat,crop_cycle_estimate,10,30,0,3,28,1,150,2010,2010-10-30,2011-03-28,106,6,state_zone+crop+season,v1.0,decided_project_convention,Crop-specific 150-day cycle starting from the east_northeast Rabi anchor.,,https://www.kaggle.com/datasets/arjunyadav99/indian-agriculture-crop-production-and-yield,https://en.wikipedia.org/wiki/Rabi_crop
Mizoram,Arhar/Tur,Kharif,east_northeast,pigeon_pea,crop_cycle_estimate,4,30,0,11,15,0,200,2010,2010-04-30,2010-11-15,75,8,state_zone+crop+season,v1.0,decided_project_convention,Crop-specific 200-day cycle starting from the east_northeast Kharif anchor.,,https://www.kaggle.com/datasets/arjunyadav99/indian-agriculture-crop-production-and-yield,https://en.wikipedia.org/wiki/Kharif_crop
Mizoram,Arhar/Tur,Rabi,east_northeast,pigeon_pea,crop_cycle_estimate,10,15,0,3,13,1,150,2010,2010-10-15,2011-03-13,20,6,state_zone+crop+season,v1.0,decided_project_convention,Crop-specific 150-day cycle starting from the east_northeast Rabi anchor.,,https://www.kaggle.com/datasets/arjunyadav99/indian-agriculture-crop-production-and-yield,https://en.wikipedia.org/wiki/Rabi_crop
Mizoram,Coconut,Kharif,east_northeast,coconut,seasonal_reporting_window,5,15,0,11,30,0,200,2010,2010-05-15,2010-11-30,4,2,state_zone+crop+season,v1.0,decided_project_convention,Perennial or plantation crop mapped to its recorded reporting season.,Seasonal reporting window for a perennial/plantation crop; not its full biological life cycle.,https://www.kaggle.com/datasets/arjunyadav99/indian-agriculture-crop-production-and-yield,https://en.wikipedia.org/wiki/Kharif_crop
Mizoram,Cotton(lint),Kharif,east_northeast,cotton,crop_cycle_estimate,4,30,0,11,25,0,210,2010,2010-04-30,2010-11-25,130,7,state_zone+crop+season,v1.0,decided_project_convention,Crop-specific 210-day cycle starting from the east_northeast Kharif anchor.,,https://www.kaggle.com/datasets/arjunyadav99/indian-agriculture-crop-production-and-yield,https://en.wikipedia.org/wiki/Kharif_crop
Mizoram,Cowpea(Lobia),Kharif,east_northeast,cowpea,crop_cycle_estimate,5,15,0,8,22,0,100,2010,2010-05-15,2010-08-22,38,8,state_zone+crop+season,v1.0,decided_project_convention,Crop-specific 100-day cycle starting from the east_northeast Kharif anchor.,,https://www.kaggle.com/datasets/arjunyadav99/indian-agriculture-crop-production-and-yield,https://en.wikipedia.org/wiki/Kharif_crop
Mizoram,Cowpea(Lobia),Rabi,east_northeast,cowpea,crop_cycle_estimate,10,15,0,1,22,1,100,2010,2010-10-15,2011-01-22,21,6,state_zone+crop+season,v1.0,decided_project_convention,Crop-specific 100-day cycle starting from the east_northeast Rabi anchor.,,https://www.kaggle.com/datasets/arjunyadav99/indian-agriculture-crop-production-and-yield,https://en.wikipedia.org/wiki/Rabi_crop
Mizoram,Gram,Kharif,east_northeast,chickpea,crop_cycle_estimate,5,15,0,9,21,0,130,2010,2010-05-15,2010-09-21,6,3,state_zone+crop+season,v1.0,decided_project_convention,Crop-specific 130-day cycle starting from the east_northeast Kharif anchor.,,https://www.kaggle.com/datasets/arjunyadav99/indian-agriculture-crop-production-and-yield,https://en.wikipedia.org/wiki/Kharif_crop
Mizoram,Gram,Rabi,east_northeast,chickpea,crop_cycle_estimate,10,30,0,3,8,1,130,2010,2010-10-30,2011-03-08,6,3,state_zone+crop+season,v1.0,decided_project_convention,Crop-specific 130-day cycle starting from the east_northeast Rabi anchor.,,https://www.kaggle.com/datasets/arjunyadav99/indian-agriculture-crop-production-and-yield,https://en.wikipedia.org/wiki/Rabi_crop
Mizoram,Groundnut,Kharif,east_northeast,groundnut,crop_cycle_estimate,5,15,0,9,11,0,120,2010,2010-05-15,2010-09-11,30,6,state_zone+crop+season,v1.0,decided_project_convention,Crop-specific 120-day cycle starting from the east_northeast Kharif anchor.,,https://www.kaggle.com/datasets/arjunyadav99/indian-agriculture-crop-production-and-yield,https://en.wikipedia.org/wiki/Kharif_crop
Mizoram,Kapas,Kharif,east_northeast,cotton,crop_cycle_estimate,4,30,0,11,25,0,210,2010,2010-04-30,2010-11-25,4,4,state_zone+crop+season,v1.0,decided_project_convention,Crop-specific 210-day cycle starting from the east_northeast Kharif anchor.,,https://www.kaggle.com/datasets/arjunyadav99/indian-agriculture-crop-production-and-yield,https://en.wikipedia.org/wiki/Kharif_crop
Mizoram,Kapas,Whole Year,east_northeast,cotton,annual_reporting_window,7,1,0,6,30,1,365,2010,2010-07-01,2011-06-30,4,4,state_zone+crop+season,v1.0,decided_project_convention,Whole Year mapped to the complete July-June crop-year reporting cycle.,Annual reporting window; do not calculate planting/harvest flags.,https://www.kaggle.com/datasets/arjunyadav99/indian-agriculture-crop-production-and-yield,"Project convention based on the recorded Indian crop-season label; Autumn and Winter are treated as crop reporting seasons, not literal meteorological seasons."
Mizoram,Maize,Kharif,east_northeast,maize,crop_cycle_estimate,5,15,0,9,11,0,120,2010,2010-05-15,2010-09-11,194,8,state_zone+crop+season,v1.0,decided_project_convention,Crop-specific 120-day cycle starting from the east_northeast Kharif anchor.,,https://www.kaggle.com/datasets/arjunyadav99/indian-agriculture-crop-production-and-yield,https://en.wikipedia.org/wiki/Kharif_crop
Mizoram,Maize,Rabi,east_northeast,maize,crop_cycle_estimate,10,15,0,2,11,1,120,2010,2010-10-15,2011-02-11,127,7,state_zone+crop+season,v1.0,decided_project_convention,Crop-specific 120-day cycle starting from the east_northeast Rabi anchor.,,https://www.kaggle.com/datasets/arjunyadav99/indian-agriculture-crop-production-and-yield,https://en.wikipedia.org/wiki/Rabi_crop
Mizoram,Masoor,Kharif,east_northeast,lentil,crop_cycle_estimate,5,15,0,9,11,0,120,2010,2010-05-15,2010-09-11,4,2,state_zone+crop+season,v1.0,decided_project_convention,Crop-specific 120-day cycle starting from the east_northeast Kharif anchor.,,https://www.kaggle.com/datasets/arjunyadav99/indian-agriculture-crop-production-and-yield,https://en.wikipedia.org/wiki/Kharif_crop
Mizoram,Masoor,Rabi,east_northeast,lentil,crop_cycle_estimate,10,15,0,2,11,1,120,2010,2010-10-15,2011-02-11,30,7,state_zone+crop+season,v1.0,decided_project_convention,Crop-specific 120-day cycle starting from the east_northeast Rabi anchor.,,https://www.kaggle.com/datasets/arjunyadav99/indian-agriculture-crop-production-and-yield,https://en.wikipedia.org/wiki/Rabi_crop
Mizoram,Moong(Green Gram),Kharif,east_northeast,green_gram,crop_cycle_estimate,5,15,0,8,12,0,90,2010,2010-05-15,2010-08-12,16,4,state_zone+crop+season,v1.0,decided_project_convention,Crop-specific 90-day cycle starting from the east_northeast Kharif anchor.,,https://www.kaggle.com/datasets/arjunyadav99/indian-agriculture-crop-production-and-yield,https://en.wikipedia.org/wiki/Kharif_crop
Mizoram,Moong(Green Gram),Rabi,east_northeast,green_gram,crop_cycle_estimate,10,15,0,1,12,1,90,2010,2010-10-15,2011-01-12,36,6,state_zone+crop+season,v1.0,decided_project_convention,Crop-specific 90-day cycle starting from the east_northeast Rabi anchor.,,https://www.kaggle.com/datasets/arjunyadav99/indian-agriculture-crop-production-and-yield,https://en.wikipedia.org/wiki/Rabi_crop
Mizoram,Onion,Rabi,east_northeast,onion,crop_cycle_estimate,10,30,0,3,28,1,150,2010,2010-10-30,2011-03-28,2,1,state_zone+crop+season,v1.0,decided_project_convention,Crop-specific 150-day cycle starting from the east_northeast Rabi anchor.,,https://www.kaggle.com/datasets/arjunyadav99/indian-agriculture-crop-production-and-yield,https://en.wikipedia.org/wiki/Rabi_crop
Mizoram,Other Kharif pulses,Kharif,east_northeast,aggregate_kharif_pulses,aggregate_reporting_window,5,15,0,11,30,0,200,2010,2010-05-15,2010-11-30,156,8,state_zone+crop+season,v1.0,decided_project_convention,Aggregate crop category mapped to the complete reporting-season window.,Aggregate crop category; uses the full reporting-season window.,https://www.kaggle.com/datasets/arjunyadav99/indian-agriculture-crop-production-and-yield,https://en.wikipedia.org/wiki/Kharif_crop
Mizoram,Other Rabi pulses,Rabi,east_northeast,aggregate_rabi_pulses,aggregate_reporting_window,10,15,0,4,30,1,198,2010,2010-10-15,2011-04-30,148,8,state_zone+crop+season,v1.0,decided_project_convention,Aggregate crop category mapped to the complete reporting-season window.,Aggregate crop category; uses the full reporting-season window.,https://www.kaggle.com/datasets/arjunyadav99/indian-agriculture-crop-production-and-yield,https://en.wikipedia.org/wiki/Rabi_crop
Mizoram,Peas & beans (Pulses),Kharif,east_northeast,other_pulse,crop_cycle_estimate,5,15,0,9,11,0,120,2010,2010-05-15,2010-09-11,30,6,state_zone+crop+season,v1.0,decided_project_convention,Crop-specific 120-day cycle starting from the east_northeast Kharif anchor.,,https://www.kaggle.com/datasets/arjunyadav99/indian-agriculture-crop-production-and-yield,https://en.wikipedia.org/wiki/Kharif_crop
Mizoram,Peas & beans (Pulses),Rabi,east_northeast,other_pulse,crop_cycle_estimate,10,15,0,2,11,1,120,2010,2010-10-15,2011-02-11,28,7,state_zone+crop+season,v1.0,decided_project_convention,Crop-specific 120-day cycle starting from the east_northeast Rabi anchor.,,https://www.kaggle.com/datasets/arjunyadav99/indian-agriculture-crop-production-and-yield,https://en.wikipedia.org/wiki/Rabi_crop
Mizoram,Potato,Kharif,east_northeast,potato,crop_cycle_estimate,5,15,0,9,11,0,120,2010,2010-05-15,2010-09-11,82,8,state_zone+crop+season,v1.0,decided_project_convention,Crop-specific 120-day cycle starting from the east_northeast Kharif anchor.,,https://www.kaggle.com/datasets/arjunyadav99/indian-agriculture-crop-production-and-yield,https://en.wikipedia.org/wiki/Kharif_crop
Mizoram,Potato,Rabi,east_northeast,potato,crop_cycle_estimate,10,30,0,2,26,1,120,2010,2010-10-30,2011-02-26,10,5,state_zone+crop+season,v1.0,decided_project_convention,Crop-specific 120-day cycle starting from the east_northeast Rabi anchor.,,https://www.kaggle.com/datasets/arjunyadav99/indian-agriculture-crop-production-and-yield,https://en.wikipedia.org/wiki/Rabi_crop
Mizoram,Potato,Whole Year,east_northeast,potato,annual_reporting_window,7,1,0,6,30,1,365,2010,2010-07-01,2011-06-30,54,8,state_zone+crop+season,v1.0,decided_project_convention,Whole Year mapped to the complete July-June crop-year reporting cycle.,Annual reporting window; do not calculate planting/harvest flags.,https://www.kaggle.com/datasets/arjunyadav99/indian-agriculture-crop-production-and-yield,"Project convention based on the recorded Indian crop-season label; Autumn and Winter are treated as crop reporting seasons, not literal meteorological seasons."
Mizoram,Rapeseed &Mustard,Kharif,east_northeast,rapeseed_mustard,crop_cycle_estimate,5,15,0,10,1,0,140,2010,2010-05-15,2010-10-01,25,7,state_zone+crop+season,v1.0,decided_project_convention,Crop-specific 140-day cycle starting from the east_northeast Kharif anchor.,,https://www.kaggle.com/datasets/arjunyadav99/indian-agriculture-crop-production-and-yield,https://en.wikipedia.org/wiki/Kharif_crop
Mizoram,Rapeseed &Mustard,Rabi,east_northeast,rapeseed_mustard,crop_cycle_estimate,10,30,0,3,18,1,140,2010,2010-10-30,2011-03-18,83,8,state_zone+crop+season,v1.0,decided_project_convention,Crop-specific 140-day cycle starting from the east_northeast Rabi anchor.,,https://www.kaggle.com/datasets/arjunyadav99/indian-agriculture-crop-production-and-yield,https://en.wikipedia.org/wiki/Rabi_crop
Mizoram,Rice,Autumn,east_northeast,rice,crop_cycle_estimate,3,1,0,8,27,0,180,2010,2010-03-01,2010-08-27,40,8,state_zone+crop+season,v1.0,decided_project_convention,Crop-specific 180-day cycle starting from the east_northeast Autumn anchor.,Autumn rice: early rice crop; the window starts well before meteorological autumn.,https://www.kaggle.com/datasets/arjunyadav99/indian-agriculture-crop-production-and-yield,"Project convention based on the recorded Indian crop-season label; Autumn and Winter are treated as crop reporting seasons, not literal meteorological seasons."
Mizoram,Rice,Kharif,east_northeast,rice,crop_cycle_estimate,5,15,0,10,11,0,150,2010,2010-05-15,2010-10-11,172,8,state_zone+crop+season,v1.0,decided_project_convention,Crop-specific 150-day cycle starting from the east_northeast Kharif anchor.,,https://www.kaggle.com/datasets/arjunyadav99/indian-agriculture-crop-production-and-yield,https://en.wikipedia.org/wiki/Kharif_crop
Mizoram,Rice,Rabi,east_northeast,rice,crop_cycle_estimate,10,15,0,3,13,1,150,2010,2010-10-15,2011-03-13,47,7,state_zone+crop+season,v1.0,decided_project_convention,Crop-specific 150-day cycle starting from the east_northeast Rabi anchor.,,https://www.kaggle.com/datasets/arjunyadav99/indian-agriculture-crop-production-and-yield,https://en.wikipedia.org/wiki/Rabi_crop
Mizoram,Rice,Whole Year,east_northeast,rice,annual_reporting_window,7,1,0,6,30,1,365,2010,2010-07-01,2011-06-30,24,8,state_zone+crop+season,v1.0,decided_project_convention,Whole Year mapped to the complete July-June crop-year reporting cycle.,Annual reporting window; do not calculate planting/harvest flags.,https://www.kaggle.com/datasets/arjunyadav99/indian-agriculture-crop-production-and-yield,"Project convention based on the recorded Indian crop-season label; Autumn and Winter are treated as crop reporting seasons, not literal meteorological seasons."
Mizoram,Sesamum,Kharif,east_northeast,sesame,crop_cycle_estimate,5,15,0,8,22,0,100,2010,2010-05-15,2010-08-22,122,8,state_zone+crop+season,v1.0,decided_project_convention,Crop-specific 100-day cycle starting from the east_northeast Kharif anchor.,,https://www.kaggle.com/datasets/arjunyadav99/indian-agriculture-crop-production-and-yield,https://en.wikipedia.org/wiki/Kharif_crop
Mizoram,Soyabean,Kharif,east_northeast,soybean,crop_cycle_estimate,5,15,0,9,1,0,110,2010,2010-05-15,2010-09-01,124,8,state_zone+crop+season,v1.0,decided_project_convention,Crop-specific 110-day cycle starting from the east_northeast Kharif anchor.,,https://www.kaggle.com/datasets/arjunyadav99/indian-agriculture-crop-production-and-yield,https://en.wikipedia.org/wiki/Kharif_crop
Mizoram,Sugarcane,Whole Year,east_northeast,sugarcane,annual_reporting_window,7,1,0,6,30,1,365,2010,2010-07-01,2011-06-30,170,8,state_zone+crop+season,v1.0,decided_project_convention,Whole Year mapped to the complete July-June crop-year reporting cycle.,Annual reporting window; do not calculate planting/harvest flags.,https://www.kaggle.com/datasets/arjunyadav99/indian-agriculture-crop-production-and-yield,"Project convention based on the recorded Indian crop-season label; Autumn and Winter are treated as crop reporting seasons, not literal meteorological seasons."
Mizoram,Sunflower,Kharif,east_northeast,sunflower,crop_cycle_estimate,5,15,0,9,1,0,110,2010,2010-05-15,2010-09-01,8,4,state_zone+crop+season,v1.0,decided_project_convention,Crop-specific 110-day cycle starting from the east_northeast Kharif anchor.,,https://www.kaggle.com/datasets/arjunyadav99/indian-agriculture-crop-production-and-yield,https://en.wikipedia.org/wiki/Kharif_crop
Mizoram,Tapioca,Kharif,east_northeast,tapioca,crop_cycle_estimate,5,15,0,3,10,1,300,2010,2010-05-15,2011-03-10,66,7,state_zone+crop+season,v1.0,decided_project_convention,Crop-specific 300-day cycle starting from the east_northeast Kharif anchor.,,https://www.kaggle.com/datasets/arjunyadav99/indian-agriculture-crop-production-and-yield,https://en.wikipedia.org/wiki/Kharif_crop
Mizoram,Tapioca,Whole Year,east_northeast,tapioca,annual_reporting_window,7,1,0,6,30,1,365,2010,2010-07-01,2011-06-30,32,5,state_zone+crop+season,v1.0,decided_project_convention,Whole Year mapped to the complete July-June crop-year reporting cycle.,Annual reporting window; do not calculate planting/harvest flags.,https://www.kaggle.com/datasets/arjunyadav99/indian-agriculture-crop-production-and-yield,"Project convention based on the recorded Indian crop-season label; Autumn and Winter are treated as crop reporting seasons, not literal meteorological seasons."
Mizoram,Tobacco,Rabi,east_northeast,tobacco,crop_cycle_estimate,10,15,0,3,13,1,150,2010,2010-10-15,2011-03-13,8,4,state_zone+crop+season,v1.0,decided_project_convention,Crop-specific 150-day cycle starting from the east_northeast Rabi anchor.,,https://www.kaggle.com/datasets/arjunyadav99/indian-agriculture-crop-production-and-yield,https://en.wikipedia.org/wiki/Rabi_crop
Mizoram,Tobacco,Whole Year,east_northeast,tobacco,annual_reporting_window,7,1,0,6,30,1,365,2010,2010-07-01,2011-06-30,126,7,state_zone+crop+season,v1.0,decided_project_convention,Whole Year mapped to the complete July-June crop-year reporting cycle.,Annual reporting window; do not calculate planting/harvest flags.,https://www.kaggle.com/datasets/arjunyadav99/indian-agriculture-crop-production-and-yield,"Project convention based on the recorded Indian crop-season label; Autumn and Winter are treated as crop reporting seasons, not literal meteorological seasons."
Mizoram,Urad,Kharif,east_northeast,black_gram,crop_cycle_estimate,5,15,0,8,17,0,95,2010,2010-05-15,2010-08-17,10,3,state_zone+crop+season,v1.0,decided_project_convention,Crop-specific 95-day cycle starting from the east_northeast Kharif anchor.,,https://www.kaggle.com/datasets/arjunyadav99/indian-agriculture-crop-production-and-yield,https://en.wikipedia.org/wiki/Kharif_crop
Mizoram,Urad,Rabi,east_northeast,black_gram,crop_cycle_estimate,10,15,0,1,17,1,95,2010,2010-10-15,2011-01-17,22,4,state_zone+crop+season,v1.0,decided_project_convention,Crop-specific 95-day cycle starting from the east_northeast Rabi anchor.,,https://www.kaggle.com/datasets/arjunyadav99/indian-agriculture-crop-production-and-yield,https://en.wikipedia.org/wiki/Rabi_crop
Mizoram,Wheat,Rabi,east_northeast,wheat,crop_cycle_estimate,10,30,0,3,28,1,150,2010,2010-10-30,2011-03-28,10,3,state_zone+crop+season,v1.0,decided_project_convention,Crop-specific 150-day cycle starting from the east_northeast Rabi anchor.,,https://www.kaggle.com/datasets/arjunyadav99/indian-agriculture-crop-production-and-yield,https://en.wikipedia.org/wiki/Rabi_crop
Mizoram,other oilseeds,Kharif,east_northeast,other_oilseed,crop_cycle_estimate,5,15,0,9,11,0,120,2010,2010-05-15,2010-09-11,72,8,state_zone+crop+season,v1.0,decided_project_convention,Crop-specific 120-day cycle starting from the east_northeast Kharif anchor.,,https://www.kaggle.com/datasets/arjunyadav99/indian-agriculture-crop-production-and-yield,https://en.wikipedia.org/wiki/Kharif_crop
Mizoram,other oilseeds,Rabi,east_northeast,other_oilseed,crop_cycle_estimate,10,15,0,2,11,1,120,2010,2010-10-15,2011-02-11,40,6,state_zone+crop+season,v1.0,decided_project_convention,Crop-specific 120-day cycle starting from the east_northeast Rabi anchor.,,https://www.kaggle.com/datasets/arjunyadav99/indian-agriculture-crop-production-and-yield,https://en.wikipedia.org/wiki/Rabi_crop
Nagaland,Arhar/Tur,Kharif,east_northeast,pigeon_pea,crop_cycle_estimate,4,30,0,11,15,0,200,2010,2010-04-30,2010-11-15,282,11,state_zone+crop+season,v1.0,decided_project_convention,Crop-specific 200-day cycle starting from the east_northeast Kharif anchor.,,https://www.kaggle.com/datasets/arjunyadav99/indian-agriculture-crop-production-and-yield,https://en.wikipedia.org/wiki/Kharif_crop
Nagaland,Bajra,Kharif,east_northeast,pearl_millet,crop_cycle_estimate,5,15,0,8,22,0,100,2010,2010-05-15,2010-08-22,256,11,state_zone+crop+season,v1.0,decided_project_convention,Crop-specific 100-day cycle starting from the east_northeast Kharif anchor.,,https://www.kaggle.com/datasets/arjunyadav99/indian-agriculture-crop-production-and-yield,https://en.wikipedia.org/wiki/Kharif_crop
Nagaland,Barley,Kharif,east_northeast,barley,crop_cycle_estimate,5,15,0,9,21,0,130,2010,2010-05-15,2010-09-21,22,11,state_zone+crop+season,v1.0,decided_project_convention,Crop-specific 130-day cycle starting from the east_northeast Kharif anchor.,,https://www.kaggle.com/datasets/arjunyadav99/indian-agriculture-crop-production-and-yield,https://en.wikipedia.org/wiki/Kharif_crop
Nagaland,Barley,Rabi,east_northeast,barley,crop_cycle_estimate,10,30,0,3,8,1,130,2010,2010-10-30,2011-03-08,190,11,state_zone+crop+season,v1.0,decided_project_convention,Crop-specific 130-day cycle starting from the east_northeast Rabi anchor.,,https://www.kaggle.com/datasets/arjunyadav99/indian-agriculture-crop-production-and-yield,https://en.wikipedia.org/wiki/Rabi_crop
Nagaland,Bean,Kharif,east_northeast,vegetable,crop_cycle_estimate,5,15,0,9,1,0,110,2010,2010-05-15,2010-09-01,20,10,state_zone+crop+season,v1.0,decided_project_convention,Crop-specific 110-day cycle starting from the east_northeast Kharif anchor.,,https://www.kaggle.com/datasets/arjunyadav99/indian-agriculture-crop-production-and-yield,https://en.wikipedia.org/wiki/Kharif_crop
Nagaland,Blackgram,Kharif,east_northeast,black_gram,crop_cycle_estimate,5,15,0,8,17,0,95,2010,2010-05-15,2010-08-17,11,11,state_zone+crop+season,v1.0,decided_project_convention,Crop-specific 95-day cycle starting from the east_northeast Kharif anchor.,,https://www.kaggle.com/datasets/arjunyadav99/indian-agriculture-crop-production-and-yield,https://en.wikipedia.org/wiki/Kharif_crop
Nagaland,Blackgram,Rabi,east_northeast,black_gram,crop_cycle_estimate,10,15,0,1,17,1,95,2010,2010-10-15,2011-01-17,30,10,state_zone+crop+season,v1.0,decided_project_convention,Crop-specific 95-day cycle starting from the east_northeast Rabi anchor.,,https://www.kaggle.com/datasets/arjunyadav99/indian-agriculture-crop-production-and-yield,https://en.wikipedia.org/wiki/Rabi_crop
Nagaland,Cardamom,Kharif,east_northeast,cardamom,seasonal_reporting_window,5,15,0,11,30,0,200,2010,2010-05-15,2010-11-30,34,9,state_zone+crop+season,v1.0,decided_project_convention,Perennial or plantation crop mapped to its recorded reporting season.,Seasonal reporting window for a perennial/plantation crop; not its full biological life cycle.,https://www.kaggle.com/datasets/arjunyadav99/indian-agriculture-crop-production-and-yield,https://en.wikipedia.org/wiki/Kharif_crop
Nagaland,Castor seed,Kharif,east_northeast,castor,crop_cycle_estimate,4,30,0,10,26,0,180,2010,2010-04-30,2010-10-26,134,11,state_zone+crop+season,v1.0,decided_project_convention,Crop-specific 180-day cycle starting from the east_northeast Kharif anchor.,,https://www.kaggle.com/datasets/arjunyadav99/indian-agriculture-crop-production-and-yield,https://en.wikipedia.org/wiki/Kharif_crop
Nagaland,Colocosia,Kharif,east_northeast,colocasia,crop_cycle_estimate,5,15,0,11,10,0,180,2010,2010-05-15,2010-11-10,11,11,state_zone+crop+season,v1.0,decided_project_convention,Crop-specific 180-day cycle starting from the east_northeast Kharif anchor.,,https://www.kaggle.com/datasets/arjunyadav99/indian-agriculture-crop-production-and-yield,https://en.wikipedia.org/wiki/Kharif_crop
Nagaland,Cotton(lint),Kharif,east_northeast,cotton,crop_cycle_estimate,4,30,0,11,25,0,210,2010,2010-04-30,2010-11-25,122,8,state_zone+crop+season,v1.0,decided_project_convention,Crop-specific 210-day cycle starting from the east_northeast Kharif anchor.,,https://www.kaggle.com/datasets/arjunyadav99/indian-agriculture-crop-production-and-yield,https://en.wikipedia.org/wiki/Kharif_crop
Nagaland,Cowpea(Lobia),Kharif,east_northeast,cowpea,crop_cycle_estimate,5,15,0,8,22,0,100,2010,2010-05-15,2010-08-22,12,3,state_zone+crop+season,v1.0,decided_project_convention,Crop-specific 100-day cycle starting from the east_northeast Kharif anchor.,,https://www.kaggle.com/datasets/arjunyadav99/indian-agriculture-crop-production-and-yield,https://en.wikipedia.org/wiki/Kharif_crop
Nagaland,Dry chillies,Kharif,east_northeast,chilli,crop_cycle_estimate,5,15,0,11,10,0,180,2010,2010-05-15,2010-11-10,38,11,state_zone+crop+season,v1.0,decided_project_convention,Crop-specific 180-day cycle starting from the east_northeast Kharif anchor.,,https://www.kaggle.com/datasets/arjunyadav99/indian-agriculture-crop-production-and-yield,https://en.wikipedia.org/wiki/Kharif_crop
Nagaland,Dry ginger,Kharif,east_northeast,ginger,crop_cycle_estimate,5,15,0,1,9,1,240,2010,2010-05-15,2011-01-09,27,11,state_zone+crop+season,v1.0,decided_project_convention,Crop-specific 240-day cycle starting from the east_northeast Kharif anchor.,,https://www.kaggle.com/datasets/arjunyadav99/indian-agriculture-crop-production-and-yield,https://en.wikipedia.org/wiki/Kharif_crop
Nagaland,Ginger,Kharif,east_northeast,ginger,crop_cycle_estimate,5,15,0,1,9,1,240,2010,2010-05-15,2011-01-09,115,11,state_zone+crop+season,v1.0,decided_project_convention,Crop-specific 240-day cycle starting from the east_northeast Kharif anchor.,,https://www.kaggle.com/datasets/arjunyadav99/indian-agriculture-crop-production-and-yield,https://en.wikipedia.org/wiki/Kharif_crop
Nagaland,Gram,Rabi,east_northeast,chickpea,crop_cycle_estimate,10,30,0,3,8,1,130,2010,2010-10-30,2011-03-08,242,11,state_zone+crop+season,v1.0,decided_project_convention,Crop-specific 130-day cycle starting from the east_northeast Rabi anchor.,,https://www.kaggle.com/datasets/arjunyadav99/indian-agriculture-crop-production-and-yield,https://en.wikipedia.org/wiki/Rabi_crop
Nagaland,Groundnut,Kharif,east_northeast,groundnut,crop_cycle_estimate,5,15,0,9,11,0,120,2010,2010-05-15,2010-09-11,280,11,state_zone+crop+season,v1.0,decided_project_convention,Crop-specific 120-day cycle starting from the east_northeast Kharif anchor.,,https://www.kaggle.com/datasets/arjunyadav99/indian-agriculture-crop-production-and-yield,https://en.wikipedia.org/wiki/Kharif_crop
Nagaland,Groundnut,Rabi,east_northeast,groundnut,crop_cycle_estimate,10,15,0,2,11,1,120,2010,2010-10-15,2011-02-11,8,4,state_zone+crop+season,v1.0,decided_project_convention,Crop-specific 120-day cycle starting from the east_northeast Rabi anchor.,,https://www.kaggle.com/datasets/arjunyadav99/indian-agriculture-crop-production-and-yield,https://en.wikipedia.org/wiki/Rabi_crop
Nagaland,Horse-gram,Kharif,east_northeast,horse_gram,crop_cycle_estimate,5,15,0,9,1,0,110,2010,2010-05-15,2010-09-01,88,11,state_zone+crop+season,v1.0,decided_project_convention,Crop-specific 110-day cycle starting from the east_northeast Kharif anchor.,,https://www.kaggle.com/datasets/arjunyadav99/indian-agriculture-crop-production-and-yield,https://en.wikipedia.org/wiki/Kharif_crop
Nagaland,Jobster,Kharif,east_northeast,minor_cereal,crop_cycle_estimate,5,15,0,8,27,0,105,2010,2010-05-15,2010-08-27,9,9,state_zone+crop+season,v1.0,decided_project_convention,Crop-specific 105-day cycle starting from the east_northeast Kharif anchor.,,https://www.kaggle.com/datasets/arjunyadav99/indian-agriculture-crop-production-and-yield,https://en.wikipedia.org/wiki/Kharif_crop
Nagaland,Jowar,Kharif,east_northeast,sorghum,crop_cycle_estimate,5,15,0,9,11,0,120,2010,2010-05-15,2010-09-11,222,8,state_zone+crop+season,v1.0,decided_project_convention,Crop-specific 120-day cycle starting from the east_northeast Kharif anchor.,,https://www.kaggle.com/datasets/arjunyadav99/indian-agriculture-crop-production-and-yield,https://en.wikipedia.org/wiki/Kharif_crop
Nagaland,Jute,Kharif,east_northeast,jute_mesta,crop_cycle_estimate,4,15,0,9,11,0,150,2010,2010-04-15,2010-09-11,140,5,state_zone+crop+season,v1.0,decided_project_convention,Crop-specific 150-day cycle starting from the east_northeast Kharif anchor.,,https://www.kaggle.com/datasets/arjunyadav99/indian-agriculture-crop-production-and-yield,https://en.wikipedia.org/wiki/Kharif_crop
Nagaland,Lentil,Rabi,east_northeast,lentil,crop_cycle_estimate,10,15,0,2,11,1,120,2010,2010-10-15,2011-02-11,18,9,state_zone+crop+season,v1.0,decided_project_convention,Crop-specific 120-day cycle starting from the east_northeast Rabi anchor.,,https://www.kaggle.com/datasets/arjunyadav99/indian-agriculture-crop-production-and-yield,https://en.wikipedia.org/wiki/Rabi_crop
Nagaland,Linseed,Rabi,east_northeast,linseed,crop_cycle_estimate,10,30,0,3,8,1,130,2010,2010-10-30,2011-03-08,274,11,state_zone+crop+season,v1.0,decided_project_convention,Crop-specific 130-day cycle starting from the east_northeast Rabi anchor.,,https://www.kaggle.com/datasets/arjunyadav99/indian-agriculture-crop-production-and-yield,https://en.wikipedia.org/wiki/Rabi_crop
Nagaland,Maize,Kharif,east_northeast,maize,crop_cycle_estimate,5,15,0,9,11,0,120,2010,2010-05-15,2010-09-11,324,11,state_zone+crop+season,v1.0,decided_project_convention,Crop-specific 120-day cycle starting from the east_northeast Kharif anchor.,,https://www.kaggle.com/datasets/arjunyadav99/indian-agriculture-crop-production-and-yield,https://en.wikipedia.org/wiki/Kharif_crop
Nagaland,Maize,Rabi,east_northeast,maize,crop_cycle_estimate,10,15,0,2,11,1,120,2010,2010-10-15,2011-02-11,100,7,state_zone+crop+season,v1.0,decided_project_convention,Crop-specific 120-day cycle starting from the east_northeast Rabi anchor.,,https://www.kaggle.com/datasets/arjunyadav99/indian-agriculture-crop-production-and-yield,https://en.wikipedia.org/wiki/Rabi_crop
Nagaland,Masoor,Rabi,east_northeast,lentil,crop_cycle_estimate,10,15,0,2,11,1,120,2010,2010-10-15,2011-02-11,170,9,state_zone+crop+season,v1.0,decided_project_convention,Crop-specific 120-day cycle starting from the east_northeast Rabi anchor.,,https://www.kaggle.com/datasets/arjunyadav99/indian-agriculture-crop-production-and-yield,https://en.wikipedia.org/wiki/Rabi_crop
Nagaland,Mesta,Kharif,east_northeast,jute_mesta,crop_cycle_estimate,4,15,0,9,11,0,150,2010,2010-04-15,2010-09-11,132,11,state_zone+crop+season,v1.0,decided_project_convention,Crop-specific 150-day cycle starting from the east_northeast Kharif anchor.,,https://www.kaggle.com/datasets/arjunyadav99/indian-agriculture-crop-production-and-yield,https://en.wikipedia.org/wiki/Kharif_crop
Nagaland,Moong(Green Gram),Kharif,east_northeast,green_gram,crop_cycle_estimate,5,15,0,8,12,0,90,2010,2010-05-15,2010-08-12,228,11,state_zone+crop+season,v1.0,decided_project_convention,Crop-specific 90-day cycle starting from the east_northeast Kharif anchor.,,https://www.kaggle.com/datasets/arjunyadav99/indian-agriculture-crop-production-and-yield,https://en.wikipedia.org/wiki/Kharif_crop
Nagaland,Niger seed,Kharif,east_northeast,niger,crop_cycle_estimate,5,15,0,9,11,0,120,2010,2010-05-15,2010-09-11,44,6,state_zone+crop+season,v1.0,decided_project_convention,Crop-specific 120-day cycle starting from the east_northeast Kharif anchor.,,https://www.kaggle.com/datasets/arjunyadav99/indian-agriculture-crop-production-and-yield,https://en.wikipedia.org/wiki/Kharif_crop
Nagaland,Oilseeds total,Kharif,east_northeast,aggregate_oilseeds,aggregate_reporting_window,5,15,0,11,30,0,200,2010,2010-05-15,2010-11-30,22,11,state_zone+crop+season,v1.0,decided_project_convention,Aggregate crop category mapped to the complete reporting-season window.,Aggregate crop category; uses the full reporting-season window.,https://www.kaggle.com/datasets/arjunyadav99/indian-agriculture-crop-production-and-yield,https://en.wikipedia.org/wiki/Kharif_crop
Nagaland,Oilseeds total,Rabi,east_northeast,aggregate_oilseeds,aggregate_reporting_window,10,15,0,4,30,1,198,2010,2010-10-15,2011-04-30,22,11,state_zone+crop+season,v1.0,decided_project_convention,Aggregate crop category mapped to the complete reporting-season window.,Aggregate crop category; uses the full reporting-season window.,https://www.kaggle.com/datasets/arjunyadav99/indian-agriculture-crop-production-and-yield,https://en.wikipedia.org/wiki/Rabi_crop
Nagaland,Other Kharif pulses,Kharif,east_northeast,aggregate_kharif_pulses,aggregate_reporting_window,5,15,0,11,30,0,200,2010,2010-05-15,2010-11-30,138,11,state_zone+crop+season,v1.0,decided_project_convention,Aggregate crop category mapped to the complete reporting-season window.,Aggregate crop category; uses the full reporting-season window.,https://www.kaggle.com/datasets/arjunyadav99/indian-agriculture-crop-production-and-yield,https://en.wikipedia.org/wiki/Kharif_crop
Nagaland,Other Rabi pulses,Rabi,east_northeast,aggregate_rabi_pulses,aggregate_reporting_window,10,15,0,4,30,1,198,2010,2010-10-15,2011-04-30,146,10,state_zone+crop+season,v1.0,decided_project_convention,Aggregate crop category mapped to the complete reporting-season window.,Aggregate crop category; uses the full reporting-season window.,https://www.kaggle.com/datasets/arjunyadav99/indian-agriculture-crop-production-and-yield,https://en.wikipedia.org/wiki/Rabi_crop
Nagaland,Peas & beans (Pulses),Kharif,east_northeast,other_pulse,crop_cycle_estimate,5,15,0,9,11,0,120,2010,2010-05-15,2010-09-11,244,11,state_zone+crop+season,v1.0,decided_project_convention,Crop-specific 120-day cycle starting from the east_northeast Kharif anchor.,,https://www.kaggle.com/datasets/arjunyadav99/indian-agriculture-crop-production-and-yield,https://en.wikipedia.org/wiki/Kharif_crop
Nagaland,Peas & beans (Pulses),Rabi,east_northeast,other_pulse,crop_cycle_estimate,10,15,0,2,11,1,120,2010,2010-10-15,2011-02-11,260,11,state_zone+crop+season,v1.0,decided_project_convention,Crop-specific 120-day cycle starting from the east_northeast Rabi anchor.,,https://www.kaggle.com/datasets/arjunyadav99/indian-agriculture-crop-production-and-yield,https://en.wikipedia.org/wiki/Rabi_crop
Nagaland,Perilla,Kharif,east_northeast,perilla,crop_cycle_estimate,5,15,0,9,11,0,120,2010,2010-05-15,2010-09-11,9,9,state_zone+crop+season,v1.0,decided_project_convention,Crop-specific 120-day cycle starting from the east_northeast Kharif anchor.,,https://www.kaggle.com/datasets/arjunyadav99/indian-agriculture-crop-production-and-yield,https://en.wikipedia.org/wiki/Kharif_crop
Nagaland,Potato,Kharif,east_northeast,potato,crop_cycle_estimate,5,15,0,9,11,0,120,2010,2010-05-15,2010-09-11,98,11,state_zone+crop+season,v1.0,decided_project_convention,Crop-specific 120-day cycle starting from the east_northeast Kharif anchor.,,https://www.kaggle.com/datasets/arjunyadav99/indian-agriculture-crop-production-and-yield,https://en.wikipedia.org/wiki/Kharif_crop
Nagaland,Potato,Rabi,east_northeast,potato,crop_cycle_estimate,10,30,0,2,26,1,120,2010,2010-10-30,2011-02-26,132,11,state_zone+crop+season,v1.0,decided_project_convention,Crop-specific 120-day cycle starting from the east_northeast Rabi anchor.,,https://www.kaggle.com/datasets/arjunyadav99/indian-agriculture-crop-production-and-yield,https://en.wikipedia.org/wiki/Rabi_crop
Nagaland,Potato,Whole Year,east_northeast,potato,annual_reporting_window,7,1,0,6,30,1,365,2010,2010-07-01,2011-06-30,94,8,state_zone+crop+season,v1.0,decided_project_convention,Whole Year mapped to the complete July-June crop-year reporting cycle.,Annual reporting window; do not calculate planting/harvest flags.,https://www.kaggle.com/datasets/arjunyadav99/indian-agriculture-crop-production-and-yield,"Project convention based on the recorded Indian crop-season label; Autumn and Winter are treated as crop reporting seasons, not literal meteorological seasons."
Nagaland,Ragi,Kharif,east_northeast,finger_millet,crop_cycle_estimate,5,15,0,9,11,0,120,2010,2010-05-15,2010-09-11,84,7,state_zone+crop+season,v1.0,decided_project_convention,Crop-specific 120-day cycle starting from the east_northeast Kharif anchor.,,https://www.kaggle.com/datasets/arjunyadav99/indian-agriculture-crop-production-and-yield,https://en.wikipedia.org/wiki/Kharif_crop
Nagaland,Rajmash Kholar,Kharif,east_northeast,other_pulse,crop_cycle_estimate,5,15,0,9,11,0,120,2010,2010-05-15,2010-09-11,9,9,state_zone+crop+season,v1.0,decided_project_convention,Crop-specific 120-day cycle starting from the east_northeast Kharif anchor.,,https://www.kaggle.com/datasets/arjunyadav99/indian-agriculture-crop-production-and-yield,https://en.wikipedia.org/wiki/Kharif_crop
Nagaland,Rajmash Kholar,Rabi,east_northeast,other_pulse,crop_cycle_estimate,10,15,0,2,11,1,120,2010,2010-10-15,2011-02-11,9,9,state_zone+crop+season,v1.0,decided_project_convention,Crop-specific 120-day cycle starting from the east_northeast Rabi anchor.,,https://www.kaggle.com/datasets/arjunyadav99/indian-agriculture-crop-production-and-yield,https://en.wikipedia.org/wiki/Rabi_crop
Nagaland,Rapeseed &Mustard,Rabi,east_northeast,rapeseed_mustard,crop_cycle_estimate,10,30,0,3,18,1,140,2010,2010-10-30,2011-03-18,296,11,state_zone+crop+season,v1.0,decided_project_convention,Crop-specific 140-day cycle starting from the east_northeast Rabi anchor.,,https://www.kaggle.com/datasets/arjunyadav99/indian-agriculture-crop-production-and-yield,https://en.wikipedia.org/wiki/Rabi_crop
Nagaland,Rice,Kharif,east_northeast,rice,crop_cycle_estimate,5,15,0,10,11,0,150,2010,2010-05-15,2010-10-11,322,11,state_zone+crop+season,v1.0,decided_project_convention,Crop-specific 150-day cycle starting from the east_northeast Kharif anchor.,,https://www.kaggle.com/datasets/arjunyadav99/indian-agriculture-crop-production-and-yield,https://en.wikipedia.org/wiki/Kharif_crop
Nagaland,Rice,Rabi,east_northeast,rice,crop_cycle_estimate,10,15,0,3,13,1,150,2010,2010-10-15,2011-03-13,58,5,state_zone+crop+season,v1.0,decided_project_convention,Crop-specific 150-day cycle starting from the east_northeast Rabi anchor.,,https://www.kaggle.com/datasets/arjunyadav99/indian-agriculture-crop-production-and-yield,https://en.wikipedia.org/wiki/Rabi_crop
Nagaland,Ricebean (nagadal),Kharif,east_northeast,other_pulse,crop_cycle_estimate,5,15,0,9,11,0,120,2010,2010-05-15,2010-09-11,10,10,state_zone+crop+season,v1.0,decided_project_convention,Crop-specific 120-day cycle starting from the east_northeast Kharif anchor.,,https://www.kaggle.com/datasets/arjunyadav99/indian-agriculture-crop-production-and-yield,https://en.wikipedia.org/wiki/Kharif_crop
Nagaland,Sesamum,Kharif,east_northeast,sesame,crop_cycle_estimate,5,15,0,8,22,0,100,2010,2010-05-15,2010-08-22,288,11,state_zone+crop+season,v1.0,decided_project_convention,Crop-specific 100-day cycle starting from the east_northeast Kharif anchor.,,https://www.kaggle.com/datasets/arjunyadav99/indian-agriculture-crop-production-and-yield,https://en.wikipedia.org/wiki/Kharif_crop
Nagaland,Sesamum,Rabi,east_northeast,sesame,crop_cycle_estimate,10,15,0,1,22,1,100,2010,2010-10-15,2011-01-22,10,5,state_zone+crop+season,v1.0,decided_project_convention,Crop-specific 100-day cycle starting from the east_northeast Rabi anchor.,,https://www.kaggle.com/datasets/arjunyadav99/indian-agriculture-crop-production-and-yield,https://en.wikipedia.org/wiki/Rabi_crop
Nagaland,Small millets,Kharif,east_northeast,minor_cereal,crop_cycle_estimate,5,15,0,8,27,0,105,2010,2010-05-15,2010-08-27,256,10,state_zone+crop+season,v1.0,decided_project_convention,Crop-specific 105-day cycle starting from the east_northeast Kharif anchor.,,https://www.kaggle.com/datasets/arjunyadav99/indian-agriculture-crop-production-and-yield,https://en.wikipedia.org/wiki/Kharif_crop
Nagaland,Soyabean,Kharif,east_northeast,soybean,crop_cycle_estimate,5,15,0,9,1,0,110,2010,2010-05-15,2010-09-01,294,11,state_zone+crop+season,v1.0,decided_project_convention,Crop-specific 110-day cycle starting from the east_northeast Kharif anchor.,,https://www.kaggle.com/datasets/arjunyadav99/indian-agriculture-crop-production-and-yield,https://en.wikipedia.org/wiki/Kharif_crop
Nagaland,Sugarcane,Kharif,east_northeast,sugarcane,crop_cycle_estimate,5,15,0,5,14,1,365,2010,2010-05-15,2011-05-14,144,11,state_zone+crop+season,v1.0,decided_project_convention,Crop-specific 365-day cycle starting from the east_northeast Kharif anchor.,,https://www.kaggle.com/datasets/arjunyadav99/indian-agriculture-crop-production-and-yield,https://en.wikipedia.org/wiki/Kharif_crop
Nagaland,Sugarcane,Rabi,east_northeast,sugarcane,crop_cycle_estimate,10,15,0,10,14,1,365,2010,2010-10-15,2011-10-14,6,1,state_zone+crop+season,v1.0,decided_project_convention,Crop-specific 365-day cycle starting from the east_northeast Rabi anchor.,,https://www.kaggle.com/datasets/arjunyadav99/indian-agriculture-crop-production-and-yield,https://en.wikipedia.org/wiki/Rabi_crop
Nagaland,Sugarcane,Whole Year,east_northeast,sugarcane,annual_reporting_window,7,1,0,6,30,1,365,2010,2010-07-01,2011-06-30,78,7,state_zone+crop+season,v1.0,decided_project_convention,Whole Year mapped to the complete July-June crop-year reporting cycle.,Annual reporting window; do not calculate planting/harvest flags.,https://www.kaggle.com/datasets/arjunyadav99/indian-agriculture-crop-production-and-yield,"Project convention based on the recorded Indian crop-season label; Autumn and Winter are treated as crop reporting seasons, not literal meteorological seasons."
Nagaland,Sunflower,Kharif,east_northeast,sunflower,crop_cycle_estimate,5,15,0,9,1,0,110,2010,2010-05-15,2010-09-01,190,11,state_zone+crop+season,v1.0,decided_project_convention,Crop-specific 110-day cycle starting from the east_northeast Kharif anchor.,,https://www.kaggle.com/datasets/arjunyadav99/indian-agriculture-crop-production-and-yield,https://en.wikipedia.org/wiki/Kharif_crop
Nagaland,Sunflower,Rabi,east_northeast,sunflower,crop_cycle_estimate,10,15,0,2,1,1,110,2010,2010-10-15,2011-02-01,156,9,state_zone+crop+season,v1.0,decided_project_convention,Crop-specific 110-day cycle starting from the east_northeast Rabi anchor.,,https://www.kaggle.com/datasets/arjunyadav99/indian-agriculture-crop-production-and-yield,https://en.wikipedia.org/wiki/Rabi_crop
Nagaland,Sweet potato,Kharif,east_northeast,sweet_potato,crop_cycle_estimate,5,15,0,9,11,0,120,2010,2010-05-15,2010-09-11,88,11,state_zone+crop+season,v1.0,decided_project_convention,Crop-specific 120-day cycle starting from the east_northeast Kharif anchor.,,https://www.kaggle.com/datasets/arjunyadav99/indian-agriculture-crop-production-and-yield,https://en.wikipedia.org/wiki/Kharif_crop
Nagaland,Tapioca,Kharif,east_northeast,tapioca,crop_cycle_estimate,5,15,0,3,10,1,300,2010,2010-05-15,2011-03-10,170,11,state_zone+crop+season,v1.0,decided_project_convention,Crop-specific 300-day cycle starting from the east_northeast Kharif anchor.,,https://www.kaggle.com/datasets/arjunyadav99/indian-agriculture-crop-production-and-yield,https://en.wikipedia.org/wiki/Kharif_crop
Nagaland,Tea,Kharif,east_northeast,tea,seasonal_reporting_window,5,15,0,11,30,0,200,2010,2010-05-15,2010-11-30,8,8,state_zone+crop+season,v1.0,decided_project_convention,Perennial or plantation crop mapped to its recorded reporting season.,Seasonal reporting window for a perennial/plantation crop; not its full biological life cycle.,https://www.kaggle.com/datasets/arjunyadav99/indian-agriculture-crop-production-and-yield,https://en.wikipedia.org/wiki/Kharif_crop
Nagaland,Tea,Whole Year,east_northeast,tea,annual_reporting_window,7,1,0,6,30,1,365,2010,2010-07-01,2011-06-30,38,8,state_zone+crop+season,v1.0,decided_project_convention,Whole Year mapped to the complete July-June crop-year reporting cycle.,Annual reporting window; do not calculate planting/harvest flags.,https://www.kaggle.com/datasets/arjunyadav99/indian-agriculture-crop-production-and-yield,"Project convention based on the recorded Indian crop-season label; Autumn and Winter are treated as crop reporting seasons, not literal meteorological seasons."
Nagaland,Turmeric,Kharif,east_northeast,turmeric,crop_cycle_estimate,5,15,0,2,8,1,270,2010,2010-05-15,2011-02-08,30,11,state_zone+crop+season,v1.0,decided_project_convention,Crop-specific 270-day cycle starting from the east_northeast Kharif anchor.,,https://www.kaggle.com/datasets/arjunyadav99/indian-agriculture-crop-production-and-yield,https://en.wikipedia.org/wiki/Kharif_crop
Nagaland,Urad,Kharif,east_northeast,black_gram,crop_cycle_estimate,5,15,0,8,17,0,95,2010,2010-05-15,2010-08-17,61,11,state_zone+crop+season,v1.0,decided_project_convention,Crop-specific 95-day cycle starting from the east_northeast Kharif anchor.,,https://www.kaggle.com/datasets/arjunyadav99/indian-agriculture-crop-production-and-yield,https://en.wikipedia.org/wiki/Kharif_crop
Nagaland,Urad,Rabi,east_northeast,black_gram,crop_cycle_estimate,10,15,0,1,17,1,95,2010,2010-10-15,2011-01-17,96,10,state_zone+crop+season,v1.0,decided_project_convention,Crop-specific 95-day cycle starting from the east_northeast Rabi anchor.,,https://www.kaggle.com/datasets/arjunyadav99/indian-agriculture-crop-production-and-yield,https://en.wikipedia.org/wiki/Rabi_crop
Nagaland,Wheat,Rabi,east_northeast,wheat,crop_cycle_estimate,10,30,0,3,28,1,150,2010,2010-10-30,2011-03-28,256,9,state_zone+crop+season,v1.0,decided_project_convention,Crop-specific 150-day cycle starting from the east_northeast Rabi anchor.,,https://www.kaggle.com/datasets/arjunyadav99/indian-agriculture-crop-production-and-yield,https://en.wikipedia.org/wiki/Rabi_crop
Odisha,Arhar/Tur,Autumn,east_northeast,pigeon_pea,crop_cycle_estimate,4,1,0,9,27,0,180,2010,2010-04-01,2010-09-27,36,18,state_zone+crop+season,v1.0,decided_project_convention,Crop-specific 180-day cycle starting from the east_northeast Autumn anchor.,,https://www.kaggle.com/datasets/arjunyadav99/indian-agriculture-crop-production-and-yield,"Project convention based on the recorded Indian crop-season label; Autumn and Winter are treated as crop reporting seasons, not literal meteorological seasons."
Odisha,Arhar/Tur,Kharif,east_northeast,pigeon_pea,crop_cycle_estimate,4,30,0,11,15,0,200,2010,2010-04-30,2010-11-15,290,30,state_zone+crop+season,v1.0,decided_project_convention,Crop-specific 200-day cycle starting from the east_northeast Kharif anchor.,,https://www.kaggle.com/datasets/arjunyadav99/indian-agriculture-crop-production-and-yield,https://en.wikipedia.org/wiki/Kharif_crop
Odisha,Arhar/Tur,Rabi,east_northeast,pigeon_pea,crop_cycle_estimate,10,15,0,3,13,1,150,2010,2010-10-15,2011-03-13,14,5,state_zone+crop+season,v1.0,decided_project_convention,Crop-specific 150-day cycle starting from the east_northeast Rabi anchor.,,https://www.kaggle.com/datasets/arjunyadav99/indian-agriculture-crop-production-and-yield,https://en.wikipedia.org/wiki/Rabi_crop
Odisha,Arhar/Tur,Summer,east_northeast,pigeon_pea,crop_cycle_estimate,2,15,1,8,13,1,180,2010,2011-02-15,2011-08-13,56,28,state_zone+crop+season,v1.0,decided_project_convention,Crop-specific 180-day cycle starting from the east_northeast Summer anchor.,,https://www.kaggle.com/datasets/arjunyadav99/indian-agriculture-crop-production-and-yield,https://en.wikipedia.org/wiki/Zaid_crop
Odisha,Arhar/Tur,Winter,east_northeast,pigeon_pea,crop_cycle_estimate,10,15,0,4,12,1,180,2010,2010-10-15,2011-04-12,56,28,state_zone+crop+season,v1.0,decided_project_convention,Crop-specific 180-day cycle starting from the east_northeast Winter anchor.,,https://www.kaggle.com/datasets/arjunyadav99/indian-agriculture-crop-production-and-yield,"Project convention based on the recorded Indian crop-season label; Autumn and Winter are treated as crop reporting seasons, not literal meteorological seasons."
Odisha,Bajra,Kharif,east_northeast,pearl_millet,crop_cycle_estimate,5,15,0,8,22,0,100,2010,2010-05-15,2010-08-22,136,14,state_zone+crop+season,v1.0,decided_project_convention,Crop-specific 100-day cycle starting from the east_northeast Kharif anchor.,,https://www.kaggle.com/datasets/arjunyadav99/indian-agriculture-crop-production-and-yield,https://en.wikipedia.org/wiki/Kharif_crop
Odisha,Castor seed,Kharif,east_northeast,castor,crop_cycle_estimate,4,30,0,10,26,0,180,2010,2010-04-30,2010-10-26,294,28,state_zone+crop+season,v1.0,decided_project_convention,Crop-specific 180-day cycle starting from the east_northeast Kharif anchor.,,https://www.kaggle.com/datasets/arjunyadav99/indian-agriculture-crop-production-and-yield,https://en.wikipedia.org/wiki/Kharif_crop
Odisha,Castor seed,Rabi,east_northeast,castor,crop_cycle_estimate,10,15,0,4,12,1,180,2010,2010-10-15,2011-04-12,298,28,state_zone+crop+season,v1.0,decided_project_convention,Crop-specific 180-day cycle starting from the east_northeast Rabi anchor.,,https://www.kaggle.com/datasets/arjunyadav99/indian-agriculture-crop-production-and-yield,https://en.wikipedia.org/wiki/Rabi_crop
Odisha,Coriander,Rabi,east_northeast,coriander,crop_cycle_estimate,10,15,0,2,11,1,120,2010,2010-10-15,2011-02-11,58,29,state_zone+crop+season,v1.0,decided_project_convention,Crop-specific 120-day cycle starting from the east_northeast Rabi anchor.,,https://www.kaggle.com/datasets/arjunyadav99/indian-agriculture-crop-production-and-yield,https://en.wikipedia.org/wiki/Rabi_crop
Odisha,Coriander,Whole Year,east_northeast,coriander,annual_reporting_window,7,1,0,6,30,1,365,2010,2010-07-01,2011-06-30,294,30,state_zone+crop+season,v1.0,decided_project_convention,Whole Year mapped to the complete July-June crop-year reporting cycle.,Annual reporting window; do not calculate planting/harvest flags.,https://www.kaggle.com/datasets/arjunyadav99/indian-agriculture-crop-production-and-yield,"Project convention based on the recorded Indian crop-season label; Autumn and Winter are treated as crop reporting seasons, not literal meteorological seasons."
Odisha,Cotton(lint),Kharif,east_northeast,cotton,crop_cycle_estimate,4,30,0,11,25,0,210,2010,2010-04-30,2010-11-25,58,15,state_zone+crop+season,v1.0,decided_project_convention,Crop-specific 210-day cycle starting from the east_northeast Kharif anchor.,,https://www.kaggle.com/datasets/arjunyadav99/indian-agriculture-crop-production-and-yield,https://en.wikipedia.org/wiki/Kharif_crop
Odisha,Dry chillies,Kharif,east_northeast,chilli,crop_cycle_estimate,5,15,0,11,10,0,180,2010,2010-05-15,2010-11-10,60,30,state_zone+crop+season,v1.0,decided_project_convention,Crop-specific 180-day cycle starting from the east_northeast Kharif anchor.,,https://www.kaggle.com/datasets/arjunyadav99/indian-agriculture-crop-production-and-yield,https://en.wikipedia.org/wiki/Kharif_crop
Odisha,Dry chillies,Rabi,east_northeast,chilli,crop_cycle_estimate,10,15,0,4,12,1,180,2010,2010-10-15,2011-04-12,60,30,state_zone+crop+season,v1.0,decided_project_convention,Crop-specific 180-day cycle starting from the east_northeast Rabi anchor.,,https://www.kaggle.com/datasets/arjunyadav99/indian-agriculture-crop-production-and-yield,https://en.wikipedia.org/wiki/Rabi_crop
Odisha,Dry chillies,Whole Year,east_northeast,chilli,annual_reporting_window,7,1,0,6,30,1,365,2010,2010-07-01,2011-06-30,300,30,state_zone+crop+season,v1.0,decided_project_convention,Whole Year mapped to the complete July-June crop-year reporting cycle.,Annual reporting window; do not calculate planting/harvest flags.,https://www.kaggle.com/datasets/arjunyadav99/indian-agriculture-crop-production-and-yield,"Project convention based on the recorded Indian crop-season label; Autumn and Winter are treated as crop reporting seasons, not literal meteorological seasons."
Odisha,Dry ginger,Kharif,east_northeast,ginger,crop_cycle_estimate,5,15,0,1,9,1,240,2010,2010-05-15,2011-01-09,176,30,state_zone+crop+season,v1.0,decided_project_convention,Crop-specific 240-day cycle starting from the east_northeast Kharif anchor.,,https://www.kaggle.com/datasets/arjunyadav99/indian-agriculture-crop-production-and-yield,https://en.wikipedia.org/wiki/Kharif_crop
Odisha,Garlic,Rabi,east_northeast,garlic,crop_cycle_estimate,10,30,0,3,28,1,150,2010,2010-10-30,2011-03-28,60,30,state_zone+crop+season,v1.0,decided_project_convention,Crop-specific 150-day cycle starting from the east_northeast Rabi anchor.,,https://www.kaggle.com/datasets/arjunyadav99/indian-agriculture-crop-production-and-yield,https://en.wikipedia.org/wiki/Rabi_crop
Odisha,Garlic,Whole Year,east_northeast,garlic,annual_reporting_window,7,1,0,6,30,1,365,2010,2010-07-01,2011-06-30,300,30,state_zone+crop+season,v1.0,decided_project_convention,Whole Year mapped to the complete July-June crop-year reporting cycle.,Annual reporting window; do not calculate planting/harvest flags.,https://www.kaggle.com/datasets/arjunyadav99/indian-agriculture-crop-production-and-yield,"Project convention based on the recorded Indian crop-season label; Autumn and Winter are treated as crop reporting seasons, not literal meteorological seasons."
Odisha,Ginger,Kharif,east_northeast,ginger,crop_cycle_estimate,5,15,0,1,9,1,240,2010,2010-05-15,2011-01-09,176,30,state_zone+crop+season,v1.0,decided_project_convention,Crop-specific 240-day cycle starting from the east_northeast Kharif anchor.,,https://www.kaggle.com/datasets/arjunyadav99/indian-agriculture-crop-production-and-yield,https://en.wikipedia.org/wiki/Kharif_crop
Odisha,Gram,Rabi,east_northeast,chickpea,crop_cycle_estimate,10,30,0,3,8,1,130,2010,2010-10-30,2011-03-08,346,30,state_zone+crop+season,v1.0,decided_project_convention,Crop-specific 130-day cycle starting from the east_northeast Rabi anchor.,,https://www.kaggle.com/datasets/arjunyadav99/indian-agriculture-crop-production-and-yield,https://en.wikipedia.org/wiki/Rabi_crop
Odisha,Groundnut,Autumn,east_northeast,groundnut,crop_cycle_estimate,4,1,0,7,29,0,120,2010,2010-04-01,2010-07-29,604,27,state_zone+crop+season,v1.0,decided_project_convention,Crop-specific 120-day cycle starting from the east_northeast Autumn anchor.,,https://www.kaggle.com/datasets/arjunyadav99/indian-agriculture-crop-production-and-yield,"Project convention based on the recorded Indian crop-season label; Autumn and Winter are treated as crop reporting seasons, not literal meteorological seasons."
Odisha,Groundnut,Kharif,east_northeast,groundnut,crop_cycle_estimate,5,15,0,9,11,0,120,2010,2010-05-15,2010-09-11,294,30,state_zone+crop+season,v1.0,decided_project_convention,Crop-specific 120-day cycle starting from the east_northeast Kharif anchor.,,https://www.kaggle.com/datasets/arjunyadav99/indian-agriculture-crop-production-and-yield,https://en.wikipedia.org/wiki/Kharif_crop
Odisha,Groundnut,Rabi,east_northeast,groundnut,crop_cycle_estimate,10,15,0,2,11,1,120,2010,2010-10-15,2011-02-11,56,28,state_zone+crop+season,v1.0,decided_project_convention,Crop-specific 120-day cycle starting from the east_northeast Rabi anchor.,,https://www.kaggle.com/datasets/arjunyadav99/indian-agriculture-crop-production-and-yield,https://en.wikipedia.org/wiki/Rabi_crop
Odisha,Groundnut,Summer,east_northeast,groundnut,crop_cycle_estimate,2,15,1,6,14,1,120,2010,2011-02-15,2011-06-14,748,30,state_zone+crop+season,v1.0,decided_project_convention,Crop-specific 120-day cycle starting from the east_northeast Summer anchor.,,https://www.kaggle.com/datasets/arjunyadav99/indian-agriculture-crop-production-and-yield,https://en.wikipedia.org/wiki/Zaid_crop
Odisha,Groundnut,Winter,east_northeast,groundnut,crop_cycle_estimate,10,15,0,2,11,1,120,2010,2010-10-15,2011-02-11,492,29,state_zone+crop+season,v1.0,decided_project_convention,Crop-specific 120-day cycle starting from the east_northeast Winter anchor.,,https://www.kaggle.com/datasets/arjunyadav99/indian-agriculture-crop-production-and-yield,"Project convention based on the recorded Indian crop-season label; Autumn and Winter are treated as crop reporting seasons, not literal meteorological seasons."
Odisha,Horse-gram,Kharif,east_northeast,horse_gram,crop_cycle_estimate,5,15,0,9,1,0,110,2010,2010-05-15,2010-09-01,234,30,state_zone+crop+season,v1.0,decided_project_convention,Crop-specific 110-day cycle starting from the east_northeast Kharif anchor.,,https://www.kaggle.com/datasets/arjunyadav99/indian-agriculture-crop-production-and-yield,https://en.wikipedia.org/wiki/Kharif_crop
Odisha,Horse-gram,Rabi,east_northeast,horse_gram,crop_cycle_estimate,10,15,0,2,1,1,110,2010,2010-10-15,2011-02-01,46,23,state_zone+crop+season,v1.0,decided_project_convention,Crop-specific 110-day cycle starting from the east_northeast Rabi anchor.,,https://www.kaggle.com/datasets/arjunyadav99/indian-agriculture-crop-production-and-yield,https://en.wikipedia.org/wiki/Rabi_crop
Odisha,Horse-gram,Summer,east_northeast,horse_gram,crop_cycle_estimate,2,15,1,6,4,1,110,2010,2011-02-15,2011-06-04,146,18,state_zone+crop+season,v1.0,decided_project_convention,Crop-specific 110-day cycle starting from the east_northeast Summer anchor.,,https://www.kaggle.com/datasets/arjunyadav99/indian-agriculture-crop-production-and-yield,https://en.wikipedia.org/wiki/Zaid_crop
Odisha,Horse-gram,Winter,east_northeast,horse_gram,crop_cycle_estimate,10,15,0,2,1,1,110,2010,2010-10-15,2011-02-01,766,30,state_zone+crop+season,v1.0,decided_project_convention,Crop-specific 110-day cycle starting from the east_northeast Winter anchor.,,https://www.kaggle.com/datasets/arjunyadav99/indian-agriculture-crop-production-and-yield,"Project convention based on the recorded Indian crop-season label; Autumn and Winter are treated as crop reporting seasons, not literal meteorological seasons."
Odisha,Jowar,Kharif,east_northeast,sorghum,crop_cycle_estimate,5,15,0,9,11,0,120,2010,2010-05-15,2010-09-11,238,21,state_zone+crop+season,v1.0,decided_project_convention,Crop-specific 120-day cycle starting from the east_northeast Kharif anchor.,,https://www.kaggle.com/datasets/arjunyadav99/indian-agriculture-crop-production-and-yield,https://en.wikipedia.org/wiki/Kharif_crop
Odisha,Jute,Autumn,east_northeast,jute_mesta,crop_cycle_estimate,4,1,0,8,18,0,140,2010,2010-04-01,2010-08-18,214,17,state_zone+crop+season,v1.0,decided_project_convention,Crop-specific 140-day cycle starting from the east_northeast Autumn anchor.,,https://www.kaggle.com/datasets/arjunyadav99/indian-agriculture-crop-production-and-yield,"Project convention based on the recorded Indian crop-season label; Autumn and Winter are treated as crop reporting seasons, not literal meteorological seasons."
Odisha,Jute,Kharif,east_northeast,jute_mesta,crop_cycle_estimate,4,15,0,9,11,0,150,2010,2010-04-15,2010-09-11,100,12,state_zone+crop+season,v1.0,decided_project_convention,Crop-specific 150-day cycle starting from the east_northeast Kharif anchor.,,https://www.kaggle.com/datasets/arjunyadav99/indian-agriculture-crop-production-and-yield,https://en.wikipedia.org/wiki/Kharif_crop
Odisha,Linseed,Rabi,east_northeast,linseed,crop_cycle_estimate,10,30,0,3,8,1,130,2010,2010-10-30,2011-03-08,184,18,state_zone+crop+season,v1.0,decided_project_convention,Crop-specific 130-day cycle starting from the east_northeast Rabi anchor.,,https://www.kaggle.com/datasets/arjunyadav99/indian-agriculture-crop-production-and-yield,https://en.wikipedia.org/wiki/Rabi_crop
Odisha,Maize,Autumn,east_northeast,maize,crop_cycle_estimate,4,1,0,7,29,0,120,2010,2010-04-01,2010-07-29,646,26,state_zone+crop+season,v1.0,decided_project_convention,Crop-specific 120-day cycle starting from the east_northeast Autumn anchor.,,https://www.kaggle.com/datasets/arjunyadav99/indian-agriculture-crop-production-and-yield,"Project convention based on the recorded Indian crop-season label; Autumn and Winter are treated as crop reporting seasons, not literal meteorological seasons."
Odisha,Maize,Kharif,east_northeast,maize,crop_cycle_estimate,5,15,0,9,11,0,120,2010,2010-05-15,2010-09-11,264,30,state_zone+crop+season,v1.0,decided_project_convention,Crop-specific 120-day cycle starting from the east_northeast Kharif anchor.,,https://www.kaggle.com/datasets/arjunyadav99/indian-agriculture-crop-production-and-yield,https://en.wikipedia.org/wiki/Kharif_crop
Odisha,Maize,Rabi,east_northeast,maize,crop_cycle_estimate,10,15,0,2,11,1,120,2010,2010-10-15,2011-02-11,58,28,state_zone+crop+season,v1.0,decided_project_convention,Crop-specific 120-day cycle starting from the east_northeast Rabi anchor.,,https://www.kaggle.com/datasets/arjunyadav99/indian-agriculture-crop-production-and-yield,https://en.wikipedia.org/wiki/Rabi_crop
Odisha,Maize,Summer,east_northeast,maize,crop_cycle_estimate,2,15,1,6,14,1,120,2010,2011-02-15,2011-06-14,556,29,state_zone+crop+season,v1.0,decided_project_convention,Crop-specific 120-day cycle starting from the east_northeast Summer anchor.,,https://www.kaggle.com/datasets/arjunyadav99/indian-agriculture-crop-production-and-yield,https://en.wikipedia.org/wiki/Zaid_crop
Odisha,Maize,Winter,east_northeast,maize,crop_cycle_estimate,10,15,0,2,11,1,120,2010,2010-10-15,2011-02-11,352,27,state_zone+crop+season,v1.0,decided_project_convention,Crop-specific 120-day cycle starting from the east_northeast Winter anchor.,,https://www.kaggle.com/datasets/arjunyadav99/indian-agriculture-crop-production-and-yield,"Project convention based on the recorded Indian crop-season label; Autumn and Winter are treated as crop reporting seasons, not literal meteorological seasons."
Odisha,Masoor,Rabi,east_northeast,lentil,crop_cycle_estimate,10,15,0,2,11,1,120,2010,2010-10-15,2011-02-11,48,6,state_zone+crop+season,v1.0,decided_project_convention,Crop-specific 120-day cycle starting from the east_northeast Rabi anchor.,,https://www.kaggle.com/datasets/arjunyadav99/indian-agriculture-crop-production-and-yield,https://en.wikipedia.org/wiki/Rabi_crop
Odisha,Mesta,Kharif,east_northeast,jute_mesta,crop_cycle_estimate,4,15,0,9,11,0,150,2010,2010-04-15,2010-09-11,104,27,state_zone+crop+season,v1.0,decided_project_convention,Crop-specific 150-day cycle starting from the east_northeast Kharif anchor.,,https://www.kaggle.com/datasets/arjunyadav99/indian-agriculture-crop-production-and-yield,https://en.wikipedia.org/wiki/Kharif_crop
Odisha,Moong(Green Gram),Autumn,east_northeast,green_gram,crop_cycle_estimate,4,1,0,6,29,0,90,2010,2010-04-01,2010-06-29,358,22,state_zone+crop+season,v1.0,decided_project_convention,Crop-specific 90-day cycle starting from the east_northeast Autumn anchor.,,https://www.kaggle.com/datasets/arjunyadav99/indian-agriculture-crop-production-and-yield,"Project convention based on the recorded Indian crop-season label; Autumn and Winter are treated as crop reporting seasons, not literal meteorological seasons."
Odisha,Moong(Green Gram),Kharif,east_northeast,green_gram,crop_cycle_estimate,5,15,0,8,12,0,90,2010,2010-05-15,2010-08-12,292,30,state_zone+crop+season,v1.0,decided_project_convention,Crop-specific 90-day cycle starting from the east_northeast Kharif anchor.,,https://www.kaggle.com/datasets/arjunyadav99/indian-agriculture-crop-production-and-yield,https://en.wikipedia.org/wiki/Kharif_crop
Odisha,Moong(Green Gram),Rabi,east_northeast,green_gram,crop_cycle_estimate,10,15,0,1,12,1,90,2010,2010-10-15,2011-01-12,60,30,state_zone+crop+season,v1.0,decided_project_convention,Crop-specific 90-day cycle starting from the east_northeast Rabi anchor.,,https://www.kaggle.com/datasets/arjunyadav99/indian-agriculture-crop-production-and-yield,https://en.wikipedia.org/wiki/Rabi_crop
Odisha,Moong(Green Gram),Summer,east_northeast,green_gram,crop_cycle_estimate,2,15,1,5,15,1,90,2010,2011-02-15,2011-05-15,672,30,state_zone+crop+season,v1.0,decided_project_convention,Crop-specific 90-day cycle starting from the east_northeast Summer anchor.,,https://www.kaggle.com/datasets/arjunyadav99/indian-agriculture-crop-production-and-yield,https://en.wikipedia.org/wiki/Zaid_crop
Odisha,Moong(Green Gram),Winter,east_northeast,green_gram,crop_cycle_estimate,10,15,0,1,12,1,90,2010,2010-10-15,2011-01-12,620,30,state_zone+crop+season,v1.0,decided_project_convention,Crop-specific 90-day cycle starting from the east_northeast Winter anchor.,,https://www.kaggle.com/datasets/arjunyadav99/indian-agriculture-crop-production-and-yield,"Project convention based on the recorded Indian crop-season label; Autumn and Winter are treated as crop reporting seasons, not literal meteorological seasons."
Odisha,Niger seed,Kharif,east_northeast,niger,crop_cycle_estimate,5,15,0,9,11,0,120,2010,2010-05-15,2010-09-11,122,14,state_zone+crop+season,v1.0,decided_project_convention,Crop-specific 120-day cycle starting from the east_northeast Kharif anchor.,,https://www.kaggle.com/datasets/arjunyadav99/indian-agriculture-crop-production-and-yield,https://en.wikipedia.org/wiki/Kharif_crop
Odisha,Niger seed,Rabi,east_northeast,niger,crop_cycle_estimate,10,15,0,2,11,1,120,2010,2010-10-15,2011-02-11,130,16,state_zone+crop+season,v1.0,decided_project_convention,Crop-specific 120-day cycle starting from the east_northeast Rabi anchor.,,https://www.kaggle.com/datasets/arjunyadav99/indian-agriculture-crop-production-and-yield,https://en.wikipedia.org/wiki/Rabi_crop
Odisha,Niger seed,Winter,east_northeast,niger,crop_cycle_estimate,10,15,0,2,11,1,120,2010,2010-10-15,2011-02-11,22,11,state_zone+crop+season,v1.0,decided_project_convention,Crop-specific 120-day cycle starting from the east_northeast Winter anchor.,,https://www.kaggle.com/datasets/arjunyadav99/indian-agriculture-crop-production-and-yield,"Project convention based on the recorded Indian crop-season label; Autumn and Winter are treated as crop reporting seasons, not literal meteorological seasons."
Odisha,Onion,Whole Year,east_northeast,onion,annual_reporting_window,7,1,0,6,30,1,365,2010,2010-07-01,2011-06-30,360,30,state_zone+crop+season,v1.0,decided_project_convention,Whole Year mapped to the complete July-June crop-year reporting cycle.,Annual reporting window; do not calculate planting/harvest flags.,https://www.kaggle.com/datasets/arjunyadav99/indian-agriculture-crop-production-and-yield,"Project convention based on the recorded Indian crop-season label; Autumn and Winter are treated as crop reporting seasons, not literal meteorological seasons."
Odisha,Other Kharif pulses,Kharif,east_northeast,aggregate_kharif_pulses,aggregate_reporting_window,5,15,0,11,30,0,200,2010,2010-05-15,2010-11-30,90,18,state_zone+crop+season,v1.0,decided_project_convention,Aggregate crop category mapped to the complete reporting-season window.,Aggregate crop category; uses the full reporting-season window.,https://www.kaggle.com/datasets/arjunyadav99/indian-agriculture-crop-production-and-yield,https://en.wikipedia.org/wiki/Kharif_crop
Odisha,Other Rabi pulses,Rabi,east_northeast,aggregate_rabi_pulses,aggregate_reporting_window,10,15,0,4,30,1,198,2010,2010-10-15,2011-04-30,274,30,state_zone+crop+season,v1.0,decided_project_convention,Aggregate crop category mapped to the complete reporting-season window.,Aggregate crop category; uses the full reporting-season window.,https://www.kaggle.com/datasets/arjunyadav99/indian-agriculture-crop-production-and-yield,https://en.wikipedia.org/wiki/Rabi_crop
Odisha,Paddy,Autumn,east_northeast,rice,crop_cycle_estimate,3,1,0,8,27,0,180,2010,2010-03-01,2010-08-27,30,30,state_zone+crop+season,v1.0,decided_project_convention,Crop-specific 180-day cycle starting from the east_northeast Autumn anchor.,Autumn rice: early rice crop; the window starts well before meteorological autumn.,https://www.kaggle.com/datasets/arjunyadav99/indian-agriculture-crop-production-and-yield,"Project convention based on the recorded Indian crop-season label; Autumn and Winter are treated as crop reporting seasons, not literal meteorological seasons."
Odisha,Paddy,Summer,east_northeast,rice,crop_cycle_estimate,12,1,0,5,29,1,180,2010,2010-12-01,2011-05-29,30,30,state_zone+crop+season,v1.0,decided_project_convention,Crop-specific 180-day cycle starting from the east_northeast Summer anchor.,Summer/Boro rice: winter-starting cycle ending in late spring or early summer.,https://www.kaggle.com/datasets/arjunyadav99/indian-agriculture-crop-production-and-yield,https://en.wikipedia.org/wiki/Zaid_crop
Odisha,Paddy,Winter,east_northeast,rice,crop_cycle_estimate,5,15,0,12,10,0,210,2010,2010-05-15,2010-12-10,30,30,state_zone+crop+season,v1.0,decided_project_convention,Crop-specific 210-day cycle starting from the east_northeast Winter anchor.,Winter rice: long monsoon-to-winter crop; not a December-February-only window.,https://www.kaggle.com/datasets/arjunyadav99/indian-agriculture-crop-production-and-yield,"Project convention based on the recorded Indian crop-season label; Autumn and Winter are treated as crop reporting seasons, not literal meteorological seasons."
Odisha,Potato,Whole Year,east_northeast,potato,annual_reporting_window,7,1,0,6,30,1,365,2010,2010-07-01,2011-06-30,340,30,state_zone+crop+season,v1.0,decided_project_convention,Whole Year mapped to the complete July-June crop-year reporting cycle.,Annual reporting window; do not calculate planting/harvest flags.,https://www.kaggle.com/datasets/arjunyadav99/indian-agriculture-crop-production-and-yield,"Project convention based on the recorded Indian crop-season label; Autumn and Winter are treated as crop reporting seasons, not literal meteorological seasons."
Odisha,Potato,Winter,east_northeast,potato,crop_cycle_estimate,10,15,0,2,11,1,120,2010,2010-10-15,2011-02-11,682,30,state_zone+crop+season,v1.0,decided_project_convention,Crop-specific 120-day cycle starting from the east_northeast Winter anchor.,,https://www.kaggle.com/datasets/arjunyadav99/indian-agriculture-crop-production-and-yield,"Project convention based on the recorded Indian crop-season label; Autumn and Winter are treated as crop reporting seasons, not literal meteorological seasons."
Odisha,Ragi,Autumn,east_northeast,finger_millet,crop_cycle_estimate,4,1,0,7,29,0,120,2010,2010-04-01,2010-07-29,506,27,state_zone+crop+season,v1.0,decided_project_convention,Crop-specific 120-day cycle starting from the east_northeast Autumn anchor.,,https://www.kaggle.com/datasets/arjunyadav99/indian-agriculture-crop-production-and-yield,"Project convention based on the recorded Indian crop-season label; Autumn and Winter are treated as crop reporting seasons, not literal meteorological seasons."
Odisha,Ragi,Kharif,east_northeast,finger_millet,crop_cycle_estimate,5,15,0,9,11,0,120,2010,2010-05-15,2010-09-11,256,28,state_zone+crop+season,v1.0,decided_project_convention,Crop-specific 120-day cycle starting from the east_northeast Kharif anchor.,,https://www.kaggle.com/datasets/arjunyadav99/indian-agriculture-crop-production-and-yield,https://en.wikipedia.org/wiki/Kharif_crop
Odisha,Ragi,Rabi,east_northeast,finger_millet,crop_cycle_estimate,10,15,0,2,11,1,120,2010,2010-10-15,2011-02-11,22,11,state_zone+crop+season,v1.0,decided_project_convention,Crop-specific 120-day cycle starting from the east_northeast Rabi anchor.,,https://www.kaggle.com/datasets/arjunyadav99/indian-agriculture-crop-production-and-yield,https://en.wikipedia.org/wiki/Rabi_crop
Odisha,Ragi,Summer,east_northeast,finger_millet,crop_cycle_estimate,2,15,1,6,14,1,120,2010,2011-02-15,2011-06-14,210,16,state_zone+crop+season,v1.0,decided_project_convention,Crop-specific 120-day cycle starting from the east_northeast Summer anchor.,,https://www.kaggle.com/datasets/arjunyadav99/indian-agriculture-crop-production-and-yield,https://en.wikipedia.org/wiki/Zaid_crop
Odisha,Ragi,Winter,east_northeast,finger_millet,crop_cycle_estimate,10,15,0,2,11,1,120,2010,2010-10-15,2011-02-11,344,26,state_zone+crop+season,v1.0,decided_project_convention,Crop-specific 120-day cycle starting from the east_northeast Winter anchor.,,https://www.kaggle.com/datasets/arjunyadav99/indian-agriculture-crop-production-and-yield,"Project convention based on the recorded Indian crop-season label; Autumn and Winter are treated as crop reporting seasons, not literal meteorological seasons."
Odisha,Rapeseed &Mustard,Rabi,east_northeast,rapeseed_mustard,crop_cycle_estimate,10,30,0,3,18,1,140,2010,2010-10-30,2011-03-18,288,30,state_zone+crop+season,v1.0,decided_project_convention,Crop-specific 140-day cycle starting from the east_northeast Rabi anchor.,,https://www.kaggle.com/datasets/arjunyadav99/indian-agriculture-crop-production-and-yield,https://en.wikipedia.org/wiki/Rabi_crop
Odisha,Rapeseed &Mustard,Winter,east_northeast,rapeseed_mustard,crop_cycle_estimate,10,15,0,3,3,1,140,2010,2010-10-15,2011-03-03,700,30,state_zone+crop+season,v1.0,decided_project_convention,Crop-specific 140-day cycle starting from the east_northeast Winter anchor.,,https://www.kaggle.com/datasets/arjunyadav99/indian-agriculture-crop-production-and-yield,"Project convention based on the recorded Indian crop-season label; Autumn and Winter are treated as crop reporting seasons, not literal meteorological seasons."
Odisha,Rice,Autumn,east_northeast,rice,crop_cycle_estimate,3,1,0,8,27,0,180,2010,2010-03-01,2010-08-27,770,30,state_zone+crop+season,v1.0,decided_project_convention,Crop-specific 180-day cycle starting from the east_northeast Autumn anchor.,Autumn rice: early rice crop; the window starts well before meteorological autumn.,https://www.kaggle.com/datasets/arjunyadav99/indian-agriculture-crop-production-and-yield,"Project convention based on the recorded Indian crop-season label; Autumn and Winter are treated as crop reporting seasons, not literal meteorological seasons."
Odisha,Rice,Kharif,east_northeast,rice,crop_cycle_estimate,5,15,0,10,11,0,150,2010,2010-05-15,2010-10-11,180,30,state_zone+crop+season,v1.0,decided_project_convention,Crop-specific 150-day cycle starting from the east_northeast Kharif anchor.,,https://www.kaggle.com/datasets/arjunyadav99/indian-agriculture-crop-production-and-yield,https://en.wikipedia.org/wiki/Kharif_crop
Odisha,Rice,Summer,east_northeast,rice,crop_cycle_estimate,12,1,0,5,29,1,180,2010,2010-12-01,2011-05-29,742,30,state_zone+crop+season,v1.0,decided_project_convention,Crop-specific 180-day cycle starting from the east_northeast Summer anchor.,Summer/Boro rice: winter-starting cycle ending in late spring or early summer.,https://www.kaggle.com/datasets/arjunyadav99/indian-agriculture-crop-production-and-yield,https://en.wikipedia.org/wiki/Zaid_crop
Odisha,Rice,Winter,east_northeast,rice,crop_cycle_estimate,5,15,0,12,10,0,210,2010,2010-05-15,2010-12-10,840,30,state_zone+crop+season,v1.0,decided_project_convention,Crop-specific 210-day cycle starting from the east_northeast Winter anchor.,Winter rice: long monsoon-to-winter crop; not a December-February-only window.,https://www.kaggle.com/datasets/arjunyadav99/indian-agriculture-crop-production-and-yield,"Project convention based on the recorded Indian crop-season label; Autumn and Winter are treated as crop reporting seasons, not literal meteorological seasons."
Odisha,Safflower,Rabi,east_northeast,safflower,crop_cycle_estimate,10,15,0,3,13,1,150,2010,2010-10-15,2011-03-13,118,22,state_zone+crop+season,v1.0,decided_project_convention,Crop-specific 150-day cycle starting from the east_northeast Rabi anchor.,,https://www.kaggle.com/datasets/arjunyadav99/indian-agriculture-crop-production-and-yield,https://en.wikipedia.org/wiki/Rabi_crop
Odisha,Sannhamp,Whole Year,east_northeast,other_fibre,annual_reporting_window,7,1,0,6,30,1,365,2010,2010-07-01,2011-06-30,80,20,state_zone+crop+season,v1.0,decided_project_convention,Whole Year mapped to the complete July-June crop-year reporting cycle.,Annual reporting window; do not calculate planting/harvest flags.,https://www.kaggle.com/datasets/arjunyadav99/indian-agriculture-crop-production-and-yield,"Project convention based on the recorded Indian crop-season label; Autumn and Winter are treated as crop reporting seasons, not literal meteorological seasons."
Odisha,Sesamum,Autumn,east_northeast,sesame,crop_cycle_estimate,4,1,0,7,9,0,100,2010,2010-04-01,2010-07-09,384,25,state_zone+crop+season,v1.0,decided_project_convention,Crop-specific 100-day cycle starting from the east_northeast Autumn anchor.,,https://www.kaggle.com/datasets/arjunyadav99/indian-agriculture-crop-production-and-yield,"Project convention based on the recorded Indian crop-season label; Autumn and Winter are treated as crop reporting seasons, not literal meteorological seasons."
Odisha,Sesamum,Kharif,east_northeast,sesame,crop_cycle_estimate,5,15,0,8,22,0,100,2010,2010-05-15,2010-08-22,294,30,state_zone+crop+season,v1.0,decided_project_convention,Crop-specific 100-day cycle starting from the east_northeast Kharif anchor.,,https://www.kaggle.com/datasets/arjunyadav99/indian-agriculture-crop-production-and-yield,https://en.wikipedia.org/wiki/Kharif_crop
Odisha,Sesamum,Rabi,east_northeast,sesame,crop_cycle_estimate,10,15,0,1,22,1,100,2010,2010-10-15,2011-01-22,56,28,state_zone+crop+season,v1.0,decided_project_convention,Crop-specific 100-day cycle starting from the east_northeast Rabi anchor.,,https://www.kaggle.com/datasets/arjunyadav99/indian-agriculture-crop-production-and-yield,https://en.wikipedia.org/wiki/Rabi_crop
Odisha,Sesamum,Summer,east_northeast,sesame,crop_cycle_estimate,2,15,1,5,25,1,100,2010,2011-02-15,2011-05-25,622,27,state_zone+crop+season,v1.0,decided_project_convention,Crop-specific 100-day cycle starting from the east_northeast Summer anchor.,,https://www.kaggle.com/datasets/arjunyadav99/indian-agriculture-crop-production-and-yield,https://en.wikipedia.org/wiki/Zaid_crop
Odisha,Sesamum,Winter,east_northeast,sesame,crop_cycle_estimate,10,15,0,1,22,1,100,2010,2010-10-15,2011-01-22,604,26,state_zone+crop+season,v1.0,decided_project_convention,Crop-specific 100-day cycle starting from the east_northeast Winter anchor.,,https://www.kaggle.com/datasets/arjunyadav99/indian-agriculture-crop-production-and-yield,"Project convention based on the recorded Indian crop-season label; Autumn and Winter are treated as crop reporting seasons, not literal meteorological seasons."
Odisha,Small millets,Kharif,east_northeast,minor_cereal,crop_cycle_estimate,5,15,0,8,27,0,105,2010,2010-05-15,2010-08-27,216,20,state_zone+crop+season,v1.0,decided_project_convention,Crop-specific 105-day cycle starting from the east_northeast Kharif anchor.,,https://www.kaggle.com/datasets/arjunyadav99/indian-agriculture-crop-production-and-yield,https://en.wikipedia.org/wiki/Kharif_crop
Odisha,Soyabean,Kharif,east_northeast,soybean,crop_cycle_estimate,5,15,0,9,1,0,110,2010,2010-05-15,2010-09-01,2,1,state_zone+crop+season,v1.0,decided_project_convention,Crop-specific 110-day cycle starting from the east_northeast Kharif anchor.,,https://www.kaggle.com/datasets/arjunyadav99/indian-agriculture-crop-production-and-yield,https://en.wikipedia.org/wiki/Kharif_crop
Odisha,Sugarcane,Whole Year,east_northeast,sugarcane,annual_reporting_window,7,1,0,6,30,1,365,2010,2010-07-01,2011-06-30,230,30,state_zone+crop+season,v1.0,decided_project_convention,Whole Year mapped to the complete July-June crop-year reporting cycle.,Annual reporting window; do not calculate planting/harvest flags.,https://www.kaggle.com/datasets/arjunyadav99/indian-agriculture-crop-production-and-yield,"Project convention based on the recorded Indian crop-season label; Autumn and Winter are treated as crop reporting seasons, not literal meteorological seasons."
Odisha,Sugarcane,Winter,east_northeast,sugarcane,crop_cycle_estimate,10,15,0,10,14,1,365,2010,2010-10-15,2011-10-14,804,30,state_zone+crop+season,v1.0,decided_project_convention,Crop-specific 365-day cycle starting from the east_northeast Winter anchor.,,https://www.kaggle.com/datasets/arjunyadav99/indian-agriculture-crop-production-and-yield,"Project convention based on the recorded Indian crop-season label; Autumn and Winter are treated as crop reporting seasons, not literal meteorological seasons."
Odisha,Sunflower,Kharif,east_northeast,sunflower,crop_cycle_estimate,5,15,0,9,1,0,110,2010,2010-05-15,2010-09-01,58,14,state_zone+crop+season,v1.0,decided_project_convention,Crop-specific 110-day cycle starting from the east_northeast Kharif anchor.,,https://www.kaggle.com/datasets/arjunyadav99/indian-agriculture-crop-production-and-yield,https://en.wikipedia.org/wiki/Kharif_crop
Odisha,Sunflower,Rabi,east_northeast,sunflower,crop_cycle_estimate,10,15,0,2,1,1,110,2010,2010-10-15,2011-02-01,338,30,state_zone+crop+season,v1.0,decided_project_convention,Crop-specific 110-day cycle starting from the east_northeast Rabi anchor.,,https://www.kaggle.com/datasets/arjunyadav99/indian-agriculture-crop-production-and-yield,https://en.wikipedia.org/wiki/Rabi_crop
Odisha,Sweet potato,Kharif,east_northeast,sweet_potato,crop_cycle_estimate,5,15,0,9,11,0,120,2010,2010-05-15,2010-09-11,56,28,state_zone+crop+season,v1.0,decided_project_convention,Crop-specific 120-day cycle starting from the east_northeast Kharif anchor.,,https://www.kaggle.com/datasets/arjunyadav99/indian-agriculture-crop-production-and-yield,https://en.wikipedia.org/wiki/Kharif_crop
Odisha,Sweet potato,Rabi,east_northeast,sweet_potato,crop_cycle_estimate,10,15,0,2,11,1,120,2010,2010-10-15,2011-02-11,26,13,state_zone+crop+season,v1.0,decided_project_convention,Crop-specific 120-day cycle starting from the east_northeast Rabi anchor.,,https://www.kaggle.com/datasets/arjunyadav99/indian-agriculture-crop-production-and-yield,https://en.wikipedia.org/wiki/Rabi_crop
Odisha,Sweet potato,Whole Year,east_northeast,sweet_potato,annual_reporting_window,7,1,0,6,30,1,365,2010,2010-07-01,2011-06-30,300,30,state_zone+crop+season,v1.0,decided_project_convention,Whole Year mapped to the complete July-June crop-year reporting cycle.,Annual reporting window; do not calculate planting/harvest flags.,https://www.kaggle.com/datasets/arjunyadav99/indian-agriculture-crop-production-and-yield,"Project convention based on the recorded Indian crop-season label; Autumn and Winter are treated as crop reporting seasons, not literal meteorological seasons."
Odisha,Tobacco,Whole Year,east_northeast,tobacco,annual_reporting_window,7,1,0,6,30,1,365,2010,2010-07-01,2011-06-30,124,12,state_zone+crop+season,v1.0,decided_project_convention,Whole Year mapped to the complete July-June crop-year reporting cycle.,Annual reporting window; do not calculate planting/harvest flags.,https://www.kaggle.com/datasets/arjunyadav99/indian-agriculture-crop-production-and-yield,"Project convention based on the recorded Indian crop-season label; Autumn and Winter are treated as crop reporting seasons, not literal meteorological seasons."
Odisha,Turmeric,Kharif,east_northeast,turmeric,crop_cycle_estimate,5,15,0,2,8,1,270,2010,2010-05-15,2011-02-08,50,25,state_zone+crop+season,v1.0,decided_project_convention,Crop-specific 270-day cycle starting from the east_northeast Kharif anchor.,,https://www.kaggle.com/datasets/arjunyadav99/indian-agriculture-crop-production-and-yield,https://en.wikipedia.org/wiki/Kharif_crop
Odisha,Turmeric,Whole Year,east_northeast,turmeric,annual_reporting_window,7,1,0,6,30,1,365,2010,2010-07-01,2011-06-30,290,30,state_zone+crop+season,v1.0,decided_project_convention,Whole Year mapped to the complete July-June crop-year reporting cycle.,Annual reporting window; do not calculate planting/harvest flags.,https://www.kaggle.com/datasets/arjunyadav99/indian-agriculture-crop-production-and-yield,"Project convention based on the recorded Indian crop-season label; Autumn and Winter are treated as crop reporting seasons, not literal meteorological seasons."
Odisha,Urad,Autumn,east_northeast,black_gram,crop_cycle_estimate,4,1,0,7,4,0,95,2010,2010-04-01,2010-07-04,548,26,state_zone+crop+season,v1.0,decided_project_convention,Crop-specific 95-day cycle starting from the east_northeast Autumn anchor.,,https://www.kaggle.com/datasets/arjunyadav99/indian-agriculture-crop-production-and-yield,"Project convention based on the recorded Indian crop-season label; Autumn and Winter are treated as crop reporting seasons, not literal meteorological seasons."
Odisha,Urad,Kharif,east_northeast,black_gram,crop_cycle_estimate,5,15,0,8,17,0,95,2010,2010-05-15,2010-08-17,300,30,state_zone+crop+season,v1.0,decided_project_convention,Crop-specific 95-day cycle starting from the east_northeast Kharif anchor.,,https://www.kaggle.com/datasets/arjunyadav99/indian-agriculture-crop-production-and-yield,https://en.wikipedia.org/wiki/Kharif_crop
Odisha,Urad,Rabi,east_northeast,black_gram,crop_cycle_estimate,10,15,0,1,17,1,95,2010,2010-10-15,2011-01-17,60,30,state_zone+crop+season,v1.0,decided_project_convention,Crop-specific 95-day cycle starting from the east_northeast Rabi anchor.,,https://www.kaggle.com/datasets/arjunyadav99/indian-agriculture-crop-production-and-yield,https://en.wikipedia.org/wiki/Rabi_crop
Odisha,Urad,Summer,east_northeast,black_gram,crop_cycle_estimate,2,15,1,5,20,1,95,2010,2011-02-15,2011-05-20,516,29,state_zone+crop+season,v1.0,decided_project_convention,Crop-specific 95-day cycle starting from the east_northeast Summer anchor.,,https://www.kaggle.com/datasets/arjunyadav99/indian-agriculture-crop-production-and-yield,https://en.wikipedia.org/wiki/Zaid_crop
Odisha,Urad,Winter,east_northeast,black_gram,crop_cycle_estimate,10,15,0,1,17,1,95,2010,2010-10-15,2011-01-17,764,30,state_zone+crop+season,v1.0,decided_project_convention,Crop-specific 95-day cycle starting from the east_northeast Winter anchor.,,https://www.kaggle.com/datasets/arjunyadav99/indian-agriculture-crop-production-and-yield,"Project convention based on the recorded Indian crop-season label; Autumn and Winter are treated as crop reporting seasons, not literal meteorological seasons."
Odisha,Wheat,Rabi,east_northeast,wheat,crop_cycle_estimate,10,30,0,3,28,1,150,2010,2010-10-30,2011-03-28,302,30,state_zone+crop+season,v1.0,decided_project_convention,Crop-specific 150-day cycle starting from the east_northeast Rabi anchor.,,https://www.kaggle.com/datasets/arjunyadav99/indian-agriculture-crop-production-and-yield,https://en.wikipedia.org/wiki/Rabi_crop
Odisha,Wheat,Summer,east_northeast,wheat,crop_cycle_estimate,2,15,1,7,14,1,150,2010,2011-02-15,2011-07-14,576,30,state_zone+crop+season,v1.0,decided_project_convention,Crop-specific 150-day cycle starting from the east_northeast Summer anchor.,,https://www.kaggle.com/datasets/arjunyadav99/indian-agriculture-crop-production-and-yield,https://en.wikipedia.org/wiki/Zaid_crop
Puducherry,Arecanut,Kharif,south_coastal,arecanut,seasonal_reporting_window,5,15,0,11,30,0,200,2010,2010-05-15,2010-11-30,14,1,state_zone+crop+season,v1.0,decided_project_convention,Perennial or plantation crop mapped to its recorded reporting season.,Seasonal reporting window for a perennial/plantation crop; not its full biological life cycle.,https://www.kaggle.com/datasets/arjunyadav99/indian-agriculture-crop-production-and-yield,https://en.wikipedia.org/wiki/Kharif_crop
Puducherry,Arecanut,Whole Year,south_coastal,arecanut,annual_reporting_window,7,1,0,6,30,1,365,2010,2010-07-01,2011-06-30,10,1,state_zone+crop+season,v1.0,decided_project_convention,Whole Year mapped to the complete July-June crop-year reporting cycle.,Annual reporting window; do not calculate planting/harvest flags.,https://www.kaggle.com/datasets/arjunyadav99/indian-agriculture-crop-production-and-yield,"Project convention based on the recorded Indian crop-season label; Autumn and Winter are treated as crop reporting seasons, not literal meteorological seasons."
Puducherry,Bajra,Kharif,south_coastal,pearl_millet,crop_cycle_estimate,5,15,0,8,22,0,100,2010,2010-05-15,2010-08-22,28,2,state_zone+crop+season,v1.0,decided_project_convention,Crop-specific 100-day cycle starting from the south_coastal Kharif anchor.,,https://www.kaggle.com/datasets/arjunyadav99/indian-agriculture-crop-production-and-yield,https://en.wikipedia.org/wiki/Kharif_crop
Puducherry,Bajra,Summer,south_coastal,pearl_millet,crop_cycle_estimate,2,15,1,5,25,1,100,2010,2011-02-15,2011-05-25,10,1,state_zone+crop+season,v1.0,decided_project_convention,Crop-specific 100-day cycle starting from the south_coastal Summer anchor.,,https://www.kaggle.com/datasets/arjunyadav99/indian-agriculture-crop-production-and-yield,https://en.wikipedia.org/wiki/Zaid_crop
Puducherry,Banana,Kharif,south_coastal,fruit_perennial,seasonal_reporting_window,5,15,0,11,30,0,200,2010,2010-05-15,2010-11-30,48,3,state_zone+crop+season,v1.0,decided_project_convention,Perennial or plantation crop mapped to its recorded reporting season.,Seasonal reporting window for a perennial/plantation crop; not its full biological life cycle.,https://www.kaggle.com/datasets/arjunyadav99/indian-agriculture-crop-production-and-yield,https://en.wikipedia.org/wiki/Kharif_crop
Puducherry,Banana,Whole Year,south_coastal,fruit_perennial,annual_reporting_window,7,1,0,6,30,1,365,2010,2010-07-01,2011-06-30,50,4,state_zone+crop+season,v1.0,decided_project_convention,Whole Year mapped to the complete July-June crop-year reporting cycle.,Annual reporting window; do not calculate planting/harvest flags.,https://www.kaggle.com/datasets/arjunyadav99/indian-agriculture-crop-production-and-yield,"Project convention based on the recorded Indian crop-season label; Autumn and Winter are treated as crop reporting seasons, not literal meteorological seasons."
Puducherry,Black pepper,Kharif,south_coastal,black_pepper,seasonal_reporting_window,5,15,0,11,30,0,200,2010,2010-05-15,2010-11-30,14,1,state_zone+crop+season,v1.0,decided_project_convention,Perennial or plantation crop mapped to its recorded reporting season.,Seasonal reporting window for a perennial/plantation crop; not its full biological life cycle.,https://www.kaggle.com/datasets/arjunyadav99/indian-agriculture-crop-production-and-yield,https://en.wikipedia.org/wiki/Kharif_crop
Puducherry,Black pepper,Whole Year,south_coastal,black_pepper,annual_reporting_window,7,1,0,6,30,1,365,2010,2010-07-01,2011-06-30,14,1,state_zone+crop+season,v1.0,decided_project_convention,Whole Year mapped to the complete July-June crop-year reporting cycle.,Annual reporting window; do not calculate planting/harvest flags.,https://www.kaggle.com/datasets/arjunyadav99/indian-agriculture-crop-production-and-yield,"Project convention based on the recorded Indian crop-season label; Autumn and Winter are treated as crop reporting seasons, not literal meteorological seasons."
Puducherry,Brinjal,Kharif,south_coastal,vegetable,crop_cycle_estimate,5,15,0,9,1,0,110,2010,2010-05-15,2010-09-01,4,1,state_zone+crop+season,v1.0,decided_project_convention,Crop-specific 110-day cycle starting from the south_coastal Kharif anchor.,,https://www.kaggle.com/datasets/arjunyadav99/indian-agriculture-crop-production-and-yield,https://en.wikipedia.org/wiki/Kharif_crop
Puducherry,Brinjal,Rabi,south_coastal,vegetable,crop_cycle_estimate,10,1,0,1,18,1,110,2010,2010-10-01,2011-01-18,4,1,state_zone+crop+season,v1.0,decided_project_convention,Crop-specific 110-day cycle starting from the south_coastal Rabi anchor.,,https://www.kaggle.com/datasets/arjunyadav99/indian-agriculture-crop-production-and-yield,https://en.wikipedia.org/wiki/Rabi_crop
Puducherry,Brinjal,Summer,south_coastal,vegetable,crop_cycle_estimate,2,15,1,6,4,1,110,2010,2011-02-15,2011-06-04,5,2,state_zone+crop+season,v1.0,decided_project_convention,Crop-specific 110-day cycle starting from the south_coastal Summer anchor.,,https://www.kaggle.com/datasets/arjunyadav99/indian-agriculture-crop-production-and-yield,https://en.wikipedia.org/wiki/Zaid_crop
Puducherry,Brinjal,Whole Year,south_coastal,vegetable,annual_reporting_window,7,1,0,6,30,1,365,2010,2010-07-01,2011-06-30,4,2,state_zone+crop+season,v1.0,decided_project_convention,Whole Year mapped to the complete July-June crop-year reporting cycle.,Annual reporting window; do not calculate planting/harvest flags.,https://www.kaggle.com/datasets/arjunyadav99/indian-agriculture-crop-production-and-yield,"Project convention based on the recorded Indian crop-season label; Autumn and Winter are treated as crop reporting seasons, not literal meteorological seasons."
Puducherry,Cashewnut,Kharif,south_coastal,cashew,seasonal_reporting_window,5,15,0,11,30,0,200,2010,2010-05-15,2010-11-30,36,3,state_zone+crop+season,v1.0,decided_project_convention,Perennial or plantation crop mapped to its recorded reporting season.,Seasonal reporting window for a perennial/plantation crop; not its full biological life cycle.,https://www.kaggle.com/datasets/arjunyadav99/indian-agriculture-crop-production-and-yield,https://en.wikipedia.org/wiki/Kharif_crop
Puducherry,Cashewnut,Whole Year,south_coastal,cashew,annual_reporting_window,7,1,0,6,30,1,365,2010,2010-07-01,2011-06-30,36,3,state_zone+crop+season,v1.0,decided_project_convention,Whole Year mapped to the complete July-June crop-year reporting cycle.,Annual reporting window; do not calculate planting/harvest flags.,https://www.kaggle.com/datasets/arjunyadav99/indian-agriculture-crop-production-and-yield,"Project convention based on the recorded Indian crop-season label; Autumn and Winter are treated as crop reporting seasons, not literal meteorological seasons."
Puducherry,Coconut,Whole Year,south_coastal,coconut,annual_reporting_window,7,1,0,6,30,1,365,2010,2010-07-01,2011-06-30,114,4,state_zone+crop+season,v1.0,decided_project_convention,Whole Year mapped to the complete July-June crop-year reporting cycle.,Annual reporting window; do not calculate planting/harvest flags.,https://www.kaggle.com/datasets/arjunyadav99/indian-agriculture-crop-production-and-yield,"Project convention based on the recorded Indian crop-season label; Autumn and Winter are treated as crop reporting seasons, not literal meteorological seasons."
Puducherry,Coriander,Kharif,south_coastal,coriander,crop_cycle_estimate,5,15,0,9,11,0,120,2010,2010-05-15,2010-09-11,2,1,state_zone+crop+season,v1.0,decided_project_convention,Crop-specific 120-day cycle starting from the south_coastal Kharif anchor.,,https://www.kaggle.com/datasets/arjunyadav99/indian-agriculture-crop-production-and-yield,https://en.wikipedia.org/wiki/Kharif_crop
Puducherry,Coriander,Rabi,south_coastal,coriander,crop_cycle_estimate,10,1,0,1,28,1,120,2010,2010-10-01,2011-01-28,10,1,state_zone+crop+season,v1.0,decided_project_convention,Crop-specific 120-day cycle starting from the south_coastal Rabi anchor.,,https://www.kaggle.com/datasets/arjunyadav99/indian-agriculture-crop-production-and-yield,https://en.wikipedia.org/wiki/Rabi_crop
Puducherry,Coriander,Whole Year,south_coastal,coriander,annual_reporting_window,7,1,0,6,30,1,365,2010,2010-07-01,2011-06-30,10,1,state_zone+crop+season,v1.0,decided_project_convention,Whole Year mapped to the complete July-June crop-year reporting cycle.,Annual reporting window; do not calculate planting/harvest flags.,https://www.kaggle.com/datasets/arjunyadav99/indian-agriculture-crop-production-and-yield,"Project convention based on the recorded Indian crop-season label; Autumn and Winter are treated as crop reporting seasons, not literal meteorological seasons."
Puducherry,Cotton(lint),Kharif,south_coastal,cotton,crop_cycle_estimate,4,30,0,11,25,0,210,2010,2010-04-30,2010-11-25,28,2,state_zone+crop+season,v1.0,decided_project_convention,Crop-specific 210-day cycle starting from the south_coastal Kharif anchor.,,https://www.kaggle.com/datasets/arjunyadav99/indian-agriculture-crop-production-and-yield,https://en.wikipedia.org/wiki/Kharif_crop
Puducherry,Cotton(lint),Summer,south_coastal,cotton,crop_cycle_estimate,2,15,1,9,2,1,200,2010,2011-02-15,2011-09-02,38,2,state_zone+crop+season,v1.0,decided_project_convention,Crop-specific 200-day cycle starting from the south_coastal Summer anchor.,,https://www.kaggle.com/datasets/arjunyadav99/indian-agriculture-crop-production-and-yield,https://en.wikipedia.org/wiki/Zaid_crop
Puducherry,Dry chillies,Kharif,south_coastal,chilli,crop_cycle_estimate,5,15,0,11,10,0,180,2010,2010-05-15,2010-11-10,22,2,state_zone+crop+season,v1.0,decided_project_convention,Crop-specific 180-day cycle starting from the south_coastal Kharif anchor.,,https://www.kaggle.com/datasets/arjunyadav99/indian-agriculture-crop-production-and-yield,https://en.wikipedia.org/wiki/Kharif_crop
Puducherry,Dry chillies,Rabi,south_coastal,chilli,crop_cycle_estimate,10,1,0,3,29,1,180,2010,2010-10-01,2011-03-29,16,1,state_zone+crop+season,v1.0,decided_project_convention,Crop-specific 180-day cycle starting from the south_coastal Rabi anchor.,,https://www.kaggle.com/datasets/arjunyadav99/indian-agriculture-crop-production-and-yield,https://en.wikipedia.org/wiki/Rabi_crop
Puducherry,Dry chillies,Summer,south_coastal,chilli,crop_cycle_estimate,2,15,1,8,13,1,180,2010,2011-02-15,2011-08-13,22,2,state_zone+crop+season,v1.0,decided_project_convention,Crop-specific 180-day cycle starting from the south_coastal Summer anchor.,,https://www.kaggle.com/datasets/arjunyadav99/indian-agriculture-crop-production-and-yield,https://en.wikipedia.org/wiki/Zaid_crop
Puducherry,Dry chillies,Whole Year,south_coastal,chilli,annual_reporting_window,7,1,0,6,30,1,365,2010,2010-07-01,2011-06-30,30,4,state_zone+crop+season,v1.0,decided_project_convention,Whole Year mapped to the complete July-June crop-year reporting cycle.,Annual reporting window; do not calculate planting/harvest flags.,https://www.kaggle.com/datasets/arjunyadav99/indian-agriculture-crop-production-and-yield,"Project convention based on the recorded Indian crop-season label; Autumn and Winter are treated as crop reporting seasons, not literal meteorological seasons."
Puducherry,Dry ginger,Kharif,south_coastal,ginger,crop_cycle_estimate,5,15,0,1,9,1,240,2010,2010-05-15,2011-01-09,10,4,state_zone+crop+season,v1.0,decided_project_convention,Crop-specific 240-day cycle starting from the south_coastal Kharif anchor.,,https://www.kaggle.com/datasets/arjunyadav99/indian-agriculture-crop-production-and-yield,https://en.wikipedia.org/wiki/Kharif_crop
Puducherry,Ginger,Kharif,south_coastal,ginger,crop_cycle_estimate,5,15,0,1,9,1,240,2010,2010-05-15,2011-01-09,10,4,state_zone+crop+season,v1.0,decided_project_convention,Crop-specific 240-day cycle starting from the south_coastal Kharif anchor.,,https://www.kaggle.com/datasets/arjunyadav99/indian-agriculture-crop-production-and-yield,https://en.wikipedia.org/wiki/Kharif_crop
Puducherry,Groundnut,Kharif,south_coastal,groundnut,crop_cycle_estimate,5,15,0,9,11,0,120,2010,2010-05-15,2010-09-11,36,3,state_zone+crop+season,v1.0,decided_project_convention,Crop-specific 120-day cycle starting from the south_coastal Kharif anchor.,,https://www.kaggle.com/datasets/arjunyadav99/indian-agriculture-crop-production-and-yield,https://en.wikipedia.org/wiki/Kharif_crop
Puducherry,Groundnut,Rabi,south_coastal,groundnut,crop_cycle_estimate,10,1,0,1,28,1,120,2010,2010-10-01,2011-01-28,32,2,state_zone+crop+season,v1.0,decided_project_convention,Crop-specific 120-day cycle starting from the south_coastal Rabi anchor.,,https://www.kaggle.com/datasets/arjunyadav99/indian-agriculture-crop-production-and-yield,https://en.wikipedia.org/wiki/Rabi_crop
Puducherry,Groundnut,Summer,south_coastal,groundnut,crop_cycle_estimate,2,15,1,6,14,1,120,2010,2011-02-15,2011-06-14,32,2,state_zone+crop+season,v1.0,decided_project_convention,Crop-specific 120-day cycle starting from the south_coastal Summer anchor.,,https://www.kaggle.com/datasets/arjunyadav99/indian-agriculture-crop-production-and-yield,https://en.wikipedia.org/wiki/Zaid_crop
Puducherry,Jowar,Kharif,south_coastal,sorghum,crop_cycle_estimate,5,15,0,9,11,0,120,2010,2010-05-15,2010-09-11,16,2,state_zone+crop+season,v1.0,decided_project_convention,Crop-specific 120-day cycle starting from the south_coastal Kharif anchor.,,https://www.kaggle.com/datasets/arjunyadav99/indian-agriculture-crop-production-and-yield,https://en.wikipedia.org/wiki/Kharif_crop
Puducherry,Jowar,Summer,south_coastal,sorghum,crop_cycle_estimate,2,15,1,6,14,1,120,2010,2011-02-15,2011-06-14,8,1,state_zone+crop+season,v1.0,decided_project_convention,Crop-specific 120-day cycle starting from the south_coastal Summer anchor.,,https://www.kaggle.com/datasets/arjunyadav99/indian-agriculture-crop-production-and-yield,https://en.wikipedia.org/wiki/Zaid_crop
Puducherry,Mango,Kharif,south_coastal,fruit_perennial,seasonal_reporting_window,5,15,0,11,30,0,200,2010,2010-05-15,2010-11-30,16,4,state_zone+crop+season,v1.0,decided_project_convention,Perennial or plantation crop mapped to its recorded reporting season.,Seasonal reporting window for a perennial/plantation crop; not its full biological life cycle.,https://www.kaggle.com/datasets/arjunyadav99/indian-agriculture-crop-production-and-yield,https://en.wikipedia.org/wiki/Kharif_crop
Puducherry,Mango,Whole Year,south_coastal,fruit_perennial,annual_reporting_window,7,1,0,6,30,1,365,2010,2010-07-01,2011-06-30,8,4,state_zone+crop+season,v1.0,decided_project_convention,Whole Year mapped to the complete July-June crop-year reporting cycle.,Annual reporting window; do not calculate planting/harvest flags.,https://www.kaggle.com/datasets/arjunyadav99/indian-agriculture-crop-production-and-yield,"Project convention based on the recorded Indian crop-season label; Autumn and Winter are treated as crop reporting seasons, not literal meteorological seasons."
Puducherry,Moong(Green Gram),Kharif,south_coastal,green_gram,crop_cycle_estimate,5,15,0,8,12,0,90,2010,2010-05-15,2010-08-12,10,4,state_zone+crop+season,v1.0,decided_project_convention,Crop-specific 90-day cycle starting from the south_coastal Kharif anchor.,,https://www.kaggle.com/datasets/arjunyadav99/indian-agriculture-crop-production-and-yield,https://en.wikipedia.org/wiki/Kharif_crop
Puducherry,Moong(Green Gram),Rabi,south_coastal,green_gram,crop_cycle_estimate,10,1,0,12,29,0,90,2010,2010-10-01,2010-12-29,61,4,state_zone+crop+season,v1.0,decided_project_convention,Crop-specific 90-day cycle starting from the south_coastal Rabi anchor.,,https://www.kaggle.com/datasets/arjunyadav99/indian-agriculture-crop-production-and-yield,https://en.wikipedia.org/wiki/Rabi_crop
Puducherry,Moong(Green Gram),Summer,south_coastal,green_gram,crop_cycle_estimate,2,15,1,5,15,1,90,2010,2011-02-15,2011-05-15,44,3,state_zone+crop+season,v1.0,decided_project_convention,Crop-specific 90-day cycle starting from the south_coastal Summer anchor.,,https://www.kaggle.com/datasets/arjunyadav99/indian-agriculture-crop-production-and-yield,https://en.wikipedia.org/wiki/Zaid_crop
Puducherry,Onion,Kharif,south_coastal,onion,crop_cycle_estimate,5,15,0,10,11,0,150,2010,2010-05-15,2010-10-11,6,1,state_zone+crop+season,v1.0,decided_project_convention,Crop-specific 150-day cycle starting from the south_coastal Kharif anchor.,,https://www.kaggle.com/datasets/arjunyadav99/indian-agriculture-crop-production-and-yield,https://en.wikipedia.org/wiki/Kharif_crop
Puducherry,Onion,Rabi,south_coastal,onion,crop_cycle_estimate,10,16,0,3,14,1,150,2010,2010-10-16,2011-03-14,10,1,state_zone+crop+season,v1.0,decided_project_convention,Crop-specific 150-day cycle starting from the south_coastal Rabi anchor.,,https://www.kaggle.com/datasets/arjunyadav99/indian-agriculture-crop-production-and-yield,https://en.wikipedia.org/wiki/Rabi_crop
Puducherry,Onion,Summer,south_coastal,onion,crop_cycle_estimate,2,15,1,7,14,1,150,2010,2011-02-15,2011-07-14,8,1,state_zone+crop+season,v1.0,decided_project_convention,Crop-specific 150-day cycle starting from the south_coastal Summer anchor.,,https://www.kaggle.com/datasets/arjunyadav99/indian-agriculture-crop-production-and-yield,https://en.wikipedia.org/wiki/Zaid_crop
Puducherry,Onion,Whole Year,south_coastal,onion,annual_reporting_window,7,1,0,6,30,1,365,2010,2010-07-01,2011-06-30,18,2,state_zone+crop+season,v1.0,decided_project_convention,Whole Year mapped to the complete July-June crop-year reporting cycle.,Annual reporting window; do not calculate planting/harvest flags.,https://www.kaggle.com/datasets/arjunyadav99/indian-agriculture-crop-production-and-yield,"Project convention based on the recorded Indian crop-season label; Autumn and Winter are treated as crop reporting seasons, not literal meteorological seasons."
Puducherry,Other Cereals,Kharif,south_coastal,minor_cereal,crop_cycle_estimate,5,15,0,8,27,0,105,2010,2010-05-15,2010-08-27,2,1,state_zone+crop+season,v1.0,decided_project_convention,Crop-specific 105-day cycle starting from the south_coastal Kharif anchor.,,https://www.kaggle.com/datasets/arjunyadav99/indian-agriculture-crop-production-and-yield,https://en.wikipedia.org/wiki/Kharif_crop
Puducherry,Other Cereals & Millets,Kharif,south_coastal,minor_cereal,crop_cycle_estimate,5,15,0,8,27,0,105,2010,2010-05-15,2010-08-27,2,1,state_zone+crop+season,v1.0,decided_project_convention,Crop-specific 105-day cycle starting from the south_coastal Kharif anchor.,,https://www.kaggle.com/datasets/arjunyadav99/indian-agriculture-crop-production-and-yield,https://en.wikipedia.org/wiki/Kharif_crop
Puducherry,Other Kharif pulses,Kharif,south_coastal,aggregate_kharif_pulses,aggregate_reporting_window,5,15,0,11,30,0,200,2010,2010-05-15,2010-11-30,14,2,state_zone+crop+season,v1.0,decided_project_convention,Aggregate crop category mapped to the complete reporting-season window.,Aggregate crop category; uses the full reporting-season window.,https://www.kaggle.com/datasets/arjunyadav99/indian-agriculture-crop-production-and-yield,https://en.wikipedia.org/wiki/Kharif_crop
Puducherry,Other Kharif pulses,Rabi,south_coastal,aggregate_kharif_pulses,aggregate_reporting_window,10,1,0,4,30,1,212,2010,2010-10-01,2011-04-30,8,1,state_zone+crop+season,v1.0,decided_project_convention,Aggregate crop category mapped to the complete reporting-season window.,Aggregate crop category; uses the full reporting-season window.,https://www.kaggle.com/datasets/arjunyadav99/indian-agriculture-crop-production-and-yield,https://en.wikipedia.org/wiki/Rabi_crop
Puducherry,Other Rabi pulses,Rabi,south_coastal,aggregate_rabi_pulses,aggregate_reporting_window,10,1,0,4,30,1,212,2010,2010-10-01,2011-04-30,34,3,state_zone+crop+season,v1.0,decided_project_convention,Aggregate crop category mapped to the complete reporting-season window.,Aggregate crop category; uses the full reporting-season window.,https://www.kaggle.com/datasets/arjunyadav99/indian-agriculture-crop-production-and-yield,https://en.wikipedia.org/wiki/Rabi_crop
Puducherry,Other Rabi pulses,Summer,south_coastal,aggregate_rabi_pulses,aggregate_reporting_window,2,15,1,6,30,1,136,2010,2011-02-15,2011-06-30,10,1,state_zone+crop+season,v1.0,decided_project_convention,Aggregate crop category mapped to the complete reporting-season window.,Aggregate crop category; uses the full reporting-season window.,https://www.kaggle.com/datasets/arjunyadav99/indian-agriculture-crop-production-and-yield,https://en.wikipedia.org/wiki/Zaid_crop
Puducherry,Paddy,Kharif,south_coastal,rice,crop_cycle_estimate,5,15,0,10,11,0,150,2010,2010-05-15,2010-10-11,6,3,state_zone+crop+season,v1.0,decided_project_convention,Crop-specific 150-day cycle starting from the south_coastal Kharif anchor.,,https://www.kaggle.com/datasets/arjunyadav99/indian-agriculture-crop-production-and-yield,https://en.wikipedia.org/wiki/Kharif_crop
Puducherry,Paddy,Summer,south_coastal,rice,crop_cycle_estimate,12,1,0,5,29,1,180,2010,2010-12-01,2011-05-29,2,2,state_zone+crop+season,v1.0,decided_project_convention,Crop-specific 180-day cycle starting from the south_coastal Summer anchor.,Summer/Boro rice: winter-starting cycle ending in late spring or early summer.,https://www.kaggle.com/datasets/arjunyadav99/indian-agriculture-crop-production-and-yield,https://en.wikipedia.org/wiki/Zaid_crop
Puducherry,Ragi,Kharif,south_coastal,finger_millet,crop_cycle_estimate,5,15,0,9,11,0,120,2010,2010-05-15,2010-09-11,50,3,state_zone+crop+season,v1.0,decided_project_convention,Crop-specific 120-day cycle starting from the south_coastal Kharif anchor.,,https://www.kaggle.com/datasets/arjunyadav99/indian-agriculture-crop-production-and-yield,https://en.wikipedia.org/wiki/Kharif_crop
Puducherry,Ragi,Rabi,south_coastal,finger_millet,crop_cycle_estimate,10,1,0,1,28,1,120,2010,2010-10-01,2011-01-28,10,1,state_zone+crop+season,v1.0,decided_project_convention,Crop-specific 120-day cycle starting from the south_coastal Rabi anchor.,,https://www.kaggle.com/datasets/arjunyadav99/indian-agriculture-crop-production-and-yield,https://en.wikipedia.org/wiki/Rabi_crop
Puducherry,Ragi,Summer,south_coastal,finger_millet,crop_cycle_estimate,2,15,1,6,14,1,120,2010,2011-02-15,2011-06-14,16,1,state_zone+crop+season,v1.0,decided_project_convention,Crop-specific 120-day cycle starting from the south_coastal Summer anchor.,,https://www.kaggle.com/datasets/arjunyadav99/indian-agriculture-crop-production-and-yield,https://en.wikipedia.org/wiki/Zaid_crop
Puducherry,Rapeseed &Mustard,Rabi,south_coastal,rapeseed_mustard,crop_cycle_estimate,10,16,0,3,4,1,140,2010,2010-10-16,2011-03-04,14,3,state_zone+crop+season,v1.0,decided_project_convention,Crop-specific 140-day cycle starting from the south_coastal Rabi anchor.,,https://www.kaggle.com/datasets/arjunyadav99/indian-agriculture-crop-production-and-yield,https://en.wikipedia.org/wiki/Rabi_crop
Puducherry,Rice,Autumn,south_coastal,rice,crop_cycle_estimate,3,1,0,8,27,0,180,2010,2010-03-01,2010-08-27,12,3,state_zone+crop+season,v1.0,decided_project_convention,Crop-specific 180-day cycle starting from the south_coastal Autumn anchor.,Autumn rice: early rice crop; the window starts well before meteorological autumn.,https://www.kaggle.com/datasets/arjunyadav99/indian-agriculture-crop-production-and-yield,"Project convention based on the recorded Indian crop-season label; Autumn and Winter are treated as crop reporting seasons, not literal meteorological seasons."
Puducherry,Rice,Kharif,south_coastal,rice,crop_cycle_estimate,5,15,0,10,11,0,150,2010,2010-05-15,2010-10-11,96,4,state_zone+crop+season,v1.0,decided_project_convention,Crop-specific 150-day cycle starting from the south_coastal Kharif anchor.,,https://www.kaggle.com/datasets/arjunyadav99/indian-agriculture-crop-production-and-yield,https://en.wikipedia.org/wiki/Kharif_crop
Puducherry,Rice,Rabi,south_coastal,rice,crop_cycle_estimate,10,1,0,2,27,1,150,2010,2010-10-01,2011-02-27,62,4,state_zone+crop+season,v1.0,decided_project_convention,Crop-specific 150-day cycle starting from the south_coastal Rabi anchor.,,https://www.kaggle.com/datasets/arjunyadav99/indian-agriculture-crop-production-and-yield,https://en.wikipedia.org/wiki/Rabi_crop
Puducherry,Rice,Summer,south_coastal,rice,crop_cycle_estimate,12,1,0,5,29,1,180,2010,2010-12-01,2011-05-29,42,2,state_zone+crop+season,v1.0,decided_project_convention,Crop-specific 180-day cycle starting from the south_coastal Summer anchor.,Summer/Boro rice: winter-starting cycle ending in late spring or early summer.,https://www.kaggle.com/datasets/arjunyadav99/indian-agriculture-crop-production-and-yield,https://en.wikipedia.org/wiki/Zaid_crop
Puducherry,Rice,Winter,south_coastal,rice,crop_cycle_estimate,5,15,0,12,10,0,210,2010,2010-05-15,2010-12-10,12,3,state_zone+crop+season,v1.0,decided_project_convention,Crop-specific 210-day cycle starting from the south_coastal Winter anchor.,Winter rice: long monsoon-to-winter crop; not a December-February-only window.,https://www.kaggle.com/datasets/arjunyadav99/indian-agriculture-crop-production-and-yield,"Project convention based on the recorded Indian crop-season label; Autumn and Winter are treated as crop reporting seasons, not literal meteorological seasons."
Puducherry,Sesamum,Kharif,south_coastal,sesame,crop_cycle_estimate,5,15,0,8,22,0,100,2010,2010-05-15,2010-08-22,30,3,state_zone+crop+season,v1.0,decided_project_convention,Crop-specific 100-day cycle starting from the south_coastal Kharif anchor.,,https://www.kaggle.com/datasets/arjunyadav99/indian-agriculture-crop-production-and-yield,https://en.wikipedia.org/wiki/Kharif_crop
Puducherry,Sesamum,Rabi,south_coastal,sesame,crop_cycle_estimate,10,1,0,1,8,1,100,2010,2010-10-01,2011-01-08,20,2,state_zone+crop+season,v1.0,decided_project_convention,Crop-specific 100-day cycle starting from the south_coastal Rabi anchor.,,https://www.kaggle.com/datasets/arjunyadav99/indian-agriculture-crop-production-and-yield,https://en.wikipedia.org/wiki/Rabi_crop
Puducherry,Sesamum,Summer,south_coastal,sesame,crop_cycle_estimate,2,15,1,5,25,1,100,2010,2011-02-15,2011-05-25,28,2,state_zone+crop+season,v1.0,decided_project_convention,Crop-specific 100-day cycle starting from the south_coastal Summer anchor.,,https://www.kaggle.com/datasets/arjunyadav99/indian-agriculture-crop-production-and-yield,https://en.wikipedia.org/wiki/Zaid_crop
Puducherry,Small millets,Kharif,south_coastal,minor_cereal,crop_cycle_estimate,5,15,0,8,27,0,105,2010,2010-05-15,2010-08-27,14,1,state_zone+crop+season,v1.0,decided_project_convention,Crop-specific 105-day cycle starting from the south_coastal Kharif anchor.,,https://www.kaggle.com/datasets/arjunyadav99/indian-agriculture-crop-production-and-yield,https://en.wikipedia.org/wiki/Kharif_crop
Puducherry,Sugarcane,Kharif,south_coastal,sugarcane,crop_cycle_estimate,5,15,0,5,14,1,365,2010,2010-05-15,2011-05-14,32,2,state_zone+crop+season,v1.0,decided_project_convention,Crop-specific 365-day cycle starting from the south_coastal Kharif anchor.,,https://www.kaggle.com/datasets/arjunyadav99/indian-agriculture-crop-production-and-yield,https://en.wikipedia.org/wiki/Kharif_crop
Puducherry,Sugarcane,Whole Year,south_coastal,sugarcane,annual_reporting_window,7,1,0,6,30,1,365,2010,2010-07-01,2011-06-30,28,2,state_zone+crop+season,v1.0,decided_project_convention,Whole Year mapped to the complete July-June crop-year reporting cycle.,Annual reporting window; do not calculate planting/harvest flags.,https://www.kaggle.com/datasets/arjunyadav99/indian-agriculture-crop-production-and-yield,"Project convention based on the recorded Indian crop-season label; Autumn and Winter are treated as crop reporting seasons, not literal meteorological seasons."
Puducherry,Sunflower,Kharif,south_coastal,sunflower,crop_cycle_estimate,5,15,0,9,1,0,110,2010,2010-05-15,2010-09-01,10,2,state_zone+crop+season,v1.0,decided_project_convention,Crop-specific 110-day cycle starting from the south_coastal Kharif anchor.,,https://www.kaggle.com/datasets/arjunyadav99/indian-agriculture-crop-production-and-yield,https://en.wikipedia.org/wiki/Kharif_crop
Puducherry,Sweet potato,Kharif,south_coastal,sweet_potato,crop_cycle_estimate,5,15,0,9,11,0,120,2010,2010-05-15,2010-09-11,8,1,state_zone+crop+season,v1.0,decided_project_convention,Crop-specific 120-day cycle starting from the south_coastal Kharif anchor.,,https://www.kaggle.com/datasets/arjunyadav99/indian-agriculture-crop-production-and-yield,https://en.wikipedia.org/wiki/Kharif_crop
Puducherry,Sweet potato,Rabi,south_coastal,sweet_potato,crop_cycle_estimate,10,1,0,1,28,1,120,2010,2010-10-01,2011-01-28,10,1,state_zone+crop+season,v1.0,decided_project_convention,Crop-specific 120-day cycle starting from the south_coastal Rabi anchor.,,https://www.kaggle.com/datasets/arjunyadav99/indian-agriculture-crop-production-and-yield,https://en.wikipedia.org/wiki/Rabi_crop
Puducherry,Tapioca,Kharif,south_coastal,tapioca,crop_cycle_estimate,5,15,0,3,10,1,300,2010,2010-05-15,2011-03-10,34,2,state_zone+crop+season,v1.0,decided_project_convention,Crop-specific 300-day cycle starting from the south_coastal Kharif anchor.,,https://www.kaggle.com/datasets/arjunyadav99/indian-agriculture-crop-production-and-yield,https://en.wikipedia.org/wiki/Kharif_crop
Puducherry,Tapioca,Rabi,south_coastal,tapioca,crop_cycle_estimate,10,1,0,7,27,1,300,2010,2010-10-01,2011-07-27,18,2,state_zone+crop+season,v1.0,decided_project_convention,Crop-specific 300-day cycle starting from the south_coastal Rabi anchor.,,https://www.kaggle.com/datasets/arjunyadav99/indian-agriculture-crop-production-and-yield,https://en.wikipedia.org/wiki/Rabi_crop
Puducherry,Tapioca,Whole Year,south_coastal,tapioca,annual_reporting_window,7,1,0,6,30,1,365,2010,2010-07-01,2011-06-30,22,3,state_zone+crop+season,v1.0,decided_project_convention,Whole Year mapped to the complete July-June crop-year reporting cycle.,Annual reporting window; do not calculate planting/harvest flags.,https://www.kaggle.com/datasets/arjunyadav99/indian-agriculture-crop-production-and-yield,"Project convention based on the recorded Indian crop-season label; Autumn and Winter are treated as crop reporting seasons, not literal meteorological seasons."
Puducherry,Turmeric,Kharif,south_coastal,turmeric,crop_cycle_estimate,5,15,0,2,8,1,270,2010,2010-05-15,2011-02-08,4,1,state_zone+crop+season,v1.0,decided_project_convention,Crop-specific 270-day cycle starting from the south_coastal Kharif anchor.,,https://www.kaggle.com/datasets/arjunyadav99/indian-agriculture-crop-production-and-yield,https://en.wikipedia.org/wiki/Kharif_crop
Puducherry,Turmeric,Rabi,south_coastal,turmeric,crop_cycle_estimate,10,1,0,6,27,1,270,2010,2010-10-01,2011-06-27,14,1,state_zone+crop+season,v1.0,decided_project_convention,Crop-specific 270-day cycle starting from the south_coastal Rabi anchor.,,https://www.kaggle.com/datasets/arjunyadav99/indian-agriculture-crop-production-and-yield,https://en.wikipedia.org/wiki/Rabi_crop
Puducherry,Urad,Kharif,south_coastal,black_gram,crop_cycle_estimate,5,15,0,8,17,0,95,2010,2010-05-15,2010-08-17,22,4,state_zone+crop+season,v1.0,decided_project_convention,Crop-specific 95-day cycle starting from the south_coastal Kharif anchor.,,https://www.kaggle.com/datasets/arjunyadav99/indian-agriculture-crop-production-and-yield,https://en.wikipedia.org/wiki/Kharif_crop
Puducherry,Urad,Rabi,south_coastal,black_gram,crop_cycle_estimate,10,1,0,1,3,1,95,2010,2010-10-01,2011-01-03,71,3,state_zone+crop+season,v1.0,decided_project_convention,Crop-specific 95-day cycle starting from the south_coastal Rabi anchor.,,https://www.kaggle.com/datasets/arjunyadav99/indian-agriculture-crop-production-and-yield,https://en.wikipedia.org/wiki/Rabi_crop
Puducherry,Urad,Summer,south_coastal,black_gram,crop_cycle_estimate,2,15,1,5,20,1,95,2010,2011-02-15,2011-05-20,42,3,state_zone+crop+season,v1.0,decided_project_convention,Crop-specific 95-day cycle starting from the south_coastal Summer anchor.,,https://www.kaggle.com/datasets/arjunyadav99/indian-agriculture-crop-production-and-yield,https://en.wikipedia.org/wiki/Zaid_crop
Punjab,Arhar/Tur,Kharif,north_northwest,pigeon_pea,crop_cycle_estimate,5,31,0,12,16,0,200,2010,2010-05-31,2010-12-16,430,20,state_zone+crop+season,v1.0,decided_project_convention,Crop-specific 200-day cycle starting from the north_northwest Kharif anchor.,,https://www.kaggle.com/datasets/arjunyadav99/indian-agriculture-crop-production-and-yield,https://en.wikipedia.org/wiki/Kharif_crop
Punjab,Bajra,Kharif,north_northwest,pearl_millet,crop_cycle_estimate,6,15,0,9,22,0,100,2010,2010-06-15,2010-09-22,126,18,state_zone+crop+season,v1.0,decided_project_convention,Crop-specific 100-day cycle starting from the north_northwest Kharif anchor.,,https://www.kaggle.com/datasets/arjunyadav99/indian-agriculture-crop-production-and-yield,https://en.wikipedia.org/wiki/Kharif_crop
Punjab,Barley,Rabi,north_northwest,barley,crop_cycle_estimate,10,30,0,3,8,1,130,2010,2010-10-30,2011-03-08,322,16,state_zone+crop+season,v1.0,decided_project_convention,Crop-specific 130-day cycle starting from the north_northwest Rabi anchor.,,https://www.kaggle.com/datasets/arjunyadav99/indian-agriculture-crop-production-and-yield,https://en.wikipedia.org/wiki/Rabi_crop
Punjab,Cotton(lint),Kharif,north_northwest,cotton,crop_cycle_estimate,5,31,0,12,26,0,210,2010,2010-05-31,2010-12-26,352,14,state_zone+crop+season,v1.0,decided_project_convention,Crop-specific 210-day cycle starting from the north_northwest Kharif anchor.,,https://www.kaggle.com/datasets/arjunyadav99/indian-agriculture-crop-production-and-yield,https://en.wikipedia.org/wiki/Kharif_crop
Punjab,Cotton(lint),Whole Year,north_northwest,cotton,annual_reporting_window,7,1,0,6,30,1,365,2010,2010-07-01,2011-06-30,20,10,state_zone+crop+season,v1.0,decided_project_convention,Whole Year mapped to the complete July-June crop-year reporting cycle.,Annual reporting window; do not calculate planting/harvest flags.,https://www.kaggle.com/datasets/arjunyadav99/indian-agriculture-crop-production-and-yield,"Project convention based on the recorded Indian crop-season label; Autumn and Winter are treated as crop reporting seasons, not literal meteorological seasons."
Punjab,Gram,Rabi,north_northwest,chickpea,crop_cycle_estimate,10,30,0,3,8,1,130,2010,2010-10-30,2011-03-08,422,23,state_zone+crop+season,v1.0,decided_project_convention,Crop-specific 130-day cycle starting from the north_northwest Rabi anchor.,,https://www.kaggle.com/datasets/arjunyadav99/indian-agriculture-crop-production-and-yield,https://en.wikipedia.org/wiki/Rabi_crop
Punjab,Groundnut,Kharif,north_northwest,groundnut,crop_cycle_estimate,6,15,0,10,12,0,120,2010,2010-06-15,2010-10-12,150,10,state_zone+crop+season,v1.0,decided_project_convention,Crop-specific 120-day cycle starting from the north_northwest Kharif anchor.,,https://www.kaggle.com/datasets/arjunyadav99/indian-agriculture-crop-production-and-yield,https://en.wikipedia.org/wiki/Kharif_crop
Punjab,Guar seed,Kharif,north_northwest,guar,crop_cycle_estimate,6,15,0,10,2,0,110,2010,2010-06-15,2010-10-02,90,10,state_zone+crop+season,v1.0,decided_project_convention,Crop-specific 110-day cycle starting from the north_northwest Kharif anchor.,,https://www.kaggle.com/datasets/arjunyadav99/indian-agriculture-crop-production-and-yield,https://en.wikipedia.org/wiki/Kharif_crop
Punjab,Guar seed,Whole Year,north_northwest,guar,annual_reporting_window,7,1,0,6,30,1,365,2010,2010-07-01,2011-06-30,76,13,state_zone+crop+season,v1.0,decided_project_convention,Whole Year mapped to the complete July-June crop-year reporting cycle.,Annual reporting window; do not calculate planting/harvest flags.,https://www.kaggle.com/datasets/arjunyadav99/indian-agriculture-crop-production-and-yield,"Project convention based on the recorded Indian crop-season label; Autumn and Winter are treated as crop reporting seasons, not literal meteorological seasons."
Punjab,Jowar,Kharif,north_northwest,sorghum,crop_cycle_estimate,6,15,0,10,12,0,120,2010,2010-06-15,2010-10-12,8,1,state_zone+crop+season,v1.0,decided_project_convention,Crop-specific 120-day cycle starting from the north_northwest Kharif anchor.,,https://www.kaggle.com/datasets/arjunyadav99/indian-agriculture-crop-production-and-yield,https://en.wikipedia.org/wiki/Kharif_crop
Punjab,Linseed,Rabi,north_northwest,linseed,crop_cycle_estimate,10,30,0,3,8,1,130,2010,2010-10-30,2011-03-08,32,5,state_zone+crop+season,v1.0,decided_project_convention,Crop-specific 130-day cycle starting from the north_northwest Rabi anchor.,,https://www.kaggle.com/datasets/arjunyadav99/indian-agriculture-crop-production-and-yield,https://en.wikipedia.org/wiki/Rabi_crop
Punjab,Maize,Kharif,north_northwest,maize,crop_cycle_estimate,6,15,0,10,12,0,120,2010,2010-06-15,2010-10-12,438,19,state_zone+crop+season,v1.0,decided_project_convention,Crop-specific 120-day cycle starting from the north_northwest Kharif anchor.,,https://www.kaggle.com/datasets/arjunyadav99/indian-agriculture-crop-production-and-yield,https://en.wikipedia.org/wiki/Kharif_crop
Punjab,Masoor,Rabi,north_northwest,lentil,crop_cycle_estimate,10,15,0,2,11,1,120,2010,2010-10-15,2011-02-11,231,16,state_zone+crop+season,v1.0,decided_project_convention,Crop-specific 120-day cycle starting from the north_northwest Rabi anchor.,,https://www.kaggle.com/datasets/arjunyadav99/indian-agriculture-crop-production-and-yield,https://en.wikipedia.org/wiki/Rabi_crop
Punjab,Moong(Green Gram),Kharif,north_northwest,green_gram,crop_cycle_estimate,6,15,0,9,12,0,90,2010,2010-06-15,2010-09-12,406,19,state_zone+crop+season,v1.0,decided_project_convention,Crop-specific 90-day cycle starting from the north_northwest Kharif anchor.,,https://www.kaggle.com/datasets/arjunyadav99/indian-agriculture-crop-production-and-yield,https://en.wikipedia.org/wiki/Kharif_crop
Punjab,Moong(Green Gram),Whole Year,north_northwest,green_gram,annual_reporting_window,7,1,0,6,30,1,365,2010,2010-07-01,2011-06-30,24,12,state_zone+crop+season,v1.0,decided_project_convention,Whole Year mapped to the complete July-June crop-year reporting cycle.,Annual reporting window; do not calculate planting/harvest flags.,https://www.kaggle.com/datasets/arjunyadav99/indian-agriculture-crop-production-and-yield,"Project convention based on the recorded Indian crop-season label; Autumn and Winter are treated as crop reporting seasons, not literal meteorological seasons."
Punjab,Moth,Kharif,north_northwest,moth_bean,crop_cycle_estimate,6,15,0,9,22,0,100,2010,2010-06-15,2010-09-22,31,6,state_zone+crop+season,v1.0,decided_project_convention,Crop-specific 100-day cycle starting from the north_northwest Kharif anchor.,,https://www.kaggle.com/datasets/arjunyadav99/indian-agriculture-crop-production-and-yield,https://en.wikipedia.org/wiki/Kharif_crop
Punjab,Other Rabi pulses,Rabi,north_northwest,aggregate_rabi_pulses,aggregate_reporting_window,10,15,0,4,30,1,198,2010,2010-10-15,2011-04-30,22,11,state_zone+crop+season,v1.0,decided_project_convention,Aggregate crop category mapped to the complete reporting-season window.,Aggregate crop category; uses the full reporting-season window.,https://www.kaggle.com/datasets/arjunyadav99/indian-agriculture-crop-production-and-yield,https://en.wikipedia.org/wiki/Rabi_crop
Punjab,Peas & beans (Pulses),Kharif,north_northwest,other_pulse,crop_cycle_estimate,6,15,0,10,12,0,120,2010,2010-06-15,2010-10-12,4,4,state_zone+crop+season,v1.0,decided_project_convention,Crop-specific 120-day cycle starting from the north_northwest Kharif anchor.,,https://www.kaggle.com/datasets/arjunyadav99/indian-agriculture-crop-production-and-yield,https://en.wikipedia.org/wiki/Kharif_crop
Punjab,Peas & beans (Pulses),Rabi,north_northwest,other_pulse,crop_cycle_estimate,10,15,0,2,11,1,120,2010,2010-10-15,2011-02-11,170,13,state_zone+crop+season,v1.0,decided_project_convention,Crop-specific 120-day cycle starting from the north_northwest Rabi anchor.,,https://www.kaggle.com/datasets/arjunyadav99/indian-agriculture-crop-production-and-yield,https://en.wikipedia.org/wiki/Rabi_crop
Punjab,Rapeseed &Mustard,Rabi,north_northwest,rapeseed_mustard,crop_cycle_estimate,10,30,0,3,18,1,140,2010,2010-10-30,2011-03-18,575,23,state_zone+crop+season,v1.0,decided_project_convention,Crop-specific 140-day cycle starting from the north_northwest Rabi anchor.,,https://www.kaggle.com/datasets/arjunyadav99/indian-agriculture-crop-production-and-yield,https://en.wikipedia.org/wiki/Rabi_crop
Punjab,Rice,Kharif,north_northwest,rice,crop_cycle_estimate,6,15,0,11,11,0,150,2010,2010-06-15,2010-11-11,676,23,state_zone+crop+season,v1.0,decided_project_convention,Crop-specific 150-day cycle starting from the north_northwest Kharif anchor.,,https://www.kaggle.com/datasets/arjunyadav99/indian-agriculture-crop-production-and-yield,https://en.wikipedia.org/wiki/Kharif_crop
Punjab,Sesamum,Kharif,north_northwest,sesame,crop_cycle_estimate,6,15,0,9,22,0,100,2010,2010-06-15,2010-09-22,338,19,state_zone+crop+season,v1.0,decided_project_convention,Crop-specific 100-day cycle starting from the north_northwest Kharif anchor.,,https://www.kaggle.com/datasets/arjunyadav99/indian-agriculture-crop-production-and-yield,https://en.wikipedia.org/wiki/Kharif_crop
Punjab,Sugarcane,Whole Year,north_northwest,sugarcane,annual_reporting_window,7,1,0,6,30,1,365,2010,2010-07-01,2011-06-30,432,23,state_zone+crop+season,v1.0,decided_project_convention,Whole Year mapped to the complete July-June crop-year reporting cycle.,Annual reporting window; do not calculate planting/harvest flags.,https://www.kaggle.com/datasets/arjunyadav99/indian-agriculture-crop-production-and-yield,"Project convention based on the recorded Indian crop-season label; Autumn and Winter are treated as crop reporting seasons, not literal meteorological seasons."
Punjab,Sunflower,Rabi,north_northwest,sunflower,crop_cycle_estimate,10,15,0,2,1,1,110,2010,2010-10-15,2011-02-01,36,13,state_zone+crop+season,v1.0,decided_project_convention,Crop-specific 110-day cycle starting from the north_northwest Rabi anchor.,,https://www.kaggle.com/datasets/arjunyadav99/indian-agriculture-crop-production-and-yield,https://en.wikipedia.org/wiki/Rabi_crop
Punjab,Urad,Kharif,north_northwest,black_gram,crop_cycle_estimate,6,15,0,9,17,0,95,2010,2010-06-15,2010-09-17,170,10,state_zone+crop+season,v1.0,decided_project_convention,Crop-specific 95-day cycle starting from the north_northwest Kharif anchor.,,https://www.kaggle.com/datasets/arjunyadav99/indian-agriculture-crop-production-and-yield,https://en.wikipedia.org/wiki/Kharif_crop
Punjab,Wheat,Rabi,north_northwest,wheat,crop_cycle_estimate,10,30,0,3,28,1,150,2010,2010-10-30,2011-03-28,676,23,state_zone+crop+season,v1.0,decided_project_convention,Crop-specific 150-day cycle starting from the north_northwest Rabi anchor.,,https://www.kaggle.com/datasets/arjunyadav99/indian-agriculture-crop-production-and-yield,https://en.wikipedia.org/wiki/Rabi_crop
Rajasthan,Arhar/Tur,Kharif,north_northwest,pigeon_pea,crop_cycle_estimate,5,31,0,12,16,0,200,2010,2010-05-31,2010-12-16,722,31,state_zone+crop+season,v1.0,decided_project_convention,Crop-specific 200-day cycle starting from the north_northwest Kharif anchor.,,https://www.kaggle.com/datasets/arjunyadav99/indian-agriculture-crop-production-and-yield,https://en.wikipedia.org/wiki/Kharif_crop
Rajasthan,Bajra,Kharif,north_northwest,pearl_millet,crop_cycle_estimate,6,15,0,9,22,0,100,2010,2010-06-15,2010-09-22,1015,33,state_zone+crop+season,v1.0,decided_project_convention,Crop-specific 100-day cycle starting from the north_northwest Kharif anchor.,,https://www.kaggle.com/datasets/arjunyadav99/indian-agriculture-crop-production-and-yield,https://en.wikipedia.org/wiki/Kharif_crop
Rajasthan,Banana,Whole Year,north_northwest,fruit_perennial,annual_reporting_window,7,1,0,6,30,1,365,2010,2010-07-01,2011-06-30,7,4,state_zone+crop+season,v1.0,decided_project_convention,Whole Year mapped to the complete July-June crop-year reporting cycle.,Annual reporting window; do not calculate planting/harvest flags.,https://www.kaggle.com/datasets/arjunyadav99/indian-agriculture-crop-production-and-yield,"Project convention based on the recorded Indian crop-season label; Autumn and Winter are treated as crop reporting seasons, not literal meteorological seasons."
Rajasthan,Barley,Rabi,north_northwest,barley,crop_cycle_estimate,10,30,0,3,8,1,130,2010,2010-10-30,2011-03-08,1032,33,state_zone+crop+season,v1.0,decided_project_convention,Crop-specific 130-day cycle starting from the north_northwest Rabi anchor.,,https://www.kaggle.com/datasets/arjunyadav99/indian-agriculture-crop-production-and-yield,https://en.wikipedia.org/wiki/Rabi_crop
Rajasthan,Castor seed,Kharif,north_northwest,castor,crop_cycle_estimate,5,31,0,11,26,0,180,2010,2010-05-31,2010-11-26,716,33,state_zone+crop+season,v1.0,decided_project_convention,Crop-specific 180-day cycle starting from the north_northwest Kharif anchor.,,https://www.kaggle.com/datasets/arjunyadav99/indian-agriculture-crop-production-and-yield,https://en.wikipedia.org/wiki/Kharif_crop
Rajasthan,Citrus Fruit,Whole Year,north_northwest,fruit_perennial,annual_reporting_window,7,1,0,6,30,1,365,2010,2010-07-01,2011-06-30,43,22,state_zone+crop+season,v1.0,decided_project_convention,Whole Year mapped to the complete July-June crop-year reporting cycle.,Annual reporting window; do not calculate planting/harvest flags.,https://www.kaggle.com/datasets/arjunyadav99/indian-agriculture-crop-production-and-yield,"Project convention based on the recorded Indian crop-season label; Autumn and Winter are treated as crop reporting seasons, not literal meteorological seasons."
Rajasthan,Coriander,Whole Year,north_northwest,coriander,annual_reporting_window,7,1,0,6,30,1,365,2010,2010-07-01,2011-06-30,871,33,state_zone+crop+season,v1.0,decided_project_convention,Whole Year mapped to the complete July-June crop-year reporting cycle.,Annual reporting window; do not calculate planting/harvest flags.,https://www.kaggle.com/datasets/arjunyadav99/indian-agriculture-crop-production-and-yield,"Project convention based on the recorded Indian crop-season label; Autumn and Winter are treated as crop reporting seasons, not literal meteorological seasons."
Rajasthan,Cotton(lint),Kharif,north_northwest,cotton,crop_cycle_estimate,5,31,0,12,26,0,210,2010,2010-05-31,2010-12-26,921,33,state_zone+crop+season,v1.0,decided_project_convention,Crop-specific 210-day cycle starting from the north_northwest Kharif anchor.,,https://www.kaggle.com/datasets/arjunyadav99/indian-agriculture-crop-production-and-yield,https://en.wikipedia.org/wiki/Kharif_crop
Rajasthan,Dry chillies,Whole Year,north_northwest,chilli,annual_reporting_window,7,1,0,6,30,1,365,2010,2010-07-01,2011-06-30,931,33,state_zone+crop+season,v1.0,decided_project_convention,Whole Year mapped to the complete July-June crop-year reporting cycle.,Annual reporting window; do not calculate planting/harvest flags.,https://www.kaggle.com/datasets/arjunyadav99/indian-agriculture-crop-production-and-yield,"Project convention based on the recorded Indian crop-season label; Autumn and Winter are treated as crop reporting seasons, not literal meteorological seasons."
Rajasthan,Dry ginger,Kharif,north_northwest,ginger,crop_cycle_estimate,6,15,0,2,9,1,240,2010,2010-06-15,2011-02-09,41,7,state_zone+crop+season,v1.0,decided_project_convention,Crop-specific 240-day cycle starting from the north_northwest Kharif anchor.,,https://www.kaggle.com/datasets/arjunyadav99/indian-agriculture-crop-production-and-yield,https://en.wikipedia.org/wiki/Kharif_crop
Rajasthan,Dry ginger,Whole Year,north_northwest,ginger,annual_reporting_window,7,1,0,6,30,1,365,2010,2010-07-01,2011-06-30,1,1,state_zone+crop+season,v1.0,decided_project_convention,Whole Year mapped to the complete July-June crop-year reporting cycle.,Annual reporting window; do not calculate planting/harvest flags.,https://www.kaggle.com/datasets/arjunyadav99/indian-agriculture-crop-production-and-yield,"Project convention based on the recorded Indian crop-season label; Autumn and Winter are treated as crop reporting seasons, not literal meteorological seasons."
Rajasthan,Garlic,Whole Year,north_northwest,garlic,annual_reporting_window,7,1,0,6,30,1,365,2010,2010-07-01,2011-06-30,796,33,state_zone+crop+season,v1.0,decided_project_convention,Whole Year mapped to the complete July-June crop-year reporting cycle.,Annual reporting window; do not calculate planting/harvest flags.,https://www.kaggle.com/datasets/arjunyadav99/indian-agriculture-crop-production-and-yield,"Project convention based on the recorded Indian crop-season label; Autumn and Winter are treated as crop reporting seasons, not literal meteorological seasons."
Rajasthan,Ginger,Kharif,north_northwest,ginger,crop_cycle_estimate,6,15,0,2,9,1,240,2010,2010-06-15,2011-02-09,54,9,state_zone+crop+season,v1.0,decided_project_convention,Crop-specific 240-day cycle starting from the north_northwest Kharif anchor.,,https://www.kaggle.com/datasets/arjunyadav99/indian-agriculture-crop-production-and-yield,https://en.wikipedia.org/wiki/Kharif_crop
Rajasthan,Ginger,Whole Year,north_northwest,ginger,annual_reporting_window,7,1,0,6,30,1,365,2010,2010-07-01,2011-06-30,1,1,state_zone+crop+season,v1.0,decided_project_convention,Whole Year mapped to the complete July-June crop-year reporting cycle.,Annual reporting window; do not calculate planting/harvest flags.,https://www.kaggle.com/datasets/arjunyadav99/indian-agriculture-crop-production-and-yield,"Project convention based on the recorded Indian crop-season label; Autumn and Winter are treated as crop reporting seasons, not literal meteorological seasons."
Rajasthan,Gram,Rabi,north_northwest,chickpea,crop_cycle_estimate,10,30,0,3,8,1,130,2010,2010-10-30,2011-03-08,1032,33,state_zone+crop+season,v1.0,decided_project_convention,Crop-specific 130-day cycle starting from the north_northwest Rabi anchor.,,https://www.kaggle.com/datasets/arjunyadav99/indian-agriculture-crop-production-and-yield,https://en.wikipedia.org/wiki/Rabi_crop
Rajasthan,Grapes,Whole Year,north_northwest,fruit_perennial,annual_reporting_window,7,1,0,6,30,1,365,2010,2010-07-01,2011-06-30,7,4,state_zone+crop+season,v1.0,decided_project_convention,Whole Year mapped to the complete July-June crop-year reporting cycle.,Annual reporting window; do not calculate planting/harvest flags.,https://www.kaggle.com/datasets/arjunyadav99/indian-agriculture-crop-production-and-yield,"Project convention based on the recorded Indian crop-season label; Autumn and Winter are treated as crop reporting seasons, not literal meteorological seasons."
Rajasthan,Groundnut,Kharif,north_northwest,groundnut,crop_cycle_estimate,6,15,0,10,12,0,120,2010,2010-06-15,2010-10-12,1020,33,state_zone+crop+season,v1.0,decided_project_convention,Crop-specific 120-day cycle starting from the north_northwest Kharif anchor.,,https://www.kaggle.com/datasets/arjunyadav99/indian-agriculture-crop-production-and-yield,https://en.wikipedia.org/wiki/Kharif_crop
Rajasthan,Guar seed,Whole Year,north_northwest,guar,annual_reporting_window,7,1,0,6,30,1,365,2010,2010-07-01,2011-06-30,776,33,state_zone+crop+season,v1.0,decided_project_convention,Whole Year mapped to the complete July-June crop-year reporting cycle.,Annual reporting window; do not calculate planting/harvest flags.,https://www.kaggle.com/datasets/arjunyadav99/indian-agriculture-crop-production-and-yield,"Project convention based on the recorded Indian crop-season label; Autumn and Winter are treated as crop reporting seasons, not literal meteorological seasons."
Rajasthan,Jowar,Kharif,north_northwest,sorghum,crop_cycle_estimate,6,15,0,10,12,0,120,2010,2010-06-15,2010-10-12,1003,33,state_zone+crop+season,v1.0,decided_project_convention,Crop-specific 120-day cycle starting from the north_northwest Kharif anchor.,,https://www.kaggle.com/datasets/arjunyadav99/indian-agriculture-crop-production-and-yield,https://en.wikipedia.org/wiki/Kharif_crop
Rajasthan,Linseed,Rabi,north_northwest,linseed,crop_cycle_estimate,10,30,0,3,8,1,130,2010,2010-10-30,2011-03-08,628,33,state_zone+crop+season,v1.0,decided_project_convention,Crop-specific 130-day cycle starting from the north_northwest Rabi anchor.,,https://www.kaggle.com/datasets/arjunyadav99/indian-agriculture-crop-production-and-yield,https://en.wikipedia.org/wiki/Rabi_crop
Rajasthan,Maize,Kharif,north_northwest,maize,crop_cycle_estimate,6,15,0,10,12,0,120,2010,2010-06-15,2010-10-12,937,33,state_zone+crop+season,v1.0,decided_project_convention,Crop-specific 120-day cycle starting from the north_northwest Kharif anchor.,,https://www.kaggle.com/datasets/arjunyadav99/indian-agriculture-crop-production-and-yield,https://en.wikipedia.org/wiki/Kharif_crop
Rajasthan,Mango,Whole Year,north_northwest,fruit_perennial,annual_reporting_window,7,1,0,6,30,1,365,2010,2010-07-01,2011-06-30,30,15,state_zone+crop+season,v1.0,decided_project_convention,Whole Year mapped to the complete July-June crop-year reporting cycle.,Annual reporting window; do not calculate planting/harvest flags.,https://www.kaggle.com/datasets/arjunyadav99/indian-agriculture-crop-production-and-yield,"Project convention based on the recorded Indian crop-season label; Autumn and Winter are treated as crop reporting seasons, not literal meteorological seasons."
Rajasthan,Masoor,Rabi,north_northwest,lentil,crop_cycle_estimate,10,15,0,2,11,1,120,2010,2010-10-15,2011-02-11,545,31,state_zone+crop+season,v1.0,decided_project_convention,Crop-specific 120-day cycle starting from the north_northwest Rabi anchor.,,https://www.kaggle.com/datasets/arjunyadav99/indian-agriculture-crop-production-and-yield,https://en.wikipedia.org/wiki/Rabi_crop
Rajasthan,Mesta,Kharif,north_northwest,jute_mesta,crop_cycle_estimate,5,16,0,10,12,0,150,2010,2010-05-16,2010-10-12,14,4,state_zone+crop+season,v1.0,decided_project_convention,Crop-specific 150-day cycle starting from the north_northwest Kharif anchor.,,https://www.kaggle.com/datasets/arjunyadav99/indian-agriculture-crop-production-and-yield,https://en.wikipedia.org/wiki/Kharif_crop
Rajasthan,Moong(Green Gram),Kharif,north_northwest,green_gram,crop_cycle_estimate,6,15,0,9,12,0,90,2010,2010-06-15,2010-09-12,962,33,state_zone+crop+season,v1.0,decided_project_convention,Crop-specific 90-day cycle starting from the north_northwest Kharif anchor.,,https://www.kaggle.com/datasets/arjunyadav99/indian-agriculture-crop-production-and-yield,https://en.wikipedia.org/wiki/Kharif_crop
Rajasthan,Moth,Kharif,north_northwest,moth_bean,crop_cycle_estimate,6,15,0,9,22,0,100,2010,2010-06-15,2010-09-22,698,32,state_zone+crop+season,v1.0,decided_project_convention,Crop-specific 100-day cycle starting from the north_northwest Kharif anchor.,,https://www.kaggle.com/datasets/arjunyadav99/indian-agriculture-crop-production-and-yield,https://en.wikipedia.org/wiki/Kharif_crop
Rajasthan,Oilseeds total,Whole Year,north_northwest,aggregate_oilseeds,annual_reporting_window,7,1,0,6,30,1,365,2010,2010-07-01,2011-06-30,13,13,state_zone+crop+season,v1.0,decided_project_convention,Whole Year mapped to the complete July-June crop-year reporting cycle.,Annual reporting window; do not calculate planting/harvest flags.,https://www.kaggle.com/datasets/arjunyadav99/indian-agriculture-crop-production-and-yield,"Project convention based on the recorded Indian crop-season label; Autumn and Winter are treated as crop reporting seasons, not literal meteorological seasons."
Rajasthan,Onion,Kharif,north_northwest,onion,crop_cycle_estimate,6,15,0,11,11,0,150,2010,2010-06-15,2010-11-11,42,21,state_zone+crop+season,v1.0,decided_project_convention,Crop-specific 150-day cycle starting from the north_northwest Kharif anchor.,,https://www.kaggle.com/datasets/arjunyadav99/indian-agriculture-crop-production-and-yield,https://en.wikipedia.org/wiki/Kharif_crop
Rajasthan,Onion,Whole Year,north_northwest,onion,annual_reporting_window,7,1,0,6,30,1,365,2010,2010-07-01,2011-06-30,934,33,state_zone+crop+season,v1.0,decided_project_convention,Whole Year mapped to the complete July-June crop-year reporting cycle.,Annual reporting window; do not calculate planting/harvest flags.,https://www.kaggle.com/datasets/arjunyadav99/indian-agriculture-crop-production-and-yield,"Project convention based on the recorded Indian crop-season label; Autumn and Winter are treated as crop reporting seasons, not literal meteorological seasons."
Rajasthan,Orange,Whole Year,north_northwest,fruit_perennial,annual_reporting_window,7,1,0,6,30,1,365,2010,2010-07-01,2011-06-30,8,4,state_zone+crop+season,v1.0,decided_project_convention,Whole Year mapped to the complete July-June crop-year reporting cycle.,Annual reporting window; do not calculate planting/harvest flags.,https://www.kaggle.com/datasets/arjunyadav99/indian-agriculture-crop-production-and-yield,"Project convention based on the recorded Indian crop-season label; Autumn and Winter are treated as crop reporting seasons, not literal meteorological seasons."
Rajasthan,Other Fresh Fruits,Whole Year,north_northwest,fruit_perennial,annual_reporting_window,7,1,0,6,30,1,365,2010,2010-07-01,2011-06-30,64,32,state_zone+crop+season,v1.0,decided_project_convention,Whole Year mapped to the complete July-June crop-year reporting cycle.,Annual reporting window; do not calculate planting/harvest flags.,https://www.kaggle.com/datasets/arjunyadav99/indian-agriculture-crop-production-and-yield,"Project convention based on the recorded Indian crop-season label; Autumn and Winter are treated as crop reporting seasons, not literal meteorological seasons."
Rajasthan,Other Kharif pulses,Kharif,north_northwest,aggregate_kharif_pulses,aggregate_reporting_window,6,15,0,11,30,0,169,2010,2010-06-15,2010-11-30,859,33,state_zone+crop+season,v1.0,decided_project_convention,Aggregate crop category mapped to the complete reporting-season window.,Aggregate crop category; uses the full reporting-season window.,https://www.kaggle.com/datasets/arjunyadav99/indian-agriculture-crop-production-and-yield,https://en.wikipedia.org/wiki/Kharif_crop
Rajasthan,Other Rabi pulses,Rabi,north_northwest,aggregate_rabi_pulses,aggregate_reporting_window,10,15,0,4,30,1,198,2010,2010-10-15,2011-04-30,458,31,state_zone+crop+season,v1.0,decided_project_convention,Aggregate crop category mapped to the complete reporting-season window.,Aggregate crop category; uses the full reporting-season window.,https://www.kaggle.com/datasets/arjunyadav99/indian-agriculture-crop-production-and-yield,https://en.wikipedia.org/wiki/Rabi_crop
Rajasthan,Other Vegetables,Whole Year,north_northwest,vegetable,annual_reporting_window,7,1,0,6,30,1,365,2010,2010-07-01,2011-06-30,64,32,state_zone+crop+season,v1.0,decided_project_convention,Whole Year mapped to the complete July-June crop-year reporting cycle.,Annual reporting window; do not calculate planting/harvest flags.,https://www.kaggle.com/datasets/arjunyadav99/indian-agriculture-crop-production-and-yield,"Project convention based on the recorded Indian crop-season label; Autumn and Winter are treated as crop reporting seasons, not literal meteorological seasons."
Rajasthan,Papaya,Whole Year,north_northwest,fruit_perennial,annual_reporting_window,7,1,0,6,30,1,365,2010,2010-07-01,2011-06-30,30,16,state_zone+crop+season,v1.0,decided_project_convention,Whole Year mapped to the complete July-June crop-year reporting cycle.,Annual reporting window; do not calculate planting/harvest flags.,https://www.kaggle.com/datasets/arjunyadav99/indian-agriculture-crop-production-and-yield,"Project convention based on the recorded Indian crop-season label; Autumn and Winter are treated as crop reporting seasons, not literal meteorological seasons."
Rajasthan,Peas & beans (Pulses),Rabi,north_northwest,other_pulse,crop_cycle_estimate,10,15,0,2,11,1,120,2010,2010-10-15,2011-02-11,643,33,state_zone+crop+season,v1.0,decided_project_convention,Crop-specific 120-day cycle starting from the north_northwest Rabi anchor.,,https://www.kaggle.com/datasets/arjunyadav99/indian-agriculture-crop-production-and-yield,https://en.wikipedia.org/wiki/Rabi_crop
Rajasthan,Pome Fruit,Whole Year,north_northwest,fruit_perennial,annual_reporting_window,7,1,0,6,30,1,365,2010,2010-07-01,2011-06-30,39,20,state_zone+crop+season,v1.0,decided_project_convention,Whole Year mapped to the complete July-June crop-year reporting cycle.,Annual reporting window; do not calculate planting/harvest flags.,https://www.kaggle.com/datasets/arjunyadav99/indian-agriculture-crop-production-and-yield,"Project convention based on the recorded Indian crop-season label; Autumn and Winter are treated as crop reporting seasons, not literal meteorological seasons."
Rajasthan,Potato,Whole Year,north_northwest,potato,annual_reporting_window,7,1,0,6,30,1,365,2010,2010-07-01,2011-06-30,813,33,state_zone+crop+season,v1.0,decided_project_convention,Whole Year mapped to the complete July-June crop-year reporting cycle.,Annual reporting window; do not calculate planting/harvest flags.,https://www.kaggle.com/datasets/arjunyadav99/indian-agriculture-crop-production-and-yield,"Project convention based on the recorded Indian crop-season label; Autumn and Winter are treated as crop reporting seasons, not literal meteorological seasons."
Rajasthan,Rapeseed &Mustard,Rabi,north_northwest,rapeseed_mustard,crop_cycle_estimate,10,30,0,3,18,1,140,2010,2010-10-30,2011-03-18,1034,33,state_zone+crop+season,v1.0,decided_project_convention,Crop-specific 140-day cycle starting from the north_northwest Rabi anchor.,,https://www.kaggle.com/datasets/arjunyadav99/indian-agriculture-crop-production-and-yield,https://en.wikipedia.org/wiki/Rabi_crop
Rajasthan,Rice,Kharif,north_northwest,rice,crop_cycle_estimate,6,15,0,11,11,0,150,2010,2010-06-15,2010-11-11,678,26,state_zone+crop+season,v1.0,decided_project_convention,Crop-specific 150-day cycle starting from the north_northwest Kharif anchor.,,https://www.kaggle.com/datasets/arjunyadav99/indian-agriculture-crop-production-and-yield,https://en.wikipedia.org/wiki/Kharif_crop
Rajasthan,Sannhamp,Kharif,north_northwest,other_fibre,crop_cycle_estimate,5,16,0,9,22,0,130,2010,2010-05-16,2010-09-22,46,23,state_zone+crop+season,v1.0,decided_project_convention,Crop-specific 130-day cycle starting from the north_northwest Kharif anchor.,,https://www.kaggle.com/datasets/arjunyadav99/indian-agriculture-crop-production-and-yield,https://en.wikipedia.org/wiki/Kharif_crop
Rajasthan,Sannhamp,Whole Year,north_northwest,other_fibre,annual_reporting_window,7,1,0,6,30,1,365,2010,2010-07-01,2011-06-30,527,28,state_zone+crop+season,v1.0,decided_project_convention,Whole Year mapped to the complete July-June crop-year reporting cycle.,Annual reporting window; do not calculate planting/harvest flags.,https://www.kaggle.com/datasets/arjunyadav99/indian-agriculture-crop-production-and-yield,"Project convention based on the recorded Indian crop-season label; Autumn and Winter are treated as crop reporting seasons, not literal meteorological seasons."
Rajasthan,Sesamum,Kharif,north_northwest,sesame,crop_cycle_estimate,6,15,0,9,22,0,100,2010,2010-06-15,2010-09-22,1018,33,state_zone+crop+season,v1.0,decided_project_convention,Crop-specific 100-day cycle starting from the north_northwest Kharif anchor.,,https://www.kaggle.com/datasets/arjunyadav99/indian-agriculture-crop-production-and-yield,https://en.wikipedia.org/wiki/Kharif_crop
Rajasthan,Small millets,Kharif,north_northwest,minor_cereal,crop_cycle_estimate,6,15,0,9,27,0,105,2010,2010-06-15,2010-09-27,274,19,state_zone+crop+season,v1.0,decided_project_convention,Crop-specific 105-day cycle starting from the north_northwest Kharif anchor.,,https://www.kaggle.com/datasets/arjunyadav99/indian-agriculture-crop-production-and-yield,https://en.wikipedia.org/wiki/Kharif_crop
Rajasthan,Small millets,Rabi,north_northwest,minor_cereal,crop_cycle_estimate,10,15,0,1,27,1,105,2010,2010-10-15,2011-01-27,53,7,state_zone+crop+season,v1.0,decided_project_convention,Crop-specific 105-day cycle starting from the north_northwest Rabi anchor.,,https://www.kaggle.com/datasets/arjunyadav99/indian-agriculture-crop-production-and-yield,https://en.wikipedia.org/wiki/Rabi_crop
Rajasthan,Soyabean,Kharif,north_northwest,soybean,crop_cycle_estimate,6,15,0,10,2,0,110,2010,2010-06-15,2010-10-02,561,30,state_zone+crop+season,v1.0,decided_project_convention,Crop-specific 110-day cycle starting from the north_northwest Kharif anchor.,,https://www.kaggle.com/datasets/arjunyadav99/indian-agriculture-crop-production-and-yield,https://en.wikipedia.org/wiki/Kharif_crop
Rajasthan,Sugarcane,Kharif,north_northwest,sugarcane,crop_cycle_estimate,6,15,0,6,14,1,365,2010,2010-06-15,2011-06-14,40,20,state_zone+crop+season,v1.0,decided_project_convention,Crop-specific 365-day cycle starting from the north_northwest Kharif anchor.,,https://www.kaggle.com/datasets/arjunyadav99/indian-agriculture-crop-production-and-yield,https://en.wikipedia.org/wiki/Kharif_crop
Rajasthan,Sugarcane,Whole Year,north_northwest,sugarcane,annual_reporting_window,7,1,0,6,30,1,365,2010,2010-07-01,2011-06-30,747,30,state_zone+crop+season,v1.0,decided_project_convention,Whole Year mapped to the complete July-June crop-year reporting cycle.,Annual reporting window; do not calculate planting/harvest flags.,https://www.kaggle.com/datasets/arjunyadav99/indian-agriculture-crop-production-and-yield,"Project convention based on the recorded Indian crop-season label; Autumn and Winter are treated as crop reporting seasons, not literal meteorological seasons."
Rajasthan,Sunflower,Kharif,north_northwest,sunflower,crop_cycle_estimate,6,15,0,10,2,0,110,2010,2010-06-15,2010-10-02,80,22,state_zone+crop+season,v1.0,decided_project_convention,Crop-specific 110-day cycle starting from the north_northwest Kharif anchor.,,https://www.kaggle.com/datasets/arjunyadav99/indian-agriculture-crop-production-and-yield,https://en.wikipedia.org/wiki/Kharif_crop
Rajasthan,Sunflower,Rabi,north_northwest,sunflower,crop_cycle_estimate,10,15,0,2,1,1,110,2010,2010-10-15,2011-02-01,34,14,state_zone+crop+season,v1.0,decided_project_convention,Crop-specific 110-day cycle starting from the north_northwest Rabi anchor.,,https://www.kaggle.com/datasets/arjunyadav99/indian-agriculture-crop-production-and-yield,https://en.wikipedia.org/wiki/Rabi_crop
Rajasthan,Sweet potato,Whole Year,north_northwest,sweet_potato,annual_reporting_window,7,1,0,6,30,1,365,2010,2010-07-01,2011-06-30,586,31,state_zone+crop+season,v1.0,decided_project_convention,Whole Year mapped to the complete July-June crop-year reporting cycle.,Annual reporting window; do not calculate planting/harvest flags.,https://www.kaggle.com/datasets/arjunyadav99/indian-agriculture-crop-production-and-yield,"Project convention based on the recorded Indian crop-season label; Autumn and Winter are treated as crop reporting seasons, not literal meteorological seasons."
Rajasthan,Tapioca,Whole Year,north_northwest,tapioca,annual_reporting_window,7,1,0,6,30,1,365,2010,2010-07-01,2011-06-30,32,16,state_zone+crop+season,v1.0,decided_project_convention,Whole Year mapped to the complete July-June crop-year reporting cycle.,Annual reporting window; do not calculate planting/harvest flags.,https://www.kaggle.com/datasets/arjunyadav99/indian-agriculture-crop-production-and-yield,"Project convention based on the recorded Indian crop-season label; Autumn and Winter are treated as crop reporting seasons, not literal meteorological seasons."
Rajasthan,Tobacco,Rabi,north_northwest,tobacco,crop_cycle_estimate,10,15,0,3,13,1,150,2010,2010-10-15,2011-03-13,38,19,state_zone+crop+season,v1.0,decided_project_convention,Crop-specific 150-day cycle starting from the north_northwest Rabi anchor.,,https://www.kaggle.com/datasets/arjunyadav99/indian-agriculture-crop-production-and-yield,https://en.wikipedia.org/wiki/Rabi_crop
Rajasthan,Tobacco,Whole Year,north_northwest,tobacco,annual_reporting_window,7,1,0,6,30,1,365,2010,2010-07-01,2011-06-30,345,21,state_zone+crop+season,v1.0,decided_project_convention,Whole Year mapped to the complete July-June crop-year reporting cycle.,Annual reporting window; do not calculate planting/harvest flags.,https://www.kaggle.com/datasets/arjunyadav99/indian-agriculture-crop-production-and-yield,"Project convention based on the recorded Indian crop-season label; Autumn and Winter are treated as crop reporting seasons, not literal meteorological seasons."
Rajasthan,Turmeric,Whole Year,north_northwest,turmeric,annual_reporting_window,7,1,0,6,30,1,365,2010,2010-07-01,2011-06-30,166,14,state_zone+crop+season,v1.0,decided_project_convention,Whole Year mapped to the complete July-June crop-year reporting cycle.,Annual reporting window; do not calculate planting/harvest flags.,https://www.kaggle.com/datasets/arjunyadav99/indian-agriculture-crop-production-and-yield,"Project convention based on the recorded Indian crop-season label; Autumn and Winter are treated as crop reporting seasons, not literal meteorological seasons."
Rajasthan,Urad,Kharif,north_northwest,black_gram,crop_cycle_estimate,6,15,0,9,17,0,95,2010,2010-06-15,2010-09-17,742,32,state_zone+crop+season,v1.0,decided_project_convention,Crop-specific 95-day cycle starting from the north_northwest Kharif anchor.,,https://www.kaggle.com/datasets/arjunyadav99/indian-agriculture-crop-production-and-yield,https://en.wikipedia.org/wiki/Kharif_crop
Rajasthan,Water Melon,Whole Year,north_northwest,vegetable,annual_reporting_window,7,1,0,6,30,1,365,2010,2010-07-01,2011-06-30,29,18,state_zone+crop+season,v1.0,decided_project_convention,Whole Year mapped to the complete July-June crop-year reporting cycle.,Annual reporting window; do not calculate planting/harvest flags.,https://www.kaggle.com/datasets/arjunyadav99/indian-agriculture-crop-production-and-yield,"Project convention based on the recorded Indian crop-season label; Autumn and Winter are treated as crop reporting seasons, not literal meteorological seasons."
Rajasthan,Wheat,Rabi,north_northwest,wheat,crop_cycle_estimate,10,30,0,3,28,1,150,2010,2010-10-30,2011-03-28,1034,33,state_zone+crop+season,v1.0,decided_project_convention,Crop-specific 150-day cycle starting from the north_northwest Rabi anchor.,,https://www.kaggle.com/datasets/arjunyadav99/indian-agriculture-crop-production-and-yield,https://en.wikipedia.org/wiki/Rabi_crop
Rajasthan,other fibres,Whole Year,north_northwest,other_fibre,annual_reporting_window,7,1,0,6,30,1,365,2010,2010-07-01,2011-06-30,7,7,state_zone+crop+season,v1.0,decided_project_convention,Whole Year mapped to the complete July-June crop-year reporting cycle.,Annual reporting window; do not calculate planting/harvest flags.,https://www.kaggle.com/datasets/arjunyadav99/indian-agriculture-crop-production-and-yield,"Project convention based on the recorded Indian crop-season label; Autumn and Winter are treated as crop reporting seasons, not literal meteorological seasons."
Rajasthan,other oilseeds,Rabi,north_northwest,other_oilseed,crop_cycle_estimate,10,15,0,2,11,1,120,2010,2010-10-15,2011-02-11,391,33,state_zone+crop+season,v1.0,decided_project_convention,Crop-specific 120-day cycle starting from the north_northwest Rabi anchor.,,https://www.kaggle.com/datasets/arjunyadav99/indian-agriculture-crop-production-and-yield,https://en.wikipedia.org/wiki/Rabi_crop
Rajasthan,other oilseeds,Whole Year,north_northwest,other_oilseed,annual_reporting_window,7,1,0,6,30,1,365,2010,2010-07-01,2011-06-30,64,32,state_zone+crop+season,v1.0,decided_project_convention,Whole Year mapped to the complete July-June crop-year reporting cycle.,Annual reporting window; do not calculate planting/harvest flags.,https://www.kaggle.com/datasets/arjunyadav99/indian-agriculture-crop-production-and-yield,"Project convention based on the recorded Indian crop-season label; Autumn and Winter are treated as crop reporting seasons, not literal meteorological seasons."
Sikkim,Barley,Rabi,east_northeast,barley,crop_cycle_estimate,10,30,0,3,8,1,130,2010,2010-10-30,2011-03-08,140,4,state_zone+crop+season,v1.0,decided_project_convention,Crop-specific 130-day cycle starting from the east_northeast Rabi anchor.,,https://www.kaggle.com/datasets/arjunyadav99/indian-agriculture-crop-production-and-yield,https://en.wikipedia.org/wiki/Rabi_crop
Sikkim,Maize,Kharif,east_northeast,maize,crop_cycle_estimate,5,15,0,9,11,0,120,2010,2010-05-15,2010-09-11,140,4,state_zone+crop+season,v1.0,decided_project_convention,Crop-specific 120-day cycle starting from the east_northeast Kharif anchor.,,https://www.kaggle.com/datasets/arjunyadav99/indian-agriculture-crop-production-and-yield,https://en.wikipedia.org/wiki/Kharif_crop
Sikkim,Oilseeds total,Kharif,east_northeast,aggregate_oilseeds,aggregate_reporting_window,5,15,0,11,30,0,200,2010,2010-05-15,2010-11-30,6,3,state_zone+crop+season,v1.0,decided_project_convention,Aggregate crop category mapped to the complete reporting-season window.,Aggregate crop category; uses the full reporting-season window.,https://www.kaggle.com/datasets/arjunyadav99/indian-agriculture-crop-production-and-yield,https://en.wikipedia.org/wiki/Kharif_crop
Sikkim,Oilseeds total,Whole Year,east_northeast,aggregate_oilseeds,annual_reporting_window,7,1,0,6,30,1,365,2010,2010-07-01,2011-06-30,14,4,state_zone+crop+season,v1.0,decided_project_convention,Whole Year mapped to the complete July-June crop-year reporting cycle.,Annual reporting window; do not calculate planting/harvest flags.,https://www.kaggle.com/datasets/arjunyadav99/indian-agriculture-crop-production-and-yield,"Project convention based on the recorded Indian crop-season label; Autumn and Winter are treated as crop reporting seasons, not literal meteorological seasons."
Sikkim,Other Cereals,Rabi,east_northeast,minor_cereal,crop_cycle_estimate,10,15,0,1,27,1,105,2010,2010-10-15,2011-01-27,32,4,state_zone+crop+season,v1.0,decided_project_convention,Crop-specific 105-day cycle starting from the east_northeast Rabi anchor.,,https://www.kaggle.com/datasets/arjunyadav99/indian-agriculture-crop-production-and-yield,https://en.wikipedia.org/wiki/Rabi_crop
Sikkim,Other Cereals & Millets,Rabi,east_northeast,minor_cereal,crop_cycle_estimate,10,15,0,1,27,1,105,2010,2010-10-15,2011-01-27,32,4,state_zone+crop+season,v1.0,decided_project_convention,Crop-specific 105-day cycle starting from the east_northeast Rabi anchor.,,https://www.kaggle.com/datasets/arjunyadav99/indian-agriculture-crop-production-and-yield,https://en.wikipedia.org/wiki/Rabi_crop
Sikkim,Other Fresh Fruits,Whole Year,east_northeast,fruit_perennial,annual_reporting_window,7,1,0,6,30,1,365,2010,2010-07-01,2011-06-30,8,4,state_zone+crop+season,v1.0,decided_project_convention,Whole Year mapped to the complete July-June crop-year reporting cycle.,Annual reporting window; do not calculate planting/harvest flags.,https://www.kaggle.com/datasets/arjunyadav99/indian-agriculture-crop-production-and-yield,"Project convention based on the recorded Indian crop-season label; Autumn and Winter are treated as crop reporting seasons, not literal meteorological seasons."
Sikkim,Other Kharif pulses,Kharif,east_northeast,aggregate_kharif_pulses,aggregate_reporting_window,5,15,0,11,30,0,200,2010,2010-05-15,2010-11-30,112,4,state_zone+crop+season,v1.0,decided_project_convention,Aggregate crop category mapped to the complete reporting-season window.,Aggregate crop category; uses the full reporting-season window.,https://www.kaggle.com/datasets/arjunyadav99/indian-agriculture-crop-production-and-yield,https://en.wikipedia.org/wiki/Kharif_crop
Sikkim,Other Rabi pulses,Rabi,east_northeast,aggregate_rabi_pulses,aggregate_reporting_window,10,15,0,4,30,1,198,2010,2010-10-15,2011-04-30,12,4,state_zone+crop+season,v1.0,decided_project_convention,Aggregate crop category mapped to the complete reporting-season window.,Aggregate crop category; uses the full reporting-season window.,https://www.kaggle.com/datasets/arjunyadav99/indian-agriculture-crop-production-and-yield,https://en.wikipedia.org/wiki/Rabi_crop
Sikkim,Other Vegetables,Whole Year,east_northeast,vegetable,annual_reporting_window,7,1,0,6,30,1,365,2010,2010-07-01,2011-06-30,8,4,state_zone+crop+season,v1.0,decided_project_convention,Whole Year mapped to the complete July-June crop-year reporting cycle.,Annual reporting window; do not calculate planting/harvest flags.,https://www.kaggle.com/datasets/arjunyadav99/indian-agriculture-crop-production-and-yield,"Project convention based on the recorded Indian crop-season label; Autumn and Winter are treated as crop reporting seasons, not literal meteorological seasons."
Sikkim,Potato,Whole Year,east_northeast,potato,annual_reporting_window,7,1,0,6,30,1,365,2010,2010-07-01,2011-06-30,16,4,state_zone+crop+season,v1.0,decided_project_convention,Whole Year mapped to the complete July-June crop-year reporting cycle.,Annual reporting window; do not calculate planting/harvest flags.,https://www.kaggle.com/datasets/arjunyadav99/indian-agriculture-crop-production-and-yield,"Project convention based on the recorded Indian crop-season label; Autumn and Winter are treated as crop reporting seasons, not literal meteorological seasons."
Sikkim,Pulses total,Whole Year,east_northeast,aggregate_pulses,annual_reporting_window,7,1,0,6,30,1,365,2010,2010-07-01,2011-06-30,4,4,state_zone+crop+season,v1.0,decided_project_convention,Whole Year mapped to the complete July-June crop-year reporting cycle.,Annual reporting window; do not calculate planting/harvest flags.,https://www.kaggle.com/datasets/arjunyadav99/indian-agriculture-crop-production-and-yield,"Project convention based on the recorded Indian crop-season label; Autumn and Winter are treated as crop reporting seasons, not literal meteorological seasons."
Sikkim,Rapeseed &Mustard,Rabi,east_northeast,rapeseed_mustard,crop_cycle_estimate,10,30,0,3,18,1,140,2010,2010-10-30,2011-03-18,140,4,state_zone+crop+season,v1.0,decided_project_convention,Crop-specific 140-day cycle starting from the east_northeast Rabi anchor.,,https://www.kaggle.com/datasets/arjunyadav99/indian-agriculture-crop-production-and-yield,https://en.wikipedia.org/wiki/Rabi_crop
Sikkim,Rice,Kharif,east_northeast,rice,crop_cycle_estimate,5,15,0,10,11,0,150,2010,2010-05-15,2010-10-11,140,4,state_zone+crop+season,v1.0,decided_project_convention,Crop-specific 150-day cycle starting from the east_northeast Kharif anchor.,,https://www.kaggle.com/datasets/arjunyadav99/indian-agriculture-crop-production-and-yield,https://en.wikipedia.org/wiki/Kharif_crop
Sikkim,Small millets,Kharif,east_northeast,minor_cereal,crop_cycle_estimate,5,15,0,8,27,0,105,2010,2010-05-15,2010-08-27,132,4,state_zone+crop+season,v1.0,decided_project_convention,Crop-specific 105-day cycle starting from the east_northeast Kharif anchor.,,https://www.kaggle.com/datasets/arjunyadav99/indian-agriculture-crop-production-and-yield,https://en.wikipedia.org/wiki/Kharif_crop
Sikkim,Soyabean,Kharif,east_northeast,soybean,crop_cycle_estimate,5,15,0,9,1,0,110,2010,2010-05-15,2010-09-01,140,4,state_zone+crop+season,v1.0,decided_project_convention,Crop-specific 110-day cycle starting from the east_northeast Kharif anchor.,,https://www.kaggle.com/datasets/arjunyadav99/indian-agriculture-crop-production-and-yield,https://en.wikipedia.org/wiki/Kharif_crop
Sikkim,Total foodgrain,Whole Year,east_northeast,aggregate_foodgrain,annual_reporting_window,7,1,0,6,30,1,365,2010,2010-07-01,2011-06-30,4,4,state_zone+crop+season,v1.0,decided_project_convention,Whole Year mapped to the complete July-June crop-year reporting cycle.,Annual reporting window; do not calculate planting/harvest flags.,https://www.kaggle.com/datasets/arjunyadav99/indian-agriculture-crop-production-and-yield,"Project convention based on the recorded Indian crop-season label; Autumn and Winter are treated as crop reporting seasons, not literal meteorological seasons."
Sikkim,Urad,Kharif,east_northeast,black_gram,crop_cycle_estimate,5,15,0,8,17,0,95,2010,2010-05-15,2010-08-17,134,4,state_zone+crop+season,v1.0,decided_project_convention,Crop-specific 95-day cycle starting from the east_northeast Kharif anchor.,,https://www.kaggle.com/datasets/arjunyadav99/indian-agriculture-crop-production-and-yield,https://en.wikipedia.org/wiki/Kharif_crop
Sikkim,Wheat,Rabi,east_northeast,wheat,crop_cycle_estimate,10,30,0,3,28,1,150,2010,2010-10-30,2011-03-28,138,4,state_zone+crop+season,v1.0,decided_project_convention,Crop-specific 150-day cycle starting from the east_northeast Rabi anchor.,,https://www.kaggle.com/datasets/arjunyadav99/indian-agriculture-crop-production-and-yield,https://en.wikipedia.org/wiki/Rabi_crop
Sikkim,other oilseeds,Kharif,east_northeast,other_oilseed,crop_cycle_estimate,5,15,0,9,11,0,120,2010,2010-05-15,2010-09-11,14,3,state_zone+crop+season,v1.0,decided_project_convention,Crop-specific 120-day cycle starting from the east_northeast Kharif anchor.,,https://www.kaggle.com/datasets/arjunyadav99/indian-agriculture-crop-production-and-yield,https://en.wikipedia.org/wiki/Kharif_crop
Sikkim,other oilseeds,Whole Year,east_northeast,other_oilseed,annual_reporting_window,7,1,0,6,30,1,365,2010,2010-07-01,2011-06-30,8,2,state_zone+crop+season,v1.0,decided_project_convention,Whole Year mapped to the complete July-June crop-year reporting cycle.,Annual reporting window; do not calculate planting/harvest flags.,https://www.kaggle.com/datasets/arjunyadav99/indian-agriculture-crop-production-and-yield,"Project convention based on the recorded Indian crop-season label; Autumn and Winter are treated as crop reporting seasons, not literal meteorological seasons."
Tamil Nadu,Apple,Whole Year,south_coastal,fruit_perennial,annual_reporting_window,7,1,0,6,30,1,365,2010,2010-07-01,2011-06-30,4,2,state_zone+crop+season,v1.0,decided_project_convention,Whole Year mapped to the complete July-June crop-year reporting cycle.,Annual reporting window; do not calculate planting/harvest flags.,https://www.kaggle.com/datasets/arjunyadav99/indian-agriculture-crop-production-and-yield,"Project convention based on the recorded Indian crop-season label; Autumn and Winter are treated as crop reporting seasons, not literal meteorological seasons."
Tamil Nadu,Arecanut,Whole Year,south_coastal,arecanut,annual_reporting_window,7,1,0,6,30,1,365,2010,2010-07-01,2011-06-30,375,25,state_zone+crop+season,v1.0,decided_project_convention,Whole Year mapped to the complete July-June crop-year reporting cycle.,Annual reporting window; do not calculate planting/harvest flags.,https://www.kaggle.com/datasets/arjunyadav99/indian-agriculture-crop-production-and-yield,"Project convention based on the recorded Indian crop-season label; Autumn and Winter are treated as crop reporting seasons, not literal meteorological seasons."
Tamil Nadu,Arhar/Tur,Kharif,south_coastal,pigeon_pea,crop_cycle_estimate,4,30,0,11,15,0,200,2010,2010-04-30,2010-11-15,504,31,state_zone+crop+season,v1.0,decided_project_convention,Crop-specific 200-day cycle starting from the south_coastal Kharif anchor.,,https://www.kaggle.com/datasets/arjunyadav99/indian-agriculture-crop-production-and-yield,https://en.wikipedia.org/wiki/Kharif_crop
Tamil Nadu,Arhar/Tur,Whole Year,south_coastal,pigeon_pea,annual_reporting_window,7,1,0,6,30,1,365,2010,2010-07-01,2011-06-30,333,30,state_zone+crop+season,v1.0,decided_project_convention,Whole Year mapped to the complete July-June crop-year reporting cycle.,Annual reporting window; do not calculate planting/harvest flags.,https://www.kaggle.com/datasets/arjunyadav99/indian-agriculture-crop-production-and-yield,"Project convention based on the recorded Indian crop-season label; Autumn and Winter are treated as crop reporting seasons, not literal meteorological seasons."
Tamil Nadu,Ash Gourd,Whole Year,south_coastal,vegetable,annual_reporting_window,7,1,0,6,30,1,365,2010,2010-07-01,2011-06-30,44,27,state_zone+crop+season,v1.0,decided_project_convention,Whole Year mapped to the complete July-June crop-year reporting cycle.,Annual reporting window; do not calculate planting/harvest flags.,https://www.kaggle.com/datasets/arjunyadav99/indian-agriculture-crop-production-and-yield,"Project convention based on the recorded Indian crop-season label; Autumn and Winter are treated as crop reporting seasons, not literal meteorological seasons."
Tamil Nadu,Bajra,Kharif,south_coastal,pearl_millet,crop_cycle_estimate,5,15,0,8,22,0,100,2010,2010-05-15,2010-08-22,522,30,state_zone+crop+season,v1.0,decided_project_convention,Crop-specific 100-day cycle starting from the south_coastal Kharif anchor.,,https://www.kaggle.com/datasets/arjunyadav99/indian-agriculture-crop-production-and-yield,https://en.wikipedia.org/wiki/Kharif_crop
Tamil Nadu,Bajra,Rabi,south_coastal,pearl_millet,crop_cycle_estimate,10,1,0,1,8,1,100,2010,2010-10-01,2011-01-08,124,28,state_zone+crop+season,v1.0,decided_project_convention,Crop-specific 100-day cycle starting from the south_coastal Rabi anchor.,,https://www.kaggle.com/datasets/arjunyadav99/indian-agriculture-crop-production-and-yield,https://en.wikipedia.org/wiki/Rabi_crop
Tamil Nadu,Bajra,Whole Year,south_coastal,pearl_millet,annual_reporting_window,7,1,0,6,30,1,365,2010,2010-07-01,2011-06-30,218,28,state_zone+crop+season,v1.0,decided_project_convention,Whole Year mapped to the complete July-June crop-year reporting cycle.,Annual reporting window; do not calculate planting/harvest flags.,https://www.kaggle.com/datasets/arjunyadav99/indian-agriculture-crop-production-and-yield,"Project convention based on the recorded Indian crop-season label; Autumn and Winter are treated as crop reporting seasons, not literal meteorological seasons."
Tamil Nadu,Banana,Kharif,south_coastal,fruit_perennial,seasonal_reporting_window,5,15,0,11,30,0,200,2010,2010-05-15,2010-11-30,28,28,state_zone+crop+season,v1.0,decided_project_convention,Perennial or plantation crop mapped to its recorded reporting season.,Seasonal reporting window for a perennial/plantation crop; not its full biological life cycle.,https://www.kaggle.com/datasets/arjunyadav99/indian-agriculture-crop-production-and-yield,https://en.wikipedia.org/wiki/Kharif_crop
Tamil Nadu,Banana,Whole Year,south_coastal,fruit_perennial,annual_reporting_window,7,1,0,6,30,1,365,2010,2010-07-01,2011-06-30,817,32,state_zone+crop+season,v1.0,decided_project_convention,Whole Year mapped to the complete July-June crop-year reporting cycle.,Annual reporting window; do not calculate planting/harvest flags.,https://www.kaggle.com/datasets/arjunyadav99/indian-agriculture-crop-production-and-yield,"Project convention based on the recorded Indian crop-season label; Autumn and Winter are treated as crop reporting seasons, not literal meteorological seasons."
Tamil Nadu,Beans & Mutter(Vegetable),Whole Year,south_coastal,vegetable,annual_reporting_window,7,1,0,6,30,1,365,2010,2010-07-01,2011-06-30,20,11,state_zone+crop+season,v1.0,decided_project_convention,Whole Year mapped to the complete July-June crop-year reporting cycle.,Annual reporting window; do not calculate planting/harvest flags.,https://www.kaggle.com/datasets/arjunyadav99/indian-agriculture-crop-production-and-yield,"Project convention based on the recorded Indian crop-season label; Autumn and Winter are treated as crop reporting seasons, not literal meteorological seasons."
Tamil Nadu,Beet Root,Whole Year,south_coastal,vegetable,annual_reporting_window,7,1,0,6,30,1,365,2010,2010-07-01,2011-06-30,16,10,state_zone+crop+season,v1.0,decided_project_convention,Whole Year mapped to the complete July-June crop-year reporting cycle.,Annual reporting window; do not calculate planting/harvest flags.,https://www.kaggle.com/datasets/arjunyadav99/indian-agriculture-crop-production-and-yield,"Project convention based on the recorded Indian crop-season label; Autumn and Winter are treated as crop reporting seasons, not literal meteorological seasons."
Tamil Nadu,Ber,Whole Year,south_coastal,fruit_perennial,annual_reporting_window,7,1,0,6,30,1,365,2010,2010-07-01,2011-06-30,11,7,state_zone+crop+season,v1.0,decided_project_convention,Whole Year mapped to the complete July-June crop-year reporting cycle.,Annual reporting window; do not calculate planting/harvest flags.,https://www.kaggle.com/datasets/arjunyadav99/indian-agriculture-crop-production-and-yield,"Project convention based on the recorded Indian crop-season label; Autumn and Winter are treated as crop reporting seasons, not literal meteorological seasons."
Tamil Nadu,Bhindi,Whole Year,south_coastal,vegetable,annual_reporting_window,7,1,0,6,30,1,365,2010,2010-07-01,2011-06-30,55,28,state_zone+crop+season,v1.0,decided_project_convention,Whole Year mapped to the complete July-June crop-year reporting cycle.,Annual reporting window; do not calculate planting/harvest flags.,https://www.kaggle.com/datasets/arjunyadav99/indian-agriculture-crop-production-and-yield,"Project convention based on the recorded Indian crop-season label; Autumn and Winter are treated as crop reporting seasons, not literal meteorological seasons."
Tamil Nadu,Bitter Gourd,Whole Year,south_coastal,vegetable,annual_reporting_window,7,1,0,6,30,1,365,2010,2010-07-01,2011-06-30,54,28,state_zone+crop+season,v1.0,decided_project_convention,Whole Year mapped to the complete July-June crop-year reporting cycle.,Annual reporting window; do not calculate planting/harvest flags.,https://www.kaggle.com/datasets/arjunyadav99/indian-agriculture-crop-production-and-yield,"Project convention based on the recorded Indian crop-season label; Autumn and Winter are treated as crop reporting seasons, not literal meteorological seasons."
Tamil Nadu,Black pepper,Whole Year,south_coastal,black_pepper,annual_reporting_window,7,1,0,6,30,1,365,2010,2010-07-01,2011-06-30,214,13,state_zone+crop+season,v1.0,decided_project_convention,Whole Year mapped to the complete July-June crop-year reporting cycle.,Annual reporting window; do not calculate planting/harvest flags.,https://www.kaggle.com/datasets/arjunyadav99/indian-agriculture-crop-production-and-yield,"Project convention based on the recorded Indian crop-season label; Autumn and Winter are treated as crop reporting seasons, not literal meteorological seasons."
Tamil Nadu,Bottle Gourd,Whole Year,south_coastal,vegetable,annual_reporting_window,7,1,0,6,30,1,365,2010,2010-07-01,2011-06-30,33,20,state_zone+crop+season,v1.0,decided_project_convention,Whole Year mapped to the complete July-June crop-year reporting cycle.,Annual reporting window; do not calculate planting/harvest flags.,https://www.kaggle.com/datasets/arjunyadav99/indian-agriculture-crop-production-and-yield,"Project convention based on the recorded Indian crop-season label; Autumn and Winter are treated as crop reporting seasons, not literal meteorological seasons."
Tamil Nadu,Brinjal,Whole Year,south_coastal,vegetable,annual_reporting_window,7,1,0,6,30,1,365,2010,2010-07-01,2011-06-30,56,29,state_zone+crop+season,v1.0,decided_project_convention,Whole Year mapped to the complete July-June crop-year reporting cycle.,Annual reporting window; do not calculate planting/harvest flags.,https://www.kaggle.com/datasets/arjunyadav99/indian-agriculture-crop-production-and-yield,"Project convention based on the recorded Indian crop-season label; Autumn and Winter are treated as crop reporting seasons, not literal meteorological seasons."
Tamil Nadu,Cabbage,Whole Year,south_coastal,vegetable,annual_reporting_window,7,1,0,6,30,1,365,2010,2010-07-01,2011-06-30,19,12,state_zone+crop+season,v1.0,decided_project_convention,Whole Year mapped to the complete July-June crop-year reporting cycle.,Annual reporting window; do not calculate planting/harvest flags.,https://www.kaggle.com/datasets/arjunyadav99/indian-agriculture-crop-production-and-yield,"Project convention based on the recorded Indian crop-season label; Autumn and Winter are treated as crop reporting seasons, not literal meteorological seasons."
Tamil Nadu,Cardamom,Whole Year,south_coastal,cardamom,annual_reporting_window,7,1,0,6,30,1,365,2010,2010-07-01,2011-06-30,215,11,state_zone+crop+season,v1.0,decided_project_convention,Whole Year mapped to the complete July-June crop-year reporting cycle.,Annual reporting window; do not calculate planting/harvest flags.,https://www.kaggle.com/datasets/arjunyadav99/indian-agriculture-crop-production-and-yield,"Project convention based on the recorded Indian crop-season label; Autumn and Winter are treated as crop reporting seasons, not literal meteorological seasons."
Tamil Nadu,Carrot,Whole Year,south_coastal,vegetable,annual_reporting_window,7,1,0,6,30,1,365,2010,2010-07-01,2011-06-30,8,6,state_zone+crop+season,v1.0,decided_project_convention,Whole Year mapped to the complete July-June crop-year reporting cycle.,Annual reporting window; do not calculate planting/harvest flags.,https://www.kaggle.com/datasets/arjunyadav99/indian-agriculture-crop-production-and-yield,"Project convention based on the recorded Indian crop-season label; Autumn and Winter are treated as crop reporting seasons, not literal meteorological seasons."
Tamil Nadu,Cashewnut,Whole Year,south_coastal,cashew,annual_reporting_window,7,1,0,6,30,1,365,2010,2010-07-01,2011-06-30,715,32,state_zone+crop+season,v1.0,decided_project_convention,Whole Year mapped to the complete July-June crop-year reporting cycle.,Annual reporting window; do not calculate planting/harvest flags.,https://www.kaggle.com/datasets/arjunyadav99/indian-agriculture-crop-production-and-yield,"Project convention based on the recorded Indian crop-season label; Autumn and Winter are treated as crop reporting seasons, not literal meteorological seasons."
Tamil Nadu,Castor seed,Kharif,south_coastal,castor,crop_cycle_estimate,4,30,0,10,26,0,180,2010,2010-04-30,2010-10-26,411,30,state_zone+crop+season,v1.0,decided_project_convention,Crop-specific 180-day cycle starting from the south_coastal Kharif anchor.,,https://www.kaggle.com/datasets/arjunyadav99/indian-agriculture-crop-production-and-yield,https://en.wikipedia.org/wiki/Kharif_crop
Tamil Nadu,Castor seed,Whole Year,south_coastal,castor,annual_reporting_window,7,1,0,6,30,1,365,2010,2010-07-01,2011-06-30,286,28,state_zone+crop+season,v1.0,decided_project_convention,Whole Year mapped to the complete July-June crop-year reporting cycle.,Annual reporting window; do not calculate planting/harvest flags.,https://www.kaggle.com/datasets/arjunyadav99/indian-agriculture-crop-production-and-yield,"Project convention based on the recorded Indian crop-season label; Autumn and Winter are treated as crop reporting seasons, not literal meteorological seasons."
Tamil Nadu,Cauliflower,Whole Year,south_coastal,vegetable,annual_reporting_window,7,1,0,6,30,1,365,2010,2010-07-01,2011-06-30,14,9,state_zone+crop+season,v1.0,decided_project_convention,Whole Year mapped to the complete July-June crop-year reporting cycle.,Annual reporting window; do not calculate planting/harvest flags.,https://www.kaggle.com/datasets/arjunyadav99/indian-agriculture-crop-production-and-yield,"Project convention based on the recorded Indian crop-season label; Autumn and Winter are treated as crop reporting seasons, not literal meteorological seasons."
Tamil Nadu,Citrus Fruit,Whole Year,south_coastal,fruit_perennial,annual_reporting_window,7,1,0,6,30,1,365,2010,2010-07-01,2011-06-30,55,29,state_zone+crop+season,v1.0,decided_project_convention,Whole Year mapped to the complete July-June crop-year reporting cycle.,Annual reporting window; do not calculate planting/harvest flags.,https://www.kaggle.com/datasets/arjunyadav99/indian-agriculture-crop-production-and-yield,"Project convention based on the recorded Indian crop-season label; Autumn and Winter are treated as crop reporting seasons, not literal meteorological seasons."
Tamil Nadu,Coconut,Whole Year,south_coastal,coconut,annual_reporting_window,7,1,0,6,30,1,365,2010,2010-07-01,2011-06-30,614,32,state_zone+crop+season,v1.0,decided_project_convention,Whole Year mapped to the complete July-June crop-year reporting cycle.,Annual reporting window; do not calculate planting/harvest flags.,https://www.kaggle.com/datasets/arjunyadav99/indian-agriculture-crop-production-and-yield,"Project convention based on the recorded Indian crop-season label; Autumn and Winter are treated as crop reporting seasons, not literal meteorological seasons."
Tamil Nadu,Coriander,Whole Year,south_coastal,coriander,annual_reporting_window,7,1,0,6,30,1,365,2010,2010-07-01,2011-06-30,619,30,state_zone+crop+season,v1.0,decided_project_convention,Whole Year mapped to the complete July-June crop-year reporting cycle.,Annual reporting window; do not calculate planting/harvest flags.,https://www.kaggle.com/datasets/arjunyadav99/indian-agriculture-crop-production-and-yield,"Project convention based on the recorded Indian crop-season label; Autumn and Winter are treated as crop reporting seasons, not literal meteorological seasons."
Tamil Nadu,Cotton(lint),Kharif,south_coastal,cotton,crop_cycle_estimate,4,30,0,11,25,0,210,2010,2010-04-30,2010-11-25,665,32,state_zone+crop+season,v1.0,decided_project_convention,Crop-specific 210-day cycle starting from the south_coastal Kharif anchor.,,https://www.kaggle.com/datasets/arjunyadav99/indian-agriculture-crop-production-and-yield,https://en.wikipedia.org/wiki/Kharif_crop
Tamil Nadu,Cotton(lint),Rabi,south_coastal,cotton,crop_cycle_estimate,10,1,0,3,29,1,180,2010,2010-10-01,2011-03-29,136,30,state_zone+crop+season,v1.0,decided_project_convention,Crop-specific 180-day cycle starting from the south_coastal Rabi anchor.,,https://www.kaggle.com/datasets/arjunyadav99/indian-agriculture-crop-production-and-yield,https://en.wikipedia.org/wiki/Rabi_crop
Tamil Nadu,Cotton(lint),Whole Year,south_coastal,cotton,annual_reporting_window,7,1,0,6,30,1,365,2010,2010-07-01,2011-06-30,249,31,state_zone+crop+season,v1.0,decided_project_convention,Whole Year mapped to the complete July-June crop-year reporting cycle.,Annual reporting window; do not calculate planting/harvest flags.,https://www.kaggle.com/datasets/arjunyadav99/indian-agriculture-crop-production-and-yield,"Project convention based on the recorded Indian crop-season label; Autumn and Winter are treated as crop reporting seasons, not literal meteorological seasons."
Tamil Nadu,Cucumber,Whole Year,south_coastal,vegetable,annual_reporting_window,7,1,0,6,30,1,365,2010,2010-07-01,2011-06-30,51,29,state_zone+crop+season,v1.0,decided_project_convention,Whole Year mapped to the complete July-June crop-year reporting cycle.,Annual reporting window; do not calculate planting/harvest flags.,https://www.kaggle.com/datasets/arjunyadav99/indian-agriculture-crop-production-and-yield,"Project convention based on the recorded Indian crop-season label; Autumn and Winter are treated as crop reporting seasons, not literal meteorological seasons."
Tamil Nadu,Drum Stick,Whole Year,south_coastal,vegetable,annual_reporting_window,7,1,0,6,30,1,365,2010,2010-07-01,2011-06-30,55,29,state_zone+crop+season,v1.0,decided_project_convention,Whole Year mapped to the complete July-June crop-year reporting cycle.,Annual reporting window; do not calculate planting/harvest flags.,https://www.kaggle.com/datasets/arjunyadav99/indian-agriculture-crop-production-and-yield,"Project convention based on the recorded Indian crop-season label; Autumn and Winter are treated as crop reporting seasons, not literal meteorological seasons."
Tamil Nadu,Dry chillies,Whole Year,south_coastal,chilli,annual_reporting_window,7,1,0,6,30,1,365,2010,2010-07-01,2011-06-30,800,32,state_zone+crop+season,v1.0,decided_project_convention,Whole Year mapped to the complete July-June crop-year reporting cycle.,Annual reporting window; do not calculate planting/harvest flags.,https://www.kaggle.com/datasets/arjunyadav99/indian-agriculture-crop-production-and-yield,"Project convention based on the recorded Indian crop-season label; Autumn and Winter are treated as crop reporting seasons, not literal meteorological seasons."
Tamil Nadu,Dry ginger,Kharif,south_coastal,ginger,crop_cycle_estimate,5,15,0,1,9,1,240,2010,2010-05-15,2011-01-09,38,13,state_zone+crop+season,v1.0,decided_project_convention,Crop-specific 240-day cycle starting from the south_coastal Kharif anchor.,,https://www.kaggle.com/datasets/arjunyadav99/indian-agriculture-crop-production-and-yield,https://en.wikipedia.org/wiki/Kharif_crop
Tamil Nadu,Dry ginger,Whole Year,south_coastal,ginger,annual_reporting_window,7,1,0,6,30,1,365,2010,2010-07-01,2011-06-30,60,13,state_zone+crop+season,v1.0,decided_project_convention,Whole Year mapped to the complete July-June crop-year reporting cycle.,Annual reporting window; do not calculate planting/harvest flags.,https://www.kaggle.com/datasets/arjunyadav99/indian-agriculture-crop-production-and-yield,"Project convention based on the recorded Indian crop-season label; Autumn and Winter are treated as crop reporting seasons, not literal meteorological seasons."
Tamil Nadu,Garlic,Whole Year,south_coastal,garlic,annual_reporting_window,7,1,0,6,30,1,365,2010,2010-07-01,2011-06-30,141,19,state_zone+crop+season,v1.0,decided_project_convention,Whole Year mapped to the complete July-June crop-year reporting cycle.,Annual reporting window; do not calculate planting/harvest flags.,https://www.kaggle.com/datasets/arjunyadav99/indian-agriculture-crop-production-and-yield,"Project convention based on the recorded Indian crop-season label; Autumn and Winter are treated as crop reporting seasons, not literal meteorological seasons."
Tamil Nadu,Ginger,Kharif,south_coastal,ginger,crop_cycle_estimate,5,15,0,1,9,1,240,2010,2010-05-15,2011-01-09,38,13,state_zone+crop+season,v1.0,decided_project_convention,Crop-specific 240-day cycle starting from the south_coastal Kharif anchor.,,https://www.kaggle.com/datasets/arjunyadav99/indian-agriculture-crop-production-and-yield,https://en.wikipedia.org/wiki/Kharif_crop
Tamil Nadu,Ginger,Whole Year,south_coastal,ginger,annual_reporting_window,7,1,0,6,30,1,365,2010,2010-07-01,2011-06-30,61,13,state_zone+crop+season,v1.0,decided_project_convention,Whole Year mapped to the complete July-June crop-year reporting cycle.,Annual reporting window; do not calculate planting/harvest flags.,https://www.kaggle.com/datasets/arjunyadav99/indian-agriculture-crop-production-and-yield,"Project convention based on the recorded Indian crop-season label; Autumn and Winter are treated as crop reporting seasons, not literal meteorological seasons."
Tamil Nadu,Gram,Rabi,south_coastal,chickpea,crop_cycle_estimate,10,16,0,2,22,1,130,2010,2010-10-16,2011-02-22,294,27,state_zone+crop+season,v1.0,decided_project_convention,Crop-specific 130-day cycle starting from the south_coastal Rabi anchor.,,https://www.kaggle.com/datasets/arjunyadav99/indian-agriculture-crop-production-and-yield,https://en.wikipedia.org/wiki/Rabi_crop
Tamil Nadu,Gram,Whole Year,south_coastal,chickpea,annual_reporting_window,7,1,0,6,30,1,365,2010,2010-07-01,2011-06-30,224,26,state_zone+crop+season,v1.0,decided_project_convention,Whole Year mapped to the complete July-June crop-year reporting cycle.,Annual reporting window; do not calculate planting/harvest flags.,https://www.kaggle.com/datasets/arjunyadav99/indian-agriculture-crop-production-and-yield,"Project convention based on the recorded Indian crop-season label; Autumn and Winter are treated as crop reporting seasons, not literal meteorological seasons."
Tamil Nadu,Grapes,Whole Year,south_coastal,fruit_perennial,annual_reporting_window,7,1,0,6,30,1,365,2010,2010-07-01,2011-06-30,27,16,state_zone+crop+season,v1.0,decided_project_convention,Whole Year mapped to the complete July-June crop-year reporting cycle.,Annual reporting window; do not calculate planting/harvest flags.,https://www.kaggle.com/datasets/arjunyadav99/indian-agriculture-crop-production-and-yield,"Project convention based on the recorded Indian crop-season label; Autumn and Winter are treated as crop reporting seasons, not literal meteorological seasons."
Tamil Nadu,Groundnut,Kharif,south_coastal,groundnut,crop_cycle_estimate,5,15,0,9,11,0,120,2010,2010-05-15,2010-09-11,715,32,state_zone+crop+season,v1.0,decided_project_convention,Crop-specific 120-day cycle starting from the south_coastal Kharif anchor.,,https://www.kaggle.com/datasets/arjunyadav99/indian-agriculture-crop-production-and-yield,https://en.wikipedia.org/wiki/Kharif_crop
Tamil Nadu,Groundnut,Rabi,south_coastal,groundnut,crop_cycle_estimate,10,1,0,1,28,1,120,2010,2010-10-01,2011-01-28,148,31,state_zone+crop+season,v1.0,decided_project_convention,Crop-specific 120-day cycle starting from the south_coastal Rabi anchor.,,https://www.kaggle.com/datasets/arjunyadav99/indian-agriculture-crop-production-and-yield,https://en.wikipedia.org/wiki/Rabi_crop
Tamil Nadu,Groundnut,Whole Year,south_coastal,groundnut,annual_reporting_window,7,1,0,6,30,1,365,2010,2010-07-01,2011-06-30,257,32,state_zone+crop+season,v1.0,decided_project_convention,Whole Year mapped to the complete July-June crop-year reporting cycle.,Annual reporting window; do not calculate planting/harvest flags.,https://www.kaggle.com/datasets/arjunyadav99/indian-agriculture-crop-production-and-yield,"Project convention based on the recorded Indian crop-season label; Autumn and Winter are treated as crop reporting seasons, not literal meteorological seasons."
Tamil Nadu,Guar seed,Whole Year,south_coastal,guar,annual_reporting_window,7,1,0,6,30,1,365,2010,2010-07-01,2011-06-30,54,28,state_zone+crop+season,v1.0,decided_project_convention,Whole Year mapped to the complete July-June crop-year reporting cycle.,Annual reporting window; do not calculate planting/harvest flags.,https://www.kaggle.com/datasets/arjunyadav99/indian-agriculture-crop-production-and-yield,"Project convention based on the recorded Indian crop-season label; Autumn and Winter are treated as crop reporting seasons, not literal meteorological seasons."
Tamil Nadu,Horse-gram,Kharif,south_coastal,horse_gram,crop_cycle_estimate,5,15,0,9,1,0,110,2010,2010-05-15,2010-09-01,513,29,state_zone+crop+season,v1.0,decided_project_convention,Crop-specific 110-day cycle starting from the south_coastal Kharif anchor.,,https://www.kaggle.com/datasets/arjunyadav99/indian-agriculture-crop-production-and-yield,https://en.wikipedia.org/wiki/Kharif_crop
Tamil Nadu,Horse-gram,Rabi,south_coastal,horse_gram,crop_cycle_estimate,10,1,0,1,18,1,110,2010,2010-10-01,2011-01-18,76,28,state_zone+crop+season,v1.0,decided_project_convention,Crop-specific 110-day cycle starting from the south_coastal Rabi anchor.,,https://www.kaggle.com/datasets/arjunyadav99/indian-agriculture-crop-production-and-yield,https://en.wikipedia.org/wiki/Rabi_crop
Tamil Nadu,Horse-gram,Whole Year,south_coastal,horse_gram,annual_reporting_window,7,1,0,6,30,1,365,2010,2010-07-01,2011-06-30,244,27,state_zone+crop+season,v1.0,decided_project_convention,Whole Year mapped to the complete July-June crop-year reporting cycle.,Annual reporting window; do not calculate planting/harvest flags.,https://www.kaggle.com/datasets/arjunyadav99/indian-agriculture-crop-production-and-yield,"Project convention based on the recorded Indian crop-season label; Autumn and Winter are treated as crop reporting seasons, not literal meteorological seasons."
Tamil Nadu,Jack Fruit,Whole Year,south_coastal,fruit_perennial,annual_reporting_window,7,1,0,6,30,1,365,2010,2010-07-01,2011-06-30,54,28,state_zone+crop+season,v1.0,decided_project_convention,Whole Year mapped to the complete July-June crop-year reporting cycle.,Annual reporting window; do not calculate planting/harvest flags.,https://www.kaggle.com/datasets/arjunyadav99/indian-agriculture-crop-production-and-yield,"Project convention based on the recorded Indian crop-season label; Autumn and Winter are treated as crop reporting seasons, not literal meteorological seasons."
Tamil Nadu,Jowar,Kharif,south_coastal,sorghum,crop_cycle_estimate,5,15,0,9,11,0,120,2010,2010-05-15,2010-09-11,500,31,state_zone+crop+season,v1.0,decided_project_convention,Crop-specific 120-day cycle starting from the south_coastal Kharif anchor.,,https://www.kaggle.com/datasets/arjunyadav99/indian-agriculture-crop-production-and-yield,https://en.wikipedia.org/wiki/Kharif_crop
Tamil Nadu,Jowar,Rabi,south_coastal,sorghum,crop_cycle_estimate,10,1,0,1,28,1,120,2010,2010-10-01,2011-01-28,127,28,state_zone+crop+season,v1.0,decided_project_convention,Crop-specific 120-day cycle starting from the south_coastal Rabi anchor.,,https://www.kaggle.com/datasets/arjunyadav99/indian-agriculture-crop-production-and-yield,https://en.wikipedia.org/wiki/Rabi_crop
Tamil Nadu,Jowar,Whole Year,south_coastal,sorghum,annual_reporting_window,7,1,0,6,30,1,365,2010,2010-07-01,2011-06-30,227,30,state_zone+crop+season,v1.0,decided_project_convention,Whole Year mapped to the complete July-June crop-year reporting cycle.,Annual reporting window; do not calculate planting/harvest flags.,https://www.kaggle.com/datasets/arjunyadav99/indian-agriculture-crop-production-and-yield,"Project convention based on the recorded Indian crop-season label; Autumn and Winter are treated as crop reporting seasons, not literal meteorological seasons."
Tamil Nadu,Korra,Kharif,south_coastal,minor_cereal,crop_cycle_estimate,5,15,0,8,27,0,105,2010,2010-05-15,2010-08-27,53,19,state_zone+crop+season,v1.0,decided_project_convention,Crop-specific 105-day cycle starting from the south_coastal Kharif anchor.,,https://www.kaggle.com/datasets/arjunyadav99/indian-agriculture-crop-production-and-yield,https://en.wikipedia.org/wiki/Kharif_crop
Tamil Nadu,Lab-Lab,Whole Year,south_coastal,vegetable,annual_reporting_window,7,1,0,6,30,1,365,2010,2010-07-01,2011-06-30,48,26,state_zone+crop+season,v1.0,decided_project_convention,Whole Year mapped to the complete July-June crop-year reporting cycle.,Annual reporting window; do not calculate planting/harvest flags.,https://www.kaggle.com/datasets/arjunyadav99/indian-agriculture-crop-production-and-yield,"Project convention based on the recorded Indian crop-season label; Autumn and Winter are treated as crop reporting seasons, not literal meteorological seasons."
Tamil Nadu,Litchi,Whole Year,south_coastal,fruit_perennial,annual_reporting_window,7,1,0,6,30,1,365,2010,2010-07-01,2011-06-30,6,5,state_zone+crop+season,v1.0,decided_project_convention,Whole Year mapped to the complete July-June crop-year reporting cycle.,Annual reporting window; do not calculate planting/harvest flags.,https://www.kaggle.com/datasets/arjunyadav99/indian-agriculture-crop-production-and-yield,"Project convention based on the recorded Indian crop-season label; Autumn and Winter are treated as crop reporting seasons, not literal meteorological seasons."
Tamil Nadu,Maize,Kharif,south_coastal,maize,crop_cycle_estimate,5,15,0,9,11,0,120,2010,2010-05-15,2010-09-11,516,32,state_zone+crop+season,v1.0,decided_project_convention,Crop-specific 120-day cycle starting from the south_coastal Kharif anchor.,,https://www.kaggle.com/datasets/arjunyadav99/indian-agriculture-crop-production-and-yield,https://en.wikipedia.org/wiki/Kharif_crop
Tamil Nadu,Maize,Rabi,south_coastal,maize,crop_cycle_estimate,10,1,0,1,28,1,120,2010,2010-10-01,2011-01-28,141,31,state_zone+crop+season,v1.0,decided_project_convention,Crop-specific 120-day cycle starting from the south_coastal Rabi anchor.,,https://www.kaggle.com/datasets/arjunyadav99/indian-agriculture-crop-production-and-yield,https://en.wikipedia.org/wiki/Rabi_crop
Tamil Nadu,Maize,Whole Year,south_coastal,maize,annual_reporting_window,7,1,0,6,30,1,365,2010,2010-07-01,2011-06-30,228,30,state_zone+crop+season,v1.0,decided_project_convention,Whole Year mapped to the complete July-June crop-year reporting cycle.,Annual reporting window; do not calculate planting/harvest flags.,https://www.kaggle.com/datasets/arjunyadav99/indian-agriculture-crop-production-and-yield,"Project convention based on the recorded Indian crop-season label; Autumn and Winter are treated as crop reporting seasons, not literal meteorological seasons."
Tamil Nadu,Mango,Whole Year,south_coastal,fruit_perennial,annual_reporting_window,7,1,0,6,30,1,365,2010,2010-07-01,2011-06-30,57,29,state_zone+crop+season,v1.0,decided_project_convention,Whole Year mapped to the complete July-June crop-year reporting cycle.,Annual reporting window; do not calculate planting/harvest flags.,https://www.kaggle.com/datasets/arjunyadav99/indian-agriculture-crop-production-and-yield,"Project convention based on the recorded Indian crop-season label; Autumn and Winter are treated as crop reporting seasons, not literal meteorological seasons."
Tamil Nadu,Masoor,Kharif,south_coastal,lentil,crop_cycle_estimate,5,15,0,9,11,0,120,2010,2010-05-15,2010-09-11,30,30,state_zone+crop+season,v1.0,decided_project_convention,Crop-specific 120-day cycle starting from the south_coastal Kharif anchor.,,https://www.kaggle.com/datasets/arjunyadav99/indian-agriculture-crop-production-and-yield,https://en.wikipedia.org/wiki/Kharif_crop
Tamil Nadu,Mesta,Kharif,south_coastal,jute_mesta,crop_cycle_estimate,4,15,0,9,11,0,150,2010,2010-04-15,2010-09-11,28,8,state_zone+crop+season,v1.0,decided_project_convention,Crop-specific 150-day cycle starting from the south_coastal Kharif anchor.,,https://www.kaggle.com/datasets/arjunyadav99/indian-agriculture-crop-production-and-yield,https://en.wikipedia.org/wiki/Kharif_crop
Tamil Nadu,Moong(Green Gram),Kharif,south_coastal,green_gram,crop_cycle_estimate,5,15,0,8,12,0,90,2010,2010-05-15,2010-08-12,628,32,state_zone+crop+season,v1.0,decided_project_convention,Crop-specific 90-day cycle starting from the south_coastal Kharif anchor.,,https://www.kaggle.com/datasets/arjunyadav99/indian-agriculture-crop-production-and-yield,https://en.wikipedia.org/wiki/Kharif_crop
Tamil Nadu,Moong(Green Gram),Rabi,south_coastal,green_gram,crop_cycle_estimate,10,1,0,12,29,0,90,2010,2010-10-01,2010-12-29,84,31,state_zone+crop+season,v1.0,decided_project_convention,Crop-specific 90-day cycle starting from the south_coastal Rabi anchor.,,https://www.kaggle.com/datasets/arjunyadav99/indian-agriculture-crop-production-and-yield,https://en.wikipedia.org/wiki/Rabi_crop
Tamil Nadu,Moong(Green Gram),Whole Year,south_coastal,green_gram,annual_reporting_window,7,1,0,6,30,1,365,2010,2010-07-01,2011-06-30,312,32,state_zone+crop+season,v1.0,decided_project_convention,Whole Year mapped to the complete July-June crop-year reporting cycle.,Annual reporting window; do not calculate planting/harvest flags.,https://www.kaggle.com/datasets/arjunyadav99/indian-agriculture-crop-production-and-yield,"Project convention based on the recorded Indian crop-season label; Autumn and Winter are treated as crop reporting seasons, not literal meteorological seasons."
Tamil Nadu,Onion,Kharif,south_coastal,onion,crop_cycle_estimate,5,15,0,10,11,0,150,2010,2010-05-15,2010-10-11,102,30,state_zone+crop+season,v1.0,decided_project_convention,Crop-specific 150-day cycle starting from the south_coastal Kharif anchor.,,https://www.kaggle.com/datasets/arjunyadav99/indian-agriculture-crop-production-and-yield,https://en.wikipedia.org/wiki/Kharif_crop
Tamil Nadu,Onion,Rabi,south_coastal,onion,crop_cycle_estimate,10,16,0,3,14,1,150,2010,2010-10-16,2011-03-14,79,28,state_zone+crop+season,v1.0,decided_project_convention,Crop-specific 150-day cycle starting from the south_coastal Rabi anchor.,,https://www.kaggle.com/datasets/arjunyadav99/indian-agriculture-crop-production-and-yield,https://en.wikipedia.org/wiki/Rabi_crop
Tamil Nadu,Onion,Whole Year,south_coastal,onion,annual_reporting_window,7,1,0,6,30,1,365,2010,2010-07-01,2011-06-30,593,32,state_zone+crop+season,v1.0,decided_project_convention,Whole Year mapped to the complete July-June crop-year reporting cycle.,Annual reporting window; do not calculate planting/harvest flags.,https://www.kaggle.com/datasets/arjunyadav99/indian-agriculture-crop-production-and-yield,"Project convention based on the recorded Indian crop-season label; Autumn and Winter are treated as crop reporting seasons, not literal meteorological seasons."
Tamil Nadu,Orange,Whole Year,south_coastal,fruit_perennial,annual_reporting_window,7,1,0,6,30,1,365,2010,2010-07-01,2011-06-30,38,21,state_zone+crop+season,v1.0,decided_project_convention,Whole Year mapped to the complete July-June crop-year reporting cycle.,Annual reporting window; do not calculate planting/harvest flags.,https://www.kaggle.com/datasets/arjunyadav99/indian-agriculture-crop-production-and-yield,"Project convention based on the recorded Indian crop-season label; Autumn and Winter are treated as crop reporting seasons, not literal meteorological seasons."
Tamil Nadu,Other Cereals,Kharif,south_coastal,minor_cereal,crop_cycle_estimate,5,15,0,8,27,0,105,2010,2010-05-15,2010-08-27,19,19,state_zone+crop+season,v1.0,decided_project_convention,Crop-specific 105-day cycle starting from the south_coastal Kharif anchor.,,https://www.kaggle.com/datasets/arjunyadav99/indian-agriculture-crop-production-and-yield,https://en.wikipedia.org/wiki/Kharif_crop
Tamil Nadu,Other Cereals & Millets,Kharif,south_coastal,minor_cereal,crop_cycle_estimate,5,15,0,8,27,0,105,2010,2010-05-15,2010-08-27,19,19,state_zone+crop+season,v1.0,decided_project_convention,Crop-specific 105-day cycle starting from the south_coastal Kharif anchor.,,https://www.kaggle.com/datasets/arjunyadav99/indian-agriculture-crop-production-and-yield,https://en.wikipedia.org/wiki/Kharif_crop
Tamil Nadu,Other Citrus Fruit,Whole Year,south_coastal,fruit_perennial,annual_reporting_window,7,1,0,6,30,1,365,2010,2010-07-01,2011-06-30,54,28,state_zone+crop+season,v1.0,decided_project_convention,Whole Year mapped to the complete July-June crop-year reporting cycle.,Annual reporting window; do not calculate planting/harvest flags.,https://www.kaggle.com/datasets/arjunyadav99/indian-agriculture-crop-production-and-yield,"Project convention based on the recorded Indian crop-season label; Autumn and Winter are treated as crop reporting seasons, not literal meteorological seasons."
Tamil Nadu,Other Fresh Fruits,Whole Year,south_coastal,fruit_perennial,annual_reporting_window,7,1,0,6,30,1,365,2010,2010-07-01,2011-06-30,55,28,state_zone+crop+season,v1.0,decided_project_convention,Whole Year mapped to the complete July-June crop-year reporting cycle.,Annual reporting window; do not calculate planting/harvest flags.,https://www.kaggle.com/datasets/arjunyadav99/indian-agriculture-crop-production-and-yield,"Project convention based on the recorded Indian crop-season label; Autumn and Winter are treated as crop reporting seasons, not literal meteorological seasons."
Tamil Nadu,Other Kharif pulses,Kharif,south_coastal,aggregate_kharif_pulses,aggregate_reporting_window,5,15,0,11,30,0,200,2010,2010-05-15,2010-11-30,265,30,state_zone+crop+season,v1.0,decided_project_convention,Aggregate crop category mapped to the complete reporting-season window.,Aggregate crop category; uses the full reporting-season window.,https://www.kaggle.com/datasets/arjunyadav99/indian-agriculture-crop-production-and-yield,https://en.wikipedia.org/wiki/Kharif_crop
Tamil Nadu,Other Vegetables,Whole Year,south_coastal,vegetable,annual_reporting_window,7,1,0,6,30,1,365,2010,2010-07-01,2011-06-30,57,29,state_zone+crop+season,v1.0,decided_project_convention,Whole Year mapped to the complete July-June crop-year reporting cycle.,Annual reporting window; do not calculate planting/harvest flags.,https://www.kaggle.com/datasets/arjunyadav99/indian-agriculture-crop-production-and-yield,"Project convention based on the recorded Indian crop-season label; Autumn and Winter are treated as crop reporting seasons, not literal meteorological seasons."
Tamil Nadu,Papaya,Whole Year,south_coastal,fruit_perennial,annual_reporting_window,7,1,0,6,30,1,365,2010,2010-07-01,2011-06-30,32,22,state_zone+crop+season,v1.0,decided_project_convention,Whole Year mapped to the complete July-June crop-year reporting cycle.,Annual reporting window; do not calculate planting/harvest flags.,https://www.kaggle.com/datasets/arjunyadav99/indian-agriculture-crop-production-and-yield,"Project convention based on the recorded Indian crop-season label; Autumn and Winter are treated as crop reporting seasons, not literal meteorological seasons."
Tamil Nadu,Peach,Whole Year,south_coastal,fruit_perennial,annual_reporting_window,7,1,0,6,30,1,365,2010,2010-07-01,2011-06-30,4,2,state_zone+crop+season,v1.0,decided_project_convention,Whole Year mapped to the complete July-June crop-year reporting cycle.,Annual reporting window; do not calculate planting/harvest flags.,https://www.kaggle.com/datasets/arjunyadav99/indian-agriculture-crop-production-and-yield,"Project convention based on the recorded Indian crop-season label; Autumn and Winter are treated as crop reporting seasons, not literal meteorological seasons."
Tamil Nadu,Pear,Whole Year,south_coastal,fruit_perennial,annual_reporting_window,7,1,0,6,30,1,365,2010,2010-07-01,2011-06-30,6,4,state_zone+crop+season,v1.0,decided_project_convention,Whole Year mapped to the complete July-June crop-year reporting cycle.,Annual reporting window; do not calculate planting/harvest flags.,https://www.kaggle.com/datasets/arjunyadav99/indian-agriculture-crop-production-and-yield,"Project convention based on the recorded Indian crop-season label; Autumn and Winter are treated as crop reporting seasons, not literal meteorological seasons."
Tamil Nadu,Pineapple,Whole Year,south_coastal,fruit_perennial,annual_reporting_window,7,1,0,6,30,1,365,2010,2010-07-01,2011-06-30,14,9,state_zone+crop+season,v1.0,decided_project_convention,Whole Year mapped to the complete July-June crop-year reporting cycle.,Annual reporting window; do not calculate planting/harvest flags.,https://www.kaggle.com/datasets/arjunyadav99/indian-agriculture-crop-production-and-yield,"Project convention based on the recorded Indian crop-season label; Autumn and Winter are treated as crop reporting seasons, not literal meteorological seasons."
Tamil Nadu,Plums,Whole Year,south_coastal,fruit_perennial,annual_reporting_window,7,1,0,6,30,1,365,2010,2010-07-01,2011-06-30,6,4,state_zone+crop+season,v1.0,decided_project_convention,Whole Year mapped to the complete July-June crop-year reporting cycle.,Annual reporting window; do not calculate planting/harvest flags.,https://www.kaggle.com/datasets/arjunyadav99/indian-agriculture-crop-production-and-yield,"Project convention based on the recorded Indian crop-season label; Autumn and Winter are treated as crop reporting seasons, not literal meteorological seasons."
Tamil Nadu,Pome Fruit,Whole Year,south_coastal,fruit_perennial,annual_reporting_window,7,1,0,6,30,1,365,2010,2010-07-01,2011-06-30,57,29,state_zone+crop+season,v1.0,decided_project_convention,Whole Year mapped to the complete July-June crop-year reporting cycle.,Annual reporting window; do not calculate planting/harvest flags.,https://www.kaggle.com/datasets/arjunyadav99/indian-agriculture-crop-production-and-yield,"Project convention based on the recorded Indian crop-season label; Autumn and Winter are treated as crop reporting seasons, not literal meteorological seasons."
Tamil Nadu,Pome Granet,Whole Year,south_coastal,fruit_perennial,annual_reporting_window,7,1,0,6,30,1,365,2010,2010-07-01,2011-06-30,45,24,state_zone+crop+season,v1.0,decided_project_convention,Whole Year mapped to the complete July-June crop-year reporting cycle.,Annual reporting window; do not calculate planting/harvest flags.,https://www.kaggle.com/datasets/arjunyadav99/indian-agriculture-crop-production-and-yield,"Project convention based on the recorded Indian crop-season label; Autumn and Winter are treated as crop reporting seasons, not literal meteorological seasons."
Tamil Nadu,Potato,Kharif,south_coastal,potato,crop_cycle_estimate,5,15,0,9,11,0,120,2010,2010-05-15,2010-09-11,18,7,state_zone+crop+season,v1.0,decided_project_convention,Crop-specific 120-day cycle starting from the south_coastal Kharif anchor.,,https://www.kaggle.com/datasets/arjunyadav99/indian-agriculture-crop-production-and-yield,https://en.wikipedia.org/wiki/Kharif_crop
Tamil Nadu,Potato,Rabi,south_coastal,potato,crop_cycle_estimate,10,16,0,2,12,1,120,2010,2010-10-16,2011-02-12,12,5,state_zone+crop+season,v1.0,decided_project_convention,Crop-specific 120-day cycle starting from the south_coastal Rabi anchor.,,https://www.kaggle.com/datasets/arjunyadav99/indian-agriculture-crop-production-and-yield,https://en.wikipedia.org/wiki/Rabi_crop
Tamil Nadu,Potato,Whole Year,south_coastal,potato,annual_reporting_window,7,1,0,6,30,1,365,2010,2010-07-01,2011-06-30,156,17,state_zone+crop+season,v1.0,decided_project_convention,Whole Year mapped to the complete July-June crop-year reporting cycle.,Annual reporting window; do not calculate planting/harvest flags.,https://www.kaggle.com/datasets/arjunyadav99/indian-agriculture-crop-production-and-yield,"Project convention based on the recorded Indian crop-season label; Autumn and Winter are treated as crop reporting seasons, not literal meteorological seasons."
Tamil Nadu,Pulses total,Kharif,south_coastal,aggregate_pulses,aggregate_reporting_window,5,15,0,11,30,0,200,2010,2010-05-15,2010-11-30,27,27,state_zone+crop+season,v1.0,decided_project_convention,Aggregate crop category mapped to the complete reporting-season window.,Aggregate crop category; uses the full reporting-season window.,https://www.kaggle.com/datasets/arjunyadav99/indian-agriculture-crop-production-and-yield,https://en.wikipedia.org/wiki/Kharif_crop
Tamil Nadu,Pulses total,Whole Year,south_coastal,aggregate_pulses,annual_reporting_window,7,1,0,6,30,1,365,2010,2010-07-01,2011-06-30,28,28,state_zone+crop+season,v1.0,decided_project_convention,Whole Year mapped to the complete July-June crop-year reporting cycle.,Annual reporting window; do not calculate planting/harvest flags.,https://www.kaggle.com/datasets/arjunyadav99/indian-agriculture-crop-production-and-yield,"Project convention based on the recorded Indian crop-season label; Autumn and Winter are treated as crop reporting seasons, not literal meteorological seasons."
Tamil Nadu,Pump Kin,Whole Year,south_coastal,vegetable,annual_reporting_window,7,1,0,6,30,1,365,2010,2010-07-01,2011-06-30,51,29,state_zone+crop+season,v1.0,decided_project_convention,Whole Year mapped to the complete July-June crop-year reporting cycle.,Annual reporting window; do not calculate planting/harvest flags.,https://www.kaggle.com/datasets/arjunyadav99/indian-agriculture-crop-production-and-yield,"Project convention based on the recorded Indian crop-season label; Autumn and Winter are treated as crop reporting seasons, not literal meteorological seasons."
Tamil Nadu,Ragi,Kharif,south_coastal,finger_millet,crop_cycle_estimate,5,15,0,9,11,0,120,2010,2010-05-15,2010-09-11,632,30,state_zone+crop+season,v1.0,decided_project_convention,Crop-specific 120-day cycle starting from the south_coastal Kharif anchor.,,https://www.kaggle.com/datasets/arjunyadav99/indian-agriculture-crop-production-and-yield,https://en.wikipedia.org/wiki/Kharif_crop
Tamil Nadu,Ragi,Rabi,south_coastal,finger_millet,crop_cycle_estimate,10,1,0,1,28,1,120,2010,2010-10-01,2011-01-28,111,26,state_zone+crop+season,v1.0,decided_project_convention,Crop-specific 120-day cycle starting from the south_coastal Rabi anchor.,,https://www.kaggle.com/datasets/arjunyadav99/indian-agriculture-crop-production-and-yield,https://en.wikipedia.org/wiki/Rabi_crop
Tamil Nadu,Ragi,Whole Year,south_coastal,finger_millet,annual_reporting_window,7,1,0,6,30,1,365,2010,2010-07-01,2011-06-30,238,30,state_zone+crop+season,v1.0,decided_project_convention,Whole Year mapped to the complete July-June crop-year reporting cycle.,Annual reporting window; do not calculate planting/harvest flags.,https://www.kaggle.com/datasets/arjunyadav99/indian-agriculture-crop-production-and-yield,"Project convention based on the recorded Indian crop-season label; Autumn and Winter are treated as crop reporting seasons, not literal meteorological seasons."
Tamil Nadu,Rapeseed &Mustard,Rabi,south_coastal,rapeseed_mustard,crop_cycle_estimate,10,16,0,3,4,1,140,2010,2010-10-16,2011-03-04,102,13,state_zone+crop+season,v1.0,decided_project_convention,Crop-specific 140-day cycle starting from the south_coastal Rabi anchor.,,https://www.kaggle.com/datasets/arjunyadav99/indian-agriculture-crop-production-and-yield,https://en.wikipedia.org/wiki/Rabi_crop
Tamil Nadu,Rapeseed &Mustard,Whole Year,south_coastal,rapeseed_mustard,annual_reporting_window,7,1,0,6,30,1,365,2010,2010-07-01,2011-06-30,82,13,state_zone+crop+season,v1.0,decided_project_convention,Whole Year mapped to the complete July-June crop-year reporting cycle.,Annual reporting window; do not calculate planting/harvest flags.,https://www.kaggle.com/datasets/arjunyadav99/indian-agriculture-crop-production-and-yield,"Project convention based on the recorded Indian crop-season label; Autumn and Winter are treated as crop reporting seasons, not literal meteorological seasons."
Tamil Nadu,Redish,Whole Year,south_coastal,vegetable,annual_reporting_window,7,1,0,6,30,1,365,2010,2010-07-01,2011-06-30,41,23,state_zone+crop+season,v1.0,decided_project_convention,Whole Year mapped to the complete July-June crop-year reporting cycle.,Annual reporting window; do not calculate planting/harvest flags.,https://www.kaggle.com/datasets/arjunyadav99/indian-agriculture-crop-production-and-yield,"Project convention based on the recorded Indian crop-season label; Autumn and Winter are treated as crop reporting seasons, not literal meteorological seasons."
Tamil Nadu,Ribed Guard,Whole Year,south_coastal,vegetable,annual_reporting_window,7,1,0,6,30,1,365,2010,2010-07-01,2011-06-30,38,22,state_zone+crop+season,v1.0,decided_project_convention,Whole Year mapped to the complete July-June crop-year reporting cycle.,Annual reporting window; do not calculate planting/harvest flags.,https://www.kaggle.com/datasets/arjunyadav99/indian-agriculture-crop-production-and-yield,"Project convention based on the recorded Indian crop-season label; Autumn and Winter are treated as crop reporting seasons, not literal meteorological seasons."
Tamil Nadu,Rice,Kharif,south_coastal,rice,crop_cycle_estimate,5,15,0,10,11,0,150,2010,2010-05-15,2010-10-11,967,32,state_zone+crop+season,v1.0,decided_project_convention,Crop-specific 150-day cycle starting from the south_coastal Kharif anchor.,,https://www.kaggle.com/datasets/arjunyadav99/indian-agriculture-crop-production-and-yield,https://en.wikipedia.org/wiki/Kharif_crop
Tamil Nadu,Rice,Whole Year,south_coastal,rice,annual_reporting_window,7,1,0,6,30,1,365,2010,2010-07-01,2011-06-30,28,28,state_zone+crop+season,v1.0,decided_project_convention,Whole Year mapped to the complete July-June crop-year reporting cycle.,Annual reporting window; do not calculate planting/harvest flags.,https://www.kaggle.com/datasets/arjunyadav99/indian-agriculture-crop-production-and-yield,"Project convention based on the recorded Indian crop-season label; Autumn and Winter are treated as crop reporting seasons, not literal meteorological seasons."
Tamil Nadu,Samai,Kharif,south_coastal,minor_cereal,crop_cycle_estimate,5,15,0,8,27,0,105,2010,2010-05-15,2010-08-27,17,17,state_zone+crop+season,v1.0,decided_project_convention,Crop-specific 105-day cycle starting from the south_coastal Kharif anchor.,,https://www.kaggle.com/datasets/arjunyadav99/indian-agriculture-crop-production-and-yield,https://en.wikipedia.org/wiki/Kharif_crop
Tamil Nadu,Samai,Rabi,south_coastal,minor_cereal,crop_cycle_estimate,10,1,0,1,13,1,105,2010,2010-10-01,2011-01-13,14,14,state_zone+crop+season,v1.0,decided_project_convention,Crop-specific 105-day cycle starting from the south_coastal Rabi anchor.,,https://www.kaggle.com/datasets/arjunyadav99/indian-agriculture-crop-production-and-yield,https://en.wikipedia.org/wiki/Rabi_crop
Tamil Nadu,Sannhamp,Whole Year,south_coastal,other_fibre,annual_reporting_window,7,1,0,6,30,1,365,2010,2010-07-01,2011-06-30,64,17,state_zone+crop+season,v1.0,decided_project_convention,Whole Year mapped to the complete July-June crop-year reporting cycle.,Annual reporting window; do not calculate planting/harvest flags.,https://www.kaggle.com/datasets/arjunyadav99/indian-agriculture-crop-production-and-yield,"Project convention based on the recorded Indian crop-season label; Autumn and Winter are treated as crop reporting seasons, not literal meteorological seasons."
Tamil Nadu,Sesamum,Kharif,south_coastal,sesame,crop_cycle_estimate,5,15,0,8,22,0,100,2010,2010-05-15,2010-08-22,514,32,state_zone+crop+season,v1.0,decided_project_convention,Crop-specific 100-day cycle starting from the south_coastal Kharif anchor.,,https://www.kaggle.com/datasets/arjunyadav99/indian-agriculture-crop-production-and-yield,https://en.wikipedia.org/wiki/Kharif_crop
Tamil Nadu,Sesamum,Rabi,south_coastal,sesame,crop_cycle_estimate,10,1,0,1,8,1,100,2010,2010-10-01,2011-01-08,57,29,state_zone+crop+season,v1.0,decided_project_convention,Crop-specific 100-day cycle starting from the south_coastal Rabi anchor.,,https://www.kaggle.com/datasets/arjunyadav99/indian-agriculture-crop-production-and-yield,https://en.wikipedia.org/wiki/Rabi_crop
Tamil Nadu,Sesamum,Whole Year,south_coastal,sesame,annual_reporting_window,7,1,0,6,30,1,365,2010,2010-07-01,2011-06-30,307,30,state_zone+crop+season,v1.0,decided_project_convention,Whole Year mapped to the complete July-June crop-year reporting cycle.,Annual reporting window; do not calculate planting/harvest flags.,https://www.kaggle.com/datasets/arjunyadav99/indian-agriculture-crop-production-and-yield,"Project convention based on the recorded Indian crop-season label; Autumn and Winter are treated as crop reporting seasons, not literal meteorological seasons."
Tamil Nadu,Small millets,Kharif,south_coastal,minor_cereal,crop_cycle_estimate,5,15,0,8,27,0,105,2010,2010-05-15,2010-08-27,428,30,state_zone+crop+season,v1.0,decided_project_convention,Crop-specific 105-day cycle starting from the south_coastal Kharif anchor.,,https://www.kaggle.com/datasets/arjunyadav99/indian-agriculture-crop-production-and-yield,https://en.wikipedia.org/wiki/Kharif_crop
Tamil Nadu,Small millets,Rabi,south_coastal,minor_cereal,crop_cycle_estimate,10,1,0,1,13,1,105,2010,2010-10-01,2011-01-13,15,15,state_zone+crop+season,v1.0,decided_project_convention,Crop-specific 105-day cycle starting from the south_coastal Rabi anchor.,,https://www.kaggle.com/datasets/arjunyadav99/indian-agriculture-crop-production-and-yield,https://en.wikipedia.org/wiki/Rabi_crop
Tamil Nadu,Small millets,Whole Year,south_coastal,minor_cereal,annual_reporting_window,7,1,0,6,30,1,365,2010,2010-07-01,2011-06-30,151,27,state_zone+crop+season,v1.0,decided_project_convention,Whole Year mapped to the complete July-June crop-year reporting cycle.,Annual reporting window; do not calculate planting/harvest flags.,https://www.kaggle.com/datasets/arjunyadav99/indian-agriculture-crop-production-and-yield,"Project convention based on the recorded Indian crop-season label; Autumn and Winter are treated as crop reporting seasons, not literal meteorological seasons."
Tamil Nadu,Snak Guard,Whole Year,south_coastal,vegetable,annual_reporting_window,7,1,0,6,30,1,365,2010,2010-07-01,2011-06-30,54,29,state_zone+crop+season,v1.0,decided_project_convention,Whole Year mapped to the complete July-June crop-year reporting cycle.,Annual reporting window; do not calculate planting/harvest flags.,https://www.kaggle.com/datasets/arjunyadav99/indian-agriculture-crop-production-and-yield,"Project convention based on the recorded Indian crop-season label; Autumn and Winter are treated as crop reporting seasons, not literal meteorological seasons."
Tamil Nadu,Sugarcane,Whole Year,south_coastal,sugarcane,annual_reporting_window,7,1,0,6,30,1,365,2010,2010-07-01,2011-06-30,963,32,state_zone+crop+season,v1.0,decided_project_convention,Whole Year mapped to the complete July-June crop-year reporting cycle.,Annual reporting window; do not calculate planting/harvest flags.,https://www.kaggle.com/datasets/arjunyadav99/indian-agriculture-crop-production-and-yield,"Project convention based on the recorded Indian crop-season label; Autumn and Winter are treated as crop reporting seasons, not literal meteorological seasons."
Tamil Nadu,Sunflower,Kharif,south_coastal,sunflower,crop_cycle_estimate,5,15,0,9,1,0,110,2010,2010-05-15,2010-09-01,562,31,state_zone+crop+season,v1.0,decided_project_convention,Crop-specific 110-day cycle starting from the south_coastal Kharif anchor.,,https://www.kaggle.com/datasets/arjunyadav99/indian-agriculture-crop-production-and-yield,https://en.wikipedia.org/wiki/Kharif_crop
Tamil Nadu,Sunflower,Rabi,south_coastal,sunflower,crop_cycle_estimate,10,1,0,1,18,1,110,2010,2010-10-01,2011-01-18,70,26,state_zone+crop+season,v1.0,decided_project_convention,Crop-specific 110-day cycle starting from the south_coastal Rabi anchor.,,https://www.kaggle.com/datasets/arjunyadav99/indian-agriculture-crop-production-and-yield,https://en.wikipedia.org/wiki/Rabi_crop
Tamil Nadu,Sunflower,Whole Year,south_coastal,sunflower,annual_reporting_window,7,1,0,6,30,1,365,2010,2010-07-01,2011-06-30,283,30,state_zone+crop+season,v1.0,decided_project_convention,Whole Year mapped to the complete July-June crop-year reporting cycle.,Annual reporting window; do not calculate planting/harvest flags.,https://www.kaggle.com/datasets/arjunyadav99/indian-agriculture-crop-production-and-yield,"Project convention based on the recorded Indian crop-season label; Autumn and Winter are treated as crop reporting seasons, not literal meteorological seasons."
Tamil Nadu,Sweet potato,Whole Year,south_coastal,sweet_potato,annual_reporting_window,7,1,0,6,30,1,365,2010,2010-07-01,2011-06-30,621,31,state_zone+crop+season,v1.0,decided_project_convention,Whole Year mapped to the complete July-June crop-year reporting cycle.,Annual reporting window; do not calculate planting/harvest flags.,https://www.kaggle.com/datasets/arjunyadav99/indian-agriculture-crop-production-and-yield,"Project convention based on the recorded Indian crop-season label; Autumn and Winter are treated as crop reporting seasons, not literal meteorological seasons."
Tamil Nadu,Tapioca,Whole Year,south_coastal,tapioca,annual_reporting_window,7,1,0,6,30,1,365,2010,2010-07-01,2011-06-30,773,32,state_zone+crop+season,v1.0,decided_project_convention,Whole Year mapped to the complete July-June crop-year reporting cycle.,Annual reporting window; do not calculate planting/harvest flags.,https://www.kaggle.com/datasets/arjunyadav99/indian-agriculture-crop-production-and-yield,"Project convention based on the recorded Indian crop-season label; Autumn and Winter are treated as crop reporting seasons, not literal meteorological seasons."
Tamil Nadu,Tobacco,Kharif,south_coastal,tobacco,crop_cycle_estimate,5,15,0,10,11,0,150,2010,2010-05-15,2010-10-11,11,11,state_zone+crop+season,v1.0,decided_project_convention,Crop-specific 150-day cycle starting from the south_coastal Kharif anchor.,,https://www.kaggle.com/datasets/arjunyadav99/indian-agriculture-crop-production-and-yield,https://en.wikipedia.org/wiki/Kharif_crop
Tamil Nadu,Tobacco,Whole Year,south_coastal,tobacco,annual_reporting_window,7,1,0,6,30,1,365,2010,2010-07-01,2011-06-30,263,22,state_zone+crop+season,v1.0,decided_project_convention,Whole Year mapped to the complete July-June crop-year reporting cycle.,Annual reporting window; do not calculate planting/harvest flags.,https://www.kaggle.com/datasets/arjunyadav99/indian-agriculture-crop-production-and-yield,"Project convention based on the recorded Indian crop-season label; Autumn and Winter are treated as crop reporting seasons, not literal meteorological seasons."
Tamil Nadu,Tomato,Whole Year,south_coastal,vegetable,annual_reporting_window,7,1,0,6,30,1,365,2010,2010-07-01,2011-06-30,55,29,state_zone+crop+season,v1.0,decided_project_convention,Whole Year mapped to the complete July-June crop-year reporting cycle.,Annual reporting window; do not calculate planting/harvest flags.,https://www.kaggle.com/datasets/arjunyadav99/indian-agriculture-crop-production-and-yield,"Project convention based on the recorded Indian crop-season label; Autumn and Winter are treated as crop reporting seasons, not literal meteorological seasons."
Tamil Nadu,Total foodgrain,Kharif,south_coastal,aggregate_foodgrain,aggregate_reporting_window,5,15,0,11,30,0,200,2010,2010-05-15,2010-11-30,28,28,state_zone+crop+season,v1.0,decided_project_convention,Aggregate crop category mapped to the complete reporting-season window.,Aggregate crop category; uses the full reporting-season window.,https://www.kaggle.com/datasets/arjunyadav99/indian-agriculture-crop-production-and-yield,https://en.wikipedia.org/wiki/Kharif_crop
Tamil Nadu,Total foodgrain,Whole Year,south_coastal,aggregate_foodgrain,annual_reporting_window,7,1,0,6,30,1,365,2010,2010-07-01,2011-06-30,28,28,state_zone+crop+season,v1.0,decided_project_convention,Whole Year mapped to the complete July-June crop-year reporting cycle.,Annual reporting window; do not calculate planting/harvest flags.,https://www.kaggle.com/datasets/arjunyadav99/indian-agriculture-crop-production-and-yield,"Project convention based on the recorded Indian crop-season label; Autumn and Winter are treated as crop reporting seasons, not literal meteorological seasons."
Tamil Nadu,Turmeric,Whole Year,south_coastal,turmeric,annual_reporting_window,7,1,0,6,30,1,365,2010,2010-07-01,2011-06-30,717,32,state_zone+crop+season,v1.0,decided_project_convention,Whole Year mapped to the complete July-June crop-year reporting cycle.,Annual reporting window; do not calculate planting/harvest flags.,https://www.kaggle.com/datasets/arjunyadav99/indian-agriculture-crop-production-and-yield,"Project convention based on the recorded Indian crop-season label; Autumn and Winter are treated as crop reporting seasons, not literal meteorological seasons."
Tamil Nadu,Turnip,Whole Year,south_coastal,vegetable,annual_reporting_window,7,1,0,6,30,1,365,2010,2010-07-01,2011-06-30,2,2,state_zone+crop+season,v1.0,decided_project_convention,Whole Year mapped to the complete July-June crop-year reporting cycle.,Annual reporting window; do not calculate planting/harvest flags.,https://www.kaggle.com/datasets/arjunyadav99/indian-agriculture-crop-production-and-yield,"Project convention based on the recorded Indian crop-season label; Autumn and Winter are treated as crop reporting seasons, not literal meteorological seasons."
Tamil Nadu,Urad,Kharif,south_coastal,black_gram,crop_cycle_estimate,5,15,0,8,17,0,95,2010,2010-05-15,2010-08-17,642,31,state_zone+crop+season,v1.0,decided_project_convention,Crop-specific 95-day cycle starting from the south_coastal Kharif anchor.,,https://www.kaggle.com/datasets/arjunyadav99/indian-agriculture-crop-production-and-yield,https://en.wikipedia.org/wiki/Kharif_crop
Tamil Nadu,Urad,Rabi,south_coastal,black_gram,crop_cycle_estimate,10,1,0,1,3,1,95,2010,2010-10-01,2011-01-03,90,31,state_zone+crop+season,v1.0,decided_project_convention,Crop-specific 95-day cycle starting from the south_coastal Rabi anchor.,,https://www.kaggle.com/datasets/arjunyadav99/indian-agriculture-crop-production-and-yield,https://en.wikipedia.org/wiki/Rabi_crop
Tamil Nadu,Urad,Whole Year,south_coastal,black_gram,annual_reporting_window,7,1,0,6,30,1,365,2010,2010-07-01,2011-06-30,315,31,state_zone+crop+season,v1.0,decided_project_convention,Whole Year mapped to the complete July-June crop-year reporting cycle.,Annual reporting window; do not calculate planting/harvest flags.,https://www.kaggle.com/datasets/arjunyadav99/indian-agriculture-crop-production-and-yield,"Project convention based on the recorded Indian crop-season label; Autumn and Winter are treated as crop reporting seasons, not literal meteorological seasons."
Tamil Nadu,Varagu,Kharif,south_coastal,minor_cereal,crop_cycle_estimate,5,15,0,8,27,0,105,2010,2010-05-15,2010-08-27,43,21,state_zone+crop+season,v1.0,decided_project_convention,Crop-specific 105-day cycle starting from the south_coastal Kharif anchor.,,https://www.kaggle.com/datasets/arjunyadav99/indian-agriculture-crop-production-and-yield,https://en.wikipedia.org/wiki/Kharif_crop
Tamil Nadu,Water Melon,Whole Year,south_coastal,vegetable,annual_reporting_window,7,1,0,6,30,1,365,2010,2010-07-01,2011-06-30,32,20,state_zone+crop+season,v1.0,decided_project_convention,Whole Year mapped to the complete July-June crop-year reporting cycle.,Annual reporting window; do not calculate planting/harvest flags.,https://www.kaggle.com/datasets/arjunyadav99/indian-agriculture-crop-production-and-yield,"Project convention based on the recorded Indian crop-season label; Autumn and Winter are treated as crop reporting seasons, not literal meteorological seasons."
Tamil Nadu,Wheat,Rabi,south_coastal,wheat,crop_cycle_estimate,10,16,0,3,14,1,150,2010,2010-10-16,2011-03-14,19,5,state_zone+crop+season,v1.0,decided_project_convention,Crop-specific 150-day cycle starting from the south_coastal Rabi anchor.,,https://www.kaggle.com/datasets/arjunyadav99/indian-agriculture-crop-production-and-yield,https://en.wikipedia.org/wiki/Rabi_crop
Tamil Nadu,Yam,Whole Year,south_coastal,yam,annual_reporting_window,7,1,0,6,30,1,365,2010,2010-07-01,2011-06-30,36,21,state_zone+crop+season,v1.0,decided_project_convention,Whole Year mapped to the complete July-June crop-year reporting cycle.,Annual reporting window; do not calculate planting/harvest flags.,https://www.kaggle.com/datasets/arjunyadav99/indian-agriculture-crop-production-and-yield,"Project convention based on the recorded Indian crop-season label; Autumn and Winter are treated as crop reporting seasons, not literal meteorological seasons."
Telangana,Arhar/Tur,Kharif,south_coastal,pigeon_pea,crop_cycle_estimate,4,30,0,11,15,0,200,2010,2010-04-30,2010-11-15,162,9,state_zone+crop+season,v1.0,decided_project_convention,Crop-specific 200-day cycle starting from the south_coastal Kharif anchor.,,https://www.kaggle.com/datasets/arjunyadav99/indian-agriculture-crop-production-and-yield,https://en.wikipedia.org/wiki/Kharif_crop
Telangana,Arhar/Tur,Rabi,south_coastal,pigeon_pea,crop_cycle_estimate,10,1,0,2,27,1,150,2010,2010-10-01,2011-02-27,85,9,state_zone+crop+season,v1.0,decided_project_convention,Crop-specific 150-day cycle starting from the south_coastal Rabi anchor.,,https://www.kaggle.com/datasets/arjunyadav99/indian-agriculture-crop-production-and-yield,https://en.wikipedia.org/wiki/Rabi_crop
Telangana,Bajra,Kharif,south_coastal,pearl_millet,crop_cycle_estimate,5,15,0,8,22,0,100,2010,2010-05-15,2010-08-22,108,7,state_zone+crop+season,v1.0,decided_project_convention,Crop-specific 100-day cycle starting from the south_coastal Kharif anchor.,,https://www.kaggle.com/datasets/arjunyadav99/indian-agriculture-crop-production-and-yield,https://en.wikipedia.org/wiki/Kharif_crop
Telangana,Bajra,Rabi,south_coastal,pearl_millet,crop_cycle_estimate,10,1,0,1,8,1,100,2010,2010-10-01,2011-01-08,97,9,state_zone+crop+season,v1.0,decided_project_convention,Crop-specific 100-day cycle starting from the south_coastal Rabi anchor.,,https://www.kaggle.com/datasets/arjunyadav99/indian-agriculture-crop-production-and-yield,https://en.wikipedia.org/wiki/Rabi_crop
Telangana,Banana,Kharif,south_coastal,fruit_perennial,seasonal_reporting_window,5,15,0,11,30,0,200,2010,2010-05-15,2010-11-30,23,8,state_zone+crop+season,v1.0,decided_project_convention,Perennial or plantation crop mapped to its recorded reporting season.,Seasonal reporting window for a perennial/plantation crop; not its full biological life cycle.,https://www.kaggle.com/datasets/arjunyadav99/indian-agriculture-crop-production-and-yield,https://en.wikipedia.org/wiki/Kharif_crop
Telangana,Banana,Whole Year,south_coastal,fruit_perennial,annual_reporting_window,7,1,0,6,30,1,365,2010,2010-07-01,2011-06-30,81,9,state_zone+crop+season,v1.0,decided_project_convention,Whole Year mapped to the complete July-June crop-year reporting cycle.,Annual reporting window; do not calculate planting/harvest flags.,https://www.kaggle.com/datasets/arjunyadav99/indian-agriculture-crop-production-and-yield,"Project convention based on the recorded Indian crop-season label; Autumn and Winter are treated as crop reporting seasons, not literal meteorological seasons."
Telangana,Beans & Mutter(Vegetable),Whole Year,south_coastal,vegetable,annual_reporting_window,7,1,0,6,30,1,365,2010,2010-07-01,2011-06-30,18,9,state_zone+crop+season,v1.0,decided_project_convention,Whole Year mapped to the complete July-June crop-year reporting cycle.,Annual reporting window; do not calculate planting/harvest flags.,https://www.kaggle.com/datasets/arjunyadav99/indian-agriculture-crop-production-and-yield,"Project convention based on the recorded Indian crop-season label; Autumn and Winter are treated as crop reporting seasons, not literal meteorological seasons."
Telangana,Bhindi,Whole Year,south_coastal,vegetable,annual_reporting_window,7,1,0,6,30,1,365,2010,2010-07-01,2011-06-30,18,9,state_zone+crop+season,v1.0,decided_project_convention,Whole Year mapped to the complete July-June crop-year reporting cycle.,Annual reporting window; do not calculate planting/harvest flags.,https://www.kaggle.com/datasets/arjunyadav99/indian-agriculture-crop-production-and-yield,"Project convention based on the recorded Indian crop-season label; Autumn and Winter are treated as crop reporting seasons, not literal meteorological seasons."
Telangana,Bottle Gourd,Whole Year,south_coastal,vegetable,annual_reporting_window,7,1,0,6,30,1,365,2010,2010-07-01,2011-06-30,18,9,state_zone+crop+season,v1.0,decided_project_convention,Whole Year mapped to the complete July-June crop-year reporting cycle.,Annual reporting window; do not calculate planting/harvest flags.,https://www.kaggle.com/datasets/arjunyadav99/indian-agriculture-crop-production-and-yield,"Project convention based on the recorded Indian crop-season label; Autumn and Winter are treated as crop reporting seasons, not literal meteorological seasons."
Telangana,Brinjal,Whole Year,south_coastal,vegetable,annual_reporting_window,7,1,0,6,30,1,365,2010,2010-07-01,2011-06-30,18,9,state_zone+crop+season,v1.0,decided_project_convention,Whole Year mapped to the complete July-June crop-year reporting cycle.,Annual reporting window; do not calculate planting/harvest flags.,https://www.kaggle.com/datasets/arjunyadav99/indian-agriculture-crop-production-and-yield,"Project convention based on the recorded Indian crop-season label; Autumn and Winter are treated as crop reporting seasons, not literal meteorological seasons."
Telangana,Cabbage,Whole Year,south_coastal,vegetable,annual_reporting_window,7,1,0,6,30,1,365,2010,2010-07-01,2011-06-30,15,8,state_zone+crop+season,v1.0,decided_project_convention,Whole Year mapped to the complete July-June crop-year reporting cycle.,Annual reporting window; do not calculate planting/harvest flags.,https://www.kaggle.com/datasets/arjunyadav99/indian-agriculture-crop-production-and-yield,"Project convention based on the recorded Indian crop-season label; Autumn and Winter are treated as crop reporting seasons, not literal meteorological seasons."
Telangana,Cashewnut,Kharif,south_coastal,cashew,seasonal_reporting_window,5,15,0,11,30,0,200,2010,2010-05-15,2010-11-30,8,2,state_zone+crop+season,v1.0,decided_project_convention,Perennial or plantation crop mapped to its recorded reporting season.,Seasonal reporting window for a perennial/plantation crop; not its full biological life cycle.,https://www.kaggle.com/datasets/arjunyadav99/indian-agriculture-crop-production-and-yield,https://en.wikipedia.org/wiki/Kharif_crop
Telangana,Cashewnut,Whole Year,south_coastal,cashew,annual_reporting_window,7,1,0,6,30,1,365,2010,2010-07-01,2011-06-30,39,6,state_zone+crop+season,v1.0,decided_project_convention,Whole Year mapped to the complete July-June crop-year reporting cycle.,Annual reporting window; do not calculate planting/harvest flags.,https://www.kaggle.com/datasets/arjunyadav99/indian-agriculture-crop-production-and-yield,"Project convention based on the recorded Indian crop-season label; Autumn and Winter are treated as crop reporting seasons, not literal meteorological seasons."
Telangana,Castor seed,Kharif,south_coastal,castor,crop_cycle_estimate,4,30,0,10,26,0,180,2010,2010-04-30,2010-10-26,156,9,state_zone+crop+season,v1.0,decided_project_convention,Crop-specific 180-day cycle starting from the south_coastal Kharif anchor.,,https://www.kaggle.com/datasets/arjunyadav99/indian-agriculture-crop-production-and-yield,https://en.wikipedia.org/wiki/Kharif_crop
Telangana,Castor seed,Rabi,south_coastal,castor,crop_cycle_estimate,10,1,0,3,29,1,180,2010,2010-10-01,2011-03-29,14,4,state_zone+crop+season,v1.0,decided_project_convention,Crop-specific 180-day cycle starting from the south_coastal Rabi anchor.,,https://www.kaggle.com/datasets/arjunyadav99/indian-agriculture-crop-production-and-yield,https://en.wikipedia.org/wiki/Rabi_crop
Telangana,Castor seed,Whole Year,south_coastal,castor,annual_reporting_window,7,1,0,6,30,1,365,2010,2010-07-01,2011-06-30,8,8,state_zone+crop+season,v1.0,decided_project_convention,Whole Year mapped to the complete July-June crop-year reporting cycle.,Annual reporting window; do not calculate planting/harvest flags.,https://www.kaggle.com/datasets/arjunyadav99/indian-agriculture-crop-production-and-yield,"Project convention based on the recorded Indian crop-season label; Autumn and Winter are treated as crop reporting seasons, not literal meteorological seasons."
Telangana,Citrus Fruit,Whole Year,south_coastal,fruit_perennial,annual_reporting_window,7,1,0,6,30,1,365,2010,2010-07-01,2011-06-30,18,9,state_zone+crop+season,v1.0,decided_project_convention,Whole Year mapped to the complete July-June crop-year reporting cycle.,Annual reporting window; do not calculate planting/harvest flags.,https://www.kaggle.com/datasets/arjunyadav99/indian-agriculture-crop-production-and-yield,"Project convention based on the recorded Indian crop-season label; Autumn and Winter are treated as crop reporting seasons, not literal meteorological seasons."
Telangana,Coconut,Kharif,south_coastal,coconut,seasonal_reporting_window,5,15,0,11,30,0,200,2010,2010-05-15,2010-11-30,2,2,state_zone+crop+season,v1.0,decided_project_convention,Perennial or plantation crop mapped to its recorded reporting season.,Seasonal reporting window for a perennial/plantation crop; not its full biological life cycle.,https://www.kaggle.com/datasets/arjunyadav99/indian-agriculture-crop-production-and-yield,https://en.wikipedia.org/wiki/Kharif_crop
Telangana,Coconut,Whole Year,south_coastal,coconut,annual_reporting_window,7,1,0,6,30,1,365,2010,2010-07-01,2011-06-30,54,6,state_zone+crop+season,v1.0,decided_project_convention,Whole Year mapped to the complete July-June crop-year reporting cycle.,Annual reporting window; do not calculate planting/harvest flags.,https://www.kaggle.com/datasets/arjunyadav99/indian-agriculture-crop-production-and-yield,"Project convention based on the recorded Indian crop-season label; Autumn and Winter are treated as crop reporting seasons, not literal meteorological seasons."
Telangana,Coriander,Whole Year,south_coastal,coriander,annual_reporting_window,7,1,0,6,30,1,365,2010,2010-07-01,2011-06-30,119,9,state_zone+crop+season,v1.0,decided_project_convention,Whole Year mapped to the complete July-June crop-year reporting cycle.,Annual reporting window; do not calculate planting/harvest flags.,https://www.kaggle.com/datasets/arjunyadav99/indian-agriculture-crop-production-and-yield,"Project convention based on the recorded Indian crop-season label; Autumn and Winter are treated as crop reporting seasons, not literal meteorological seasons."
Telangana,Cotton(lint),Kharif,south_coastal,cotton,crop_cycle_estimate,4,30,0,11,25,0,210,2010,2010-04-30,2010-11-25,171,9,state_zone+crop+season,v1.0,decided_project_convention,Crop-specific 210-day cycle starting from the south_coastal Kharif anchor.,,https://www.kaggle.com/datasets/arjunyadav99/indian-agriculture-crop-production-and-yield,https://en.wikipedia.org/wiki/Kharif_crop
Telangana,Cowpea(Lobia),Kharif,south_coastal,cowpea,crop_cycle_estimate,5,15,0,8,22,0,100,2010,2010-05-15,2010-08-22,34,8,state_zone+crop+season,v1.0,decided_project_convention,Crop-specific 100-day cycle starting from the south_coastal Kharif anchor.,,https://www.kaggle.com/datasets/arjunyadav99/indian-agriculture-crop-production-and-yield,https://en.wikipedia.org/wiki/Kharif_crop
Telangana,Cowpea(Lobia),Rabi,south_coastal,cowpea,crop_cycle_estimate,10,1,0,1,8,1,100,2010,2010-10-01,2011-01-08,40,8,state_zone+crop+season,v1.0,decided_project_convention,Crop-specific 100-day cycle starting from the south_coastal Rabi anchor.,,https://www.kaggle.com/datasets/arjunyadav99/indian-agriculture-crop-production-and-yield,https://en.wikipedia.org/wiki/Rabi_crop
Telangana,Cucumber,Whole Year,south_coastal,vegetable,annual_reporting_window,7,1,0,6,30,1,365,2010,2010-07-01,2011-06-30,18,9,state_zone+crop+season,v1.0,decided_project_convention,Whole Year mapped to the complete July-June crop-year reporting cycle.,Annual reporting window; do not calculate planting/harvest flags.,https://www.kaggle.com/datasets/arjunyadav99/indian-agriculture-crop-production-and-yield,"Project convention based on the recorded Indian crop-season label; Autumn and Winter are treated as crop reporting seasons, not literal meteorological seasons."
Telangana,Dry chillies,Kharif,south_coastal,chilli,crop_cycle_estimate,5,15,0,11,10,0,180,2010,2010-05-15,2010-11-10,162,10,state_zone+crop+season,v1.0,decided_project_convention,Crop-specific 180-day cycle starting from the south_coastal Kharif anchor.,,https://www.kaggle.com/datasets/arjunyadav99/indian-agriculture-crop-production-and-yield,https://en.wikipedia.org/wiki/Kharif_crop
Telangana,Dry chillies,Rabi,south_coastal,chilli,crop_cycle_estimate,10,1,0,3,29,1,180,2010,2010-10-01,2011-03-29,153,9,state_zone+crop+season,v1.0,decided_project_convention,Crop-specific 180-day cycle starting from the south_coastal Rabi anchor.,,https://www.kaggle.com/datasets/arjunyadav99/indian-agriculture-crop-production-and-yield,https://en.wikipedia.org/wiki/Rabi_crop
Telangana,Dry chillies,Whole Year,south_coastal,chilli,annual_reporting_window,7,1,0,6,30,1,365,2010,2010-07-01,2011-06-30,9,9,state_zone+crop+season,v1.0,decided_project_convention,Whole Year mapped to the complete July-June crop-year reporting cycle.,Annual reporting window; do not calculate planting/harvest flags.,https://www.kaggle.com/datasets/arjunyadav99/indian-agriculture-crop-production-and-yield,"Project convention based on the recorded Indian crop-season label; Autumn and Winter are treated as crop reporting seasons, not literal meteorological seasons."
Telangana,Dry ginger,Whole Year,south_coastal,ginger,annual_reporting_window,7,1,0,6,30,1,365,2010,2010-07-01,2011-06-30,46,5,state_zone+crop+season,v1.0,decided_project_convention,Whole Year mapped to the complete July-June crop-year reporting cycle.,Annual reporting window; do not calculate planting/harvest flags.,https://www.kaggle.com/datasets/arjunyadav99/indian-agriculture-crop-production-and-yield,"Project convention based on the recorded Indian crop-season label; Autumn and Winter are treated as crop reporting seasons, not literal meteorological seasons."
Telangana,Garlic,Whole Year,south_coastal,garlic,annual_reporting_window,7,1,0,6,30,1,365,2010,2010-07-01,2011-06-30,11,4,state_zone+crop+season,v1.0,decided_project_convention,Whole Year mapped to the complete July-June crop-year reporting cycle.,Annual reporting window; do not calculate planting/harvest flags.,https://www.kaggle.com/datasets/arjunyadav99/indian-agriculture-crop-production-and-yield,"Project convention based on the recorded Indian crop-season label; Autumn and Winter are treated as crop reporting seasons, not literal meteorological seasons."
Telangana,Ginger,Kharif,south_coastal,ginger,crop_cycle_estimate,5,15,0,1,9,1,240,2010,2010-05-15,2011-01-09,14,5,state_zone+crop+season,v1.0,decided_project_convention,Crop-specific 240-day cycle starting from the south_coastal Kharif anchor.,,https://www.kaggle.com/datasets/arjunyadav99/indian-agriculture-crop-production-and-yield,https://en.wikipedia.org/wiki/Kharif_crop
Telangana,Ginger,Rabi,south_coastal,ginger,crop_cycle_estimate,10,1,0,5,28,1,240,2010,2010-10-01,2011-05-28,1,1,state_zone+crop+season,v1.0,decided_project_convention,Crop-specific 240-day cycle starting from the south_coastal Rabi anchor.,,https://www.kaggle.com/datasets/arjunyadav99/indian-agriculture-crop-production-and-yield,https://en.wikipedia.org/wiki/Rabi_crop
Telangana,Ginger,Whole Year,south_coastal,ginger,annual_reporting_window,7,1,0,6,30,1,365,2010,2010-07-01,2011-06-30,4,4,state_zone+crop+season,v1.0,decided_project_convention,Whole Year mapped to the complete July-June crop-year reporting cycle.,Annual reporting window; do not calculate planting/harvest flags.,https://www.kaggle.com/datasets/arjunyadav99/indian-agriculture-crop-production-and-yield,"Project convention based on the recorded Indian crop-season label; Autumn and Winter are treated as crop reporting seasons, not literal meteorological seasons."
Telangana,Gram,Kharif,south_coastal,chickpea,crop_cycle_estimate,5,15,0,9,21,0,130,2010,2010-05-15,2010-09-21,9,6,state_zone+crop+season,v1.0,decided_project_convention,Crop-specific 130-day cycle starting from the south_coastal Kharif anchor.,,https://www.kaggle.com/datasets/arjunyadav99/indian-agriculture-crop-production-and-yield,https://en.wikipedia.org/wiki/Kharif_crop
Telangana,Gram,Rabi,south_coastal,chickpea,crop_cycle_estimate,10,16,0,2,22,1,130,2010,2010-10-16,2011-02-22,167,9,state_zone+crop+season,v1.0,decided_project_convention,Crop-specific 130-day cycle starting from the south_coastal Rabi anchor.,,https://www.kaggle.com/datasets/arjunyadav99/indian-agriculture-crop-production-and-yield,https://en.wikipedia.org/wiki/Rabi_crop
Telangana,Grapes,Whole Year,south_coastal,fruit_perennial,annual_reporting_window,7,1,0,6,30,1,365,2010,2010-07-01,2011-06-30,9,6,state_zone+crop+season,v1.0,decided_project_convention,Whole Year mapped to the complete July-June crop-year reporting cycle.,Annual reporting window; do not calculate planting/harvest flags.,https://www.kaggle.com/datasets/arjunyadav99/indian-agriculture-crop-production-and-yield,"Project convention based on the recorded Indian crop-season label; Autumn and Winter are treated as crop reporting seasons, not literal meteorological seasons."
Telangana,Groundnut,Kharif,south_coastal,groundnut,crop_cycle_estimate,5,15,0,9,11,0,120,2010,2010-05-15,2010-09-11,158,9,state_zone+crop+season,v1.0,decided_project_convention,Crop-specific 120-day cycle starting from the south_coastal Kharif anchor.,,https://www.kaggle.com/datasets/arjunyadav99/indian-agriculture-crop-production-and-yield,https://en.wikipedia.org/wiki/Kharif_crop
Telangana,Groundnut,Rabi,south_coastal,groundnut,crop_cycle_estimate,10,1,0,1,28,1,120,2010,2010-10-01,2011-01-28,171,9,state_zone+crop+season,v1.0,decided_project_convention,Crop-specific 120-day cycle starting from the south_coastal Rabi anchor.,,https://www.kaggle.com/datasets/arjunyadav99/indian-agriculture-crop-production-and-yield,https://en.wikipedia.org/wiki/Rabi_crop
Telangana,Horse-gram,Kharif,south_coastal,horse_gram,crop_cycle_estimate,5,15,0,9,1,0,110,2010,2010-05-15,2010-09-01,60,9,state_zone+crop+season,v1.0,decided_project_convention,Crop-specific 110-day cycle starting from the south_coastal Kharif anchor.,,https://www.kaggle.com/datasets/arjunyadav99/indian-agriculture-crop-production-and-yield,https://en.wikipedia.org/wiki/Kharif_crop
Telangana,Horse-gram,Rabi,south_coastal,horse_gram,crop_cycle_estimate,10,1,0,1,18,1,110,2010,2010-10-01,2011-01-18,152,9,state_zone+crop+season,v1.0,decided_project_convention,Crop-specific 110-day cycle starting from the south_coastal Rabi anchor.,,https://www.kaggle.com/datasets/arjunyadav99/indian-agriculture-crop-production-and-yield,https://en.wikipedia.org/wiki/Rabi_crop
Telangana,Jowar,Kharif,south_coastal,sorghum,crop_cycle_estimate,5,15,0,9,11,0,120,2010,2010-05-15,2010-09-11,163,9,state_zone+crop+season,v1.0,decided_project_convention,Crop-specific 120-day cycle starting from the south_coastal Kharif anchor.,,https://www.kaggle.com/datasets/arjunyadav99/indian-agriculture-crop-production-and-yield,https://en.wikipedia.org/wiki/Kharif_crop
Telangana,Jowar,Rabi,south_coastal,sorghum,crop_cycle_estimate,10,1,0,1,28,1,120,2010,2010-10-01,2011-01-28,169,9,state_zone+crop+season,v1.0,decided_project_convention,Crop-specific 120-day cycle starting from the south_coastal Rabi anchor.,,https://www.kaggle.com/datasets/arjunyadav99/indian-agriculture-crop-production-and-yield,https://en.wikipedia.org/wiki/Rabi_crop
Telangana,Korra,Kharif,south_coastal,minor_cereal,crop_cycle_estimate,5,15,0,8,27,0,105,2010,2010-05-15,2010-08-27,17,5,state_zone+crop+season,v1.0,decided_project_convention,Crop-specific 105-day cycle starting from the south_coastal Kharif anchor.,,https://www.kaggle.com/datasets/arjunyadav99/indian-agriculture-crop-production-and-yield,https://en.wikipedia.org/wiki/Kharif_crop
Telangana,Linseed,Rabi,south_coastal,linseed,crop_cycle_estimate,10,16,0,2,22,1,130,2010,2010-10-16,2011-02-22,40,4,state_zone+crop+season,v1.0,decided_project_convention,Crop-specific 130-day cycle starting from the south_coastal Rabi anchor.,,https://www.kaggle.com/datasets/arjunyadav99/indian-agriculture-crop-production-and-yield,https://en.wikipedia.org/wiki/Rabi_crop
Telangana,Linseed,Whole Year,south_coastal,linseed,annual_reporting_window,7,1,0,6,30,1,365,2010,2010-07-01,2011-06-30,1,1,state_zone+crop+season,v1.0,decided_project_convention,Whole Year mapped to the complete July-June crop-year reporting cycle.,Annual reporting window; do not calculate planting/harvest flags.,https://www.kaggle.com/datasets/arjunyadav99/indian-agriculture-crop-production-and-yield,"Project convention based on the recorded Indian crop-season label; Autumn and Winter are treated as crop reporting seasons, not literal meteorological seasons."
Telangana,Maize,Kharif,south_coastal,maize,crop_cycle_estimate,5,15,0,9,11,0,120,2010,2010-05-15,2010-09-11,171,9,state_zone+crop+season,v1.0,decided_project_convention,Crop-specific 120-day cycle starting from the south_coastal Kharif anchor.,,https://www.kaggle.com/datasets/arjunyadav99/indian-agriculture-crop-production-and-yield,https://en.wikipedia.org/wiki/Kharif_crop
Telangana,Maize,Rabi,south_coastal,maize,crop_cycle_estimate,10,1,0,1,28,1,120,2010,2010-10-01,2011-01-28,171,9,state_zone+crop+season,v1.0,decided_project_convention,Crop-specific 120-day cycle starting from the south_coastal Rabi anchor.,,https://www.kaggle.com/datasets/arjunyadav99/indian-agriculture-crop-production-and-yield,https://en.wikipedia.org/wiki/Rabi_crop
Telangana,Mango,Whole Year,south_coastal,fruit_perennial,annual_reporting_window,7,1,0,6,30,1,365,2010,2010-07-01,2011-06-30,18,9,state_zone+crop+season,v1.0,decided_project_convention,Whole Year mapped to the complete July-June crop-year reporting cycle.,Annual reporting window; do not calculate planting/harvest flags.,https://www.kaggle.com/datasets/arjunyadav99/indian-agriculture-crop-production-and-yield,"Project convention based on the recorded Indian crop-season label; Autumn and Winter are treated as crop reporting seasons, not literal meteorological seasons."
Telangana,Masoor,Kharif,south_coastal,lentil,crop_cycle_estimate,5,15,0,9,11,0,120,2010,2010-05-15,2010-09-11,9,9,state_zone+crop+season,v1.0,decided_project_convention,Crop-specific 120-day cycle starting from the south_coastal Kharif anchor.,,https://www.kaggle.com/datasets/arjunyadav99/indian-agriculture-crop-production-and-yield,https://en.wikipedia.org/wiki/Kharif_crop
Telangana,Masoor,Rabi,south_coastal,lentil,crop_cycle_estimate,10,1,0,1,28,1,120,2010,2010-10-01,2011-01-28,11,7,state_zone+crop+season,v1.0,decided_project_convention,Crop-specific 120-day cycle starting from the south_coastal Rabi anchor.,,https://www.kaggle.com/datasets/arjunyadav99/indian-agriculture-crop-production-and-yield,https://en.wikipedia.org/wiki/Rabi_crop
Telangana,Mesta,Kharif,south_coastal,jute_mesta,crop_cycle_estimate,4,15,0,9,11,0,150,2010,2010-04-15,2010-09-11,40,8,state_zone+crop+season,v1.0,decided_project_convention,Crop-specific 150-day cycle starting from the south_coastal Kharif anchor.,,https://www.kaggle.com/datasets/arjunyadav99/indian-agriculture-crop-production-and-yield,https://en.wikipedia.org/wiki/Kharif_crop
Telangana,Mesta,Rabi,south_coastal,jute_mesta,crop_cycle_estimate,10,1,0,2,17,1,140,2010,2010-10-01,2011-02-17,2,1,state_zone+crop+season,v1.0,decided_project_convention,Crop-specific 140-day cycle starting from the south_coastal Rabi anchor.,,https://www.kaggle.com/datasets/arjunyadav99/indian-agriculture-crop-production-and-yield,https://en.wikipedia.org/wiki/Rabi_crop
Telangana,Moong(Green Gram),Kharif,south_coastal,green_gram,crop_cycle_estimate,5,15,0,8,12,0,90,2010,2010-05-15,2010-08-12,170,9,state_zone+crop+season,v1.0,decided_project_convention,Crop-specific 90-day cycle starting from the south_coastal Kharif anchor.,,https://www.kaggle.com/datasets/arjunyadav99/indian-agriculture-crop-production-and-yield,https://en.wikipedia.org/wiki/Kharif_crop
Telangana,Moong(Green Gram),Rabi,south_coastal,green_gram,crop_cycle_estimate,10,1,0,12,29,0,90,2010,2010-10-01,2010-12-29,124,9,state_zone+crop+season,v1.0,decided_project_convention,Crop-specific 90-day cycle starting from the south_coastal Rabi anchor.,,https://www.kaggle.com/datasets/arjunyadav99/indian-agriculture-crop-production-and-yield,https://en.wikipedia.org/wiki/Rabi_crop
Telangana,Niger seed,Kharif,south_coastal,niger,crop_cycle_estimate,5,15,0,9,11,0,120,2010,2010-05-15,2010-09-11,15,2,state_zone+crop+season,v1.0,decided_project_convention,Crop-specific 120-day cycle starting from the south_coastal Kharif anchor.,,https://www.kaggle.com/datasets/arjunyadav99/indian-agriculture-crop-production-and-yield,https://en.wikipedia.org/wiki/Kharif_crop
Telangana,Onion,Kharif,south_coastal,onion,crop_cycle_estimate,5,15,0,10,11,0,150,2010,2010-05-15,2010-10-11,93,8,state_zone+crop+season,v1.0,decided_project_convention,Crop-specific 150-day cycle starting from the south_coastal Kharif anchor.,,https://www.kaggle.com/datasets/arjunyadav99/indian-agriculture-crop-production-and-yield,https://en.wikipedia.org/wiki/Kharif_crop
Telangana,Onion,Rabi,south_coastal,onion,crop_cycle_estimate,10,16,0,3,14,1,150,2010,2010-10-16,2011-03-14,133,9,state_zone+crop+season,v1.0,decided_project_convention,Crop-specific 150-day cycle starting from the south_coastal Rabi anchor.,,https://www.kaggle.com/datasets/arjunyadav99/indian-agriculture-crop-production-and-yield,https://en.wikipedia.org/wiki/Rabi_crop
Telangana,Onion,Whole Year,south_coastal,onion,annual_reporting_window,7,1,0,6,30,1,365,2010,2010-07-01,2011-06-30,7,7,state_zone+crop+season,v1.0,decided_project_convention,Whole Year mapped to the complete July-June crop-year reporting cycle.,Annual reporting window; do not calculate planting/harvest flags.,https://www.kaggle.com/datasets/arjunyadav99/indian-agriculture-crop-production-and-yield,"Project convention based on the recorded Indian crop-season label; Autumn and Winter are treated as crop reporting seasons, not literal meteorological seasons."
Telangana,Orange,Whole Year,south_coastal,fruit_perennial,annual_reporting_window,7,1,0,6,30,1,365,2010,2010-07-01,2011-06-30,18,9,state_zone+crop+season,v1.0,decided_project_convention,Whole Year mapped to the complete July-June crop-year reporting cycle.,Annual reporting window; do not calculate planting/harvest flags.,https://www.kaggle.com/datasets/arjunyadav99/indian-agriculture-crop-production-and-yield,"Project convention based on the recorded Indian crop-season label; Autumn and Winter are treated as crop reporting seasons, not literal meteorological seasons."
Telangana,Other Dry Fruit,Whole Year,south_coastal,fruit_perennial,annual_reporting_window,7,1,0,6,30,1,365,2010,2010-07-01,2011-06-30,1,1,state_zone+crop+season,v1.0,decided_project_convention,Whole Year mapped to the complete July-June crop-year reporting cycle.,Annual reporting window; do not calculate planting/harvest flags.,https://www.kaggle.com/datasets/arjunyadav99/indian-agriculture-crop-production-and-yield,"Project convention based on the recorded Indian crop-season label; Autumn and Winter are treated as crop reporting seasons, not literal meteorological seasons."
Telangana,Other Fresh Fruits,Whole Year,south_coastal,fruit_perennial,annual_reporting_window,7,1,0,6,30,1,365,2010,2010-07-01,2011-06-30,18,9,state_zone+crop+season,v1.0,decided_project_convention,Whole Year mapped to the complete July-June crop-year reporting cycle.,Annual reporting window; do not calculate planting/harvest flags.,https://www.kaggle.com/datasets/arjunyadav99/indian-agriculture-crop-production-and-yield,"Project convention based on the recorded Indian crop-season label; Autumn and Winter are treated as crop reporting seasons, not literal meteorological seasons."
Telangana,Other Kharif pulses,Kharif,south_coastal,aggregate_kharif_pulses,aggregate_reporting_window,5,15,0,11,30,0,200,2010,2010-05-15,2010-11-30,84,9,state_zone+crop+season,v1.0,decided_project_convention,Aggregate crop category mapped to the complete reporting-season window.,Aggregate crop category; uses the full reporting-season window.,https://www.kaggle.com/datasets/arjunyadav99/indian-agriculture-crop-production-and-yield,https://en.wikipedia.org/wiki/Kharif_crop
Telangana,Other Rabi pulses,Rabi,south_coastal,aggregate_rabi_pulses,aggregate_reporting_window,10,1,0,4,30,1,212,2010,2010-10-01,2011-04-30,78,8,state_zone+crop+season,v1.0,decided_project_convention,Aggregate crop category mapped to the complete reporting-season window.,Aggregate crop category; uses the full reporting-season window.,https://www.kaggle.com/datasets/arjunyadav99/indian-agriculture-crop-production-and-yield,https://en.wikipedia.org/wiki/Rabi_crop
Telangana,Other Vegetables,Whole Year,south_coastal,vegetable,annual_reporting_window,7,1,0,6,30,1,365,2010,2010-07-01,2011-06-30,18,9,state_zone+crop+season,v1.0,decided_project_convention,Whole Year mapped to the complete July-June crop-year reporting cycle.,Annual reporting window; do not calculate planting/harvest flags.,https://www.kaggle.com/datasets/arjunyadav99/indian-agriculture-crop-production-and-yield,"Project convention based on the recorded Indian crop-season label; Autumn and Winter are treated as crop reporting seasons, not literal meteorological seasons."
Telangana,Papaya,Whole Year,south_coastal,fruit_perennial,annual_reporting_window,7,1,0,6,30,1,365,2010,2010-07-01,2011-06-30,13,7,state_zone+crop+season,v1.0,decided_project_convention,Whole Year mapped to the complete July-June crop-year reporting cycle.,Annual reporting window; do not calculate planting/harvest flags.,https://www.kaggle.com/datasets/arjunyadav99/indian-agriculture-crop-production-and-yield,"Project convention based on the recorded Indian crop-season label; Autumn and Winter are treated as crop reporting seasons, not literal meteorological seasons."
Telangana,Peas (vegetable),Whole Year,south_coastal,vegetable,annual_reporting_window,7,1,0,6,30,1,365,2010,2010-07-01,2011-06-30,8,5,state_zone+crop+season,v1.0,decided_project_convention,Whole Year mapped to the complete July-June crop-year reporting cycle.,Annual reporting window; do not calculate planting/harvest flags.,https://www.kaggle.com/datasets/arjunyadav99/indian-agriculture-crop-production-and-yield,"Project convention based on the recorded Indian crop-season label; Autumn and Winter are treated as crop reporting seasons, not literal meteorological seasons."
Telangana,Pome Fruit,Whole Year,south_coastal,fruit_perennial,annual_reporting_window,7,1,0,6,30,1,365,2010,2010-07-01,2011-06-30,18,9,state_zone+crop+season,v1.0,decided_project_convention,Whole Year mapped to the complete July-June crop-year reporting cycle.,Annual reporting window; do not calculate planting/harvest flags.,https://www.kaggle.com/datasets/arjunyadav99/indian-agriculture-crop-production-and-yield,"Project convention based on the recorded Indian crop-season label; Autumn and Winter are treated as crop reporting seasons, not literal meteorological seasons."
Telangana,Potato,Kharif,south_coastal,potato,crop_cycle_estimate,5,15,0,9,11,0,120,2010,2010-05-15,2010-09-11,1,1,state_zone+crop+season,v1.0,decided_project_convention,Crop-specific 120-day cycle starting from the south_coastal Kharif anchor.,,https://www.kaggle.com/datasets/arjunyadav99/indian-agriculture-crop-production-and-yield,https://en.wikipedia.org/wiki/Kharif_crop
Telangana,Potato,Rabi,south_coastal,potato,crop_cycle_estimate,10,16,0,2,12,1,120,2010,2010-10-16,2011-02-12,6,3,state_zone+crop+season,v1.0,decided_project_convention,Crop-specific 120-day cycle starting from the south_coastal Rabi anchor.,,https://www.kaggle.com/datasets/arjunyadav99/indian-agriculture-crop-production-and-yield,https://en.wikipedia.org/wiki/Rabi_crop
Telangana,Potato,Whole Year,south_coastal,potato,annual_reporting_window,7,1,0,6,30,1,365,2010,2010-07-01,2011-06-30,34,5,state_zone+crop+season,v1.0,decided_project_convention,Whole Year mapped to the complete July-June crop-year reporting cycle.,Annual reporting window; do not calculate planting/harvest flags.,https://www.kaggle.com/datasets/arjunyadav99/indian-agriculture-crop-production-and-yield,"Project convention based on the recorded Indian crop-season label; Autumn and Winter are treated as crop reporting seasons, not literal meteorological seasons."
Telangana,Ragi,Kharif,south_coastal,finger_millet,crop_cycle_estimate,5,15,0,9,11,0,120,2010,2010-05-15,2010-09-11,72,6,state_zone+crop+season,v1.0,decided_project_convention,Crop-specific 120-day cycle starting from the south_coastal Kharif anchor.,,https://www.kaggle.com/datasets/arjunyadav99/indian-agriculture-crop-production-and-yield,https://en.wikipedia.org/wiki/Kharif_crop
Telangana,Ragi,Rabi,south_coastal,finger_millet,crop_cycle_estimate,10,1,0,1,28,1,120,2010,2010-10-01,2011-01-28,50,7,state_zone+crop+season,v1.0,decided_project_convention,Crop-specific 120-day cycle starting from the south_coastal Rabi anchor.,,https://www.kaggle.com/datasets/arjunyadav99/indian-agriculture-crop-production-and-yield,https://en.wikipedia.org/wiki/Rabi_crop
Telangana,Rapeseed &Mustard,Rabi,south_coastal,rapeseed_mustard,crop_cycle_estimate,10,16,0,3,4,1,140,2010,2010-10-16,2011-03-04,48,6,state_zone+crop+season,v1.0,decided_project_convention,Crop-specific 140-day cycle starting from the south_coastal Rabi anchor.,,https://www.kaggle.com/datasets/arjunyadav99/indian-agriculture-crop-production-and-yield,https://en.wikipedia.org/wiki/Rabi_crop
Telangana,Rice,Kharif,south_coastal,rice,crop_cycle_estimate,5,15,0,10,11,0,150,2010,2010-05-15,2010-10-11,175,10,state_zone+crop+season,v1.0,decided_project_convention,Crop-specific 150-day cycle starting from the south_coastal Kharif anchor.,,https://www.kaggle.com/datasets/arjunyadav99/indian-agriculture-crop-production-and-yield,https://en.wikipedia.org/wiki/Kharif_crop
Telangana,Rice,Rabi,south_coastal,rice,crop_cycle_estimate,10,1,0,2,27,1,150,2010,2010-10-01,2011-02-27,174,10,state_zone+crop+season,v1.0,decided_project_convention,Crop-specific 150-day cycle starting from the south_coastal Rabi anchor.,,https://www.kaggle.com/datasets/arjunyadav99/indian-agriculture-crop-production-and-yield,https://en.wikipedia.org/wiki/Rabi_crop
Telangana,Safflower,Rabi,south_coastal,safflower,crop_cycle_estimate,10,1,0,2,27,1,150,2010,2010-10-01,2011-02-27,91,9,state_zone+crop+season,v1.0,decided_project_convention,Crop-specific 150-day cycle starting from the south_coastal Rabi anchor.,,https://www.kaggle.com/datasets/arjunyadav99/indian-agriculture-crop-production-and-yield,https://en.wikipedia.org/wiki/Rabi_crop
Telangana,Safflower,Whole Year,south_coastal,safflower,annual_reporting_window,7,1,0,6,30,1,365,2010,2010-07-01,2011-06-30,5,5,state_zone+crop+season,v1.0,decided_project_convention,Whole Year mapped to the complete July-June crop-year reporting cycle.,Annual reporting window; do not calculate planting/harvest flags.,https://www.kaggle.com/datasets/arjunyadav99/indian-agriculture-crop-production-and-yield,"Project convention based on the recorded Indian crop-season label; Autumn and Winter are treated as crop reporting seasons, not literal meteorological seasons."
Telangana,Samai,Kharif,south_coastal,minor_cereal,crop_cycle_estimate,5,15,0,8,27,0,105,2010,2010-05-15,2010-08-27,15,4,state_zone+crop+season,v1.0,decided_project_convention,Crop-specific 105-day cycle starting from the south_coastal Kharif anchor.,,https://www.kaggle.com/datasets/arjunyadav99/indian-agriculture-crop-production-and-yield,https://en.wikipedia.org/wiki/Kharif_crop
Telangana,Samai,Rabi,south_coastal,minor_cereal,crop_cycle_estimate,10,1,0,1,13,1,105,2010,2010-10-01,2011-01-13,1,1,state_zone+crop+season,v1.0,decided_project_convention,Crop-specific 105-day cycle starting from the south_coastal Rabi anchor.,,https://www.kaggle.com/datasets/arjunyadav99/indian-agriculture-crop-production-and-yield,https://en.wikipedia.org/wiki/Rabi_crop
Telangana,Sesamum,Kharif,south_coastal,sesame,crop_cycle_estimate,5,15,0,8,22,0,100,2010,2010-05-15,2010-08-22,146,9,state_zone+crop+season,v1.0,decided_project_convention,Crop-specific 100-day cycle starting from the south_coastal Kharif anchor.,,https://www.kaggle.com/datasets/arjunyadav99/indian-agriculture-crop-production-and-yield,https://en.wikipedia.org/wiki/Kharif_crop
Telangana,Sesamum,Rabi,south_coastal,sesame,crop_cycle_estimate,10,1,0,1,8,1,100,2010,2010-10-01,2011-01-08,131,9,state_zone+crop+season,v1.0,decided_project_convention,Crop-specific 100-day cycle starting from the south_coastal Rabi anchor.,,https://www.kaggle.com/datasets/arjunyadav99/indian-agriculture-crop-production-and-yield,https://en.wikipedia.org/wiki/Rabi_crop
Telangana,Small millets,Kharif,south_coastal,minor_cereal,crop_cycle_estimate,5,15,0,8,27,0,105,2010,2010-05-15,2010-08-27,41,7,state_zone+crop+season,v1.0,decided_project_convention,Crop-specific 105-day cycle starting from the south_coastal Kharif anchor.,,https://www.kaggle.com/datasets/arjunyadav99/indian-agriculture-crop-production-and-yield,https://en.wikipedia.org/wiki/Kharif_crop
Telangana,Small millets,Rabi,south_coastal,minor_cereal,crop_cycle_estimate,10,1,0,1,13,1,105,2010,2010-10-01,2011-01-13,7,4,state_zone+crop+season,v1.0,decided_project_convention,Crop-specific 105-day cycle starting from the south_coastal Rabi anchor.,,https://www.kaggle.com/datasets/arjunyadav99/indian-agriculture-crop-production-and-yield,https://en.wikipedia.org/wiki/Rabi_crop
Telangana,Soyabean,Kharif,south_coastal,soybean,crop_cycle_estimate,5,15,0,9,1,0,110,2010,2010-05-15,2010-09-01,72,9,state_zone+crop+season,v1.0,decided_project_convention,Crop-specific 110-day cycle starting from the south_coastal Kharif anchor.,,https://www.kaggle.com/datasets/arjunyadav99/indian-agriculture-crop-production-and-yield,https://en.wikipedia.org/wiki/Kharif_crop
Telangana,Soyabean,Rabi,south_coastal,soybean,crop_cycle_estimate,10,1,0,1,18,1,110,2010,2010-10-01,2011-01-18,6,3,state_zone+crop+season,v1.0,decided_project_convention,Crop-specific 110-day cycle starting from the south_coastal Rabi anchor.,,https://www.kaggle.com/datasets/arjunyadav99/indian-agriculture-crop-production-and-yield,https://en.wikipedia.org/wiki/Rabi_crop
Telangana,Soyabean,Whole Year,south_coastal,soybean,annual_reporting_window,7,1,0,6,30,1,365,2010,2010-07-01,2011-06-30,8,8,state_zone+crop+season,v1.0,decided_project_convention,Whole Year mapped to the complete July-June crop-year reporting cycle.,Annual reporting window; do not calculate planting/harvest flags.,https://www.kaggle.com/datasets/arjunyadav99/indian-agriculture-crop-production-and-yield,"Project convention based on the recorded Indian crop-season label; Autumn and Winter are treated as crop reporting seasons, not literal meteorological seasons."
Telangana,Sugarcane,Kharif,south_coastal,sugarcane,crop_cycle_estimate,5,15,0,5,14,1,365,2010,2010-05-15,2011-05-14,41,9,state_zone+crop+season,v1.0,decided_project_convention,Crop-specific 365-day cycle starting from the south_coastal Kharif anchor.,,https://www.kaggle.com/datasets/arjunyadav99/indian-agriculture-crop-production-and-yield,https://en.wikipedia.org/wiki/Kharif_crop
Telangana,Sugarcane,Whole Year,south_coastal,sugarcane,annual_reporting_window,7,1,0,6,30,1,365,2010,2010-07-01,2011-06-30,104,8,state_zone+crop+season,v1.0,decided_project_convention,Whole Year mapped to the complete July-June crop-year reporting cycle.,Annual reporting window; do not calculate planting/harvest flags.,https://www.kaggle.com/datasets/arjunyadav99/indian-agriculture-crop-production-and-yield,"Project convention based on the recorded Indian crop-season label; Autumn and Winter are treated as crop reporting seasons, not literal meteorological seasons."
Telangana,Sunflower,Kharif,south_coastal,sunflower,crop_cycle_estimate,5,15,0,9,1,0,110,2010,2010-05-15,2010-09-01,81,9,state_zone+crop+season,v1.0,decided_project_convention,Crop-specific 110-day cycle starting from the south_coastal Kharif anchor.,,https://www.kaggle.com/datasets/arjunyadav99/indian-agriculture-crop-production-and-yield,https://en.wikipedia.org/wiki/Kharif_crop
Telangana,Sunflower,Rabi,south_coastal,sunflower,crop_cycle_estimate,10,1,0,1,18,1,110,2010,2010-10-01,2011-01-18,66,9,state_zone+crop+season,v1.0,decided_project_convention,Crop-specific 110-day cycle starting from the south_coastal Rabi anchor.,,https://www.kaggle.com/datasets/arjunyadav99/indian-agriculture-crop-production-and-yield,https://en.wikipedia.org/wiki/Rabi_crop
Telangana,Sunflower,Whole Year,south_coastal,sunflower,annual_reporting_window,7,1,0,6,30,1,365,2010,2010-07-01,2011-06-30,54,9,state_zone+crop+season,v1.0,decided_project_convention,Whole Year mapped to the complete July-June crop-year reporting cycle.,Annual reporting window; do not calculate planting/harvest flags.,https://www.kaggle.com/datasets/arjunyadav99/indian-agriculture-crop-production-and-yield,"Project convention based on the recorded Indian crop-season label; Autumn and Winter are treated as crop reporting seasons, not literal meteorological seasons."
Telangana,Sweet potato,Kharif,south_coastal,sweet_potato,crop_cycle_estimate,5,15,0,9,11,0,120,2010,2010-05-15,2010-09-11,2,2,state_zone+crop+season,v1.0,decided_project_convention,Crop-specific 120-day cycle starting from the south_coastal Kharif anchor.,,https://www.kaggle.com/datasets/arjunyadav99/indian-agriculture-crop-production-and-yield,https://en.wikipedia.org/wiki/Kharif_crop
Telangana,Sweet potato,Rabi,south_coastal,sweet_potato,crop_cycle_estimate,10,1,0,1,28,1,120,2010,2010-10-01,2011-01-28,8,4,state_zone+crop+season,v1.0,decided_project_convention,Crop-specific 120-day cycle starting from the south_coastal Rabi anchor.,,https://www.kaggle.com/datasets/arjunyadav99/indian-agriculture-crop-production-and-yield,https://en.wikipedia.org/wiki/Rabi_crop
Telangana,Sweet potato,Whole Year,south_coastal,sweet_potato,annual_reporting_window,7,1,0,6,30,1,365,2010,2010-07-01,2011-06-30,49,6,state_zone+crop+season,v1.0,decided_project_convention,Whole Year mapped to the complete July-June crop-year reporting cycle.,Annual reporting window; do not calculate planting/harvest flags.,https://www.kaggle.com/datasets/arjunyadav99/indian-agriculture-crop-production-and-yield,"Project convention based on the recorded Indian crop-season label; Autumn and Winter are treated as crop reporting seasons, not literal meteorological seasons."
Telangana,Tapioca,Whole Year,south_coastal,tapioca,annual_reporting_window,7,1,0,6,30,1,365,2010,2010-07-01,2011-06-30,5,3,state_zone+crop+season,v1.0,decided_project_convention,Whole Year mapped to the complete July-June crop-year reporting cycle.,Annual reporting window; do not calculate planting/harvest flags.,https://www.kaggle.com/datasets/arjunyadav99/indian-agriculture-crop-production-and-yield,"Project convention based on the recorded Indian crop-season label; Autumn and Winter are treated as crop reporting seasons, not literal meteorological seasons."
Telangana,Tobacco,Kharif,south_coastal,tobacco,crop_cycle_estimate,5,15,0,10,11,0,150,2010,2010-05-15,2010-10-11,13,7,state_zone+crop+season,v1.0,decided_project_convention,Crop-specific 150-day cycle starting from the south_coastal Kharif anchor.,,https://www.kaggle.com/datasets/arjunyadav99/indian-agriculture-crop-production-and-yield,https://en.wikipedia.org/wiki/Kharif_crop
Telangana,Tobacco,Rabi,south_coastal,tobacco,crop_cycle_estimate,10,1,0,2,27,1,150,2010,2010-10-01,2011-02-27,29,8,state_zone+crop+season,v1.0,decided_project_convention,Crop-specific 150-day cycle starting from the south_coastal Rabi anchor.,,https://www.kaggle.com/datasets/arjunyadav99/indian-agriculture-crop-production-and-yield,https://en.wikipedia.org/wiki/Rabi_crop
Telangana,Tobacco,Whole Year,south_coastal,tobacco,annual_reporting_window,7,1,0,6,30,1,365,2010,2010-07-01,2011-06-30,100,8,state_zone+crop+season,v1.0,decided_project_convention,Whole Year mapped to the complete July-June crop-year reporting cycle.,Annual reporting window; do not calculate planting/harvest flags.,https://www.kaggle.com/datasets/arjunyadav99/indian-agriculture-crop-production-and-yield,"Project convention based on the recorded Indian crop-season label; Autumn and Winter are treated as crop reporting seasons, not literal meteorological seasons."
Telangana,Tomato,Whole Year,south_coastal,vegetable,annual_reporting_window,7,1,0,6,30,1,365,2010,2010-07-01,2011-06-30,18,9,state_zone+crop+season,v1.0,decided_project_convention,Whole Year mapped to the complete July-June crop-year reporting cycle.,Annual reporting window; do not calculate planting/harvest flags.,https://www.kaggle.com/datasets/arjunyadav99/indian-agriculture-crop-production-and-yield,"Project convention based on the recorded Indian crop-season label; Autumn and Winter are treated as crop reporting seasons, not literal meteorological seasons."
Telangana,Turmeric,Kharif,south_coastal,turmeric,crop_cycle_estimate,5,15,0,2,8,1,270,2010,2010-05-15,2011-02-08,36,9,state_zone+crop+season,v1.0,decided_project_convention,Crop-specific 270-day cycle starting from the south_coastal Kharif anchor.,,https://www.kaggle.com/datasets/arjunyadav99/indian-agriculture-crop-production-and-yield,https://en.wikipedia.org/wiki/Kharif_crop
Telangana,Turmeric,Whole Year,south_coastal,turmeric,annual_reporting_window,7,1,0,6,30,1,365,2010,2010-07-01,2011-06-30,95,9,state_zone+crop+season,v1.0,decided_project_convention,Whole Year mapped to the complete July-June crop-year reporting cycle.,Annual reporting window; do not calculate planting/harvest flags.,https://www.kaggle.com/datasets/arjunyadav99/indian-agriculture-crop-production-and-yield,"Project convention based on the recorded Indian crop-season label; Autumn and Winter are treated as crop reporting seasons, not literal meteorological seasons."
Telangana,Urad,Kharif,south_coastal,black_gram,crop_cycle_estimate,5,15,0,8,17,0,95,2010,2010-05-15,2010-08-17,141,9,state_zone+crop+season,v1.0,decided_project_convention,Crop-specific 95-day cycle starting from the south_coastal Kharif anchor.,,https://www.kaggle.com/datasets/arjunyadav99/indian-agriculture-crop-production-and-yield,https://en.wikipedia.org/wiki/Kharif_crop
Telangana,Urad,Rabi,south_coastal,black_gram,crop_cycle_estimate,10,1,0,1,3,1,95,2010,2010-10-01,2011-01-03,139,9,state_zone+crop+season,v1.0,decided_project_convention,Crop-specific 95-day cycle starting from the south_coastal Rabi anchor.,,https://www.kaggle.com/datasets/arjunyadav99/indian-agriculture-crop-production-and-yield,https://en.wikipedia.org/wiki/Rabi_crop
Telangana,Varagu,Kharif,south_coastal,minor_cereal,crop_cycle_estimate,5,15,0,8,27,0,105,2010,2010-05-15,2010-08-27,1,1,state_zone+crop+season,v1.0,decided_project_convention,Crop-specific 105-day cycle starting from the south_coastal Kharif anchor.,,https://www.kaggle.com/datasets/arjunyadav99/indian-agriculture-crop-production-and-yield,https://en.wikipedia.org/wiki/Kharif_crop
Telangana,Varagu,Rabi,south_coastal,minor_cereal,crop_cycle_estimate,10,1,0,1,13,1,105,2010,2010-10-01,2011-01-13,1,1,state_zone+crop+season,v1.0,decided_project_convention,Crop-specific 105-day cycle starting from the south_coastal Rabi anchor.,,https://www.kaggle.com/datasets/arjunyadav99/indian-agriculture-crop-production-and-yield,https://en.wikipedia.org/wiki/Rabi_crop
Telangana,Wheat,Rabi,south_coastal,wheat,crop_cycle_estimate,10,16,0,3,14,1,150,2010,2010-10-16,2011-03-14,117,7,state_zone+crop+season,v1.0,decided_project_convention,Crop-specific 150-day cycle starting from the south_coastal Rabi anchor.,,https://www.kaggle.com/datasets/arjunyadav99/indian-agriculture-crop-production-and-yield,https://en.wikipedia.org/wiki/Rabi_crop
Telangana,other fibres,Whole Year,south_coastal,other_fibre,annual_reporting_window,7,1,0,6,30,1,365,2010,2010-07-01,2011-06-30,1,1,state_zone+crop+season,v1.0,decided_project_convention,Whole Year mapped to the complete July-June crop-year reporting cycle.,Annual reporting window; do not calculate planting/harvest flags.,https://www.kaggle.com/datasets/arjunyadav99/indian-agriculture-crop-production-and-yield,"Project convention based on the recorded Indian crop-season label; Autumn and Winter are treated as crop reporting seasons, not literal meteorological seasons."
Telangana,other misc. pulses,Kharif,south_coastal,other_pulse,crop_cycle_estimate,5,15,0,9,11,0,120,2010,2010-05-15,2010-09-11,7,7,state_zone+crop+season,v1.0,decided_project_convention,Crop-specific 120-day cycle starting from the south_coastal Kharif anchor.,,https://www.kaggle.com/datasets/arjunyadav99/indian-agriculture-crop-production-and-yield,https://en.wikipedia.org/wiki/Kharif_crop
Telangana,other misc. pulses,Rabi,south_coastal,other_pulse,crop_cycle_estimate,10,1,0,1,28,1,120,2010,2010-10-01,2011-01-28,7,7,state_zone+crop+season,v1.0,decided_project_convention,Crop-specific 120-day cycle starting from the south_coastal Rabi anchor.,,https://www.kaggle.com/datasets/arjunyadav99/indian-agriculture-crop-production-and-yield,https://en.wikipedia.org/wiki/Rabi_crop
Telangana,other oilseeds,Kharif,south_coastal,other_oilseed,crop_cycle_estimate,5,15,0,9,11,0,120,2010,2010-05-15,2010-09-11,16,4,state_zone+crop+season,v1.0,decided_project_convention,Crop-specific 120-day cycle starting from the south_coastal Kharif anchor.,,https://www.kaggle.com/datasets/arjunyadav99/indian-agriculture-crop-production-and-yield,https://en.wikipedia.org/wiki/Kharif_crop
Telangana,other oilseeds,Rabi,south_coastal,other_oilseed,crop_cycle_estimate,10,1,0,1,28,1,120,2010,2010-10-01,2011-01-28,5,5,state_zone+crop+season,v1.0,decided_project_convention,Crop-specific 120-day cycle starting from the south_coastal Rabi anchor.,,https://www.kaggle.com/datasets/arjunyadav99/indian-agriculture-crop-production-and-yield,https://en.wikipedia.org/wiki/Rabi_crop
Tripura,Arhar/Tur,Kharif,east_northeast,pigeon_pea,crop_cycle_estimate,4,30,0,11,15,0,200,2010,2010-04-30,2010-11-15,120,8,state_zone+crop+season,v1.0,decided_project_convention,Crop-specific 200-day cycle starting from the east_northeast Kharif anchor.,,https://www.kaggle.com/datasets/arjunyadav99/indian-agriculture-crop-production-and-yield,https://en.wikipedia.org/wiki/Kharif_crop
Tripura,Cotton(lint),Kharif,east_northeast,cotton,crop_cycle_estimate,4,30,0,11,25,0,210,2010,2010-04-30,2010-11-25,160,8,state_zone+crop+season,v1.0,decided_project_convention,Crop-specific 210-day cycle starting from the east_northeast Kharif anchor.,,https://www.kaggle.com/datasets/arjunyadav99/indian-agriculture-crop-production-and-yield,https://en.wikipedia.org/wiki/Kharif_crop
Tripura,Gram,Rabi,east_northeast,chickpea,crop_cycle_estimate,10,30,0,3,8,1,130,2010,2010-10-30,2011-03-08,104,7,state_zone+crop+season,v1.0,decided_project_convention,Crop-specific 130-day cycle starting from the east_northeast Rabi anchor.,,https://www.kaggle.com/datasets/arjunyadav99/indian-agriculture-crop-production-and-yield,https://en.wikipedia.org/wiki/Rabi_crop
Tripura,Groundnut,Kharif,east_northeast,groundnut,crop_cycle_estimate,5,15,0,9,11,0,120,2010,2010-05-15,2010-09-11,120,8,state_zone+crop+season,v1.0,decided_project_convention,Crop-specific 120-day cycle starting from the east_northeast Kharif anchor.,,https://www.kaggle.com/datasets/arjunyadav99/indian-agriculture-crop-production-and-yield,https://en.wikipedia.org/wiki/Kharif_crop
Tripura,Groundnut,Rabi,east_northeast,groundnut,crop_cycle_estimate,10,15,0,2,11,1,120,2010,2010-10-15,2011-02-11,118,8,state_zone+crop+season,v1.0,decided_project_convention,Crop-specific 120-day cycle starting from the east_northeast Rabi anchor.,,https://www.kaggle.com/datasets/arjunyadav99/indian-agriculture-crop-production-and-yield,https://en.wikipedia.org/wiki/Rabi_crop
Tripura,Jute,Kharif,east_northeast,jute_mesta,crop_cycle_estimate,4,15,0,9,11,0,150,2010,2010-04-15,2010-09-11,120,8,state_zone+crop+season,v1.0,decided_project_convention,Crop-specific 150-day cycle starting from the east_northeast Kharif anchor.,,https://www.kaggle.com/datasets/arjunyadav99/indian-agriculture-crop-production-and-yield,https://en.wikipedia.org/wiki/Kharif_crop
Tripura,Jute & mesta,Kharif,east_northeast,jute_mesta,crop_cycle_estimate,4,15,0,9,11,0,150,2010,2010-04-15,2010-09-11,12,4,state_zone+crop+season,v1.0,decided_project_convention,Crop-specific 150-day cycle starting from the east_northeast Kharif anchor.,,https://www.kaggle.com/datasets/arjunyadav99/indian-agriculture-crop-production-and-yield,https://en.wikipedia.org/wiki/Kharif_crop
Tripura,Jute & mesta,Whole Year,east_northeast,jute_mesta,annual_reporting_window,7,1,0,6,30,1,365,2010,2010-07-01,2011-06-30,8,4,state_zone+crop+season,v1.0,decided_project_convention,Whole Year mapped to the complete July-June crop-year reporting cycle.,Annual reporting window; do not calculate planting/harvest flags.,https://www.kaggle.com/datasets/arjunyadav99/indian-agriculture-crop-production-and-yield,"Project convention based on the recorded Indian crop-season label; Autumn and Winter are treated as crop reporting seasons, not literal meteorological seasons."
Tripura,Maize,Kharif,east_northeast,maize,crop_cycle_estimate,5,15,0,9,11,0,120,2010,2010-05-15,2010-09-11,160,8,state_zone+crop+season,v1.0,decided_project_convention,Crop-specific 120-day cycle starting from the east_northeast Kharif anchor.,,https://www.kaggle.com/datasets/arjunyadav99/indian-agriculture-crop-production-and-yield,https://en.wikipedia.org/wiki/Kharif_crop
Tripura,Masoor,Rabi,east_northeast,lentil,crop_cycle_estimate,10,15,0,2,11,1,120,2010,2010-10-15,2011-02-11,120,8,state_zone+crop+season,v1.0,decided_project_convention,Crop-specific 120-day cycle starting from the east_northeast Rabi anchor.,,https://www.kaggle.com/datasets/arjunyadav99/indian-agriculture-crop-production-and-yield,https://en.wikipedia.org/wiki/Rabi_crop
Tripura,Mesta,Kharif,east_northeast,jute_mesta,crop_cycle_estimate,4,15,0,9,11,0,150,2010,2010-04-15,2010-09-11,120,8,state_zone+crop+season,v1.0,decided_project_convention,Crop-specific 150-day cycle starting from the east_northeast Kharif anchor.,,https://www.kaggle.com/datasets/arjunyadav99/indian-agriculture-crop-production-and-yield,https://en.wikipedia.org/wiki/Kharif_crop
Tripura,Moong(Green Gram),Kharif,east_northeast,green_gram,crop_cycle_estimate,5,15,0,8,12,0,90,2010,2010-05-15,2010-08-12,120,8,state_zone+crop+season,v1.0,decided_project_convention,Crop-specific 90-day cycle starting from the east_northeast Kharif anchor.,,https://www.kaggle.com/datasets/arjunyadav99/indian-agriculture-crop-production-and-yield,https://en.wikipedia.org/wiki/Kharif_crop
Tripura,Moong(Green Gram),Rabi,east_northeast,green_gram,crop_cycle_estimate,10,15,0,1,12,1,90,2010,2010-10-15,2011-01-12,120,8,state_zone+crop+season,v1.0,decided_project_convention,Crop-specific 90-day cycle starting from the east_northeast Rabi anchor.,,https://www.kaggle.com/datasets/arjunyadav99/indian-agriculture-crop-production-and-yield,https://en.wikipedia.org/wiki/Rabi_crop
Tripura,Oilseeds total,Whole Year,east_northeast,aggregate_oilseeds,annual_reporting_window,7,1,0,6,30,1,365,2010,2010-07-01,2011-06-30,40,4,state_zone+crop+season,v1.0,decided_project_convention,Whole Year mapped to the complete July-June crop-year reporting cycle.,Annual reporting window; do not calculate planting/harvest flags.,https://www.kaggle.com/datasets/arjunyadav99/indian-agriculture-crop-production-and-yield,"Project convention based on the recorded Indian crop-season label; Autumn and Winter are treated as crop reporting seasons, not literal meteorological seasons."
Tripura,Other Kharif pulses,Kharif,east_northeast,aggregate_kharif_pulses,aggregate_reporting_window,5,15,0,11,30,0,200,2010,2010-05-15,2010-11-30,128,8,state_zone+crop+season,v1.0,decided_project_convention,Aggregate crop category mapped to the complete reporting-season window.,Aggregate crop category; uses the full reporting-season window.,https://www.kaggle.com/datasets/arjunyadav99/indian-agriculture-crop-production-and-yield,https://en.wikipedia.org/wiki/Kharif_crop
Tripura,Other Rabi pulses,Rabi,east_northeast,aggregate_rabi_pulses,aggregate_reporting_window,10,15,0,4,30,1,198,2010,2010-10-15,2011-04-30,108,8,state_zone+crop+season,v1.0,decided_project_convention,Aggregate crop category mapped to the complete reporting-season window.,Aggregate crop category; uses the full reporting-season window.,https://www.kaggle.com/datasets/arjunyadav99/indian-agriculture-crop-production-and-yield,https://en.wikipedia.org/wiki/Rabi_crop
Tripura,Peas & beans (Pulses),Rabi,east_northeast,other_pulse,crop_cycle_estimate,10,15,0,2,11,1,120,2010,2010-10-15,2011-02-11,120,8,state_zone+crop+season,v1.0,decided_project_convention,Crop-specific 120-day cycle starting from the east_northeast Rabi anchor.,,https://www.kaggle.com/datasets/arjunyadav99/indian-agriculture-crop-production-and-yield,https://en.wikipedia.org/wiki/Rabi_crop
Tripura,Potato,Whole Year,east_northeast,potato,annual_reporting_window,7,1,0,6,30,1,365,2010,2010-07-01,2011-06-30,40,4,state_zone+crop+season,v1.0,decided_project_convention,Whole Year mapped to the complete July-June crop-year reporting cycle.,Annual reporting window; do not calculate planting/harvest flags.,https://www.kaggle.com/datasets/arjunyadav99/indian-agriculture-crop-production-and-yield,"Project convention based on the recorded Indian crop-season label; Autumn and Winter are treated as crop reporting seasons, not literal meteorological seasons."
Tripura,Rapeseed &Mustard,Rabi,east_northeast,rapeseed_mustard,crop_cycle_estimate,10,30,0,3,18,1,140,2010,2010-10-30,2011-03-18,120,8,state_zone+crop+season,v1.0,decided_project_convention,Crop-specific 140-day cycle starting from the east_northeast Rabi anchor.,,https://www.kaggle.com/datasets/arjunyadav99/indian-agriculture-crop-production-and-yield,https://en.wikipedia.org/wiki/Rabi_crop
Tripura,Rice,Kharif,east_northeast,rice,crop_cycle_estimate,5,15,0,10,11,0,150,2010,2010-05-15,2010-10-11,160,8,state_zone+crop+season,v1.0,decided_project_convention,Crop-specific 150-day cycle starting from the east_northeast Kharif anchor.,,https://www.kaggle.com/datasets/arjunyadav99/indian-agriculture-crop-production-and-yield,https://en.wikipedia.org/wiki/Kharif_crop
Tripura,Sesamum,Kharif,east_northeast,sesame,crop_cycle_estimate,5,15,0,8,22,0,100,2010,2010-05-15,2010-08-22,120,8,state_zone+crop+season,v1.0,decided_project_convention,Crop-specific 100-day cycle starting from the east_northeast Kharif anchor.,,https://www.kaggle.com/datasets/arjunyadav99/indian-agriculture-crop-production-and-yield,https://en.wikipedia.org/wiki/Kharif_crop
Tripura,Sugarcane,Whole Year,east_northeast,sugarcane,annual_reporting_window,7,1,0,6,30,1,365,2010,2010-07-01,2011-06-30,160,8,state_zone+crop+season,v1.0,decided_project_convention,Whole Year mapped to the complete July-June crop-year reporting cycle.,Annual reporting window; do not calculate planting/harvest flags.,https://www.kaggle.com/datasets/arjunyadav99/indian-agriculture-crop-production-and-yield,"Project convention based on the recorded Indian crop-season label; Autumn and Winter are treated as crop reporting seasons, not literal meteorological seasons."
Tripura,Urad,Kharif,east_northeast,black_gram,crop_cycle_estimate,5,15,0,8,17,0,95,2010,2010-05-15,2010-08-17,120,8,state_zone+crop+season,v1.0,decided_project_convention,Crop-specific 95-day cycle starting from the east_northeast Kharif anchor.,,https://www.kaggle.com/datasets/arjunyadav99/indian-agriculture-crop-production-and-yield,https://en.wikipedia.org/wiki/Kharif_crop
Tripura,Urad,Rabi,east_northeast,black_gram,crop_cycle_estimate,10,15,0,1,17,1,95,2010,2010-10-15,2011-01-17,118,8,state_zone+crop+season,v1.0,decided_project_convention,Crop-specific 95-day cycle starting from the east_northeast Rabi anchor.,,https://www.kaggle.com/datasets/arjunyadav99/indian-agriculture-crop-production-and-yield,https://en.wikipedia.org/wiki/Rabi_crop
Tripura,Wheat,Rabi,east_northeast,wheat,crop_cycle_estimate,10,30,0,3,28,1,150,2010,2010-10-30,2011-03-28,160,8,state_zone+crop+season,v1.0,decided_project_convention,Crop-specific 150-day cycle starting from the east_northeast Rabi anchor.,,https://www.kaggle.com/datasets/arjunyadav99/indian-agriculture-crop-production-and-yield,https://en.wikipedia.org/wiki/Rabi_crop
Tripura,other oilseeds,Whole Year,east_northeast,other_oilseed,annual_reporting_window,7,1,0,6,30,1,365,2010,2010-07-01,2011-06-30,8,4,state_zone+crop+season,v1.0,decided_project_convention,Whole Year mapped to the complete July-June crop-year reporting cycle.,Annual reporting window; do not calculate planting/harvest flags.,https://www.kaggle.com/datasets/arjunyadav99/indian-agriculture-crop-production-and-yield,"Project convention based on the recorded Indian crop-season label; Autumn and Winter are treated as crop reporting seasons, not literal meteorological seasons."
Uttar Pradesh,Arhar/Tur,Kharif,north_northwest,pigeon_pea,crop_cycle_estimate,5,31,0,12,16,0,200,2010,2010-05-31,2010-12-16,2148,85,state_zone+crop+season,v1.0,decided_project_convention,Crop-specific 200-day cycle starting from the north_northwest Kharif anchor.,,https://www.kaggle.com/datasets/arjunyadav99/indian-agriculture-crop-production-and-yield,https://en.wikipedia.org/wiki/Kharif_crop
Uttar Pradesh,Bajra,Kharif,north_northwest,pearl_millet,crop_cycle_estimate,6,15,0,9,22,0,100,2010,2010-06-15,2010-09-22,2350,76,state_zone+crop+season,v1.0,decided_project_convention,Crop-specific 100-day cycle starting from the north_northwest Kharif anchor.,,https://www.kaggle.com/datasets/arjunyadav99/indian-agriculture-crop-production-and-yield,https://en.wikipedia.org/wiki/Kharif_crop
Uttar Pradesh,Banana,Summer,north_northwest,fruit_perennial,seasonal_reporting_window,3,1,1,6,30,1,122,2010,2011-03-01,2011-06-30,364,50,state_zone+crop+season,v1.0,decided_project_convention,Perennial or plantation crop mapped to its recorded reporting season.,Seasonal reporting window for a perennial/plantation crop; not its full biological life cycle.,https://www.kaggle.com/datasets/arjunyadav99/indian-agriculture-crop-production-and-yield,https://en.wikipedia.org/wiki/Zaid_crop
Uttar Pradesh,Banana,Whole Year,north_northwest,fruit_perennial,annual_reporting_window,7,1,0,6,30,1,365,2010,2010-07-01,2011-06-30,174,37,state_zone+crop+season,v1.0,decided_project_convention,Whole Year mapped to the complete July-June crop-year reporting cycle.,Annual reporting window; do not calculate planting/harvest flags.,https://www.kaggle.com/datasets/arjunyadav99/indian-agriculture-crop-production-and-yield,"Project convention based on the recorded Indian crop-season label; Autumn and Winter are treated as crop reporting seasons, not literal meteorological seasons."
Uttar Pradesh,Barley,Rabi,north_northwest,barley,crop_cycle_estimate,10,30,0,3,8,1,130,2010,2010-10-30,2011-03-08,2582,88,state_zone+crop+season,v1.0,decided_project_convention,Crop-specific 130-day cycle starting from the north_northwest Rabi anchor.,,https://www.kaggle.com/datasets/arjunyadav99/indian-agriculture-crop-production-and-yield,https://en.wikipedia.org/wiki/Rabi_crop
Uttar Pradesh,Castor seed,Kharif,north_northwest,castor,crop_cycle_estimate,5,31,0,11,26,0,180,2010,2010-05-31,2010-11-26,44,16,state_zone+crop+season,v1.0,decided_project_convention,Crop-specific 180-day cycle starting from the north_northwest Kharif anchor.,,https://www.kaggle.com/datasets/arjunyadav99/indian-agriculture-crop-production-and-yield,https://en.wikipedia.org/wiki/Kharif_crop
Uttar Pradesh,Castor seed,Rabi,north_northwest,castor,crop_cycle_estimate,10,15,0,4,12,1,180,2010,2010-10-15,2011-04-12,24,12,state_zone+crop+season,v1.0,decided_project_convention,Crop-specific 180-day cycle starting from the north_northwest Rabi anchor.,,https://www.kaggle.com/datasets/arjunyadav99/indian-agriculture-crop-production-and-yield,https://en.wikipedia.org/wiki/Rabi_crop
Uttar Pradesh,Coriander,Rabi,north_northwest,coriander,crop_cycle_estimate,10,15,0,2,11,1,120,2010,2010-10-15,2011-02-11,878,72,state_zone+crop+season,v1.0,decided_project_convention,Crop-specific 120-day cycle starting from the north_northwest Rabi anchor.,,https://www.kaggle.com/datasets/arjunyadav99/indian-agriculture-crop-production-and-yield,https://en.wikipedia.org/wiki/Rabi_crop
Uttar Pradesh,Coriander,Whole Year,north_northwest,coriander,annual_reporting_window,7,1,0,6,30,1,365,2010,2010-07-01,2011-06-30,248,64,state_zone+crop+season,v1.0,decided_project_convention,Whole Year mapped to the complete July-June crop-year reporting cycle.,Annual reporting window; do not calculate planting/harvest flags.,https://www.kaggle.com/datasets/arjunyadav99/indian-agriculture-crop-production-and-yield,"Project convention based on the recorded Indian crop-season label; Autumn and Winter are treated as crop reporting seasons, not literal meteorological seasons."
Uttar Pradesh,Cotton(lint),Kharif,north_northwest,cotton,crop_cycle_estimate,5,31,0,12,26,0,210,2010,2010-05-31,2010-12-26,444,37,state_zone+crop+season,v1.0,decided_project_convention,Crop-specific 210-day cycle starting from the north_northwest Kharif anchor.,,https://www.kaggle.com/datasets/arjunyadav99/indian-agriculture-crop-production-and-yield,https://en.wikipedia.org/wiki/Kharif_crop
Uttar Pradesh,Dry chillies,Kharif,north_northwest,chilli,crop_cycle_estimate,6,15,0,12,11,0,180,2010,2010-06-15,2010-12-11,1074,74,state_zone+crop+season,v1.0,decided_project_convention,Crop-specific 180-day cycle starting from the north_northwest Kharif anchor.,,https://www.kaggle.com/datasets/arjunyadav99/indian-agriculture-crop-production-and-yield,https://en.wikipedia.org/wiki/Kharif_crop
Uttar Pradesh,Dry chillies,Whole Year,north_northwest,chilli,annual_reporting_window,7,1,0,6,30,1,365,2010,2010-07-01,2011-06-30,400,68,state_zone+crop+season,v1.0,decided_project_convention,Whole Year mapped to the complete July-June crop-year reporting cycle.,Annual reporting window; do not calculate planting/harvest flags.,https://www.kaggle.com/datasets/arjunyadav99/indian-agriculture-crop-production-and-yield,"Project convention based on the recorded Indian crop-season label; Autumn and Winter are treated as crop reporting seasons, not literal meteorological seasons."
Uttar Pradesh,Dry ginger,Kharif,north_northwest,ginger,crop_cycle_estimate,6,15,0,2,9,1,240,2010,2010-06-15,2011-02-09,94,32,state_zone+crop+season,v1.0,decided_project_convention,Crop-specific 240-day cycle starting from the north_northwest Kharif anchor.,,https://www.kaggle.com/datasets/arjunyadav99/indian-agriculture-crop-production-and-yield,https://en.wikipedia.org/wiki/Kharif_crop
Uttar Pradesh,Garlic,Rabi,north_northwest,garlic,crop_cycle_estimate,10,30,0,3,28,1,150,2010,2010-10-30,2011-03-28,878,74,state_zone+crop+season,v1.0,decided_project_convention,Crop-specific 150-day cycle starting from the north_northwest Rabi anchor.,,https://www.kaggle.com/datasets/arjunyadav99/indian-agriculture-crop-production-and-yield,https://en.wikipedia.org/wiki/Rabi_crop
Uttar Pradesh,Garlic,Whole Year,north_northwest,garlic,annual_reporting_window,7,1,0,6,30,1,365,2010,2010-07-01,2011-06-30,222,64,state_zone+crop+season,v1.0,decided_project_convention,Whole Year mapped to the complete July-June crop-year reporting cycle.,Annual reporting window; do not calculate planting/harvest flags.,https://www.kaggle.com/datasets/arjunyadav99/indian-agriculture-crop-production-and-yield,"Project convention based on the recorded Indian crop-season label; Autumn and Winter are treated as crop reporting seasons, not literal meteorological seasons."
Uttar Pradesh,Ginger,Kharif,north_northwest,ginger,crop_cycle_estimate,6,15,0,2,9,1,240,2010,2010-06-15,2011-02-09,100,32,state_zone+crop+season,v1.0,decided_project_convention,Crop-specific 240-day cycle starting from the north_northwest Kharif anchor.,,https://www.kaggle.com/datasets/arjunyadav99/indian-agriculture-crop-production-and-yield,https://en.wikipedia.org/wiki/Kharif_crop
Uttar Pradesh,Gram,Rabi,north_northwest,chickpea,crop_cycle_estimate,10,30,0,3,8,1,130,2010,2010-10-30,2011-03-08,2509,85,state_zone+crop+season,v1.0,decided_project_convention,Crop-specific 130-day cycle starting from the north_northwest Rabi anchor.,,https://www.kaggle.com/datasets/arjunyadav99/indian-agriculture-crop-production-and-yield,https://en.wikipedia.org/wiki/Rabi_crop
Uttar Pradesh,Groundnut,Kharif,north_northwest,groundnut,crop_cycle_estimate,6,15,0,10,12,0,120,2010,2010-06-15,2010-10-12,1928,73,state_zone+crop+season,v1.0,decided_project_convention,Crop-specific 120-day cycle starting from the north_northwest Kharif anchor.,,https://www.kaggle.com/datasets/arjunyadav99/indian-agriculture-crop-production-and-yield,https://en.wikipedia.org/wiki/Kharif_crop
Uttar Pradesh,Guar seed,Kharif,north_northwest,guar,crop_cycle_estimate,6,15,0,10,2,0,110,2010,2010-06-15,2010-10-02,970,70,state_zone+crop+season,v1.0,decided_project_convention,Crop-specific 110-day cycle starting from the north_northwest Kharif anchor.,,https://www.kaggle.com/datasets/arjunyadav99/indian-agriculture-crop-production-and-yield,https://en.wikipedia.org/wiki/Kharif_crop
Uttar Pradesh,Guar seed,Whole Year,north_northwest,guar,annual_reporting_window,7,1,0,6,30,1,365,2010,2010-07-01,2011-06-30,328,64,state_zone+crop+season,v1.0,decided_project_convention,Whole Year mapped to the complete July-June crop-year reporting cycle.,Annual reporting window; do not calculate planting/harvest flags.,https://www.kaggle.com/datasets/arjunyadav99/indian-agriculture-crop-production-and-yield,"Project convention based on the recorded Indian crop-season label; Autumn and Winter are treated as crop reporting seasons, not literal meteorological seasons."
Uttar Pradesh,Jowar,Kharif,north_northwest,sorghum,crop_cycle_estimate,6,15,0,10,12,0,120,2010,2010-06-15,2010-10-12,2235,73,state_zone+crop+season,v1.0,decided_project_convention,Crop-specific 120-day cycle starting from the north_northwest Kharif anchor.,,https://www.kaggle.com/datasets/arjunyadav99/indian-agriculture-crop-production-and-yield,https://en.wikipedia.org/wiki/Kharif_crop
Uttar Pradesh,Jute,Kharif,north_northwest,jute_mesta,crop_cycle_estimate,5,16,0,10,12,0,150,2010,2010-05-16,2010-10-12,22,7,state_zone+crop+season,v1.0,decided_project_convention,Crop-specific 150-day cycle starting from the north_northwest Kharif anchor.,,https://www.kaggle.com/datasets/arjunyadav99/indian-agriculture-crop-production-and-yield,https://en.wikipedia.org/wiki/Kharif_crop
Uttar Pradesh,Linseed,Rabi,north_northwest,linseed,crop_cycle_estimate,10,30,0,3,8,1,130,2010,2010-10-30,2011-03-08,1603,71,state_zone+crop+season,v1.0,decided_project_convention,Crop-specific 130-day cycle starting from the north_northwest Rabi anchor.,,https://www.kaggle.com/datasets/arjunyadav99/indian-agriculture-crop-production-and-yield,https://en.wikipedia.org/wiki/Rabi_crop
Uttar Pradesh,Maize,Kharif,north_northwest,maize,crop_cycle_estimate,6,15,0,10,12,0,120,2010,2010-06-15,2010-10-12,2552,88,state_zone+crop+season,v1.0,decided_project_convention,Crop-specific 120-day cycle starting from the north_northwest Kharif anchor.,,https://www.kaggle.com/datasets/arjunyadav99/indian-agriculture-crop-production-and-yield,https://en.wikipedia.org/wiki/Kharif_crop
Uttar Pradesh,Maize,Rabi,north_northwest,maize,crop_cycle_estimate,10,15,0,2,11,1,120,2010,2010-10-15,2011-02-11,1173,76,state_zone+crop+season,v1.0,decided_project_convention,Crop-specific 120-day cycle starting from the north_northwest Rabi anchor.,,https://www.kaggle.com/datasets/arjunyadav99/indian-agriculture-crop-production-and-yield,https://en.wikipedia.org/wiki/Rabi_crop
Uttar Pradesh,Maize,Summer,north_northwest,maize,crop_cycle_estimate,3,1,1,6,28,1,120,2010,2011-03-01,2011-06-28,1418,72,state_zone+crop+season,v1.0,decided_project_convention,Crop-specific 120-day cycle starting from the north_northwest Summer anchor.,,https://www.kaggle.com/datasets/arjunyadav99/indian-agriculture-crop-production-and-yield,https://en.wikipedia.org/wiki/Zaid_crop
Uttar Pradesh,Masoor,Rabi,north_northwest,lentil,crop_cycle_estimate,10,15,0,2,11,1,120,2010,2010-10-15,2011-02-11,2142,85,state_zone+crop+season,v1.0,decided_project_convention,Crop-specific 120-day cycle starting from the north_northwest Rabi anchor.,,https://www.kaggle.com/datasets/arjunyadav99/indian-agriculture-crop-production-and-yield,https://en.wikipedia.org/wiki/Rabi_crop
Uttar Pradesh,Moong(Green Gram),Kharif,north_northwest,green_gram,crop_cycle_estimate,6,15,0,9,12,0,90,2010,2010-06-15,2010-09-12,1765,78,state_zone+crop+season,v1.0,decided_project_convention,Crop-specific 90-day cycle starting from the north_northwest Kharif anchor.,,https://www.kaggle.com/datasets/arjunyadav99/indian-agriculture-crop-production-and-yield,https://en.wikipedia.org/wiki/Kharif_crop
Uttar Pradesh,Moong(Green Gram),Rabi,north_northwest,green_gram,crop_cycle_estimate,10,15,0,1,12,1,90,2010,2010-10-15,2011-01-12,212,68,state_zone+crop+season,v1.0,decided_project_convention,Crop-specific 90-day cycle starting from the north_northwest Rabi anchor.,,https://www.kaggle.com/datasets/arjunyadav99/indian-agriculture-crop-production-and-yield,https://en.wikipedia.org/wiki/Rabi_crop
Uttar Pradesh,Moong(Green Gram),Summer,north_northwest,green_gram,crop_cycle_estimate,3,1,1,5,29,1,90,2010,2011-03-01,2011-05-29,1681,78,state_zone+crop+season,v1.0,decided_project_convention,Crop-specific 90-day cycle starting from the north_northwest Summer anchor.,,https://www.kaggle.com/datasets/arjunyadav99/indian-agriculture-crop-production-and-yield,https://en.wikipedia.org/wiki/Zaid_crop
Uttar Pradesh,Moth,Kharif,north_northwest,moth_bean,crop_cycle_estimate,6,15,0,9,22,0,100,2010,2010-06-15,2010-09-22,229,45,state_zone+crop+season,v1.0,decided_project_convention,Crop-specific 100-day cycle starting from the north_northwest Kharif anchor.,,https://www.kaggle.com/datasets/arjunyadav99/indian-agriculture-crop-production-and-yield,https://en.wikipedia.org/wiki/Kharif_crop
Uttar Pradesh,Moth,Whole Year,north_northwest,moth_bean,annual_reporting_window,7,1,0,6,30,1,365,2010,2010-07-01,2011-06-30,43,22,state_zone+crop+season,v1.0,decided_project_convention,Whole Year mapped to the complete July-June crop-year reporting cycle.,Annual reporting window; do not calculate planting/harvest flags.,https://www.kaggle.com/datasets/arjunyadav99/indian-agriculture-crop-production-and-yield,"Project convention based on the recorded Indian crop-season label; Autumn and Winter are treated as crop reporting seasons, not literal meteorological seasons."
Uttar Pradesh,Oilseeds total,Kharif,north_northwest,aggregate_oilseeds,aggregate_reporting_window,6,15,0,11,30,0,169,2010,2010-06-15,2010-11-30,102,55,state_zone+crop+season,v1.0,decided_project_convention,Aggregate crop category mapped to the complete reporting-season window.,Aggregate crop category; uses the full reporting-season window.,https://www.kaggle.com/datasets/arjunyadav99/indian-agriculture-crop-production-and-yield,https://en.wikipedia.org/wiki/Kharif_crop
Uttar Pradesh,Onion,Kharif,north_northwest,onion,crop_cycle_estimate,6,15,0,11,11,0,150,2010,2010-06-15,2010-11-11,102,55,state_zone+crop+season,v1.0,decided_project_convention,Crop-specific 150-day cycle starting from the north_northwest Kharif anchor.,,https://www.kaggle.com/datasets/arjunyadav99/indian-agriculture-crop-production-and-yield,https://en.wikipedia.org/wiki/Kharif_crop
Uttar Pradesh,Onion,Rabi,north_northwest,onion,crop_cycle_estimate,10,30,0,3,28,1,150,2010,2010-10-30,2011-03-28,1562,75,state_zone+crop+season,v1.0,decided_project_convention,Crop-specific 150-day cycle starting from the north_northwest Rabi anchor.,,https://www.kaggle.com/datasets/arjunyadav99/indian-agriculture-crop-production-and-yield,https://en.wikipedia.org/wiki/Rabi_crop
Uttar Pradesh,Onion,Summer,north_northwest,onion,crop_cycle_estimate,3,1,1,7,28,1,150,2010,2011-03-01,2011-07-28,1256,75,state_zone+crop+season,v1.0,decided_project_convention,Crop-specific 150-day cycle starting from the north_northwest Summer anchor.,,https://www.kaggle.com/datasets/arjunyadav99/indian-agriculture-crop-production-and-yield,https://en.wikipedia.org/wiki/Zaid_crop
Uttar Pradesh,Onion,Whole Year,north_northwest,onion,annual_reporting_window,7,1,0,6,30,1,365,2010,2010-07-01,2011-06-30,583,83,state_zone+crop+season,v1.0,decided_project_convention,Whole Year mapped to the complete July-June crop-year reporting cycle.,Annual reporting window; do not calculate planting/harvest flags.,https://www.kaggle.com/datasets/arjunyadav99/indian-agriculture-crop-production-and-yield,"Project convention based on the recorded Indian crop-season label; Autumn and Winter are treated as crop reporting seasons, not literal meteorological seasons."
Uttar Pradesh,Other Kharif pulses,Kharif,north_northwest,aggregate_kharif_pulses,aggregate_reporting_window,6,15,0,11,30,0,169,2010,2010-06-15,2010-11-30,140,70,state_zone+crop+season,v1.0,decided_project_convention,Aggregate crop category mapped to the complete reporting-season window.,Aggregate crop category; uses the full reporting-season window.,https://www.kaggle.com/datasets/arjunyadav99/indian-agriculture-crop-production-and-yield,https://en.wikipedia.org/wiki/Kharif_crop
Uttar Pradesh,Other Rabi pulses,Rabi,north_northwest,aggregate_rabi_pulses,aggregate_reporting_window,10,15,0,4,30,1,198,2010,2010-10-15,2011-04-30,280,70,state_zone+crop+season,v1.0,decided_project_convention,Aggregate crop category mapped to the complete reporting-season window.,Aggregate crop category; uses the full reporting-season window.,https://www.kaggle.com/datasets/arjunyadav99/indian-agriculture-crop-production-and-yield,https://en.wikipedia.org/wiki/Rabi_crop
Uttar Pradesh,Peas & beans (Pulses),Rabi,north_northwest,other_pulse,crop_cycle_estimate,10,15,0,2,11,1,120,2010,2010-10-15,2011-02-11,1848,85,state_zone+crop+season,v1.0,decided_project_convention,Crop-specific 120-day cycle starting from the north_northwest Rabi anchor.,,https://www.kaggle.com/datasets/arjunyadav99/indian-agriculture-crop-production-and-yield,https://en.wikipedia.org/wiki/Rabi_crop
Uttar Pradesh,Peas & beans (Pulses),Whole Year,north_northwest,other_pulse,annual_reporting_window,7,1,0,6,30,1,365,2010,2010-07-01,2011-06-30,150,81,state_zone+crop+season,v1.0,decided_project_convention,Whole Year mapped to the complete July-June crop-year reporting cycle.,Annual reporting window; do not calculate planting/harvest flags.,https://www.kaggle.com/datasets/arjunyadav99/indian-agriculture-crop-production-and-yield,"Project convention based on the recorded Indian crop-season label; Autumn and Winter are treated as crop reporting seasons, not literal meteorological seasons."
Uttar Pradesh,Potato,Rabi,north_northwest,potato,crop_cycle_estimate,10,30,0,2,26,1,120,2010,2010-10-30,2011-02-26,1580,75,state_zone+crop+season,v1.0,decided_project_convention,Crop-specific 120-day cycle starting from the north_northwest Rabi anchor.,,https://www.kaggle.com/datasets/arjunyadav99/indian-agriculture-crop-production-and-yield,https://en.wikipedia.org/wiki/Rabi_crop
Uttar Pradesh,Potato,Whole Year,north_northwest,potato,annual_reporting_window,7,1,0,6,30,1,365,2010,2010-07-01,2011-06-30,1005,83,state_zone+crop+season,v1.0,decided_project_convention,Whole Year mapped to the complete July-June crop-year reporting cycle.,Annual reporting window; do not calculate planting/harvest flags.,https://www.kaggle.com/datasets/arjunyadav99/indian-agriculture-crop-production-and-yield,"Project convention based on the recorded Indian crop-season label; Autumn and Winter are treated as crop reporting seasons, not literal meteorological seasons."
Uttar Pradesh,Ragi,Kharif,north_northwest,finger_millet,crop_cycle_estimate,6,15,0,10,12,0,120,2010,2010-06-15,2010-10-12,55,33,state_zone+crop+season,v1.0,decided_project_convention,Crop-specific 120-day cycle starting from the north_northwest Kharif anchor.,,https://www.kaggle.com/datasets/arjunyadav99/indian-agriculture-crop-production-and-yield,https://en.wikipedia.org/wiki/Kharif_crop
Uttar Pradesh,Ragi,Rabi,north_northwest,finger_millet,crop_cycle_estimate,10,15,0,2,11,1,120,2010,2010-10-15,2011-02-11,161,50,state_zone+crop+season,v1.0,decided_project_convention,Crop-specific 120-day cycle starting from the north_northwest Rabi anchor.,,https://www.kaggle.com/datasets/arjunyadav99/indian-agriculture-crop-production-and-yield,https://en.wikipedia.org/wiki/Rabi_crop
Uttar Pradesh,Rapeseed &Mustard,Rabi,north_northwest,rapeseed_mustard,crop_cycle_estimate,10,30,0,3,18,1,140,2010,2010-10-30,2011-03-18,2583,88,state_zone+crop+season,v1.0,decided_project_convention,Crop-specific 140-day cycle starting from the north_northwest Rabi anchor.,,https://www.kaggle.com/datasets/arjunyadav99/indian-agriculture-crop-production-and-yield,https://en.wikipedia.org/wiki/Rabi_crop
Uttar Pradesh,Rice,Kharif,north_northwest,rice,crop_cycle_estimate,6,15,0,11,11,0,150,2010,2010-06-15,2010-11-11,2588,88,state_zone+crop+season,v1.0,decided_project_convention,Crop-specific 150-day cycle starting from the north_northwest Kharif anchor.,,https://www.kaggle.com/datasets/arjunyadav99/indian-agriculture-crop-production-and-yield,https://en.wikipedia.org/wiki/Kharif_crop
Uttar Pradesh,Rice,Summer,north_northwest,rice,crop_cycle_estimate,12,1,0,5,29,1,180,2010,2010-12-01,2011-05-29,676,53,state_zone+crop+season,v1.0,decided_project_convention,Crop-specific 180-day cycle starting from the north_northwest Summer anchor.,Summer/Boro rice: winter-starting cycle ending in late spring or early summer.,https://www.kaggle.com/datasets/arjunyadav99/indian-agriculture-crop-production-and-yield,https://en.wikipedia.org/wiki/Zaid_crop
Uttar Pradesh,Sannhamp,Kharif,north_northwest,other_fibre,crop_cycle_estimate,5,16,0,9,22,0,130,2010,2010-05-16,2010-09-22,724,56,state_zone+crop+season,v1.0,decided_project_convention,Crop-specific 130-day cycle starting from the north_northwest Kharif anchor.,,https://www.kaggle.com/datasets/arjunyadav99/indian-agriculture-crop-production-and-yield,https://en.wikipedia.org/wiki/Kharif_crop
Uttar Pradesh,Sannhamp,Whole Year,north_northwest,other_fibre,annual_reporting_window,7,1,0,6,30,1,365,2010,2010-07-01,2011-06-30,261,63,state_zone+crop+season,v1.0,decided_project_convention,Whole Year mapped to the complete July-June crop-year reporting cycle.,Annual reporting window; do not calculate planting/harvest flags.,https://www.kaggle.com/datasets/arjunyadav99/indian-agriculture-crop-production-and-yield,"Project convention based on the recorded Indian crop-season label; Autumn and Winter are treated as crop reporting seasons, not literal meteorological seasons."
Uttar Pradesh,Sesamum,Kharif,north_northwest,sesame,crop_cycle_estimate,6,15,0,9,22,0,100,2010,2010-06-15,2010-09-22,2206,84,state_zone+crop+season,v1.0,decided_project_convention,Crop-specific 100-day cycle starting from the north_northwest Kharif anchor.,,https://www.kaggle.com/datasets/arjunyadav99/indian-agriculture-crop-production-and-yield,https://en.wikipedia.org/wiki/Kharif_crop
Uttar Pradesh,Small millets,Kharif,north_northwest,minor_cereal,crop_cycle_estimate,6,15,0,9,27,0,105,2010,2010-06-15,2010-09-27,1166,74,state_zone+crop+season,v1.0,decided_project_convention,Crop-specific 105-day cycle starting from the north_northwest Kharif anchor.,,https://www.kaggle.com/datasets/arjunyadav99/indian-agriculture-crop-production-and-yield,https://en.wikipedia.org/wiki/Kharif_crop
Uttar Pradesh,Small millets,Summer,north_northwest,minor_cereal,crop_cycle_estimate,3,1,1,6,13,1,105,2010,2011-03-01,2011-06-13,18,4,state_zone+crop+season,v1.0,decided_project_convention,Crop-specific 105-day cycle starting from the north_northwest Summer anchor.,,https://www.kaggle.com/datasets/arjunyadav99/indian-agriculture-crop-production-and-yield,https://en.wikipedia.org/wiki/Zaid_crop
Uttar Pradesh,Soyabean,Kharif,north_northwest,soybean,crop_cycle_estimate,6,15,0,10,2,0,110,2010,2010-06-15,2010-10-02,683,58,state_zone+crop+season,v1.0,decided_project_convention,Crop-specific 110-day cycle starting from the north_northwest Kharif anchor.,,https://www.kaggle.com/datasets/arjunyadav99/indian-agriculture-crop-production-and-yield,https://en.wikipedia.org/wiki/Kharif_crop
Uttar Pradesh,Sugarcane,Kharif,north_northwest,sugarcane,crop_cycle_estimate,6,15,0,6,14,1,365,2010,2010-06-15,2011-06-14,1580,75,state_zone+crop+season,v1.0,decided_project_convention,Crop-specific 365-day cycle starting from the north_northwest Kharif anchor.,,https://www.kaggle.com/datasets/arjunyadav99/indian-agriculture-crop-production-and-yield,https://en.wikipedia.org/wiki/Kharif_crop
Uttar Pradesh,Sugarcane,Whole Year,north_northwest,sugarcane,annual_reporting_window,7,1,0,6,30,1,365,2010,2010-07-01,2011-06-30,990,76,state_zone+crop+season,v1.0,decided_project_convention,Whole Year mapped to the complete July-June crop-year reporting cycle.,Annual reporting window; do not calculate planting/harvest flags.,https://www.kaggle.com/datasets/arjunyadav99/indian-agriculture-crop-production-and-yield,"Project convention based on the recorded Indian crop-season label; Autumn and Winter are treated as crop reporting seasons, not literal meteorological seasons."
Uttar Pradesh,Sunflower,Kharif,north_northwest,sunflower,crop_cycle_estimate,6,15,0,10,2,0,110,2010,2010-06-15,2010-10-02,453,74,state_zone+crop+season,v1.0,decided_project_convention,Crop-specific 110-day cycle starting from the north_northwest Kharif anchor.,,https://www.kaggle.com/datasets/arjunyadav99/indian-agriculture-crop-production-and-yield,https://en.wikipedia.org/wiki/Kharif_crop
Uttar Pradesh,Sunflower,Rabi,north_northwest,sunflower,crop_cycle_estimate,10,15,0,2,1,1,110,2010,2010-10-15,2011-02-01,268,72,state_zone+crop+season,v1.0,decided_project_convention,Crop-specific 110-day cycle starting from the north_northwest Rabi anchor.,,https://www.kaggle.com/datasets/arjunyadav99/indian-agriculture-crop-production-and-yield,https://en.wikipedia.org/wiki/Rabi_crop
Uttar Pradesh,Sunflower,Summer,north_northwest,sunflower,crop_cycle_estimate,3,1,1,6,18,1,110,2010,2011-03-01,2011-06-18,854,67,state_zone+crop+season,v1.0,decided_project_convention,Crop-specific 110-day cycle starting from the north_northwest Summer anchor.,,https://www.kaggle.com/datasets/arjunyadav99/indian-agriculture-crop-production-and-yield,https://en.wikipedia.org/wiki/Zaid_crop
Uttar Pradesh,Sweet potato,Kharif,north_northwest,sweet_potato,crop_cycle_estimate,6,15,0,10,12,0,120,2010,2010-06-15,2010-10-12,1168,75,state_zone+crop+season,v1.0,decided_project_convention,Crop-specific 120-day cycle starting from the north_northwest Kharif anchor.,,https://www.kaggle.com/datasets/arjunyadav99/indian-agriculture-crop-production-and-yield,https://en.wikipedia.org/wiki/Kharif_crop
Uttar Pradesh,Sweet potato,Whole Year,north_northwest,sweet_potato,annual_reporting_window,7,1,0,6,30,1,365,2010,2010-07-01,2011-06-30,276,69,state_zone+crop+season,v1.0,decided_project_convention,Whole Year mapped to the complete July-June crop-year reporting cycle.,Annual reporting window; do not calculate planting/harvest flags.,https://www.kaggle.com/datasets/arjunyadav99/indian-agriculture-crop-production-and-yield,"Project convention based on the recorded Indian crop-season label; Autumn and Winter are treated as crop reporting seasons, not literal meteorological seasons."
Uttar Pradesh,Tobacco,Rabi,north_northwest,tobacco,crop_cycle_estimate,10,15,0,3,13,1,150,2010,2010-10-15,2011-03-13,332,36,state_zone+crop+season,v1.0,decided_project_convention,Crop-specific 150-day cycle starting from the north_northwest Rabi anchor.,,https://www.kaggle.com/datasets/arjunyadav99/indian-agriculture-crop-production-and-yield,https://en.wikipedia.org/wiki/Rabi_crop
Uttar Pradesh,Tobacco,Summer,north_northwest,tobacco,crop_cycle_estimate,3,1,1,7,28,1,150,2010,2011-03-01,2011-07-28,156,26,state_zone+crop+season,v1.0,decided_project_convention,Crop-specific 150-day cycle starting from the north_northwest Summer anchor.,,https://www.kaggle.com/datasets/arjunyadav99/indian-agriculture-crop-production-and-yield,https://en.wikipedia.org/wiki/Zaid_crop
Uttar Pradesh,Tobacco,Whole Year,north_northwest,tobacco,annual_reporting_window,7,1,0,6,30,1,365,2010,2010-07-01,2011-06-30,458,55,state_zone+crop+season,v1.0,decided_project_convention,Whole Year mapped to the complete July-June crop-year reporting cycle.,Annual reporting window; do not calculate planting/harvest flags.,https://www.kaggle.com/datasets/arjunyadav99/indian-agriculture-crop-production-and-yield,"Project convention based on the recorded Indian crop-season label; Autumn and Winter are treated as crop reporting seasons, not literal meteorological seasons."
Uttar Pradesh,Total foodgrain,Kharif,north_northwest,aggregate_foodgrain,aggregate_reporting_window,6,15,0,11,30,0,169,2010,2010-06-15,2010-11-30,47,47,state_zone+crop+season,v1.0,decided_project_convention,Aggregate crop category mapped to the complete reporting-season window.,Aggregate crop category; uses the full reporting-season window.,https://www.kaggle.com/datasets/arjunyadav99/indian-agriculture-crop-production-and-yield,https://en.wikipedia.org/wiki/Kharif_crop
Uttar Pradesh,Turmeric,Rabi,north_northwest,turmeric,crop_cycle_estimate,10,15,0,7,11,1,270,2010,2010-10-15,2011-07-11,714,63,state_zone+crop+season,v1.0,decided_project_convention,Crop-specific 270-day cycle starting from the north_northwest Rabi anchor.,,https://www.kaggle.com/datasets/arjunyadav99/indian-agriculture-crop-production-and-yield,https://en.wikipedia.org/wiki/Rabi_crop
Uttar Pradesh,Turmeric,Whole Year,north_northwest,turmeric,annual_reporting_window,7,1,0,6,30,1,365,2010,2010-07-01,2011-06-30,451,61,state_zone+crop+season,v1.0,decided_project_convention,Whole Year mapped to the complete July-June crop-year reporting cycle.,Annual reporting window; do not calculate planting/harvest flags.,https://www.kaggle.com/datasets/arjunyadav99/indian-agriculture-crop-production-and-yield,"Project convention based on the recorded Indian crop-season label; Autumn and Winter are treated as crop reporting seasons, not literal meteorological seasons."
Uttar Pradesh,Urad,Kharif,north_northwest,black_gram,crop_cycle_estimate,6,15,0,9,17,0,95,2010,2010-06-15,2010-09-17,2144,85,state_zone+crop+season,v1.0,decided_project_convention,Crop-specific 95-day cycle starting from the north_northwest Kharif anchor.,,https://www.kaggle.com/datasets/arjunyadav99/indian-agriculture-crop-production-and-yield,https://en.wikipedia.org/wiki/Kharif_crop
Uttar Pradesh,Urad,Rabi,north_northwest,black_gram,crop_cycle_estimate,10,15,0,1,17,1,95,2010,2010-10-15,2011-01-17,256,65,state_zone+crop+season,v1.0,decided_project_convention,Crop-specific 95-day cycle starting from the north_northwest Rabi anchor.,,https://www.kaggle.com/datasets/arjunyadav99/indian-agriculture-crop-production-and-yield,https://en.wikipedia.org/wiki/Rabi_crop
Uttar Pradesh,Urad,Summer,north_northwest,black_gram,crop_cycle_estimate,3,1,1,6,3,1,95,2010,2011-03-01,2011-06-03,1634,75,state_zone+crop+season,v1.0,decided_project_convention,Crop-specific 95-day cycle starting from the north_northwest Summer anchor.,,https://www.kaggle.com/datasets/arjunyadav99/indian-agriculture-crop-production-and-yield,https://en.wikipedia.org/wiki/Zaid_crop
Uttar Pradesh,Wheat,Rabi,north_northwest,wheat,crop_cycle_estimate,10,30,0,3,28,1,150,2010,2010-10-30,2011-03-28,2586,88,state_zone+crop+season,v1.0,decided_project_convention,Crop-specific 150-day cycle starting from the north_northwest Rabi anchor.,,https://www.kaggle.com/datasets/arjunyadav99/indian-agriculture-crop-production-and-yield,https://en.wikipedia.org/wiki/Rabi_crop
Uttarakhand,Arhar/Tur,Kharif,north_northwest,pigeon_pea,crop_cycle_estimate,5,31,0,12,16,0,200,2010,2010-05-31,2010-12-16,328,13,state_zone+crop+season,v1.0,decided_project_convention,Crop-specific 200-day cycle starting from the north_northwest Kharif anchor.,,https://www.kaggle.com/datasets/arjunyadav99/indian-agriculture-crop-production-and-yield,https://en.wikipedia.org/wiki/Kharif_crop
Uttarakhand,Bajra,Kharif,north_northwest,pearl_millet,crop_cycle_estimate,6,15,0,9,22,0,100,2010,2010-06-15,2010-09-22,30,6,state_zone+crop+season,v1.0,decided_project_convention,Crop-specific 100-day cycle starting from the north_northwest Kharif anchor.,,https://www.kaggle.com/datasets/arjunyadav99/indian-agriculture-crop-production-and-yield,https://en.wikipedia.org/wiki/Kharif_crop
Uttarakhand,Barley,Rabi,north_northwest,barley,crop_cycle_estimate,10,30,0,3,8,1,130,2010,2010-10-30,2011-03-08,390,13,state_zone+crop+season,v1.0,decided_project_convention,Crop-specific 130-day cycle starting from the north_northwest Rabi anchor.,,https://www.kaggle.com/datasets/arjunyadav99/indian-agriculture-crop-production-and-yield,https://en.wikipedia.org/wiki/Rabi_crop
Uttarakhand,Dry chillies,Kharif,north_northwest,chilli,crop_cycle_estimate,6,15,0,12,11,0,180,2010,2010-06-15,2010-12-11,24,12,state_zone+crop+season,v1.0,decided_project_convention,Crop-specific 180-day cycle starting from the north_northwest Kharif anchor.,,https://www.kaggle.com/datasets/arjunyadav99/indian-agriculture-crop-production-and-yield,https://en.wikipedia.org/wiki/Kharif_crop
Uttarakhand,Dry ginger,Whole Year,north_northwest,ginger,annual_reporting_window,7,1,0,6,30,1,365,2010,2010-07-01,2011-06-30,121,13,state_zone+crop+season,v1.0,decided_project_convention,Whole Year mapped to the complete July-June crop-year reporting cycle.,Annual reporting window; do not calculate planting/harvest flags.,https://www.kaggle.com/datasets/arjunyadav99/indian-agriculture-crop-production-and-yield,"Project convention based on the recorded Indian crop-season label; Autumn and Winter are treated as crop reporting seasons, not literal meteorological seasons."
Uttarakhand,Garlic,Whole Year,north_northwest,garlic,annual_reporting_window,7,1,0,6,30,1,365,2010,2010-07-01,2011-06-30,264,12,state_zone+crop+season,v1.0,decided_project_convention,Whole Year mapped to the complete July-June crop-year reporting cycle.,Annual reporting window; do not calculate planting/harvest flags.,https://www.kaggle.com/datasets/arjunyadav99/indian-agriculture-crop-production-and-yield,"Project convention based on the recorded Indian crop-season label; Autumn and Winter are treated as crop reporting seasons, not literal meteorological seasons."
Uttarakhand,Ginger,Kharif,north_northwest,ginger,crop_cycle_estimate,6,15,0,2,9,1,240,2010,2010-06-15,2011-02-09,20,10,state_zone+crop+season,v1.0,decided_project_convention,Crop-specific 240-day cycle starting from the north_northwest Kharif anchor.,,https://www.kaggle.com/datasets/arjunyadav99/indian-agriculture-crop-production-and-yield,https://en.wikipedia.org/wiki/Kharif_crop
Uttarakhand,Ginger,Whole Year,north_northwest,ginger,annual_reporting_window,7,1,0,6,30,1,365,2010,2010-07-01,2011-06-30,215,13,state_zone+crop+season,v1.0,decided_project_convention,Whole Year mapped to the complete July-June crop-year reporting cycle.,Annual reporting window; do not calculate planting/harvest flags.,https://www.kaggle.com/datasets/arjunyadav99/indian-agriculture-crop-production-and-yield,"Project convention based on the recorded Indian crop-season label; Autumn and Winter are treated as crop reporting seasons, not literal meteorological seasons."
Uttarakhand,Gram,Rabi,north_northwest,chickpea,crop_cycle_estimate,10,30,0,3,8,1,130,2010,2010-10-30,2011-03-08,308,13,state_zone+crop+season,v1.0,decided_project_convention,Crop-specific 130-day cycle starting from the north_northwest Rabi anchor.,,https://www.kaggle.com/datasets/arjunyadav99/indian-agriculture-crop-production-and-yield,https://en.wikipedia.org/wiki/Rabi_crop
Uttarakhand,Groundnut,Kharif,north_northwest,groundnut,crop_cycle_estimate,6,15,0,10,12,0,120,2010,2010-06-15,2010-10-12,152,9,state_zone+crop+season,v1.0,decided_project_convention,Crop-specific 120-day cycle starting from the north_northwest Kharif anchor.,,https://www.kaggle.com/datasets/arjunyadav99/indian-agriculture-crop-production-and-yield,https://en.wikipedia.org/wiki/Kharif_crop
Uttarakhand,Horse-gram,Kharif,north_northwest,horse_gram,crop_cycle_estimate,6,15,0,10,2,0,110,2010,2010-06-15,2010-10-02,324,11,state_zone+crop+season,v1.0,decided_project_convention,Crop-specific 110-day cycle starting from the north_northwest Kharif anchor.,,https://www.kaggle.com/datasets/arjunyadav99/indian-agriculture-crop-production-and-yield,https://en.wikipedia.org/wiki/Kharif_crop
Uttarakhand,Jowar,Kharif,north_northwest,sorghum,crop_cycle_estimate,6,15,0,10,12,0,120,2010,2010-06-15,2010-10-12,2,1,state_zone+crop+season,v1.0,decided_project_convention,Crop-specific 120-day cycle starting from the north_northwest Kharif anchor.,,https://www.kaggle.com/datasets/arjunyadav99/indian-agriculture-crop-production-and-yield,https://en.wikipedia.org/wiki/Kharif_crop
Uttarakhand,Lentil,Rabi,north_northwest,lentil,crop_cycle_estimate,10,15,0,2,11,1,120,2010,2010-10-15,2011-02-11,13,13,state_zone+crop+season,v1.0,decided_project_convention,Crop-specific 120-day cycle starting from the north_northwest Rabi anchor.,,https://www.kaggle.com/datasets/arjunyadav99/indian-agriculture-crop-production-and-yield,https://en.wikipedia.org/wiki/Rabi_crop
Uttarakhand,Linseed,Rabi,north_northwest,linseed,crop_cycle_estimate,10,30,0,3,8,1,130,2010,2010-10-30,2011-03-08,28,5,state_zone+crop+season,v1.0,decided_project_convention,Crop-specific 130-day cycle starting from the north_northwest Rabi anchor.,,https://www.kaggle.com/datasets/arjunyadav99/indian-agriculture-crop-production-and-yield,https://en.wikipedia.org/wiki/Rabi_crop
Uttarakhand,Maize,Kharif,north_northwest,maize,crop_cycle_estimate,6,15,0,10,12,0,120,2010,2010-06-15,2010-10-12,390,13,state_zone+crop+season,v1.0,decided_project_convention,Crop-specific 120-day cycle starting from the north_northwest Kharif anchor.,,https://www.kaggle.com/datasets/arjunyadav99/indian-agriculture-crop-production-and-yield,https://en.wikipedia.org/wiki/Kharif_crop
Uttarakhand,Maize,Rabi,north_northwest,maize,crop_cycle_estimate,10,15,0,2,11,1,120,2010,2010-10-15,2011-02-11,40,4,state_zone+crop+season,v1.0,decided_project_convention,Crop-specific 120-day cycle starting from the north_northwest Rabi anchor.,,https://www.kaggle.com/datasets/arjunyadav99/indian-agriculture-crop-production-and-yield,https://en.wikipedia.org/wiki/Rabi_crop
Uttarakhand,Maize,Summer,north_northwest,maize,crop_cycle_estimate,3,1,1,6,28,1,120,2010,2011-03-01,2011-06-28,64,6,state_zone+crop+season,v1.0,decided_project_convention,Crop-specific 120-day cycle starting from the north_northwest Summer anchor.,,https://www.kaggle.com/datasets/arjunyadav99/indian-agriculture-crop-production-and-yield,https://en.wikipedia.org/wiki/Zaid_crop
Uttarakhand,Masoor,Rabi,north_northwest,lentil,crop_cycle_estimate,10,15,0,2,11,1,120,2010,2010-10-15,2011-02-11,390,13,state_zone+crop+season,v1.0,decided_project_convention,Crop-specific 120-day cycle starting from the north_northwest Rabi anchor.,,https://www.kaggle.com/datasets/arjunyadav99/indian-agriculture-crop-production-and-yield,https://en.wikipedia.org/wiki/Rabi_crop
Uttarakhand,Moong(Green Gram),Kharif,north_northwest,green_gram,crop_cycle_estimate,6,15,0,9,12,0,90,2010,2010-06-15,2010-09-12,60,5,state_zone+crop+season,v1.0,decided_project_convention,Crop-specific 90-day cycle starting from the north_northwest Kharif anchor.,,https://www.kaggle.com/datasets/arjunyadav99/indian-agriculture-crop-production-and-yield,https://en.wikipedia.org/wiki/Kharif_crop
Uttarakhand,Moong(Green Gram),Rabi,north_northwest,green_gram,crop_cycle_estimate,10,15,0,1,12,1,90,2010,2010-10-15,2011-01-12,28,3,state_zone+crop+season,v1.0,decided_project_convention,Crop-specific 90-day cycle starting from the north_northwest Rabi anchor.,,https://www.kaggle.com/datasets/arjunyadav99/indian-agriculture-crop-production-and-yield,https://en.wikipedia.org/wiki/Rabi_crop
Uttarakhand,Moong(Green Gram),Summer,north_northwest,green_gram,crop_cycle_estimate,3,1,1,5,29,1,90,2010,2011-03-01,2011-05-29,28,2,state_zone+crop+season,v1.0,decided_project_convention,Crop-specific 90-day cycle starting from the north_northwest Summer anchor.,,https://www.kaggle.com/datasets/arjunyadav99/indian-agriculture-crop-production-and-yield,https://en.wikipedia.org/wiki/Zaid_crop
Uttarakhand,Moth,Kharif,north_northwest,moth_bean,crop_cycle_estimate,6,15,0,9,22,0,100,2010,2010-06-15,2010-09-22,42,3,state_zone+crop+season,v1.0,decided_project_convention,Crop-specific 100-day cycle starting from the north_northwest Kharif anchor.,,https://www.kaggle.com/datasets/arjunyadav99/indian-agriculture-crop-production-and-yield,https://en.wikipedia.org/wiki/Kharif_crop
Uttarakhand,Onion,Rabi,north_northwest,onion,crop_cycle_estimate,10,30,0,3,28,1,150,2010,2010-10-30,2011-03-28,2,1,state_zone+crop+season,v1.0,decided_project_convention,Crop-specific 150-day cycle starting from the north_northwest Rabi anchor.,,https://www.kaggle.com/datasets/arjunyadav99/indian-agriculture-crop-production-and-yield,https://en.wikipedia.org/wiki/Rabi_crop
Uttarakhand,Onion,Summer,north_northwest,onion,crop_cycle_estimate,3,1,1,7,28,1,150,2010,2011-03-01,2011-07-28,2,1,state_zone+crop+season,v1.0,decided_project_convention,Crop-specific 150-day cycle starting from the north_northwest Summer anchor.,,https://www.kaggle.com/datasets/arjunyadav99/indian-agriculture-crop-production-and-yield,https://en.wikipedia.org/wiki/Zaid_crop
Uttarakhand,Onion,Whole Year,north_northwest,onion,annual_reporting_window,7,1,0,6,30,1,365,2010,2010-07-01,2011-06-30,380,13,state_zone+crop+season,v1.0,decided_project_convention,Whole Year mapped to the complete July-June crop-year reporting cycle.,Annual reporting window; do not calculate planting/harvest flags.,https://www.kaggle.com/datasets/arjunyadav99/indian-agriculture-crop-production-and-yield,"Project convention based on the recorded Indian crop-season label; Autumn and Winter are treated as crop reporting seasons, not literal meteorological seasons."
Uttarakhand,Other Cereals,Kharif,north_northwest,minor_cereal,crop_cycle_estimate,6,15,0,9,27,0,105,2010,2010-06-15,2010-09-27,119,11,state_zone+crop+season,v1.0,decided_project_convention,Crop-specific 105-day cycle starting from the north_northwest Kharif anchor.,,https://www.kaggle.com/datasets/arjunyadav99/indian-agriculture-crop-production-and-yield,https://en.wikipedia.org/wiki/Kharif_crop
Uttarakhand,Other Cereals,Rabi,north_northwest,minor_cereal,crop_cycle_estimate,10,15,0,1,27,1,105,2010,2010-10-15,2011-01-27,92,12,state_zone+crop+season,v1.0,decided_project_convention,Crop-specific 105-day cycle starting from the north_northwest Rabi anchor.,,https://www.kaggle.com/datasets/arjunyadav99/indian-agriculture-crop-production-and-yield,https://en.wikipedia.org/wiki/Rabi_crop
Uttarakhand,Other Cereals & Millets,Kharif,north_northwest,minor_cereal,crop_cycle_estimate,6,15,0,9,27,0,105,2010,2010-06-15,2010-09-27,119,11,state_zone+crop+season,v1.0,decided_project_convention,Crop-specific 105-day cycle starting from the north_northwest Kharif anchor.,,https://www.kaggle.com/datasets/arjunyadav99/indian-agriculture-crop-production-and-yield,https://en.wikipedia.org/wiki/Kharif_crop
Uttarakhand,Other Cereals & Millets,Rabi,north_northwest,minor_cereal,crop_cycle_estimate,10,15,0,1,27,1,105,2010,2010-10-15,2011-01-27,92,12,state_zone+crop+season,v1.0,decided_project_convention,Crop-specific 105-day cycle starting from the north_northwest Rabi anchor.,,https://www.kaggle.com/datasets/arjunyadav99/indian-agriculture-crop-production-and-yield,https://en.wikipedia.org/wiki/Rabi_crop
Uttarakhand,Other Kharif pulses,Kharif,north_northwest,aggregate_kharif_pulses,aggregate_reporting_window,6,15,0,11,30,0,169,2010,2010-06-15,2010-11-30,348,13,state_zone+crop+season,v1.0,decided_project_convention,Aggregate crop category mapped to the complete reporting-season window.,Aggregate crop category; uses the full reporting-season window.,https://www.kaggle.com/datasets/arjunyadav99/indian-agriculture-crop-production-and-yield,https://en.wikipedia.org/wiki/Kharif_crop
Uttarakhand,Other Rabi pulses,Rabi,north_northwest,aggregate_rabi_pulses,aggregate_reporting_window,10,15,0,4,30,1,198,2010,2010-10-15,2011-04-30,156,12,state_zone+crop+season,v1.0,decided_project_convention,Aggregate crop category mapped to the complete reporting-season window.,Aggregate crop category; uses the full reporting-season window.,https://www.kaggle.com/datasets/arjunyadav99/indian-agriculture-crop-production-and-yield,https://en.wikipedia.org/wiki/Rabi_crop
Uttarakhand,Peas & beans (Pulses),Rabi,north_northwest,other_pulse,crop_cycle_estimate,10,15,0,2,11,1,120,2010,2010-10-15,2011-02-11,382,13,state_zone+crop+season,v1.0,decided_project_convention,Crop-specific 120-day cycle starting from the north_northwest Rabi anchor.,,https://www.kaggle.com/datasets/arjunyadav99/indian-agriculture-crop-production-and-yield,https://en.wikipedia.org/wiki/Rabi_crop
Uttarakhand,Potato,Kharif,north_northwest,potato,crop_cycle_estimate,6,15,0,10,12,0,120,2010,2010-06-15,2010-10-12,248,11,state_zone+crop+season,v1.0,decided_project_convention,Crop-specific 120-day cycle starting from the north_northwest Kharif anchor.,,https://www.kaggle.com/datasets/arjunyadav99/indian-agriculture-crop-production-and-yield,https://en.wikipedia.org/wiki/Kharif_crop
Uttarakhand,Potato,Rabi,north_northwest,potato,crop_cycle_estimate,10,30,0,2,26,1,120,2010,2010-10-30,2011-02-26,312,13,state_zone+crop+season,v1.0,decided_project_convention,Crop-specific 120-day cycle starting from the north_northwest Rabi anchor.,,https://www.kaggle.com/datasets/arjunyadav99/indian-agriculture-crop-production-and-yield,https://en.wikipedia.org/wiki/Rabi_crop
Uttarakhand,Potato,Whole Year,north_northwest,potato,annual_reporting_window,7,1,0,6,30,1,365,2010,2010-07-01,2011-06-30,78,13,state_zone+crop+season,v1.0,decided_project_convention,Whole Year mapped to the complete July-June crop-year reporting cycle.,Annual reporting window; do not calculate planting/harvest flags.,https://www.kaggle.com/datasets/arjunyadav99/indian-agriculture-crop-production-and-yield,"Project convention based on the recorded Indian crop-season label; Autumn and Winter are treated as crop reporting seasons, not literal meteorological seasons."
Uttarakhand,Pulses total,Kharif,north_northwest,aggregate_pulses,aggregate_reporting_window,6,15,0,11,30,0,169,2010,2010-06-15,2010-11-30,13,13,state_zone+crop+season,v1.0,decided_project_convention,Aggregate crop category mapped to the complete reporting-season window.,Aggregate crop category; uses the full reporting-season window.,https://www.kaggle.com/datasets/arjunyadav99/indian-agriculture-crop-production-and-yield,https://en.wikipedia.org/wiki/Kharif_crop
Uttarakhand,Pulses total,Rabi,north_northwest,aggregate_pulses,aggregate_reporting_window,10,15,0,4,30,1,198,2010,2010-10-15,2011-04-30,13,13,state_zone+crop+season,v1.0,decided_project_convention,Aggregate crop category mapped to the complete reporting-season window.,Aggregate crop category; uses the full reporting-season window.,https://www.kaggle.com/datasets/arjunyadav99/indian-agriculture-crop-production-and-yield,https://en.wikipedia.org/wiki/Rabi_crop
Uttarakhand,Pulses total,Summer,north_northwest,aggregate_pulses,aggregate_reporting_window,3,1,1,6,30,1,122,2010,2011-03-01,2011-06-30,2,2,state_zone+crop+season,v1.0,decided_project_convention,Aggregate crop category mapped to the complete reporting-season window.,Aggregate crop category; uses the full reporting-season window.,https://www.kaggle.com/datasets/arjunyadav99/indian-agriculture-crop-production-and-yield,https://en.wikipedia.org/wiki/Zaid_crop
Uttarakhand,Pulses total,Whole Year,north_northwest,aggregate_pulses,annual_reporting_window,7,1,0,6,30,1,365,2010,2010-07-01,2011-06-30,13,13,state_zone+crop+season,v1.0,decided_project_convention,Whole Year mapped to the complete July-June crop-year reporting cycle.,Annual reporting window; do not calculate planting/harvest flags.,https://www.kaggle.com/datasets/arjunyadav99/indian-agriculture-crop-production-and-yield,"Project convention based on the recorded Indian crop-season label; Autumn and Winter are treated as crop reporting seasons, not literal meteorological seasons."
Uttarakhand,Ragi,Kharif,north_northwest,finger_millet,crop_cycle_estimate,6,15,0,10,12,0,120,2010,2010-06-15,2010-10-12,334,12,state_zone+crop+season,v1.0,decided_project_convention,Crop-specific 120-day cycle starting from the north_northwest Kharif anchor.,,https://www.kaggle.com/datasets/arjunyadav99/indian-agriculture-crop-production-and-yield,https://en.wikipedia.org/wiki/Kharif_crop
Uttarakhand,Rapeseed &Mustard,Rabi,north_northwest,rapeseed_mustard,crop_cycle_estimate,10,30,0,3,18,1,140,2010,2010-10-30,2011-03-18,390,13,state_zone+crop+season,v1.0,decided_project_convention,Crop-specific 140-day cycle starting from the north_northwest Rabi anchor.,,https://www.kaggle.com/datasets/arjunyadav99/indian-agriculture-crop-production-and-yield,https://en.wikipedia.org/wiki/Rabi_crop
Uttarakhand,Rice,Kharif,north_northwest,rice,crop_cycle_estimate,6,15,0,11,11,0,150,2010,2010-06-15,2010-11-11,390,13,state_zone+crop+season,v1.0,decided_project_convention,Crop-specific 150-day cycle starting from the north_northwest Kharif anchor.,,https://www.kaggle.com/datasets/arjunyadav99/indian-agriculture-crop-production-and-yield,https://en.wikipedia.org/wiki/Kharif_crop
Uttarakhand,Rice,Rabi,north_northwest,rice,crop_cycle_estimate,10,15,0,3,13,1,150,2010,2010-10-15,2011-03-13,30,4,state_zone+crop+season,v1.0,decided_project_convention,Crop-specific 150-day cycle starting from the north_northwest Rabi anchor.,,https://www.kaggle.com/datasets/arjunyadav99/indian-agriculture-crop-production-and-yield,https://en.wikipedia.org/wiki/Rabi_crop
Uttarakhand,Rice,Summer,north_northwest,rice,crop_cycle_estimate,12,1,0,5,29,1,180,2010,2010-12-01,2011-05-29,46,3,state_zone+crop+season,v1.0,decided_project_convention,Crop-specific 180-day cycle starting from the north_northwest Summer anchor.,Summer/Boro rice: winter-starting cycle ending in late spring or early summer.,https://www.kaggle.com/datasets/arjunyadav99/indian-agriculture-crop-production-and-yield,https://en.wikipedia.org/wiki/Zaid_crop
Uttarakhand,Rice,Whole Year,north_northwest,rice,annual_reporting_window,7,1,0,6,30,1,365,2010,2010-07-01,2011-06-30,13,13,state_zone+crop+season,v1.0,decided_project_convention,Whole Year mapped to the complete July-June crop-year reporting cycle.,Annual reporting window; do not calculate planting/harvest flags.,https://www.kaggle.com/datasets/arjunyadav99/indian-agriculture-crop-production-and-yield,"Project convention based on the recorded Indian crop-season label; Autumn and Winter are treated as crop reporting seasons, not literal meteorological seasons."
Uttarakhand,Sannhamp,Whole Year,north_northwest,other_fibre,annual_reporting_window,7,1,0,6,30,1,365,2010,2010-07-01,2011-06-30,2,1,state_zone+crop+season,v1.0,decided_project_convention,Whole Year mapped to the complete July-June crop-year reporting cycle.,Annual reporting window; do not calculate planting/harvest flags.,https://www.kaggle.com/datasets/arjunyadav99/indian-agriculture-crop-production-and-yield,"Project convention based on the recorded Indian crop-season label; Autumn and Winter are treated as crop reporting seasons, not literal meteorological seasons."
Uttarakhand,Sesamum,Kharif,north_northwest,sesame,crop_cycle_estimate,6,15,0,9,22,0,100,2010,2010-06-15,2010-09-22,380,13,state_zone+crop+season,v1.0,decided_project_convention,Crop-specific 100-day cycle starting from the north_northwest Kharif anchor.,,https://www.kaggle.com/datasets/arjunyadav99/indian-agriculture-crop-production-and-yield,https://en.wikipedia.org/wiki/Kharif_crop
Uttarakhand,Small millets,Kharif,north_northwest,minor_cereal,crop_cycle_estimate,6,15,0,9,27,0,105,2010,2010-06-15,2010-09-27,198,11,state_zone+crop+season,v1.0,decided_project_convention,Crop-specific 105-day cycle starting from the north_northwest Kharif anchor.,,https://www.kaggle.com/datasets/arjunyadav99/indian-agriculture-crop-production-and-yield,https://en.wikipedia.org/wiki/Kharif_crop
Uttarakhand,Small millets,Rabi,north_northwest,minor_cereal,crop_cycle_estimate,10,15,0,1,27,1,105,2010,2010-10-15,2011-01-27,6,2,state_zone+crop+season,v1.0,decided_project_convention,Crop-specific 105-day cycle starting from the north_northwest Rabi anchor.,,https://www.kaggle.com/datasets/arjunyadav99/indian-agriculture-crop-production-and-yield,https://en.wikipedia.org/wiki/Rabi_crop
Uttarakhand,Soyabean,Kharif,north_northwest,soybean,crop_cycle_estimate,6,15,0,10,2,0,110,2010,2010-06-15,2010-10-02,354,13,state_zone+crop+season,v1.0,decided_project_convention,Crop-specific 110-day cycle starting from the north_northwest Kharif anchor.,,https://www.kaggle.com/datasets/arjunyadav99/indian-agriculture-crop-production-and-yield,https://en.wikipedia.org/wiki/Kharif_crop
Uttarakhand,Sugarcane,Kharif,north_northwest,sugarcane,crop_cycle_estimate,6,15,0,6,14,1,365,2010,2010-06-15,2011-06-14,5,5,state_zone+crop+season,v1.0,decided_project_convention,Crop-specific 365-day cycle starting from the north_northwest Kharif anchor.,,https://www.kaggle.com/datasets/arjunyadav99/indian-agriculture-crop-production-and-yield,https://en.wikipedia.org/wiki/Kharif_crop
Uttarakhand,Sugarcane,Whole Year,north_northwest,sugarcane,annual_reporting_window,7,1,0,6,30,1,365,2010,2010-07-01,2011-06-30,147,8,state_zone+crop+season,v1.0,decided_project_convention,Whole Year mapped to the complete July-June crop-year reporting cycle.,Annual reporting window; do not calculate planting/harvest flags.,https://www.kaggle.com/datasets/arjunyadav99/indian-agriculture-crop-production-and-yield,"Project convention based on the recorded Indian crop-season label; Autumn and Winter are treated as crop reporting seasons, not literal meteorological seasons."
Uttarakhand,Sunflower,Kharif,north_northwest,sunflower,crop_cycle_estimate,6,15,0,10,2,0,110,2010,2010-06-15,2010-10-02,78,10,state_zone+crop+season,v1.0,decided_project_convention,Crop-specific 110-day cycle starting from the north_northwest Kharif anchor.,,https://www.kaggle.com/datasets/arjunyadav99/indian-agriculture-crop-production-and-yield,https://en.wikipedia.org/wiki/Kharif_crop
Uttarakhand,Sunflower,Whole Year,north_northwest,sunflower,annual_reporting_window,7,1,0,6,30,1,365,2010,2010-07-01,2011-06-30,8,4,state_zone+crop+season,v1.0,decided_project_convention,Whole Year mapped to the complete July-June crop-year reporting cycle.,Annual reporting window; do not calculate planting/harvest flags.,https://www.kaggle.com/datasets/arjunyadav99/indian-agriculture-crop-production-and-yield,"Project convention based on the recorded Indian crop-season label; Autumn and Winter are treated as crop reporting seasons, not literal meteorological seasons."
Uttarakhand,Tobacco,Whole Year,north_northwest,tobacco,annual_reporting_window,7,1,0,6,30,1,365,2010,2010-07-01,2011-06-30,102,11,state_zone+crop+season,v1.0,decided_project_convention,Whole Year mapped to the complete July-June crop-year reporting cycle.,Annual reporting window; do not calculate planting/harvest flags.,https://www.kaggle.com/datasets/arjunyadav99/indian-agriculture-crop-production-and-yield,"Project convention based on the recorded Indian crop-season label; Autumn and Winter are treated as crop reporting seasons, not literal meteorological seasons."
Uttarakhand,Total foodgrain,Kharif,north_northwest,aggregate_foodgrain,aggregate_reporting_window,6,15,0,11,30,0,169,2010,2010-06-15,2010-11-30,13,13,state_zone+crop+season,v1.0,decided_project_convention,Aggregate crop category mapped to the complete reporting-season window.,Aggregate crop category; uses the full reporting-season window.,https://www.kaggle.com/datasets/arjunyadav99/indian-agriculture-crop-production-and-yield,https://en.wikipedia.org/wiki/Kharif_crop
Uttarakhand,Total foodgrain,Rabi,north_northwest,aggregate_foodgrain,aggregate_reporting_window,10,15,0,4,30,1,198,2010,2010-10-15,2011-04-30,13,13,state_zone+crop+season,v1.0,decided_project_convention,Aggregate crop category mapped to the complete reporting-season window.,Aggregate crop category; uses the full reporting-season window.,https://www.kaggle.com/datasets/arjunyadav99/indian-agriculture-crop-production-and-yield,https://en.wikipedia.org/wiki/Rabi_crop
Uttarakhand,Total foodgrain,Summer,north_northwest,aggregate_foodgrain,aggregate_reporting_window,3,1,1,6,30,1,122,2010,2011-03-01,2011-06-30,5,5,state_zone+crop+season,v1.0,decided_project_convention,Aggregate crop category mapped to the complete reporting-season window.,Aggregate crop category; uses the full reporting-season window.,https://www.kaggle.com/datasets/arjunyadav99/indian-agriculture-crop-production-and-yield,https://en.wikipedia.org/wiki/Zaid_crop
Uttarakhand,Total foodgrain,Whole Year,north_northwest,aggregate_foodgrain,annual_reporting_window,7,1,0,6,30,1,365,2010,2010-07-01,2011-06-30,13,13,state_zone+crop+season,v1.0,decided_project_convention,Whole Year mapped to the complete July-June crop-year reporting cycle.,Annual reporting window; do not calculate planting/harvest flags.,https://www.kaggle.com/datasets/arjunyadav99/indian-agriculture-crop-production-and-yield,"Project convention based on the recorded Indian crop-season label; Autumn and Winter are treated as crop reporting seasons, not literal meteorological seasons."
Uttarakhand,Turmeric,Whole Year,north_northwest,turmeric,annual_reporting_window,7,1,0,6,30,1,365,2010,2010-07-01,2011-06-30,170,12,state_zone+crop+season,v1.0,decided_project_convention,Whole Year mapped to the complete July-June crop-year reporting cycle.,Annual reporting window; do not calculate planting/harvest flags.,https://www.kaggle.com/datasets/arjunyadav99/indian-agriculture-crop-production-and-yield,"Project convention based on the recorded Indian crop-season label; Autumn and Winter are treated as crop reporting seasons, not literal meteorological seasons."
Uttarakhand,Urad,Kharif,north_northwest,black_gram,crop_cycle_estimate,6,15,0,9,17,0,95,2010,2010-06-15,2010-09-17,390,13,state_zone+crop+season,v1.0,decided_project_convention,Crop-specific 95-day cycle starting from the north_northwest Kharif anchor.,,https://www.kaggle.com/datasets/arjunyadav99/indian-agriculture-crop-production-and-yield,https://en.wikipedia.org/wiki/Kharif_crop
Uttarakhand,Urad,Rabi,north_northwest,black_gram,crop_cycle_estimate,10,15,0,1,17,1,95,2010,2010-10-15,2011-01-17,22,3,state_zone+crop+season,v1.0,decided_project_convention,Crop-specific 95-day cycle starting from the north_northwest Rabi anchor.,,https://www.kaggle.com/datasets/arjunyadav99/indian-agriculture-crop-production-and-yield,https://en.wikipedia.org/wiki/Rabi_crop
Uttarakhand,Urad,Summer,north_northwest,black_gram,crop_cycle_estimate,3,1,1,6,3,1,95,2010,2011-03-01,2011-06-03,40,4,state_zone+crop+season,v1.0,decided_project_convention,Crop-specific 95-day cycle starting from the north_northwest Summer anchor.,,https://www.kaggle.com/datasets/arjunyadav99/indian-agriculture-crop-production-and-yield,https://en.wikipedia.org/wiki/Zaid_crop
Uttarakhand,Wheat,Rabi,north_northwest,wheat,crop_cycle_estimate,10,30,0,3,28,1,150,2010,2010-10-30,2011-03-28,390,13,state_zone+crop+season,v1.0,decided_project_convention,Crop-specific 150-day cycle starting from the north_northwest Rabi anchor.,,https://www.kaggle.com/datasets/arjunyadav99/indian-agriculture-crop-production-and-yield,https://en.wikipedia.org/wiki/Rabi_crop
Uttarakhand,other oilseeds,Kharif,north_northwest,other_oilseed,crop_cycle_estimate,6,15,0,10,12,0,120,2010,2010-06-15,2010-10-12,176,13,state_zone+crop+season,v1.0,decided_project_convention,Crop-specific 120-day cycle starting from the north_northwest Kharif anchor.,,https://www.kaggle.com/datasets/arjunyadav99/indian-agriculture-crop-production-and-yield,https://en.wikipedia.org/wiki/Kharif_crop
Uttarakhand,other oilseeds,Rabi,north_northwest,other_oilseed,crop_cycle_estimate,10,15,0,2,11,1,120,2010,2010-10-15,2011-02-11,192,13,state_zone+crop+season,v1.0,decided_project_convention,Crop-specific 120-day cycle starting from the north_northwest Rabi anchor.,,https://www.kaggle.com/datasets/arjunyadav99/indian-agriculture-crop-production-and-yield,https://en.wikipedia.org/wiki/Rabi_crop
West Bengal,Arecanut,Whole Year,east_northeast,arecanut,annual_reporting_window,7,1,0,6,30,1,365,2010,2010-07-01,2011-06-30,263,19,state_zone+crop+season,v1.0,decided_project_convention,Whole Year mapped to the complete July-June crop-year reporting cycle.,Annual reporting window; do not calculate planting/harvest flags.,https://www.kaggle.com/datasets/arjunyadav99/indian-agriculture-crop-production-and-yield,"Project convention based on the recorded Indian crop-season label; Autumn and Winter are treated as crop reporting seasons, not literal meteorological seasons."
West Bengal,Arhar/Tur,Kharif,east_northeast,pigeon_pea,crop_cycle_estimate,4,30,0,11,15,0,200,2010,2010-04-30,2010-11-15,112,16,state_zone+crop+season,v1.0,decided_project_convention,Crop-specific 200-day cycle starting from the east_northeast Kharif anchor.,,https://www.kaggle.com/datasets/arjunyadav99/indian-agriculture-crop-production-and-yield,https://en.wikipedia.org/wiki/Kharif_crop
West Bengal,Arhar/Tur,Rabi,east_northeast,pigeon_pea,crop_cycle_estimate,10,15,0,3,13,1,150,2010,2010-10-15,2011-03-13,166,17,state_zone+crop+season,v1.0,decided_project_convention,Crop-specific 150-day cycle starting from the east_northeast Rabi anchor.,,https://www.kaggle.com/datasets/arjunyadav99/indian-agriculture-crop-production-and-yield,https://en.wikipedia.org/wiki/Rabi_crop
West Bengal,Arhar/Tur,Whole Year,east_northeast,pigeon_pea,annual_reporting_window,7,1,0,6,30,1,365,2010,2010-07-01,2011-06-30,18,14,state_zone+crop+season,v1.0,decided_project_convention,Whole Year mapped to the complete July-June crop-year reporting cycle.,Annual reporting window; do not calculate planting/harvest flags.,https://www.kaggle.com/datasets/arjunyadav99/indian-agriculture-crop-production-and-yield,"Project convention based on the recorded Indian crop-season label; Autumn and Winter are treated as crop reporting seasons, not literal meteorological seasons."
West Bengal,Bajra,Kharif,east_northeast,pearl_millet,crop_cycle_estimate,5,15,0,8,22,0,100,2010,2010-05-15,2010-08-22,61,9,state_zone+crop+season,v1.0,decided_project_convention,Crop-specific 100-day cycle starting from the east_northeast Kharif anchor.,,https://www.kaggle.com/datasets/arjunyadav99/indian-agriculture-crop-production-and-yield,https://en.wikipedia.org/wiki/Kharif_crop
West Bengal,Barley,Rabi,east_northeast,barley,crop_cycle_estimate,10,30,0,3,8,1,130,2010,2010-10-30,2011-03-08,140,13,state_zone+crop+season,v1.0,decided_project_convention,Crop-specific 130-day cycle starting from the east_northeast Rabi anchor.,,https://www.kaggle.com/datasets/arjunyadav99/indian-agriculture-crop-production-and-yield,https://en.wikipedia.org/wiki/Rabi_crop
West Bengal,Barley,Whole Year,east_northeast,barley,annual_reporting_window,7,1,0,6,30,1,365,2010,2010-07-01,2011-06-30,13,11,state_zone+crop+season,v1.0,decided_project_convention,Whole Year mapped to the complete July-June crop-year reporting cycle.,Annual reporting window; do not calculate planting/harvest flags.,https://www.kaggle.com/datasets/arjunyadav99/indian-agriculture-crop-production-and-yield,"Project convention based on the recorded Indian crop-season label; Autumn and Winter are treated as crop reporting seasons, not literal meteorological seasons."
West Bengal,Cardamom,Whole Year,east_northeast,cardamom,annual_reporting_window,7,1,0,6,30,1,365,2010,2010-07-01,2011-06-30,19,1,state_zone+crop+season,v1.0,decided_project_convention,Whole Year mapped to the complete July-June crop-year reporting cycle.,Annual reporting window; do not calculate planting/harvest flags.,https://www.kaggle.com/datasets/arjunyadav99/indian-agriculture-crop-production-and-yield,"Project convention based on the recorded Indian crop-season label; Autumn and Winter are treated as crop reporting seasons, not literal meteorological seasons."
West Bengal,Castor seed,Kharif,east_northeast,castor,crop_cycle_estimate,4,30,0,10,26,0,180,2010,2010-04-30,2010-10-26,12,1,state_zone+crop+season,v1.0,decided_project_convention,Crop-specific 180-day cycle starting from the east_northeast Kharif anchor.,,https://www.kaggle.com/datasets/arjunyadav99/indian-agriculture-crop-production-and-yield,https://en.wikipedia.org/wiki/Kharif_crop
West Bengal,Castor seed,Rabi,east_northeast,castor,crop_cycle_estimate,10,15,0,4,12,1,180,2010,2010-10-15,2011-04-12,4,1,state_zone+crop+season,v1.0,decided_project_convention,Crop-specific 180-day cycle starting from the east_northeast Rabi anchor.,,https://www.kaggle.com/datasets/arjunyadav99/indian-agriculture-crop-production-and-yield,https://en.wikipedia.org/wiki/Rabi_crop
West Bengal,Castor seed,Whole Year,east_northeast,castor,annual_reporting_window,7,1,0,6,30,1,365,2010,2010-07-01,2011-06-30,1,1,state_zone+crop+season,v1.0,decided_project_convention,Whole Year mapped to the complete July-June crop-year reporting cycle.,Annual reporting window; do not calculate planting/harvest flags.,https://www.kaggle.com/datasets/arjunyadav99/indian-agriculture-crop-production-and-yield,"Project convention based on the recorded Indian crop-season label; Autumn and Winter are treated as crop reporting seasons, not literal meteorological seasons."
West Bengal,Coconut,Whole Year,east_northeast,coconut,annual_reporting_window,7,1,0,6,30,1,365,2010,2010-07-01,2011-06-30,408,20,state_zone+crop+season,v1.0,decided_project_convention,Whole Year mapped to the complete July-June crop-year reporting cycle.,Annual reporting window; do not calculate planting/harvest flags.,https://www.kaggle.com/datasets/arjunyadav99/indian-agriculture-crop-production-and-yield,"Project convention based on the recorded Indian crop-season label; Autumn and Winter are treated as crop reporting seasons, not literal meteorological seasons."
West Bengal,Cotton(lint),Kharif,east_northeast,cotton,crop_cycle_estimate,4,30,0,11,25,0,210,2010,2010-04-30,2010-11-25,100,10,state_zone+crop+season,v1.0,decided_project_convention,Crop-specific 210-day cycle starting from the east_northeast Kharif anchor.,,https://www.kaggle.com/datasets/arjunyadav99/indian-agriculture-crop-production-and-yield,https://en.wikipedia.org/wiki/Kharif_crop
West Bengal,Dry chillies,Autumn,east_northeast,chilli,crop_cycle_estimate,4,1,0,9,27,0,180,2010,2010-04-01,2010-09-27,50,19,state_zone+crop+season,v1.0,decided_project_convention,Crop-specific 180-day cycle starting from the east_northeast Autumn anchor.,,https://www.kaggle.com/datasets/arjunyadav99/indian-agriculture-crop-production-and-yield,"Project convention based on the recorded Indian crop-season label; Autumn and Winter are treated as crop reporting seasons, not literal meteorological seasons."
West Bengal,Dry chillies,Rabi,east_northeast,chilli,crop_cycle_estimate,10,15,0,4,12,1,180,2010,2010-10-15,2011-04-12,50,19,state_zone+crop+season,v1.0,decided_project_convention,Crop-specific 180-day cycle starting from the east_northeast Rabi anchor.,,https://www.kaggle.com/datasets/arjunyadav99/indian-agriculture-crop-production-and-yield,https://en.wikipedia.org/wiki/Rabi_crop
West Bengal,Dry chillies,Whole Year,east_northeast,chilli,annual_reporting_window,7,1,0,6,30,1,365,2010,2010-07-01,2011-06-30,249,19,state_zone+crop+season,v1.0,decided_project_convention,Whole Year mapped to the complete July-June crop-year reporting cycle.,Annual reporting window; do not calculate planting/harvest flags.,https://www.kaggle.com/datasets/arjunyadav99/indian-agriculture-crop-production-and-yield,"Project convention based on the recorded Indian crop-season label; Autumn and Winter are treated as crop reporting seasons, not literal meteorological seasons."
West Bengal,Dry ginger,Kharif,east_northeast,ginger,crop_cycle_estimate,5,15,0,1,9,1,240,2010,2010-05-15,2011-01-09,77,7,state_zone+crop+season,v1.0,decided_project_convention,Crop-specific 240-day cycle starting from the east_northeast Kharif anchor.,,https://www.kaggle.com/datasets/arjunyadav99/indian-agriculture-crop-production-and-yield,https://en.wikipedia.org/wiki/Kharif_crop
West Bengal,Garlic,Kharif,east_northeast,garlic,crop_cycle_estimate,5,15,0,10,11,0,150,2010,2010-05-15,2010-10-11,25,19,state_zone+crop+season,v1.0,decided_project_convention,Crop-specific 150-day cycle starting from the east_northeast Kharif anchor.,,https://www.kaggle.com/datasets/arjunyadav99/indian-agriculture-crop-production-and-yield,https://en.wikipedia.org/wiki/Kharif_crop
West Bengal,Ginger,Kharif,east_northeast,ginger,crop_cycle_estimate,5,15,0,1,9,1,240,2010,2010-05-15,2011-01-09,196,18,state_zone+crop+season,v1.0,decided_project_convention,Crop-specific 240-day cycle starting from the east_northeast Kharif anchor.,,https://www.kaggle.com/datasets/arjunyadav99/indian-agriculture-crop-production-and-yield,https://en.wikipedia.org/wiki/Kharif_crop
West Bengal,Gram,Rabi,east_northeast,chickpea,crop_cycle_estimate,10,30,0,3,8,1,130,2010,2010-10-30,2011-03-08,321,19,state_zone+crop+season,v1.0,decided_project_convention,Crop-specific 130-day cycle starting from the east_northeast Rabi anchor.,,https://www.kaggle.com/datasets/arjunyadav99/indian-agriculture-crop-production-and-yield,https://en.wikipedia.org/wiki/Rabi_crop
West Bengal,Groundnut,Autumn,east_northeast,groundnut,crop_cycle_estimate,4,1,0,7,29,0,120,2010,2010-04-01,2010-07-29,81,12,state_zone+crop+season,v1.0,decided_project_convention,Crop-specific 120-day cycle starting from the east_northeast Autumn anchor.,,https://www.kaggle.com/datasets/arjunyadav99/indian-agriculture-crop-production-and-yield,"Project convention based on the recorded Indian crop-season label; Autumn and Winter are treated as crop reporting seasons, not literal meteorological seasons."
West Bengal,Groundnut,Kharif,east_northeast,groundnut,crop_cycle_estimate,5,15,0,9,11,0,120,2010,2010-05-15,2010-09-11,85,13,state_zone+crop+season,v1.0,decided_project_convention,Crop-specific 120-day cycle starting from the east_northeast Kharif anchor.,,https://www.kaggle.com/datasets/arjunyadav99/indian-agriculture-crop-production-and-yield,https://en.wikipedia.org/wiki/Kharif_crop
West Bengal,Groundnut,Rabi,east_northeast,groundnut,crop_cycle_estimate,10,15,0,2,11,1,120,2010,2010-10-15,2011-02-11,204,16,state_zone+crop+season,v1.0,decided_project_convention,Crop-specific 120-day cycle starting from the east_northeast Rabi anchor.,,https://www.kaggle.com/datasets/arjunyadav99/indian-agriculture-crop-production-and-yield,https://en.wikipedia.org/wiki/Rabi_crop
West Bengal,Groundnut,Summer,east_northeast,groundnut,crop_cycle_estimate,2,15,1,6,14,1,120,2010,2011-02-15,2011-06-14,269,19,state_zone+crop+season,v1.0,decided_project_convention,Crop-specific 120-day cycle starting from the east_northeast Summer anchor.,,https://www.kaggle.com/datasets/arjunyadav99/indian-agriculture-crop-production-and-yield,https://en.wikipedia.org/wiki/Zaid_crop
West Bengal,Groundnut,Whole Year,east_northeast,groundnut,annual_reporting_window,7,1,0,6,30,1,365,2010,2010-07-01,2011-06-30,112,19,state_zone+crop+season,v1.0,decided_project_convention,Whole Year mapped to the complete July-June crop-year reporting cycle.,Annual reporting window; do not calculate planting/harvest flags.,https://www.kaggle.com/datasets/arjunyadav99/indian-agriculture-crop-production-and-yield,"Project convention based on the recorded Indian crop-season label; Autumn and Winter are treated as crop reporting seasons, not literal meteorological seasons."
West Bengal,Horse-gram,Kharif,east_northeast,horse_gram,crop_cycle_estimate,5,15,0,9,1,0,110,2010,2010-05-15,2010-09-01,67,13,state_zone+crop+season,v1.0,decided_project_convention,Crop-specific 110-day cycle starting from the east_northeast Kharif anchor.,,https://www.kaggle.com/datasets/arjunyadav99/indian-agriculture-crop-production-and-yield,https://en.wikipedia.org/wiki/Kharif_crop
West Bengal,Horse-gram,Rabi,east_northeast,horse_gram,crop_cycle_estimate,10,15,0,2,1,1,110,2010,2010-10-15,2011-02-01,186,14,state_zone+crop+season,v1.0,decided_project_convention,Crop-specific 110-day cycle starting from the east_northeast Rabi anchor.,,https://www.kaggle.com/datasets/arjunyadav99/indian-agriculture-crop-production-and-yield,https://en.wikipedia.org/wiki/Rabi_crop
West Bengal,Jowar,Autumn,east_northeast,sorghum,crop_cycle_estimate,4,1,0,7,29,0,120,2010,2010-04-01,2010-07-29,3,1,state_zone+crop+season,v1.0,decided_project_convention,Crop-specific 120-day cycle starting from the east_northeast Autumn anchor.,,https://www.kaggle.com/datasets/arjunyadav99/indian-agriculture-crop-production-and-yield,"Project convention based on the recorded Indian crop-season label; Autumn and Winter are treated as crop reporting seasons, not literal meteorological seasons."
West Bengal,Jowar,Kharif,east_northeast,sorghum,crop_cycle_estimate,5,15,0,9,11,0,120,2010,2010-05-15,2010-09-11,63,7,state_zone+crop+season,v1.0,decided_project_convention,Crop-specific 120-day cycle starting from the east_northeast Kharif anchor.,,https://www.kaggle.com/datasets/arjunyadav99/indian-agriculture-crop-production-and-yield,https://en.wikipedia.org/wiki/Kharif_crop
West Bengal,Jowar,Whole Year,east_northeast,sorghum,annual_reporting_window,7,1,0,6,30,1,365,2010,2010-07-01,2011-06-30,8,6,state_zone+crop+season,v1.0,decided_project_convention,Whole Year mapped to the complete July-June crop-year reporting cycle.,Annual reporting window; do not calculate planting/harvest flags.,https://www.kaggle.com/datasets/arjunyadav99/indian-agriculture-crop-production-and-yield,"Project convention based on the recorded Indian crop-season label; Autumn and Winter are treated as crop reporting seasons, not literal meteorological seasons."
West Bengal,Jute,Kharif,east_northeast,jute_mesta,crop_cycle_estimate,4,15,0,9,11,0,150,2010,2010-04-15,2010-09-11,423,19,state_zone+crop+season,v1.0,decided_project_convention,Crop-specific 150-day cycle starting from the east_northeast Kharif anchor.,,https://www.kaggle.com/datasets/arjunyadav99/indian-agriculture-crop-production-and-yield,https://en.wikipedia.org/wiki/Kharif_crop
West Bengal,Khesari,Kharif,east_northeast,khesari,crop_cycle_estimate,5,15,0,9,11,0,120,2010,2010-05-15,2010-09-11,1,1,state_zone+crop+season,v1.0,decided_project_convention,Crop-specific 120-day cycle starting from the east_northeast Kharif anchor.,,https://www.kaggle.com/datasets/arjunyadav99/indian-agriculture-crop-production-and-yield,https://en.wikipedia.org/wiki/Kharif_crop
West Bengal,Khesari,Rabi,east_northeast,khesari,crop_cycle_estimate,10,15,0,2,11,1,120,2010,2010-10-15,2011-02-11,390,19,state_zone+crop+season,v1.0,decided_project_convention,Crop-specific 120-day cycle starting from the east_northeast Rabi anchor.,,https://www.kaggle.com/datasets/arjunyadav99/indian-agriculture-crop-production-and-yield,https://en.wikipedia.org/wiki/Rabi_crop
West Bengal,Linseed,Rabi,east_northeast,linseed,crop_cycle_estimate,10,30,0,3,8,1,130,2010,2010-10-30,2011-03-08,323,16,state_zone+crop+season,v1.0,decided_project_convention,Crop-specific 130-day cycle starting from the east_northeast Rabi anchor.,,https://www.kaggle.com/datasets/arjunyadav99/indian-agriculture-crop-production-and-yield,https://en.wikipedia.org/wiki/Rabi_crop
West Bengal,Linseed,Whole Year,east_northeast,linseed,annual_reporting_window,7,1,0,6,30,1,365,2010,2010-07-01,2011-06-30,19,14,state_zone+crop+season,v1.0,decided_project_convention,Whole Year mapped to the complete July-June crop-year reporting cycle.,Annual reporting window; do not calculate planting/harvest flags.,https://www.kaggle.com/datasets/arjunyadav99/indian-agriculture-crop-production-and-yield,"Project convention based on the recorded Indian crop-season label; Autumn and Winter are treated as crop reporting seasons, not literal meteorological seasons."
West Bengal,Maize,Autumn,east_northeast,maize,crop_cycle_estimate,4,1,0,7,29,0,120,2010,2010-04-01,2010-07-29,100,14,state_zone+crop+season,v1.0,decided_project_convention,Crop-specific 120-day cycle starting from the east_northeast Autumn anchor.,,https://www.kaggle.com/datasets/arjunyadav99/indian-agriculture-crop-production-and-yield,"Project convention based on the recorded Indian crop-season label; Autumn and Winter are treated as crop reporting seasons, not literal meteorological seasons."
West Bengal,Maize,Kharif,east_northeast,maize,crop_cycle_estimate,5,15,0,9,11,0,120,2010,2010-05-15,2010-09-11,199,19,state_zone+crop+season,v1.0,decided_project_convention,Crop-specific 120-day cycle starting from the east_northeast Kharif anchor.,,https://www.kaggle.com/datasets/arjunyadav99/indian-agriculture-crop-production-and-yield,https://en.wikipedia.org/wiki/Kharif_crop
West Bengal,Maize,Rabi,east_northeast,maize,crop_cycle_estimate,10,15,0,2,11,1,120,2010,2010-10-15,2011-02-11,126,13,state_zone+crop+season,v1.0,decided_project_convention,Crop-specific 120-day cycle starting from the east_northeast Rabi anchor.,,https://www.kaggle.com/datasets/arjunyadav99/indian-agriculture-crop-production-and-yield,https://en.wikipedia.org/wiki/Rabi_crop
West Bengal,Maize,Summer,east_northeast,maize,crop_cycle_estimate,2,15,1,6,14,1,120,2010,2011-02-15,2011-06-14,189,19,state_zone+crop+season,v1.0,decided_project_convention,Crop-specific 120-day cycle starting from the east_northeast Summer anchor.,,https://www.kaggle.com/datasets/arjunyadav99/indian-agriculture-crop-production-and-yield,https://en.wikipedia.org/wiki/Zaid_crop
West Bengal,Maize,Whole Year,east_northeast,maize,annual_reporting_window,7,1,0,6,30,1,365,2010,2010-07-01,2011-06-30,19,14,state_zone+crop+season,v1.0,decided_project_convention,Whole Year mapped to the complete July-June crop-year reporting cycle.,Annual reporting window; do not calculate planting/harvest flags.,https://www.kaggle.com/datasets/arjunyadav99/indian-agriculture-crop-production-and-yield,"Project convention based on the recorded Indian crop-season label; Autumn and Winter are treated as crop reporting seasons, not literal meteorological seasons."
West Bengal,Masoor,Rabi,east_northeast,lentil,crop_cycle_estimate,10,15,0,2,11,1,120,2010,2010-10-15,2011-02-11,418,19,state_zone+crop+season,v1.0,decided_project_convention,Crop-specific 120-day cycle starting from the east_northeast Rabi anchor.,,https://www.kaggle.com/datasets/arjunyadav99/indian-agriculture-crop-production-and-yield,https://en.wikipedia.org/wiki/Rabi_crop
West Bengal,Mesta,Kharif,east_northeast,jute_mesta,crop_cycle_estimate,4,15,0,9,11,0,150,2010,2010-04-15,2010-09-11,277,19,state_zone+crop+season,v1.0,decided_project_convention,Crop-specific 150-day cycle starting from the east_northeast Kharif anchor.,,https://www.kaggle.com/datasets/arjunyadav99/indian-agriculture-crop-production-and-yield,https://en.wikipedia.org/wiki/Kharif_crop
West Bengal,Moong(Green Gram),Kharif,east_northeast,green_gram,crop_cycle_estimate,5,15,0,8,12,0,90,2010,2010-05-15,2010-08-12,191,16,state_zone+crop+season,v1.0,decided_project_convention,Crop-specific 90-day cycle starting from the east_northeast Kharif anchor.,,https://www.kaggle.com/datasets/arjunyadav99/indian-agriculture-crop-production-and-yield,https://en.wikipedia.org/wiki/Kharif_crop
West Bengal,Moong(Green Gram),Rabi,east_northeast,green_gram,crop_cycle_estimate,10,15,0,1,12,1,90,2010,2010-10-15,2011-01-12,254,16,state_zone+crop+season,v1.0,decided_project_convention,Crop-specific 90-day cycle starting from the east_northeast Rabi anchor.,,https://www.kaggle.com/datasets/arjunyadav99/indian-agriculture-crop-production-and-yield,https://en.wikipedia.org/wiki/Rabi_crop
West Bengal,Moong(Green Gram),Summer,east_northeast,green_gram,crop_cycle_estimate,2,15,1,5,15,1,90,2010,2011-02-15,2011-05-15,398,19,state_zone+crop+season,v1.0,decided_project_convention,Crop-specific 90-day cycle starting from the east_northeast Summer anchor.,,https://www.kaggle.com/datasets/arjunyadav99/indian-agriculture-crop-production-and-yield,https://en.wikipedia.org/wiki/Zaid_crop
West Bengal,Moth,Kharif,east_northeast,moth_bean,crop_cycle_estimate,5,15,0,8,22,0,100,2010,2010-05-15,2010-08-22,1,1,state_zone+crop+season,v1.0,decided_project_convention,Crop-specific 100-day cycle starting from the east_northeast Kharif anchor.,,https://www.kaggle.com/datasets/arjunyadav99/indian-agriculture-crop-production-and-yield,https://en.wikipedia.org/wiki/Kharif_crop
West Bengal,Moth,Rabi,east_northeast,moth_bean,crop_cycle_estimate,10,15,0,1,22,1,100,2010,2010-10-15,2011-01-22,1,1,state_zone+crop+season,v1.0,decided_project_convention,Crop-specific 100-day cycle starting from the east_northeast Rabi anchor.,,https://www.kaggle.com/datasets/arjunyadav99/indian-agriculture-crop-production-and-yield,https://en.wikipedia.org/wiki/Rabi_crop
West Bengal,Niger seed,Kharif,east_northeast,niger,crop_cycle_estimate,5,15,0,9,11,0,120,2010,2010-05-15,2010-09-11,160,9,state_zone+crop+season,v1.0,decided_project_convention,Crop-specific 120-day cycle starting from the east_northeast Kharif anchor.,,https://www.kaggle.com/datasets/arjunyadav99/indian-agriculture-crop-production-and-yield,https://en.wikipedia.org/wiki/Kharif_crop
West Bengal,Niger seed,Whole Year,east_northeast,niger,annual_reporting_window,7,1,0,6,30,1,365,2010,2010-07-01,2011-06-30,10,8,state_zone+crop+season,v1.0,decided_project_convention,Whole Year mapped to the complete July-June crop-year reporting cycle.,Annual reporting window; do not calculate planting/harvest flags.,https://www.kaggle.com/datasets/arjunyadav99/indian-agriculture-crop-production-and-yield,"Project convention based on the recorded Indian crop-season label; Autumn and Winter are treated as crop reporting seasons, not literal meteorological seasons."
West Bengal,Oilseeds total,Rabi,east_northeast,aggregate_oilseeds,aggregate_reporting_window,10,15,0,4,30,1,198,2010,2010-10-15,2011-04-30,25,19,state_zone+crop+season,v1.0,decided_project_convention,Aggregate crop category mapped to the complete reporting-season window.,Aggregate crop category; uses the full reporting-season window.,https://www.kaggle.com/datasets/arjunyadav99/indian-agriculture-crop-production-and-yield,https://en.wikipedia.org/wiki/Rabi_crop
West Bengal,Other Kharif pulses,Kharif,east_northeast,aggregate_kharif_pulses,aggregate_reporting_window,5,15,0,11,30,0,200,2010,2010-05-15,2010-11-30,135,13,state_zone+crop+season,v1.0,decided_project_convention,Aggregate crop category mapped to the complete reporting-season window.,Aggregate crop category; uses the full reporting-season window.,https://www.kaggle.com/datasets/arjunyadav99/indian-agriculture-crop-production-and-yield,https://en.wikipedia.org/wiki/Kharif_crop
West Bengal,Other Rabi pulses,Rabi,east_northeast,aggregate_rabi_pulses,aggregate_reporting_window,10,15,0,4,30,1,198,2010,2010-10-15,2011-04-30,25,5,state_zone+crop+season,v1.0,decided_project_convention,Aggregate crop category mapped to the complete reporting-season window.,Aggregate crop category; uses the full reporting-season window.,https://www.kaggle.com/datasets/arjunyadav99/indian-agriculture-crop-production-and-yield,https://en.wikipedia.org/wiki/Rabi_crop
West Bengal,Peas & beans (Pulses),Rabi,east_northeast,other_pulse,crop_cycle_estimate,10,15,0,2,11,1,120,2010,2010-10-15,2011-02-11,369,19,state_zone+crop+season,v1.0,decided_project_convention,Crop-specific 120-day cycle starting from the east_northeast Rabi anchor.,,https://www.kaggle.com/datasets/arjunyadav99/indian-agriculture-crop-production-and-yield,https://en.wikipedia.org/wiki/Rabi_crop
West Bengal,Potato,Rabi,east_northeast,potato,crop_cycle_estimate,10,30,0,2,26,1,120,2010,2010-10-30,2011-02-26,144,19,state_zone+crop+season,v1.0,decided_project_convention,Crop-specific 120-day cycle starting from the east_northeast Rabi anchor.,,https://www.kaggle.com/datasets/arjunyadav99/indian-agriculture-crop-production-and-yield,https://en.wikipedia.org/wiki/Rabi_crop
West Bengal,Potato,Summer,east_northeast,potato,crop_cycle_estimate,2,15,1,6,14,1,120,2010,2011-02-15,2011-06-14,10,1,state_zone+crop+season,v1.0,decided_project_convention,Crop-specific 120-day cycle starting from the east_northeast Summer anchor.,,https://www.kaggle.com/datasets/arjunyadav99/indian-agriculture-crop-production-and-yield,https://en.wikipedia.org/wiki/Zaid_crop
West Bengal,Potato,Whole Year,east_northeast,potato,annual_reporting_window,7,1,0,6,30,1,365,2010,2010-07-01,2011-06-30,249,19,state_zone+crop+season,v1.0,decided_project_convention,Whole Year mapped to the complete July-June crop-year reporting cycle.,Annual reporting window; do not calculate planting/harvest flags.,https://www.kaggle.com/datasets/arjunyadav99/indian-agriculture-crop-production-and-yield,"Project convention based on the recorded Indian crop-season label; Autumn and Winter are treated as crop reporting seasons, not literal meteorological seasons."
West Bengal,Potato,Winter,east_northeast,potato,crop_cycle_estimate,10,15,0,2,11,1,120,2010,2010-10-15,2011-02-11,50,19,state_zone+crop+season,v1.0,decided_project_convention,Crop-specific 120-day cycle starting from the east_northeast Winter anchor.,,https://www.kaggle.com/datasets/arjunyadav99/indian-agriculture-crop-production-and-yield,"Project convention based on the recorded Indian crop-season label; Autumn and Winter are treated as crop reporting seasons, not literal meteorological seasons."
West Bengal,Pulses total,Whole Year,east_northeast,aggregate_pulses,annual_reporting_window,7,1,0,6,30,1,365,2010,2010-07-01,2011-06-30,7,7,state_zone+crop+season,v1.0,decided_project_convention,Whole Year mapped to the complete July-June crop-year reporting cycle.,Annual reporting window; do not calculate planting/harvest flags.,https://www.kaggle.com/datasets/arjunyadav99/indian-agriculture-crop-production-and-yield,"Project convention based on the recorded Indian crop-season label; Autumn and Winter are treated as crop reporting seasons, not literal meteorological seasons."
West Bengal,Ragi,Autumn,east_northeast,finger_millet,crop_cycle_estimate,4,1,0,7,29,0,120,2010,2010-04-01,2010-07-29,42,5,state_zone+crop+season,v1.0,decided_project_convention,Crop-specific 120-day cycle starting from the east_northeast Autumn anchor.,,https://www.kaggle.com/datasets/arjunyadav99/indian-agriculture-crop-production-and-yield,"Project convention based on the recorded Indian crop-season label; Autumn and Winter are treated as crop reporting seasons, not literal meteorological seasons."
West Bengal,Ragi,Kharif,east_northeast,finger_millet,crop_cycle_estimate,5,15,0,9,11,0,120,2010,2010-05-15,2010-09-11,74,6,state_zone+crop+season,v1.0,decided_project_convention,Crop-specific 120-day cycle starting from the east_northeast Kharif anchor.,,https://www.kaggle.com/datasets/arjunyadav99/indian-agriculture-crop-production-and-yield,https://en.wikipedia.org/wiki/Kharif_crop
West Bengal,Ragi,Rabi,east_northeast,finger_millet,crop_cycle_estimate,10,15,0,2,11,1,120,2010,2010-10-15,2011-02-11,7,5,state_zone+crop+season,v1.0,decided_project_convention,Crop-specific 120-day cycle starting from the east_northeast Rabi anchor.,,https://www.kaggle.com/datasets/arjunyadav99/indian-agriculture-crop-production-and-yield,https://en.wikipedia.org/wiki/Rabi_crop
West Bengal,Rapeseed &Mustard,Rabi,east_northeast,rapeseed_mustard,crop_cycle_estimate,10,30,0,3,18,1,140,2010,2010-10-30,2011-03-18,417,19,state_zone+crop+season,v1.0,decided_project_convention,Crop-specific 140-day cycle starting from the east_northeast Rabi anchor.,,https://www.kaggle.com/datasets/arjunyadav99/indian-agriculture-crop-production-and-yield,https://en.wikipedia.org/wiki/Rabi_crop
West Bengal,Rapeseed &Mustard,Whole Year,east_northeast,rapeseed_mustard,annual_reporting_window,7,1,0,6,30,1,365,2010,2010-07-01,2011-06-30,25,19,state_zone+crop+season,v1.0,decided_project_convention,Whole Year mapped to the complete July-June crop-year reporting cycle.,Annual reporting window; do not calculate planting/harvest flags.,https://www.kaggle.com/datasets/arjunyadav99/indian-agriculture-crop-production-and-yield,"Project convention based on the recorded Indian crop-season label; Autumn and Winter are treated as crop reporting seasons, not literal meteorological seasons."
West Bengal,Rice,Autumn,east_northeast,rice,crop_cycle_estimate,3,1,0,8,27,0,180,2010,2010-03-01,2010-08-27,443,19,state_zone+crop+season,v1.0,decided_project_convention,Crop-specific 180-day cycle starting from the east_northeast Autumn anchor.,Autumn rice: early rice crop; the window starts well before meteorological autumn.,https://www.kaggle.com/datasets/arjunyadav99/indian-agriculture-crop-production-and-yield,"Project convention based on the recorded Indian crop-season label; Autumn and Winter are treated as crop reporting seasons, not literal meteorological seasons."
West Bengal,Rice,Summer,east_northeast,rice,crop_cycle_estimate,12,1,0,5,29,1,180,2010,2010-12-01,2011-05-29,442,19,state_zone+crop+season,v1.0,decided_project_convention,Crop-specific 180-day cycle starting from the east_northeast Summer anchor.,Summer/Boro rice: winter-starting cycle ending in late spring or early summer.,https://www.kaggle.com/datasets/arjunyadav99/indian-agriculture-crop-production-and-yield,https://en.wikipedia.org/wiki/Zaid_crop
West Bengal,Rice,Winter,east_northeast,rice,crop_cycle_estimate,5,15,0,12,10,0,210,2010,2010-05-15,2010-12-10,442,19,state_zone+crop+season,v1.0,decided_project_convention,Crop-specific 210-day cycle starting from the east_northeast Winter anchor.,Winter rice: long monsoon-to-winter crop; not a December-February-only window.,https://www.kaggle.com/datasets/arjunyadav99/indian-agriculture-crop-production-and-yield,"Project convention based on the recorded Indian crop-season label; Autumn and Winter are treated as crop reporting seasons, not literal meteorological seasons."
West Bengal,Safflower,Rabi,east_northeast,safflower,crop_cycle_estimate,10,15,0,3,13,1,150,2010,2010-10-15,2011-03-13,134,14,state_zone+crop+season,v1.0,decided_project_convention,Crop-specific 150-day cycle starting from the east_northeast Rabi anchor.,,https://www.kaggle.com/datasets/arjunyadav99/indian-agriculture-crop-production-and-yield,https://en.wikipedia.org/wiki/Rabi_crop
West Bengal,Safflower,Whole Year,east_northeast,safflower,annual_reporting_window,7,1,0,6,30,1,365,2010,2010-07-01,2011-06-30,7,5,state_zone+crop+season,v1.0,decided_project_convention,Whole Year mapped to the complete July-June crop-year reporting cycle.,Annual reporting window; do not calculate planting/harvest flags.,https://www.kaggle.com/datasets/arjunyadav99/indian-agriculture-crop-production-and-yield,"Project convention based on the recorded Indian crop-season label; Autumn and Winter are treated as crop reporting seasons, not literal meteorological seasons."
West Bengal,Sannhamp,Autumn,east_northeast,other_fibre,crop_cycle_estimate,4,1,0,8,8,0,130,2010,2010-04-01,2010-08-08,9,7,state_zone+crop+season,v1.0,decided_project_convention,Crop-specific 130-day cycle starting from the east_northeast Autumn anchor.,,https://www.kaggle.com/datasets/arjunyadav99/indian-agriculture-crop-production-and-yield,"Project convention based on the recorded Indian crop-season label; Autumn and Winter are treated as crop reporting seasons, not literal meteorological seasons."
West Bengal,Sannhamp,Kharif,east_northeast,other_fibre,crop_cycle_estimate,4,15,0,8,22,0,130,2010,2010-04-15,2010-08-22,95,9,state_zone+crop+season,v1.0,decided_project_convention,Crop-specific 130-day cycle starting from the east_northeast Kharif anchor.,,https://www.kaggle.com/datasets/arjunyadav99/indian-agriculture-crop-production-and-yield,https://en.wikipedia.org/wiki/Kharif_crop
West Bengal,Sannhamp,Rabi,east_northeast,other_fibre,crop_cycle_estimate,10,15,0,2,21,1,130,2010,2010-10-15,2011-02-21,3,3,state_zone+crop+season,v1.0,decided_project_convention,Crop-specific 130-day cycle starting from the east_northeast Rabi anchor.,,https://www.kaggle.com/datasets/arjunyadav99/indian-agriculture-crop-production-and-yield,https://en.wikipedia.org/wiki/Rabi_crop
West Bengal,Sannhamp,Whole Year,east_northeast,other_fibre,annual_reporting_window,7,1,0,6,30,1,365,2010,2010-07-01,2011-06-30,96,9,state_zone+crop+season,v1.0,decided_project_convention,Whole Year mapped to the complete July-June crop-year reporting cycle.,Annual reporting window; do not calculate planting/harvest flags.,https://www.kaggle.com/datasets/arjunyadav99/indian-agriculture-crop-production-and-yield,"Project convention based on the recorded Indian crop-season label; Autumn and Winter are treated as crop reporting seasons, not literal meteorological seasons."
West Bengal,Sesamum,Autumn,east_northeast,sesame,crop_cycle_estimate,4,1,0,7,9,0,100,2010,2010-04-01,2010-07-09,132,15,state_zone+crop+season,v1.0,decided_project_convention,Crop-specific 100-day cycle starting from the east_northeast Autumn anchor.,,https://www.kaggle.com/datasets/arjunyadav99/indian-agriculture-crop-production-and-yield,"Project convention based on the recorded Indian crop-season label; Autumn and Winter are treated as crop reporting seasons, not literal meteorological seasons."
West Bengal,Sesamum,Summer,east_northeast,sesame,crop_cycle_estimate,2,15,1,5,25,1,100,2010,2011-02-15,2011-05-25,233,19,state_zone+crop+season,v1.0,decided_project_convention,Crop-specific 100-day cycle starting from the east_northeast Summer anchor.,,https://www.kaggle.com/datasets/arjunyadav99/indian-agriculture-crop-production-and-yield,https://en.wikipedia.org/wiki/Zaid_crop
West Bengal,Sesamum,Whole Year,east_northeast,sesame,annual_reporting_window,7,1,0,6,30,1,365,2010,2010-07-01,2011-06-30,198,19,state_zone+crop+season,v1.0,decided_project_convention,Whole Year mapped to the complete July-June crop-year reporting cycle.,Annual reporting window; do not calculate planting/harvest flags.,https://www.kaggle.com/datasets/arjunyadav99/indian-agriculture-crop-production-and-yield,"Project convention based on the recorded Indian crop-season label; Autumn and Winter are treated as crop reporting seasons, not literal meteorological seasons."
West Bengal,Sesamum,Winter,east_northeast,sesame,crop_cycle_estimate,10,15,0,1,22,1,100,2010,2010-10-15,2011-01-22,123,13,state_zone+crop+season,v1.0,decided_project_convention,Crop-specific 100-day cycle starting from the east_northeast Winter anchor.,,https://www.kaggle.com/datasets/arjunyadav99/indian-agriculture-crop-production-and-yield,"Project convention based on the recorded Indian crop-season label; Autumn and Winter are treated as crop reporting seasons, not literal meteorological seasons."
West Bengal,Small millets,Autumn,east_northeast,minor_cereal,crop_cycle_estimate,4,1,0,7,14,0,105,2010,2010-04-01,2010-07-14,15,3,state_zone+crop+season,v1.0,decided_project_convention,Crop-specific 105-day cycle starting from the east_northeast Autumn anchor.,,https://www.kaggle.com/datasets/arjunyadav99/indian-agriculture-crop-production-and-yield,"Project convention based on the recorded Indian crop-season label; Autumn and Winter are treated as crop reporting seasons, not literal meteorological seasons."
West Bengal,Small millets,Kharif,east_northeast,minor_cereal,crop_cycle_estimate,5,15,0,8,27,0,105,2010,2010-05-15,2010-08-27,119,11,state_zone+crop+season,v1.0,decided_project_convention,Crop-specific 105-day cycle starting from the east_northeast Kharif anchor.,,https://www.kaggle.com/datasets/arjunyadav99/indian-agriculture-crop-production-and-yield,https://en.wikipedia.org/wiki/Kharif_crop
West Bengal,Small millets,Rabi,east_northeast,minor_cereal,crop_cycle_estimate,10,15,0,1,27,1,105,2010,2010-10-15,2011-01-27,52,5,state_zone+crop+season,v1.0,decided_project_convention,Crop-specific 105-day cycle starting from the east_northeast Rabi anchor.,,https://www.kaggle.com/datasets/arjunyadav99/indian-agriculture-crop-production-and-yield,https://en.wikipedia.org/wiki/Rabi_crop
West Bengal,Small millets,Whole Year,east_northeast,minor_cereal,annual_reporting_window,7,1,0,6,30,1,365,2010,2010-07-01,2011-06-30,12,9,state_zone+crop+season,v1.0,decided_project_convention,Whole Year mapped to the complete July-June crop-year reporting cycle.,Annual reporting window; do not calculate planting/harvest flags.,https://www.kaggle.com/datasets/arjunyadav99/indian-agriculture-crop-production-and-yield,"Project convention based on the recorded Indian crop-season label; Autumn and Winter are treated as crop reporting seasons, not literal meteorological seasons."
West Bengal,Soyabean,Kharif,east_northeast,soybean,crop_cycle_estimate,5,15,0,9,1,0,110,2010,2010-05-15,2010-09-01,130,7,state_zone+crop+season,v1.0,decided_project_convention,Crop-specific 110-day cycle starting from the east_northeast Kharif anchor.,,https://www.kaggle.com/datasets/arjunyadav99/indian-agriculture-crop-production-and-yield,https://en.wikipedia.org/wiki/Kharif_crop
West Bengal,Sugarcane,Whole Year,east_northeast,sugarcane,annual_reporting_window,7,1,0,6,30,1,365,2010,2010-07-01,2011-06-30,375,19,state_zone+crop+season,v1.0,decided_project_convention,Whole Year mapped to the complete July-June crop-year reporting cycle.,Annual reporting window; do not calculate planting/harvest flags.,https://www.kaggle.com/datasets/arjunyadav99/indian-agriculture-crop-production-and-yield,"Project convention based on the recorded Indian crop-season label; Autumn and Winter are treated as crop reporting seasons, not literal meteorological seasons."
West Bengal,Sunflower,Kharif,east_northeast,sunflower,crop_cycle_estimate,5,15,0,9,1,0,110,2010,2010-05-15,2010-09-01,278,19,state_zone+crop+season,v1.0,decided_project_convention,Crop-specific 110-day cycle starting from the east_northeast Kharif anchor.,,https://www.kaggle.com/datasets/arjunyadav99/indian-agriculture-crop-production-and-yield,https://en.wikipedia.org/wiki/Kharif_crop
West Bengal,Sunflower,Whole Year,east_northeast,sunflower,annual_reporting_window,7,1,0,6,30,1,365,2010,2010-07-01,2011-06-30,2,1,state_zone+crop+season,v1.0,decided_project_convention,Whole Year mapped to the complete July-June crop-year reporting cycle.,Annual reporting window; do not calculate planting/harvest flags.,https://www.kaggle.com/datasets/arjunyadav99/indian-agriculture-crop-production-and-yield,"Project convention based on the recorded Indian crop-season label; Autumn and Winter are treated as crop reporting seasons, not literal meteorological seasons."
West Bengal,Tobacco,Whole Year,east_northeast,tobacco,annual_reporting_window,7,1,0,6,30,1,365,2010,2010-07-01,2011-06-30,110,7,state_zone+crop+season,v1.0,decided_project_convention,Whole Year mapped to the complete July-June crop-year reporting cycle.,Annual reporting window; do not calculate planting/harvest flags.,https://www.kaggle.com/datasets/arjunyadav99/indian-agriculture-crop-production-and-yield,"Project convention based on the recorded Indian crop-season label; Autumn and Winter are treated as crop reporting seasons, not literal meteorological seasons."
West Bengal,Turmeric,Whole Year,east_northeast,turmeric,annual_reporting_window,7,1,0,6,30,1,365,2010,2010-07-01,2011-06-30,299,19,state_zone+crop+season,v1.0,decided_project_convention,Whole Year mapped to the complete July-June crop-year reporting cycle.,Annual reporting window; do not calculate planting/harvest flags.,https://www.kaggle.com/datasets/arjunyadav99/indian-agriculture-crop-production-and-yield,"Project convention based on the recorded Indian crop-season label; Autumn and Winter are treated as crop reporting seasons, not literal meteorological seasons."
West Bengal,Urad,Kharif,east_northeast,black_gram,crop_cycle_estimate,5,15,0,8,17,0,95,2010,2010-05-15,2010-08-17,430,19,state_zone+crop+season,v1.0,decided_project_convention,Crop-specific 95-day cycle starting from the east_northeast Kharif anchor.,,https://www.kaggle.com/datasets/arjunyadav99/indian-agriculture-crop-production-and-yield,https://en.wikipedia.org/wiki/Kharif_crop
West Bengal,Urad,Rabi,east_northeast,black_gram,crop_cycle_estimate,10,15,0,1,17,1,95,2010,2010-10-15,2011-01-17,240,16,state_zone+crop+season,v1.0,decided_project_convention,Crop-specific 95-day cycle starting from the east_northeast Rabi anchor.,,https://www.kaggle.com/datasets/arjunyadav99/indian-agriculture-crop-production-and-yield,https://en.wikipedia.org/wiki/Rabi_crop
West Bengal,Wheat,Rabi,east_northeast,wheat,crop_cycle_estimate,10,30,0,3,28,1,150,2010,2010-10-30,2011-03-28,442,19,state_zone+crop+season,v1.0,decided_project_convention,Crop-specific 150-day cycle starting from the east_northeast Rabi anchor.,,https://www.kaggle.com/datasets/arjunyadav99/indian-agriculture-crop-production-and-yield,https://en.wikipedia.org/wiki/Rabi_crop
