district_point_version_id,district_id,requested_census_version,geometry_census_version,boundary_feature_index,raw_state_name,raw_district_name,canonical_state_name,canonical_district_name,boundary_state_name,boundary_district_name,latitude,longitude,point_wkt,point_method,assignment_method,assignment_confidence,shared_parent_boundary,geometry_was_valid,geometry_repaired,geometry_repair_method,point_inside_geometry
DPV_8B1A755639EAAD0B,IND_ANDAMAN_AND_NICOBAR_ISLANDS_ANDAMAN_AND_NICOBAR_ISLANDS,Census 2001,Census 2001,592,Andaman and Nicobar Islands,Andaman and Nicobar Islands,Andaman and Nicobar Islands,Andaman and Nicobar Islands,Andaman & Nicobar Island,Andamans,12.61158497,92.83153129,POINT (92.83153129263499 12.611584970604252),geometry.representative_point,working_fuzzy_same_state,working_fallback,1,1,0,,1
DPV_AA978FD073CD1A45,IND_ANDAMAN_AND_NICOBAR_ISLANDS_ANDAMAN_AND_NICOBAR_ISLANDS,Census 2011,Census 2011,637,Andaman and Nicobar Islands,Andaman and Nicobar Islands,Andaman and Nicobar Islands,Andaman and Nicobar Islands,Andaman & Nicobar Island,Nicobar,7.00040199,93.81029172,POINT (93.81029171757143 7.0004019853314965),geometry.representative_point,working_fuzzy_same_state,working_fallback,0,1,0,,1
DPV_C385E1AA6D7F4D21,IND_ANDAMAN_AND_NICOBAR_ISLANDS_NICOBARS,Census 2001,Census 2001,591,Andaman and Nicobar Islands,NICOBARS,Andaman and Nicobar Islands,NICOBARS,Andaman & Nicobar Island,Nicobars,7.00040199,93.81029172,POINT (93.81029171757143 7.0004019853314965),geometry.representative_point,confirmed_exact_unique,confirmed,0,1,0,,1
DPV_BA890C247AB782E0,IND_ANDAMAN_AND_NICOBAR_ISLANDS_NICOBARS,Census 2011,Census 2001,591,Andaman and Nicobar Islands,NICOBARS,Andaman and Nicobar Islands,NICOBARS,Andaman & Nicobar Island,Nicobars,7.00040199,93.81029172,POINT (93.81029171757143 7.0004019853314965),geometry.representative_point,alternate_layer_confirmed_name,working_strong,0,1,0,,1
DPV_4EDC241068BF452A,IND_ANDAMAN_AND_NICOBAR_ISLANDS_NORTH_AND_MIDDLE_ANDAMAN,Census 2001,Census 2011,639,Andaman and Nicobar Islands,NORTH AND MIDDLE ANDAMAN,Andaman and Nicobar Islands,NORTH AND MIDDLE ANDAMAN,Andaman & Nicobar Island,North & Middle Andaman,12.61158497,92.83153129,POINT (92.83153129263499 12.611584970604252),geometry.representative_point,alternate_layer_confirmed_name,working_strong,0,1,0,,1
DPV_93CD20EFEFF2EF86,IND_ANDAMAN_AND_NICOBAR_ISLANDS_NORTH_AND_MIDDLE_ANDAMAN,Census 2011,Census 2011,639,Andaman and Nicobar Islands,NORTH AND MIDDLE ANDAMAN,Andaman and Nicobar Islands,NORTH AND MIDDLE ANDAMAN,Andaman & Nicobar Island,North & Middle Andaman,12.61158497,92.83153129,POINT (92.83153129263499 12.611584970604252),geometry.representative_point,confirmed_exact_unique,confirmed,0,1,0,,1
DPV_D880621EB684EC7F,IND_ANDAMAN_AND_NICOBAR_ISLANDS_SOUTH_ANDAMANS,Census 2001,Census 2001,592,Andaman and Nicobar Islands,SOUTH ANDAMANS,Andaman and Nicobar Islands,SOUTH ANDAMANS,Andaman & Nicobar Island,Andamans,12.61158497,92.83153129,POINT (92.83153129263499 12.611584970604252),geometry.representative_point,working_fuzzy_same_state,working_fallback,1,1,0,,1
DPV_6C75931787073AC5,IND_ANDAMAN_AND_NICOBAR_ISLANDS_SOUTH_ANDAMANS,Census 2011,Census 2011,638,Andaman and Nicobar Islands,SOUTH ANDAMANS,Andaman and Nicobar Islands,SOUTH ANDAMANS,Andaman & Nicobar Island,South Andaman,10.70434741,92.48893577,POINT (92.48893576802851 10.704347405528889),geometry.representative_point,working_fuzzy_same_state,working_fallback,0,1,0,,1
DPV_8418637F0E233339,IND_ANDHRA_PRADESH_ADILABAD,Census 2001,Census 2001,14,Andhra Pradesh,ADILABAD,Andhra Pradesh,ADILABAD,Andhra Pradesh,Adilabad,19.29892001,79.08081669,POINT (79.08081668638252 19.298920005651425),geometry.representative_point,confirmed_exact_unique,confirmed,0,1,0,,1
DPV_36CB2D9D9149CF8B,IND_ANDHRA_PRADESH_ADILABAD,Census 2011,Census 2011,0,Andhra Pradesh,ADILABAD,Andhra Pradesh,ADILABAD,Andhra Pradesh,Adilabad,19.29892001,79.08081669,POINT (79.08081668638252 19.298920005651425),geometry.representative_point,confirmed_exact_unique,confirmed,0,1,0,,1
DPV_8C412FD452230A53,IND_ANDHRA_PRADESH_ANANTAPUR,Census 2001,Census 2001,1,Andhra Pradesh,ANANTAPUR,Andhra Pradesh,ANANTAPUR,Andhra Pradesh,Anantapur,14.45698852,77.50944784,POINT (77.50944784307293 14.45698851952979),geometry.representative_point,confirmed_exact_unique,confirmed,0,1,0,,1
DPV_EB9A59D66BEA9DEB,IND_ANDHRA_PRADESH_ANANTAPUR,Census 2011,Census 2011,19,Andhra Pradesh,ANANTAPUR,Andhra Pradesh,ANANTAPUR,Andhra Pradesh,Anantapur,14.45698852,77.50944784,POINT (77.50944784307293 14.45698851952979),geometry.representative_point,confirmed_exact_unique,confirmed,0,1,0,,1
DPV_F04C6D8B26AD2F9F,IND_ANDHRA_PRADESH_CHITTOOR,Census 2001,Census 2001,93,Andhra Pradesh,CHITTOOR,Andhra Pradesh,CHITTOOR,Andhra Pradesh,Chittoor,13.30744112,78.98230736,POINT (78.98230736449932 13.307441118203194),geometry.representative_point,confirmed_exact_unique,confirmed,0,1,0,,1
DPV_D45432B2DDF44771,IND_ANDHRA_PRADESH_CHITTOOR,Census 2011,Census 2011,119,Andhra Pradesh,CHITTOOR,Andhra Pradesh,CHITTOOR,Andhra Pradesh,Chittoor,13.30744112,78.98230736,POINT (78.98230736449932 13.307441118203194),geometry.representative_point,confirmed_exact_unique,confirmed,0,1,0,,1
DPV_624B2DA5EB3F7FF0,IND_ANDHRA_PRADESH_EAST_GODAVARI,Census 2001,Census 2001,151,Andhra Pradesh,EAST GODAVARI,Andhra Pradesh,EAST GODAVARI,Andhra Pradesh,East Godavari,17.16205937,82.05657923,POINT (82.05657922860013 17.162059368234516),geometry.representative_point,confirmed_exact_unique,confirmed,0,1,0,,1
DPV_1C03475A8960BC03,IND_ANDHRA_PRADESH_EAST_GODAVARI,Census 2011,Census 2011,168,Andhra Pradesh,EAST GODAVARI,Andhra Pradesh,EAST GODAVARI,Andhra Pradesh,East Godavari,17.16205937,82.05657923,POINT (82.05657922860013 17.162059368234516),geometry.representative_point,confirmed_exact_unique,confirmed,0,1,0,,1
DPV_41A8C2F00CB3BCBB,IND_ANDHRA_PRADESH_GUNTUR,Census 2001,Census 2001,186,Andhra Pradesh,GUNTUR,Andhra Pradesh,GUNTUR,Andhra Pradesh,Guntur,16.28679727,80.18361384,POINT (80.18361384418623 16.28679727271451),geometry.representative_point,confirmed_exact_unique,confirmed,0,1,0,,1
DPV_2126D7FC453C8C4D,IND_ANDHRA_PRADESH_GUNTUR,Census 2011,Census 2011,210,Andhra Pradesh,GUNTUR,Andhra Pradesh,GUNTUR,Andhra Pradesh,Guntur,16.28679727,80.18361384,POINT (80.18361384418623 16.28679727271451),geometry.representative_point,confirmed_exact_unique,confirmed,0,1,0,,1
DPV_DACF3FD6C309AED6,IND_ANDHRA_PRADESH_HYDERABAD,Census 2001,Census 2001,215,Andhra Pradesh,HYDERABAD,Andhra Pradesh,HYDERABAD,Andhra Pradesh,Hyderabad,17.38931282,78.45656472,POINT (78.45656472067034 17.38931282146857),geometry.representative_point,confirmed_exact_unique,confirmed,0,1,0,,1
DPV_F0E94A4220D3927E,IND_ANDHRA_PRADESH_HYDERABAD,Census 2011,Census 2011,231,Andhra Pradesh,HYDERABAD,Andhra Pradesh,HYDERABAD,Andhra Pradesh,Hyderabad,17.38931282,78.45656472,POINT (78.45656472067034 17.38931282146857),geometry.representative_point,confirmed_exact_unique,confirmed,0,1,0,,1
DPV_382F20FFFFA79C1C,IND_ANDHRA_PRADESH_KADAPA,Census 2001,Census 2001,14,Andhra Pradesh,KADAPA,Andhra Pradesh,KADAPA,Andhra Pradesh,Adilabad,19.29892001,79.08081669,POINT (79.08081668638252 19.298920005651425),geometry.representative_point,working_fuzzy_same_state,working_fallback,1,1,0,,1
DPV_E654110DB37FBBE9,IND_ANDHRA_PRADESH_KADAPA,Census 2011,Census 2011,0,Andhra Pradesh,KADAPA,Andhra Pradesh,KADAPA,Andhra Pradesh,Adilabad,19.29892001,79.08081669,POINT (79.08081668638252 19.298920005651425),geometry.representative_point,working_fuzzy_same_state,working_fallback,1,1,0,,1
DPV_F924E1E723AF38FA,IND_ANDHRA_PRADESH_KARIMNAGAR,Census 2001,Census 2001,166,Andhra Pradesh,KARIMNAGAR,Andhra Pradesh,KARIMNAGAR,Andhra Pradesh,Karimnagar,18.53056102,79.39247751,POINT (79.39247751237764 18.53056102409102),geometry.representative_point,confirmed_exact_unique,confirmed,0,1,0,,1
DPV_7766E41A01340160,IND_ANDHRA_PRADESH_KARIMNAGAR,Census 2011,Census 2011,285,Andhra Pradesh,KARIMNAGAR,Andhra Pradesh,KARIMNAGAR,Andhra Pradesh,Karimnagar,18.53056102,79.39247751,POINT (79.39247751237764 18.53056102409102),geometry.representative_point,confirmed_exact_unique,confirmed,0,1,0,,1
DPV_672EE507216FFBBC,IND_ANDHRA_PRADESH_KHAMMAM,Census 2001,Census 2001,258,Andhra Pradesh,KHAMMAM,Andhra Pradesh,KHAMMAM,Andhra Pradesh,Khammam,17.70196913,80.81262778,POINT (80.81262777557129 17.70196913045854),geometry.representative_point,confirmed_exact_unique,confirmed,0,1,0,,1
DPV_CC2C8EE71B6B6903,IND_ANDHRA_PRADESH_KHAMMAM,Census 2011,Census 2011,296,Andhra Pradesh,KHAMMAM,Andhra Pradesh,KHAMMAM,Andhra Pradesh,Khammam,17.70196913,80.81262778,POINT (80.81262777557129 17.70196913045854),geometry.representative_point,confirmed_exact_unique,confirmed,0,1,0,,1
DPV_BD5217429906253D,IND_ANDHRA_PRADESH_KRISHNA,Census 2001,Census 2001,290,Andhra Pradesh,KRISHNA,Andhra Pradesh,KRISHNA,Andhra Pradesh,Krishna,16.4282665,81.06260897,POINT (81.06260897419548 16.4282665012392),geometry.representative_point,confirmed_exact_unique,confirmed,0,1,0,,1
DPV_AA932CF2EB720738,IND_ANDHRA_PRADESH_KRISHNA,Census 2011,Census 2011,322,Andhra Pradesh,KRISHNA,Andhra Pradesh,KRISHNA,Andhra Pradesh,Krishna,16.4282665,81.06260897,POINT (81.06260897419548 16.4282665012392),geometry.representative_point,confirmed_exact_unique,confirmed,0,1,0,,1
DPV_8A0AF5693217E6D6,IND_ANDHRA_PRADESH_KURNOOL,Census 2001,Census 2001,291,Andhra Pradesh,KURNOOL,Andhra Pradesh,KURNOOL,Andhra Pradesh,Kurnool,15.55488248,77.90436643,POINT (77.90436642642996 15.554882484360451),geometry.representative_point,confirmed_exact_unique,confirmed,0,1,0,,1
DPV_3BF2B758C421223D,IND_ANDHRA_PRADESH_KURNOOL,Census 2011,Census 2011,327,Andhra Pradesh,KURNOOL,Andhra Pradesh,KURNOOL,Andhra Pradesh,Kurnool,15.55488248,77.90436643,POINT (77.90436642642996 15.554882484360451),geometry.representative_point,confirmed_exact_unique,confirmed,0,1,0,,1
DPV_2BAAC89700EC1D5A,IND_ANDHRA_PRADESH_MAHBUBNAGAR,Census 2001,Census 2001,319,Andhra Pradesh,MAHBUBNAGAR,Andhra Pradesh,MAHBUBNAGAR,Andhra Pradesh,Mahbubnagar,16.53450806,78.02633081,POINT (78.02633081394589 16.53450805788684),geometry.representative_point,confirmed_exact_unique,confirmed,0,1,0,,1
DPV_044120CCF9964786,IND_ANDHRA_PRADESH_MAHBUBNAGAR,Census 2011,Census 2011,352,Andhra Pradesh,MAHBUBNAGAR,Andhra Pradesh,MAHBUBNAGAR,Andhra Pradesh,Mahbubnagar,16.53450806,78.02633081,POINT (78.02633081441223 16.53450805788684),geometry.representative_point,confirmed_exact_unique,confirmed,0,1,0,,1
DPV_C76E8EF70C99041C,IND_ANDHRA_PRADESH_MEDAK,Census 2001,Census 2001,267,Andhra Pradesh,MEDAK,Andhra Pradesh,MEDAK,Andhra Pradesh,Medak,17.85932596,78.22147265,POINT (78.22147265426705 17.85932595899793),geometry.representative_point,confirmed_exact_unique,confirmed,0,1,0,,1
DPV_81CC2B23DE95DBCD,IND_ANDHRA_PRADESH_MEDAK,Census 2011,Census 2011,371,Andhra Pradesh,MEDAK,Andhra Pradesh,MEDAK,Andhra Pradesh,Medak,17.85932596,78.22147265,POINT (78.22147265426705 17.85932595899793),geometry.representative_point,confirmed_exact_unique,confirmed,0,1,0,,1
DPV_FFE6CCF38914C169,IND_ANDHRA_PRADESH_NALGONDA,Census 2001,Census 2001,351,Andhra Pradesh,NALGONDA,Andhra Pradesh,NALGONDA,Andhra Pradesh,Nalgonda,17.09139675,79.41555129,POINT (79.41555129187364 17.091396745989005),geometry.representative_point,confirmed_exact_unique,confirmed,0,1,0,,1
DPV_C0D26A467FA299DC,IND_ANDHRA_PRADESH_NALGONDA,Census 2011,Census 2011,396,Andhra Pradesh,NALGONDA,Andhra Pradesh,NALGONDA,Andhra Pradesh,Nalgonda,17.09139675,79.41555129,POINT (79.41555129187364 17.091396745989005),geometry.representative_point,confirmed_exact_unique,confirmed,0,1,0,,1
DPV_F6580742D50B0819,IND_ANDHRA_PRADESH_NIZAMABAD,Census 2001,Census 2001,368,Andhra Pradesh,NIZAMABAD,Andhra Pradesh,NIZAMABAD,Andhra Pradesh,Nizamabad,18.54018049,78.11836768,POINT (78.11836768441283 18.54018049146658),geometry.representative_point,confirmed_exact_unique,confirmed,0,1,0,,1
DPV_E279AEBD50D87C55,IND_ANDHRA_PRADESH_NIZAMABAD,Census 2011,Census 2011,410,Andhra Pradesh,NIZAMABAD,Andhra Pradesh,NIZAMABAD,Andhra Pradesh,Nizamabad,18.54018049,78.11836768,POINT (78.11836768441283 18.54018049146658),geometry.representative_point,confirmed_exact_unique,confirmed,0,1,0,,1
DPV_874D8352B7E1DB35,IND_ANDHRA_PRADESH_PRAKASAM,Census 2001,Census 2001,396,Andhra Pradesh,PRAKASAM,Andhra Pradesh,PRAKASAM,Andhra Pradesh,Prakasam,15.63552072,79.51129157,POINT (79.51129157426956 15.635520724750304),geometry.representative_point,confirmed_exact_unique,confirmed,0,1,0,,1
DPV_584AD4A694A98280,IND_ANDHRA_PRADESH_PRAKASAM,Census 2011,Census 2011,445,Andhra Pradesh,PRAKASAM,Andhra Pradesh,PRAKASAM,Andhra Pradesh,Prakasam,15.63552072,79.51129157,POINT (79.51129157426956 15.635520724750304),geometry.representative_point,confirmed_exact_unique,confirmed,0,1,0,,1
DPV_B41874BFD74D11E3,IND_ANDHRA_PRADESH_RANGAREDDI,Census 2001,Census 2001,435,Andhra Pradesh,RANGAREDDI,Andhra Pradesh,RANGAREDDI,Andhra Pradesh,Rangareddi,17.28330467,78.1083152,POINT (78.10831519676728 17.283304668465853),geometry.representative_point,confirmed_exact_unique,confirmed,0,1,0,,1
DPV_14436AE73AE23B3F,IND_ANDHRA_PRADESH_RANGAREDDI,Census 2011,Census 2001,435,Andhra Pradesh,RANGAREDDI,Andhra Pradesh,RANGAREDDI,Andhra Pradesh,Rangareddi,17.28330467,78.1083152,POINT (78.10831519676728 17.283304668465853),geometry.representative_point,alternate_layer_confirmed_name,working_strong,0,1,0,,1
DPV_8246253FD0DE4E55,IND_ANDHRA_PRADESH_SPSR_NELLORE,Census 2001,Census 2001,358,Andhra Pradesh,SPSR NELLORE,Andhra Pradesh,SPSR NELLORE,Andhra Pradesh,Nellore,14.29261723,79.78248572,POINT (79.78248571994804 14.292617232452162),geometry.representative_point,working_fuzzy_same_state,working_fallback,0,1,0,,1
DPV_D73013BC4E3F919C,IND_ANDHRA_PRADESH_SPSR_NELLORE,Census 2011,Census 2011,408,Andhra Pradesh,SPSR NELLORE,Andhra Pradesh,SPSR NELLORE,Andhra Pradesh,Sri Potti Sriramulu Nellore,14.29261723,79.78248572,POINT (79.78248571994804 14.292617232452162),geometry.representative_point,working_fuzzy_same_state,working_fallback,0,1,0,,1
DPV_5AA7B3BE466EFC9D,IND_ANDHRA_PRADESH_SRIKAKULAM,Census 2001,Census 2001,489,Andhra Pradesh,SRIKAKULAM,Andhra Pradesh,SRIKAKULAM,Andhra Pradesh,Srikakulam,18.62325902,83.97164116,POINT (83.97164116272552 18.62325902425728),geometry.representative_point,confirmed_exact_unique,confirmed,0,1,0,,1
DPV_DCF896EAC4094C9A,IND_ANDHRA_PRADESH_SRIKAKULAM,Census 2011,Census 2011,549,Andhra Pradesh,SRIKAKULAM,Andhra Pradesh,SRIKAKULAM,Andhra Pradesh,Srikakulam,18.62325902,83.97164116,POINT (83.97164116272552 18.62325902425728),geometry.representative_point,confirmed_exact_unique,confirmed,0,1,0,,1
DPV_B893825CD43FB785,IND_ANDHRA_PRADESH_VISAKHAPATANAM,Census 2001,Census 2001,522,Andhra Pradesh,VISAKHAPATANAM,Andhra Pradesh,VISAKHAPATANAM,Andhra Pradesh,Visakhapatnam,17.89685606,82.56573335,POINT (82.56573334582953 17.896856064160595),geometry.representative_point,working_fuzzy_same_state,working_fallback,0,1,0,,1
DPV_EDC99982EC5EB723,IND_ANDHRA_PRADESH_VISAKHAPATANAM,Census 2011,Census 2011,605,Andhra Pradesh,VISAKHAPATANAM,Andhra Pradesh,VISAKHAPATANAM,Andhra Pradesh,Visakhapatnam,17.89685606,82.56573335,POINT (82.56573334582953 17.896856064160595),geometry.representative_point,working_fuzzy_same_state,working_fallback,0,1,0,,1
DPV_F1A79544EEE99635,IND_ANDHRA_PRADESH_VIZIANAGARAM,Census 2001,Census 2001,523,Andhra Pradesh,VIZIANAGARAM,Andhra Pradesh,VIZIANAGARAM,Andhra Pradesh,Vizianagaram,18.4945892,83.3118534,POINT (83.31185339594546 18.494589204581022),geometry.representative_point,confirmed_exact_unique,confirmed,0,1,0,,1
DPV_FD7274EAAACC00C9,IND_ANDHRA_PRADESH_VIZIANAGARAM,Census 2011,Census 2011,606,Andhra Pradesh,VIZIANAGARAM,Andhra Pradesh,VIZIANAGARAM,Andhra Pradesh,Vizianagaram,18.4945892,83.3118534,POINT (83.31185339594552 18.494589204581104),geometry.representative_point,confirmed_exact_unique,confirmed,0,1,0,,1
DPV_2A747C7864049683,IND_ANDHRA_PRADESH_WARANGAL,Census 2001,Census 2001,524,Andhra Pradesh,WARANGAL,Andhra Pradesh,WARANGAL,Andhra Pradesh,Warangal,17.96498909,79.59454073,POINT (79.59454073371029 17.964989092033267),geometry.representative_point,confirmed_exact_unique,confirmed,0,1,0,,1
DPV_33BD1CF8DD2619E5,IND_ANDHRA_PRADESH_WARANGAL,Census 2011,Census 2011,607,Andhra Pradesh,WARANGAL,Andhra Pradesh,WARANGAL,Andhra Pradesh,Warangal,17.96498909,79.59454073,POINT (79.59454073371029 17.964989092033267),geometry.representative_point,confirmed_exact_unique,confirmed,0,1,0,,1
DPV_2F5FC18DCB3694B8,IND_ANDHRA_PRADESH_WEST_GODAVARI,Census 2001,Census 2001,500,Andhra Pradesh,WEST GODAVARI,Andhra Pradesh,WEST GODAVARI,Andhra Pradesh,West Godavari,16.90195707,81.35204003,POINT (81.35204003251269 16.901957072415172),geometry.representative_point,confirmed_exact_unique,confirmed,0,1,0,,1
DPV_37868B3793226B6E,IND_ANDHRA_PRADESH_WEST_GODAVARI,Census 2011,Census 2011,614,Andhra Pradesh,WEST GODAVARI,Andhra Pradesh,WEST GODAVARI,Andhra Pradesh,West Godavari,16.90195707,81.35204003,POINT (81.35204003251269 16.901957072415172),geometry.representative_point,confirmed_exact_unique,confirmed,0,1,0,,1
DPV_01760DACED1E9B6B,IND_ARUNACHAL_PRADESH_ANJAW,Census 2001,Census 2011,21,Arunachal Pradesh,ANJAW,Arunachal Pradesh,ANJAW,Arunanchal Pradesh,Anjaw,28.03733239,96.84616526,POINT (96.84616525564077 28.037332387391587),geometry.representative_point,alternate_layer_confirmed_name,working_strong,0,1,0,,1
DPV_493BC77513CE8B60,IND_ARUNACHAL_PRADESH_ANJAW,Census 2011,Census 2011,21,Arunachal Pradesh,ANJAW,Arunachal Pradesh,ANJAW,Arunanchal Pradesh,Anjaw,28.03733239,96.84616526,POINT (96.84616525564077 28.037332387391587),geometry.representative_point,confirmed_exact_unique,confirmed,0,1,0,,1
DPV_CD3DE64D9200C3E3,IND_ARUNACHAL_PRADESH_CHANGLANG,Census 2001,Census 2001,86,Arunachal Pradesh,CHANGLANG,Arunachal Pradesh,CHANGLANG,Arunanchal Pradesh,Changlang,27.26853481,96.06218313,POINT (96.06218312637782 27.268534806946796),geometry.representative_point,confirmed_exact_unique,confirmed,0,1,0,,1
DPV_3EC4BC10D660334D,IND_ARUNACHAL_PRADESH_CHANGLANG,Census 2011,Census 2011,108,Arunachal Pradesh,CHANGLANG,Arunachal Pradesh,CHANGLANG,Arunanchal Pradesh,Changlang,27.26853481,96.06218313,POINT (96.06218312637782 27.268534806946796),geometry.representative_point,confirmed_exact_unique,confirmed,0,1,0,,1
DPV_BB87C896FAD9CAE7,IND_ARUNACHAL_PRADESH_DIBANG_VALLEY,Census 2001,Census 2001,141,Arunachal Pradesh,DIBANG VALLEY,Arunachal Pradesh,DIBANG VALLEY,Arunanchal Pradesh,Dibang Valley,28.66893513,95.92175318,POINT (95.92175317656434 28.668935126095803),geometry.representative_point,confirmed_exact_unique,confirmed,0,1,0,,1
DPV_2D48D374BF1D9F69,IND_ARUNACHAL_PRADESH_DIBANG_VALLEY,Census 2011,Census 2011,154,Arunachal Pradesh,DIBANG VALLEY,Arunachal Pradesh,DIBANG VALLEY,Arunanchal Pradesh,Dibang Valley,28.96817262,95.72266254,POINT (95.72266253588518 28.96817262203671),geometry.representative_point,confirmed_exact_unique,confirmed,0,1,0,,1
DPV_BE5CBFCCDBD1D452,IND_ARUNACHAL_PRADESH_EAST_KAMENG,Census 2001,Census 2001,155,Arunachal Pradesh,EAST KAMENG,Arunachal Pradesh,EAST KAMENG,Arunanchal Pradesh,East Kameng,27.44485355,93.06611291,POINT (93.06611291353299 27.444853546206804),geometry.representative_point,confirmed_exact_unique,confirmed,0,1,0,,1
DPV_8A1BB6140FE5B09F,IND_ARUNACHAL_PRADESH_EAST_KAMENG,Census 2011,Census 2011,169,Arunachal Pradesh,EAST KAMENG,Arunachal Pradesh,EAST KAMENG,Arunanchal Pradesh,East Kameng,27.44485355,93.06611291,POINT (93.06611291353299 27.444853546206804),geometry.representative_point,confirmed_exact_unique,confirmed,0,1,0,,1
DPV_724C39BCBC2D7169,IND_ARUNACHAL_PRADESH_EAST_SIANG,Census 2001,Census 2001,167,Arunachal Pradesh,EAST SIANG,Arunachal Pradesh,EAST SIANG,Arunanchal Pradesh,East Siang,28.1553194,95.40060673,POINT (95.40060673372662 28.15531939582887),geometry.representative_point,confirmed_exact_unique,confirmed,0,1,0,,1
DPV_CB302548B2C2F494,IND_ARUNACHAL_PRADESH_EAST_SIANG,Census 2011,Census 2011,172,Arunachal Pradesh,EAST SIANG,Arunachal Pradesh,EAST SIANG,Arunanchal Pradesh,East Siang,28.1553194,95.40060673,POINT (95.40060673372662 28.15531939582887),geometry.representative_point,confirmed_exact_unique,confirmed,0,1,0,,1
DPV_923B528143DBE88D,IND_ARUNACHAL_PRADESH_KURUNG_KUMEY,Census 2001,Census 2011,329,Arunachal Pradesh,KURUNG KUMEY,Arunachal Pradesh,KURUNG KUMEY,Arunanchal Pradesh,Kurung Kumey,27.99138404,93.34244991,POINT (93.34244991211258 27.991384036069),geometry.representative_point,alternate_layer_confirmed_name,working_strong,0,1,0,,1
DPV_F825AB8F5E131925,IND_ARUNACHAL_PRADESH_KURUNG_KUMEY,Census 2011,Census 2011,329,Arunachal Pradesh,KURUNG KUMEY,Arunachal Pradesh,KURUNG KUMEY,Arunanchal Pradesh,Kurung Kumey,27.99138404,93.34244991,POINT (93.34244991211258 27.991384036069),geometry.representative_point,confirmed_exact_unique,confirmed,0,1,0,,1
DPV_03FEFF4DD0A1BEC7,IND_ARUNACHAL_PRADESH_LOHIT,Census 2001,Census 2001,296,Arunachal Pradesh,LOHIT,Arunachal Pradesh,LOHIT,Arunanchal Pradesh,Lohit,28.00142641,96.6909314,POINT (96.69093139512418 28.001426414570915),geometry.representative_point,confirmed_exact_unique,confirmed,0,1,0,,1
DPV_6618697F7880F5E4,IND_ARUNACHAL_PRADESH_LOHIT,Census 2011,Census 2011,340,Arunachal Pradesh,LOHIT,Arunachal Pradesh,LOHIT,Arunanchal Pradesh,Lohit,27.9599009,96.18799094,POINT (96.18799094478638 27.959900899302525),geometry.representative_point,confirmed_exact_unique,confirmed,0,1,0,,1
DPV_C37669C1EE0CA074,IND_ARUNACHAL_PRADESH_LONGDING,Census 2001,Census 2001,86,Arunachal Pradesh,LONGDING,Arunachal Pradesh,LONGDING,Arunanchal Pradesh,Changlang,27.26853481,96.06218313,POINT (96.06218312637782 27.268534806946796),geometry.representative_point,working_fuzzy_same_state,working_fallback,0,1,0,,1
DPV_6378600D88BB2B5A,IND_ARUNACHAL_PRADESH_LONGDING,Census 2011,Census 2011,108,Arunachal Pradesh,LONGDING,Arunachal Pradesh,LONGDING,Arunanchal Pradesh,Changlang,27.26853481,96.06218313,POINT (96.06218312637782 27.268534806946796),geometry.representative_point,working_fuzzy_same_state,working_fallback,0,1,0,,1
DPV_05706E52FA78BFE6,IND_ARUNACHAL_PRADESH_LOWER_DIBANG_VALLEY,Census 2001,Census 2011,342,Arunachal Pradesh,LOWER DIBANG VALLEY,Arunachal Pradesh,LOWER DIBANG VALLEY,Arunanchal Pradesh,Lower Dibang Valley,28.33923111,95.83026023,POINT (95.83026022616838 28.33923111180803),geometry.representative_point,alternate_layer_confirmed_name,working_strong,0,1,0,,1
DPV_D996B90EC3C32906,IND_ARUNACHAL_PRADESH_LOWER_DIBANG_VALLEY,Census 2011,Census 2011,342,Arunachal Pradesh,LOWER DIBANG VALLEY,Arunachal Pradesh,LOWER DIBANG VALLEY,Arunanchal Pradesh,Lower Dibang Valley,28.33923111,95.83026023,POINT (95.83026022616838 28.33923111180803),geometry.representative_point,confirmed_exact_unique,confirmed,0,1,0,,1
DPV_879A8E8493E7F890,IND_ARUNACHAL_PRADESH_LOWER_SUBANSIRI,Census 2001,Census 2001,316,Arunachal Pradesh,LOWER SUBANSIRI,Arunachal Pradesh,LOWER SUBANSIRI,Arunanchal Pradesh,Lower Subansiri,27.85026085,93.51198409,POINT (93.51198409308168 27.850260845041856),geometry.representative_point,confirmed_exact_unique,confirmed,0,1,0,,1
DPV_0BD9EB1D669CDB88,IND_ARUNACHAL_PRADESH_LOWER_SUBANSIRI,Census 2011,Census 2011,343,Arunachal Pradesh,LOWER SUBANSIRI,Arunachal Pradesh,LOWER SUBANSIRI,Arunanchal Pradesh,Lower Subansiri,27.64468433,93.95910463,POINT (93.95910463298867 27.644684333340845),geometry.representative_point,confirmed_exact_unique,confirmed,0,1,0,,1
DPV_7408736210A0E06F,IND_ARUNACHAL_PRADESH_NAMSAI,Census 2001,Census 2001,386,Arunachal Pradesh,NAMSAI,Arunachal Pradesh,NAMSAI,Arunanchal Pradesh,Papum Pare,27.30380652,93.63551522,POINT (93.63551522033083 27.303806518309276),geometry.representative_point,working_fuzzy_same_state,working_fallback,0,1,0,,1
DPV_402D2E89FBB9476F,IND_ARUNACHAL_PRADESH_NAMSAI,Census 2011,Census 2011,430,Arunachal Pradesh,NAMSAI,Arunachal Pradesh,NAMSAI,Arunanchal Pradesh,Papum Pare,27.30380652,93.63551522,POINT (93.63551522033083 27.303806518309276),geometry.representative_point,working_fuzzy_same_state,working_fallback,0,1,0,,1
DPV_CBC6B4394E32821B,IND_ARUNACHAL_PRADESH_PAPUM_PARE,Census 2001,Census 2001,386,Arunachal Pradesh,PAPUM PARE,Arunachal Pradesh,PAPUM PARE,Arunanchal Pradesh,Papum Pare,27.30380652,93.63551522,POINT (93.63551522033083 27.303806518309276),geometry.representative_point,confirmed_exact_unique,confirmed,0,1,0,,1
DPV_9304B852B01D2B35,IND_ARUNACHAL_PRADESH_PAPUM_PARE,Census 2011,Census 2011,430,Arunachal Pradesh,PAPUM PARE,Arunachal Pradesh,PAPUM PARE,Arunanchal Pradesh,Papum Pare,27.30380652,93.63551522,POINT (93.63551522033083 27.303806518309276),geometry.representative_point,confirmed_exact_unique,confirmed,0,1,0,,1
DPV_89D4B9284EA64762,IND_ARUNACHAL_PRADESH_TAWANG,Census 2001,Census 2001,465,Arunachal Pradesh,TAWANG,Arunachal Pradesh,TAWANG,Arunanchal Pradesh,Tawang,27.65934351,91.94462756,POINT (91.94462755870543 27.659343509916567),geometry.representative_point,confirmed_exact_unique,confirmed,0,1,0,,1
DPV_F9BCC275072FE56B,IND_ARUNACHAL_PRADESH_TAWANG,Census 2011,Census 2011,559,Arunachal Pradesh,TAWANG,Arunachal Pradesh,TAWANG,Arunanchal Pradesh,Tawang,27.65934351,91.94462756,POINT (91.94462755870543 27.659343509916567),geometry.representative_point,confirmed_exact_unique,confirmed,0,1,0,,1
DPV_8932CC7FE4A794EA,IND_ARUNACHAL_PRADESH_TIRAP,Census 2001,Census 2001,498,Arunachal Pradesh,TIRAP,Arunachal Pradesh,TIRAP,Arunanchal Pradesh,Tirap,26.95802477,95.44780629,POINT (95.44780629263659 26.958024768029297),geometry.representative_point,confirmed_exact_unique,confirmed,0,1,0,,1
DPV_B1734734924191DD,IND_ARUNACHAL_PRADESH_TIRAP,Census 2011,Census 2011,574,Arunachal Pradesh,TIRAP,Arunachal Pradesh,TIRAP,Arunanchal Pradesh,Tirap,26.95802477,95.44780629,POINT (95.44780629263659 26.958024768029297),geometry.representative_point,confirmed_exact_unique,confirmed,0,1,0,,1
DPV_75D9E0F8868F0A34,IND_ARUNACHAL_PRADESH_UPPER_SIANG,Census 2001,Census 2001,511,Arunachal Pradesh,UPPER SIANG,Arunachal Pradesh,UPPER SIANG,Arunanchal Pradesh,Upper Siang,28.74708781,95.02841971,POINT (95.02841970752442 28.747087809539735),geometry.representative_point,confirmed_exact_unique,confirmed,0,1,0,,1
DPV_122747538D68B3DA,IND_ARUNACHAL_PRADESH_UPPER_SIANG,Census 2011,Census 2011,592,Arunachal Pradesh,UPPER SIANG,Arunachal Pradesh,UPPER SIANG,Arunanchal Pradesh,Upper Siang,28.74708781,95.02841971,POINT (95.02841970752442 28.747087809539735),geometry.representative_point,confirmed_exact_unique,confirmed,0,1,0,,1
DPV_41757A33ECED34B9,IND_ARUNACHAL_PRADESH_UPPER_SUBANSIRI,Census 2001,Census 2001,512,Arunachal Pradesh,UPPER SUBANSIRI,Arunachal Pradesh,UPPER SUBANSIRI,Arunanchal Pradesh,Upper Subansiri,28.23225778,94.10779256,POINT (94.1077925629531 28.232257775865577),geometry.representative_point,confirmed_exact_unique,confirmed,0,1,0,,1
DPV_DDB4282A64DF0C2B,IND_ARUNACHAL_PRADESH_UPPER_SUBANSIRI,Census 2011,Census 2011,593,Arunachal Pradesh,UPPER SUBANSIRI,Arunachal Pradesh,UPPER SUBANSIRI,Arunanchal Pradesh,Upper Subansiri,28.23225778,94.10779256,POINT (94.1077925629531 28.232257775865577),geometry.representative_point,confirmed_exact_unique,confirmed,0,1,0,,1
DPV_1797AD2BF2CD5145,IND_ARUNACHAL_PRADESH_WEST_KAMENG,Census 2001,Census 2001,501,Arunachal Pradesh,WEST KAMENG,Arunachal Pradesh,WEST KAMENG,Arunanchal Pradesh,West Kameng,27.33399854,92.43738929,POINT (92.43738928509853 27.33399853913827),geometry.representative_point,confirmed_exact_unique,confirmed,0,1,0,,1
DPV_AF49FC7714C69E35,IND_ARUNACHAL_PRADESH_WEST_KAMENG,Census 2011,Census 2011,615,Arunachal Pradesh,WEST KAMENG,Arunachal Pradesh,WEST KAMENG,Arunanchal Pradesh,West Kameng,27.33399854,92.43738929,POINT (92.43738928509853 27.33399853913827),geometry.representative_point,confirmed_exact_unique,confirmed,0,1,0,,1
DPV_9FD9744E8375E6DC,IND_ARUNACHAL_PRADESH_WEST_SIANG,Census 2001,Census 2001,503,Arunachal Pradesh,WEST SIANG,Arunachal Pradesh,WEST SIANG,Arunanchal Pradesh,West Siang,28.29741878,94.6497667,POINT (94.64976670069186 28.297418775605706),geometry.representative_point,confirmed_exact_unique,confirmed,0,1,0,,1
DPV_1A708054CC8A8927,IND_ARUNACHAL_PRADESH_WEST_SIANG,Census 2011,Census 2011,618,Arunachal Pradesh,WEST SIANG,Arunachal Pradesh,WEST SIANG,Arunanchal Pradesh,West Siang,28.29741878,94.6497667,POINT (94.64976670069186 28.297418775605706),geometry.representative_point,confirmed_exact_unique,confirmed,0,1,0,,1
DPV_B3A44351BDC25930,IND_ASSAM_BAKSA,Census 2001,Census 2011,36,Assam,BAKSA,Assam,BAKSA,Assam,Baksa,26.64772222,91.45653128,POINT (91.45653127507518 26.64772221771338),geometry.representative_point,alternate_layer_confirmed_name,working_strong,0,1,0,,1
DPV_047BD151DEB9AC98,IND_ASSAM_BAKSA,Census 2011,Census 2011,36,Assam,BAKSA,Assam,BAKSA,Assam,Baksa,26.64772222,91.45653128,POINT (91.45653127507518 26.64772221771338),geometry.representative_point,confirmed_exact_unique,confirmed,0,1,0,,1
DPV_CBDFC39A40BAD798,IND_ASSAM_BARPETA,Census 2001,Census 2001,37,Assam,BARPETA,Assam,BARPETA,Assam,Barpeta,26.45405827,91.03469171,POINT (91.03469171471102 26.454058267211085),geometry.representative_point,confirmed_exact_unique,confirmed,0,1,0,,1
DPV_0B1110704632650E,IND_ASSAM_BARPETA,Census 2011,Census 2011,58,Assam,BARPETA,Assam,BARPETA,Assam,Barpeta,26.37760271,91.05437484,POINT (91.05437484422231 26.377602712828764),geometry.representative_point,confirmed_exact_unique,confirmed,0,1,0,,1
DPV_45E7B1C5B1B3A06A,IND_ASSAM_BONGAIGAON,Census 2001,Census 2001,78,Assam,BONGAIGAON,Assam,BONGAIGAON,Assam,Bongaigaon,26.43225564,90.60211154,POINT (90.60211153556583 26.4322556384041),geometry.representative_point,confirmed_exact_unique,confirmed,0,1,0,,1
DPV_27FBA48E7E4DC522,IND_ASSAM_BONGAIGAON,Census 2011,Census 2011,90,Assam,BONGAIGAON,Assam,BONGAIGAON,Assam,Bongaigaon,26.35819103,90.62965165,POINT (90.62965164676066 26.35819102630739),geometry.representative_point,confirmed_exact_unique,confirmed,0,1,0,,1
DPV_33C57B6027A733F1,IND_ASSAM_CACHAR,Census 2001,Census 2001,81,Assam,CACHAR,Assam,CACHAR,Assam,Cachar,24.75551964,92.88223491,POINT (92.88223490852208 24.755519640487037),geometry.representative_point,confirmed_exact_unique,confirmed,0,1,0,,1
DPV_3494E031D1339521,IND_ASSAM_CACHAR,Census 2011,Census 2011,97,Assam,CACHAR,Assam,CACHAR,Assam,Cachar,24.75551964,92.88223491,POINT (92.88223490852208 24.755519640487037),geometry.representative_point,confirmed_exact_unique,confirmed,0,1,0,,1
DPV_40A5737995675B79,IND_ASSAM_CHIRANG,Census 2001,Census 2011,115,Assam,CHIRANG,Assam,CHIRANG,Assam,Chirang,26.64808311,90.64239191,POINT (90.64239190867332 26.648083110050447),geometry.representative_point,alternate_layer_confirmed_name,working_strong,0,1,0,,1
DPV_F0BFEF93699AA81F,IND_ASSAM_CHIRANG,Census 2011,Census 2011,115,Assam,CHIRANG,Assam,CHIRANG,Assam,Chirang,26.64808311,90.64239191,POINT (90.64239190867332 26.648083110050447),geometry.representative_point,confirmed_exact_unique,confirmed,0,1,0,,1
DPV_481A9A0345F837B6,IND_ASSAM_DARRANG,Census 2001,Census 2001,126,Assam,DARRANG,Assam,DARRANG,Assam,Darrang,26.56542677,92.06900424,POINT (92.06900423518377 26.565426766288333),geometry.representative_point,confirmed_exact_unique,confirmed,0,1,0,,1
DPV_E839F0A0AA2C6B0E,IND_ASSAM_DARRANG,Census 2011,Census 2011,134,Assam,DARRANG,Assam,DARRANG,Assam,Darrang,26.43825096,92.00812713,POINT (92.00812713048782 26.438250961951915),geometry.representative_point,confirmed_exact_unique,confirmed,0,1,0,,1
DPV_7463119FA8889F71,IND_ASSAM_DHEMAJI,Census 2001,Census 2001,137,Assam,DHEMAJI,Assam,DHEMAJI,Assam,Dhemaji,27.54616533,94.55728349,POINT (94.55728348895155 27.546165325512625),geometry.representative_point,confirmed_exact_unique,confirmed,0,1,0,,1
DPV_755806BD0236ADC3,IND_ASSAM_DHEMAJI,Census 2011,Census 2011,150,Assam,DHEMAJI,Assam,DHEMAJI,Assam,Dhemaji,27.54616533,94.55728349,POINT (94.55728348895155 27.546165325512625),geometry.representative_point,confirmed_exact_unique,confirmed,0,1,0,,1
DPV_592F75BB94529ED5,IND_ASSAM_DHUBRI,Census 2001,Census 2001,139,Assam,DHUBRI,Assam,DHUBRI,Assam,Dhubri,25.94572285,89.97155025,POINT (89.97155025220597 25.94572285062005),geometry.representative_point,confirmed_exact_unique,confirmed,0,1,0,,1
DPV_A453F0E5B4C3EE1F,IND_ASSAM_DHUBRI,Census 2011,Census 2011,152,Assam,DHUBRI,Assam,DHUBRI,Assam,Dhubri,25.93191784,89.98934268,POINT (89.98934267608128 25.931917841636903),geometry.representative_point,confirmed_exact_unique,confirmed,0,1,0,,1
DPV_F9B7C80F53E98ABD,IND_ASSAM_DIBRUGARH,Census 2001,Census 2001,142,Assam,DIBRUGARH,Assam,DIBRUGARH,Assam,Dibrugarh,27.4026802,94.9976177,POINT (94.99761769598567 27.402680202997075),geometry.representative_point,confirmed_exact_unique,confirmed,0,1,0,,1
DPV_D378C1E7A76D9B3B,IND_ASSAM_DIBRUGARH,Census 2011,Census 2011,155,Assam,DIBRUGARH,Assam,DIBRUGARH,Assam,Dibrugarh,27.4026802,94.9976177,POINT (94.99761769598567 27.402680202997075),geometry.representative_point,confirmed_exact_unique,confirmed,0,1,0,,1
DPV_603E53D7506408A6,IND_ASSAM_DIMA_HASAO,Census 2001,Census 2011,414,Assam,DIMA HASAO,Assam,DIMA HASAO,Assam,Dima Hasao,25.39337176,93.08365733,POINT (93.08365733310026 25.393371758619175),geometry.representative_point,alternate_layer_confirmed_name,working_strong,0,1,0,,1
DPV_9A0F6542DC19E8FE,IND_ASSAM_DIMA_HASAO,Census 2011,Census 2011,414,Assam,DIMA HASAO,Assam,DIMA HASAO,Assam,Dima Hasao,25.39337176,93.08365733,POINT (93.08365733310026 25.393371758619175),geometry.representative_point,confirmed_exact_unique,confirmed,0,1,0,,1
DPV_DC6F3DD500CC254B,IND_ASSAM_GOALPARA,Census 2001,Census 2001,177,Assam,GOALPARA,Assam,GOALPARA,Assam,Goalpara,26.06275219,90.57993687,POINT (90.57993686949334 26.062752192191162),geometry.representative_point,confirmed_exact_unique,confirmed,0,1,0,,1
DPV_461E693D9E450044,IND_ASSAM_GOALPARA,Census 2011,Census 2011,200,Assam,GOALPARA,Assam,GOALPARA,Assam,Goalpara,26.06275219,90.57993687,POINT (90.57993686997452 26.062752192155358),geometry.representative_point,confirmed_exact_unique,confirmed,0,1,0,,1
DPV_95EACA39F79FA250,IND_ASSAM_GOLAGHAT,Census 2001,Census 2001,179,Assam,GOLAGHAT,Assam,GOLAGHAT,Assam,Golaghat,26.37037993,94.01190873,POINT (94.01190872751874 26.370379929696554),geometry.representative_point,confirmed_exact_unique,confirmed,0,1,0,,1
DPV_5A54ABC363DEEF6F,IND_ASSAM_GOLAGHAT,Census 2011,Census 2011,202,Assam,GOLAGHAT,Assam,GOLAGHAT,Assam,Golaghat,26.32681754,94.00622198,POINT (94.00622198097793 26.32681754213857),geometry.representative_point,confirmed_exact_unique,confirmed,0,1,0,,1
DPV_2EC914D46F95CBFD,IND_ASSAM_HAILAKANDI,Census 2001,Census 2001,200,Assam,HAILAKANDI,Assam,HAILAKANDI,Assam,Hailakandi,24.50635071,92.63171415,POINT (92.63171415303631 24.506350709800078),geometry.representative_point,confirmed_exact_unique,confirmed,0,1,0,,1
DPV_AFF5E68DA09CFCB2,IND_ASSAM_HAILAKANDI,Census 2011,Census 2011,214,Assam,HAILAKANDI,Assam,HAILAKANDI,Assam,Hailakandi,24.50635071,92.63171415,POINT (92.63171415303631 24.506350709800078),geometry.representative_point,confirmed_exact_unique,confirmed,0,1,0,,1
DPV_4CFC87EC3783C191,IND_ASSAM_JORHAT,Census 2001,Census 2001,244,Assam,JORHAT,Assam,JORHAT,Assam,Jorhat,26.76495747,94.26247555,POINT (94.26247554831471 26.764957472715956),geometry.representative_point,confirmed_exact_unique,confirmed,0,1,0,,1
DPV_5D842E64E973A935,IND_ASSAM_JORHAT,Census 2011,Census 2011,262,Assam,JORHAT,Assam,JORHAT,Assam,Jorhat,26.76495747,94.26247555,POINT (94.26247554831471 26.764957472715956),geometry.representative_point,confirmed_exact_unique,confirmed,0,1,0,,1
DPV_9EE758546478A814,IND_ASSAM_KAMRUP,Census 2001,Census 2001,160,Assam,KAMRUP,Assam,KAMRUP,Assam,Kamrup,26.2567217,91.60095449,POINT (91.60095448663127 26.256721700967347),geometry.representative_point,confirmed_exact_unique,confirmed,0,1,0,,1
DPV_02A18965DC4EDC9A,IND_ASSAM_KAMRUP,Census 2011,Census 2011,269,Assam,KAMRUP,Assam,KAMRUP,Assam,Kamrup,26.14560981,91.22567625,POINT (91.2256762497847 26.14560980637168),geometry.representative_point,confirmed_exact_unique,confirmed,0,1,0,,1
DPV_7645A4268B5AA07A,IND_ASSAM_KAMRUP_METRO,Census 2001,Census 2001,160,Assam,KAMRUP METRO,Assam,KAMRUP METRO,Assam,Kamrup,26.2567217,91.60095449,POINT (91.60095448663127 26.256721700967347),geometry.representative_point,working_fuzzy_same_state,working_fallback,0,1,0,,1
DPV_80555B8B9527C20C,IND_ASSAM_KAMRUP_METRO,Census 2011,Census 2011,269,Assam,KAMRUP METRO,Assam,KAMRUP METRO,Assam,Kamrup,26.14560981,91.22567625,POINT (91.2256762497847 26.14560980637168),geometry.representative_point,working_fuzzy_same_state,working_fallback,0,1,0,,1
DPV_2D0BD6282D56924B,IND_ASSAM_KARBI_ANGLONG,Census 2001,Census 2001,165,Assam,KARBI ANGLONG,Assam,KARBI ANGLONG,Assam,Karbi Anglong,25.8518521,92.59295603,POINT (92.59295602517167 25.851852097545674),geometry.representative_point,confirmed_exact_unique,confirmed,0,1,0,,1
DPV_D2EEC2E1E6EBC85E,IND_ASSAM_KARBI_ANGLONG,Census 2011,Census 2011,282,Assam,KARBI ANGLONG,Assam,KARBI ANGLONG,Assam,Karbi Anglong,25.8518521,92.59295603,POINT (92.59295602517167 25.851852097545674),geometry.representative_point,confirmed_exact_unique,confirmed,0,1,0,,1
DPV_5B553C01FC20EB84,IND_ASSAM_KARIMGANJ,Census 2001,Census 2001,253,Assam,KARIMGANJ,Assam,KARIMGANJ,Assam,Karimganj,24.58484921,92.37110377,POINT (92.37110377495608 24.584849209766162),geometry.representative_point,confirmed_exact_unique,confirmed,0,1,0,,1
DPV_36FDD96213D35BEA,IND_ASSAM_KARIMGANJ,Census 2011,Census 2011,284,Assam,KARIMGANJ,Assam,KARIMGANJ,Assam,Karimganj,24.58484921,92.37110377,POINT (92.37110377495608 24.584849209766162),geometry.representative_point,confirmed_exact_unique,confirmed,0,1,0,,1
DPV_1B0350EBEEA59A42,IND_ASSAM_KOKRAJHAR,Census 2001,Census 2001,299,Assam,KOKRAJHAR,Assam,KOKRAJHAR,Assam,Kokrajhar,26.59873656,90.11777428,POINT (90.11777427658166 26.598736560500836),geometry.representative_point,confirmed_exact_unique,confirmed,0,1,0,,1
DPV_5D48897F739511B7,IND_ASSAM_KOKRAJHAR,Census 2011,Census 2011,309,Assam,KOKRAJHAR,Assam,KOKRAJHAR,Assam,Kokrajhar,26.51520223,90.12364133,POINT (90.12364132708656 26.515202225415646),geometry.representative_point,confirmed_exact_unique,confirmed,0,1,0,,1
DPV_B8036B98A1DF4253,IND_ASSAM_LAKHIMPUR,Census 2001,Census 2001,311,Assam,LAKHIMPUR,Assam,LAKHIMPUR,Assam,Lakhimpur,27.17219802,94.19983182,POINT (94.19983181723148 27.172198023206995),geometry.representative_point,confirmed_exact_unique,confirmed,0,1,0,,1
DPV_B43673719E72D979,IND_ASSAM_LAKHIMPUR,Census 2011,Census 2011,332,Assam,LAKHIMPUR,Assam,LAKHIMPUR,Assam,Lakhimpur,27.17219802,94.19983182,POINT (94.19983181723148 27.172198023206995),geometry.representative_point,confirmed_exact_unique,confirmed,0,1,0,,1
DPV_BF85546D77BE53EC,IND_ASSAM_MARIGAON,Census 2001,Census 2001,338,Assam,MARIGAON,Assam,MARIGAON,Assam,Marigaon,26.28678771,92.29154579,POINT (92.29154579406264 26.286787714985945),geometry.representative_point,confirmed_exact_unique,confirmed,0,1,0,,1
DPV_EC426078A68D32AD,IND_ASSAM_MARIGAON,Census 2011,Census 2011,367,Assam,MARIGAON,Assam,MARIGAON,Assam,Marigaon,26.28678772,92.29154579,POINT (92.2915457946979 26.286787715365556),geometry.representative_point,confirmed_exact_unique,confirmed,0,1,0,,1
DPV_25BD17DDEFE06240,IND_ASSAM_NAGAON,Census 2001,Census 2001,333,Assam,NAGAON,Assam,NAGAON,Assam,Nagaon,26.20539331,92.61105585,POINT (92.61105584951272 26.205393306981932),geometry.representative_point,confirmed_exact_unique,confirmed,0,1,0,,1
DPV_59D8F5340032B85D,IND_ASSAM_NAGAON,Census 2011,Census 2011,390,Assam,NAGAON,Assam,NAGAON,Assam,Nagaon,26.20539331,92.61105585,POINT (92.61105584951272 26.205393306981932),geometry.representative_point,confirmed_exact_unique,confirmed,0,1,0,,1
DPV_35399CA702511908,IND_ASSAM_NALBARI,Census 2001,Census 2001,350,Assam,NALBARI,Assam,NALBARI,Assam,Nalbari,26.48479467,91.41561118,POINT (91.41561117955064 26.484794666113547),geometry.representative_point,confirmed_exact_unique,confirmed,0,1,0,,1
DPV_CC34946A8BC814E9,IND_ASSAM_NALBARI,Census 2011,Census 2011,395,Assam,NALBARI,Assam,NALBARI,Assam,Nalbari,26.35928234,91.40155336,POINT (91.40155335987816 26.359282342046097),geometry.representative_point,confirmed_exact_unique,confirmed,0,1,0,,1
DPV_89734F3674C3443F,IND_ASSAM_SIVASAGAR,Census 2001,Census 2011,522,Assam,SIVASAGAR,Assam,SIVASAGAR,Assam,Sivasagar,26.99392213,94.80716378,POINT (94.80716377965443 26.993922132732862),geometry.representative_point,alternate_layer_confirmed_name,working_strong,0,1,0,,1
DPV_6B0DE4E26FD3C663,IND_ASSAM_SIVASAGAR,Census 2011,Census 2011,522,Assam,SIVASAGAR,Assam,SIVASAGAR,Assam,Sivasagar,26.99392213,94.80716378,POINT (94.80716377965443 26.993922132732862),geometry.representative_point,confirmed_exact_unique,confirmed,0,1,0,,1
DPV_CC7FC99729C412AD,IND_ASSAM_SONITPUR,Census 2001,Census 2001,484,Assam,SONITPUR,Assam,SONITPUR,Assam,Sonitpur,26.76610116,92.99724954,POINT (92.99724953921856 26.766101159995515),geometry.representative_point,confirmed_exact_unique,confirmed,0,1,0,,1
DPV_8ABC9DCFFEE5F8C6,IND_ASSAM_SONITPUR,Census 2011,Census 2011,541,Assam,SONITPUR,Assam,SONITPUR,Assam,Sonitpur,26.76540437,93.00138216,POINT (93.00138216077112 26.765404373474254),geometry.representative_point,confirmed_exact_unique,confirmed,0,1,0,,1
DPV_F567BFA3105E64F9,IND_ASSAM_TINSUKIA,Census 2001,Census 2001,497,Assam,TINSUKIA,Assam,TINSUKIA,Assam,Tinsukia,27.59787306,95.57034234,POINT (95.5703423393783 27.597873064459943),geometry.representative_point,confirmed_exact_unique,confirmed,0,1,0,,1
DPV_7C97BF6112C195F5,IND_ASSAM_TINSUKIA,Census 2011,Census 2011,573,Assam,TINSUKIA,Assam,TINSUKIA,Assam,Tinsukia,27.59787306,95.57034234,POINT (95.5703423393783 27.597873064459943),geometry.representative_point,confirmed_exact_unique,confirmed,0,1,0,,1
DPV_35A783FF979B23B5,IND_ASSAM_UDALGURI,Census 2001,Census 2011,583,Assam,UDALGURI,Assam,UDALGURI,Assam,Udalguri,26.70909974,92.05234176,POINT (92.0523417608229 26.7090997360394),geometry.representative_point,alternate_layer_confirmed_name,working_strong,0,1,0,,1
DPV_4C46D938078C904E,IND_ASSAM_UDALGURI,Census 2011,Census 2011,583,Assam,UDALGURI,Assam,UDALGURI,Assam,Udalguri,26.70909974,92.05234176,POINT (92.0523417608229 26.7090997360394),geometry.representative_point,confirmed_exact_unique,confirmed,0,1,0,,1
DPV_588E4EED1CCE770F,IND_BIHAR_ARARIA,Census 2001,Census 2001,4,Bihar,ARARIA,Bihar,ARARIA,Bihar,Araria,26.26518751,87.36299295,POINT (87.36299295440219 26.265187513961344),geometry.representative_point,confirmed_exact_unique,confirmed,0,1,0,,1
DPV_545EF5859C964F64,IND_BIHAR_ARARIA,Census 2011,Census 2011,24,Bihar,ARARIA,Bihar,ARARIA,Bihar,Araria,26.26518751,87.36299295,POINT (87.36299295440219 26.265187513961344),geometry.representative_point,confirmed_exact_unique,confirmed,0,1,0,,1
DPV_6E9C239CC12E7E08,IND_BIHAR_ARWAL,Census 2001,Census 2011,630,Bihar,ARWAL,Bihar,ARWAL,Bihar,Arwal,25.18041929,84.67337327,POINT (84.67337326734786 25.180419288319335),geometry.representative_point,alternate_layer_confirmed_name,working_strong,0,1,0,,1
DPV_7D55C9A2C1D675EA,IND_BIHAR_ARWAL,Census 2011,Census 2011,630,Bihar,ARWAL,Bihar,ARWAL,Bihar,Arwal,25.18041929,84.67337327,POINT (84.67337326734786 25.180419288319335),geometry.representative_point,confirmed_exact_unique,confirmed,0,1,0,,1
DPV_31749BD4DE0F9D1E,IND_BIHAR_AURANGABAD,Census 2001,Census 2001,7,Bihar,AURANGABAD,Bihar,AURANGABAD,Bihar,Aurangabad,24.80685453,84.41479438,POINT (84.41479438185715 24.806854532771112),geometry.representative_point,confirmed_exact_unique,confirmed,0,1,0,,1
DPV_7DF28E631A4989C2,IND_BIHAR_AURANGABAD,Census 2011,Census 2011,28,Bihar,AURANGABAD,Bihar,AURANGABAD,Bihar,Aurangabad,24.80685453,84.41479438,POINT (84.41479438185715 24.806854532771112),geometry.representative_point,confirmed_exact_unique,confirmed,0,1,0,,1
DPV_BA9C2E207862894D,IND_BIHAR_BANKA,Census 2001,Census 2001,31,Bihar,BANKA,Bihar,BANKA,Bihar,Banka,24.83144052,86.81810273,POINT (86.81810273071801 24.831440518424905),geometry.representative_point,confirmed_exact_unique,confirmed,0,1,0,,1
DPV_82C56365FB7B4BA6,IND_BIHAR_BANKA,Census 2011,Census 2011,47,Bihar,BANKA,Bihar,BANKA,Bihar,Banka,24.83144052,86.81810273,POINT (86.81810273071801 24.831440518424905),geometry.representative_point,confirmed_exact_unique,confirmed,0,1,0,,1
DPV_B6CADB1BF586C987,IND_BIHAR_BEGUSARAI,Census 2001,Census 2001,59,Bihar,BEGUSARAI,Bihar,BEGUSARAI,Bihar,Begusarai,25.5124452,86.09008151,POINT (86.0900815054295 25.512445197658298),geometry.representative_point,confirmed_exact_unique,confirmed,0,1,0,,1
DPV_7CDCFAD7908FD557,IND_BIHAR_BEGUSARAI,Census 2011,Census 2011,64,Bihar,BEGUSARAI,Bihar,BEGUSARAI,Bihar,Begusarai,25.5124452,86.09008151,POINT (86.0900815054295 25.512445197658298),geometry.representative_point,confirmed_exact_unique,confirmed,0,1,0,,1
DPV_4E3769EE77F32DA2,IND_BIHAR_BHAGALPUR,Census 2001,Census 2001,39,Bihar,BHAGALPUR,Bihar,BHAGALPUR,Bihar,Bhagalpur,25.28177028,87.13536741,POINT (87.13536741329855 25.28177028224492),geometry.representative_point,confirmed_exact_unique,confirmed,0,1,0,,1
DPV_499ACF243B668BA3,IND_BIHAR_BHAGALPUR,Census 2011,Census 2011,69,Bihar,BHAGALPUR,Bihar,BHAGALPUR,Bihar,Bhagalpur,25.28177028,87.13536741,POINT (87.13536741329855 25.28177028224492),geometry.representative_point,confirmed_exact_unique,confirmed,0,1,0,,1
DPV_2443687CE13D65B5,IND_BIHAR_BHOJPUR,Census 2001,Census 2001,556,Bihar,BHOJPUR,Bihar,BHOJPUR,Bihar,Bhojpur,25.45261364,84.56465984,POINT (84.56465983903651 25.452613642992763),geometry.representative_point,confirmed_exact_unique,confirmed,0,1,0,,1
DPV_DB4684BCC1DA9032,IND_BIHAR_BHOJPUR,Census 2011,Census 2011,77,Bihar,BHOJPUR,Bihar,BHOJPUR,Bihar,Bhojpur,25.45261364,84.56465984,POINT (84.56465983903651 25.452613642992763),geometry.representative_point,confirmed_exact_unique,confirmed,0,1,0,,1
DPV_EC7143E3345B6573,IND_BIHAR_BOKARO,Census 2001,Census 2001,31,Bihar,BOKARO,Bihar,BOKARO,Bihar,Banka,24.83144052,86.81810273,POINT (86.81810273071801 24.831440518424905),geometry.representative_point,working_fuzzy_same_state,working_fallback,0,1,0,,1
DPV_FAEB91764C908A19,IND_BIHAR_BOKARO,Census 2011,Census 2011,47,Bihar,BOKARO,Bihar,BOKARO,Bihar,Banka,24.83144052,86.81810273,POINT (86.81810273071801 24.831440518424905),geometry.representative_point,working_fuzzy_same_state,working_fallback,0,1,0,,1
DPV_D2585DD2DEB48592,IND_BIHAR_BUXAR,Census 2001,Census 2001,557,Bihar,BUXAR,Bihar,BUXAR,Bihar,Buxar,25.50694084,84.10871511,POINT (84.10871510712553 25.50694083924633),geometry.representative_point,confirmed_exact_unique,confirmed,0,1,0,,1
DPV_C8AF6EEF64EAD180,IND_BIHAR_BUXAR,Census 2011,Census 2011,96,Bihar,BUXAR,Bihar,BUXAR,Bihar,Buxar,25.50694084,84.10871511,POINT (84.10871510712553 25.50694083924633),geometry.representative_point,confirmed_exact_unique,confirmed,0,1,0,,1
DPV_69912E7C03A4BBF0,IND_BIHAR_CHATRA,Census 2001,Census 2001,448,Bihar,CHATRA,Bihar,CHATRA,Bihar,Saharsa,25.83800504,86.61287504,POINT (86.61287504143394 25.838005039915345),geometry.representative_point,working_fuzzy_same_state,working_fallback,0,1,0,,1
DPV_69E13D289F13865E,IND_BIHAR_CHATRA,Census 2011,Census 2011,490,Bihar,CHATRA,Bihar,CHATRA,Bihar,Saharsa,25.83800504,86.61287504,POINT (86.61287504143394 25.838005039915345),geometry.representative_point,working_fuzzy_same_state,working_fallback,0,1,0,,1
DPV_5D31BF89CFD3C591,IND_BIHAR_DARBHANGA,Census 2001,Census 2001,124,Bihar,DARBHANGA,Bihar,DARBHANGA,Bihar,Darbhanga,26.15621394,86.03356759,POINT (86.03356759340372 26.156213935441077),geometry.representative_point,confirmed_exact_unique,confirmed,0,1,0,,1
DPV_C23A3225D731C1B3,IND_BIHAR_DARBHANGA,Census 2011,Census 2011,132,Bihar,DARBHANGA,Bihar,DARBHANGA,Bihar,Darbhanga,26.15621394,86.03356759,POINT (86.03356759340372 26.156213935441077),geometry.representative_point,confirmed_exact_unique,confirmed,0,1,0,,1
DPV_941594A694494B07,IND_BIHAR_DEOGHAR,Census 2001,Census 2001,429,Bihar,DEOGHAR,Bihar,DEOGHAR,Bihar,Sheohar,26.52150197,85.30547137,POINT (85.30547136817326 26.52150197373446),geometry.representative_point,working_fuzzy_same_state,working_fallback,0,1,0,,1
DPV_8B358CC11575D59C,IND_BIHAR_DEOGHAR,Census 2011,Census 2011,515,Bihar,DEOGHAR,Bihar,DEOGHAR,Bihar,Sheohar,26.52150197,85.30547137,POINT (85.30547136817326 26.52150197373446),geometry.representative_point,working_fuzzy_same_state,working_fallback,0,1,0,,1
DPV_19F134F6854F382C,IND_BIHAR_DHANBAD,Census 2001,Census 2001,564,Bihar,DHANBAD,Bihar,DHANBAD,Bihar,Jehanabad,25.15215344,84.82672881,POINT (84.82672881432471 25.15215343598581),geometry.representative_point,working_fuzzy_same_state,working_fallback,0,1,0,,1
DPV_DB3DF1CF54FF99C8,IND_BIHAR_DHANBAD,Census 2011,Census 2011,631,Bihar,DHANBAD,Bihar,DHANBAD,Bihar,Jehanabad,25.15527831,85.02813,POINT (85.02812999783013 25.155278306356287),geometry.representative_point,working_fuzzy_same_state,working_fallback,0,1,0,,1
DPV_694330A173066C8E,IND_BIHAR_DUMKA,Census 2001,Census 2001,317,Bihar,DUMKA,Bihar,DUMKA,Bihar,Madhepura,25.78275795,86.93719968,POINT (86.93719967784097 25.782757951894702),geometry.representative_point,working_fuzzy_same_state,working_fallback,0,1,0,,1
DPV_297A366200F01B8C,IND_BIHAR_DUMKA,Census 2011,Census 2011,347,Bihar,DUMKA,Bihar,DUMKA,Bihar,Madhepura,25.78275795,86.93719968,POINT (86.93719967784097 25.782757951894702),geometry.representative_point,working_fuzzy_same_state,working_fallback,0,1,0,,1
DPV_1D3EC4F1D909C205,IND_BIHAR_EAST_SINGHBUM,Census 2001,Census 2001,413,Bihar,EAST SINGHBUM,Bihar,EAST SINGHBUM,Bihar,Samastipur,25.77653118,86.0079087,POINT (86.00790869558294 25.776531183775923),geometry.representative_point,working_fuzzy_same_state,working_fallback,1,1,0,,1
DPV_816E0146EF639B0B,IND_BIHAR_EAST_SINGHBUM,Census 2011,Census 2011,495,Bihar,EAST SINGHBUM,Bihar,EAST SINGHBUM,Bihar,Samastipur,25.77653118,86.0079087,POINT (86.00790869558294 25.776531183775923),geometry.representative_point,working_fuzzy_same_state,working_fallback,1,1,0,,1
DPV_FD8A1B7E05E6CED0,IND_BIHAR_GARHWA,Census 2001,Census 2001,555,Bihar,GARHWA,Bihar,GARHWA,Bihar,Gaya,24.6788321,85.00904234,POINT (85.009042343095 24.678832099585893),geometry.representative_point,working_fuzzy_same_state,working_fallback,1,1,0,,1
DPV_05A2D2715F88C0A3,IND_BIHAR_GARHWA,Census 2011,Census 2011,630,Bihar,GARHWA,Bihar,GARHWA,Bihar,Arwal,25.18041929,84.67337327,POINT (84.67337326734786 25.180419288319335),geometry.representative_point,working_fuzzy_same_state,working_fallback,0,1,0,,1
DPV_5BE9D5151231EE71,IND_BIHAR_GAYA,Census 2001,Census 2001,555,Bihar,GAYA,Bihar,GAYA,Bihar,Gaya,24.6788321,85.00904234,POINT (85.009042343095 24.678832099585893),geometry.representative_point,confirmed_exact_unique,confirmed,0,1,0,,1
DPV_540963653637E56F,IND_BIHAR_GAYA,Census 2011,Census 2011,196,Bihar,GAYA,Bihar,GAYA,Bihar,Gaya,24.6788321,85.00904234,POINT (85.009042343095 24.678832099585893),geometry.representative_point,confirmed_exact_unique,confirmed,0,1,0,,1
DPV_F77707E83F343D43,IND_BIHAR_GIRIDIH,Census 2001,Census 2001,285,Bihar,GIRIDIH,Bihar,GIRIDIH,Bihar,Khagaria,25.49128644,86.70221498,POINT (86.70221498291636 25.49128644283647),geometry.representative_point,working_fuzzy_same_state,working_fallback,1,1,0,,1
DPV_9605BD69B2805DE6,IND_BIHAR_GIRIDIH,Census 2011,Census 2011,295,Bihar,GIRIDIH,Bihar,GIRIDIH,Bihar,Khagaria,25.49128644,86.70221498,POINT (86.70221498291636 25.49128644283647),geometry.representative_point,working_fuzzy_same_state,working_fallback,1,1,0,,1
DPV_C6A3D695F11A3811,IND_BIHAR_GODDA,Census 2001,Census 2001,555,Bihar,GODDA,Bihar,GODDA,Bihar,Gaya,24.6788321,85.00904234,POINT (85.009042343095 24.678832099585893),geometry.representative_point,working_fuzzy_same_state,working_fallback,1,1,0,,1
DPV_54AA5FE5C19EEA67,IND_BIHAR_GODDA,Census 2011,Census 2011,196,Bihar,GODDA,Bihar,GODDA,Bihar,Gaya,24.6788321,85.00904234,POINT (85.009042343095 24.678832099585893),geometry.representative_point,working_fuzzy_same_state,working_fallback,1,1,0,,1
DPV_BB25D16E376CA15C,IND_BIHAR_GOPALGANJ,Census 2001,Census 2001,187,Bihar,GOPALGANJ,Bihar,GOPALGANJ,Bihar,Gopalganj,26.42365132,84.37305829,POINT (84.37305828828974 26.423651321333633),geometry.representative_point,confirmed_exact_unique,confirmed,0,1,0,,1
DPV_9E8F629C1C2148F4,IND_BIHAR_GOPALGANJ,Census 2011,Census 2011,205,Bihar,GOPALGANJ,Bihar,GOPALGANJ,Bihar,Gopalganj,26.42365132,84.37305829,POINT (84.37305828828974 26.423651321333633),geometry.representative_point,confirmed_exact_unique,confirmed,0,1,0,,1
DPV_439944D085AEA67C,IND_BIHAR_GUMLA,Census 2001,Census 2001,555,Bihar,GUMLA,Bihar,GUMLA,Bihar,Gaya,24.6788321,85.00904234,POINT (85.009042343095 24.678832099585893),geometry.representative_point,working_fuzzy_same_state,working_fallback,1,1,0,,1
DPV_BDD02CC40FBB5250,IND_BIHAR_GUMLA,Census 2011,Census 2011,196,Bihar,GUMLA,Bihar,GUMLA,Bihar,Gaya,24.6788321,85.00904234,POINT (85.009042343095 24.678832099585893),geometry.representative_point,working_fuzzy_same_state,working_fallback,1,1,0,,1
DPV_04A4F37C59ED048F,IND_BIHAR_HAZARIBAGH,Census 2001,Census 2001,285,Bihar,HAZARIBAGH,Bihar,HAZARIBAGH,Bihar,Khagaria,25.49128644,86.70221498,POINT (86.70221498291636 25.49128644283647),geometry.representative_point,working_fuzzy_same_state,working_fallback,1,1,0,,1
DPV_7DCA492F36930489,IND_BIHAR_HAZARIBAGH,Census 2011,Census 2011,295,Bihar,HAZARIBAGH,Bihar,HAZARIBAGH,Bihar,Khagaria,25.49128644,86.70221498,POINT (86.70221498291636 25.49128644283647),geometry.representative_point,working_fuzzy_same_state,working_fallback,1,1,0,,1
DPV_BB10E5FE86C5B857,IND_BIHAR_JAMUI,Census 2001,Census 2001,235,Bihar,JAMUI,Bihar,JAMUI,Bihar,Jamui,24.75742689,86.30374068,POINT (86.30374067600778 24.757426889149045),geometry.representative_point,confirmed_exact_unique,confirmed,0,1,0,,1
DPV_ABB43EAD7B29ECED,IND_BIHAR_JAMUI,Census 2011,Census 2011,251,Bihar,JAMUI,Bihar,JAMUI,Bihar,Jamui,24.75742689,86.30374068,POINT (86.30374067600778 24.757426889149045),geometry.representative_point,confirmed_exact_unique,confirmed,0,1,0,,1
DPV_359E437160B6EF04,IND_BIHAR_JEHANABAD,Census 2001,Census 2001,564,Bihar,JEHANABAD,Bihar,JEHANABAD,Bihar,Jehanabad,25.15215344,84.82672881,POINT (84.82672881432471 25.15215343598581),geometry.representative_point,confirmed_exact_unique,confirmed,0,1,0,,1
DPV_7B4E257231D9C85A,IND_BIHAR_JEHANABAD,Census 2011,Census 2011,631,Bihar,JEHANABAD,Bihar,JEHANABAD,Bihar,Jehanabad,25.15527831,85.02813,POINT (85.02812999783013 25.155278306356287),geometry.representative_point,confirmed_exact_unique,confirmed,0,1,0,,1
DPV_C8BD9F2BCD6ADDE0,IND_BIHAR_KAIMUR_BHABUA,Census 2001,Census 2001,553,Bihar,KAIMUR (BHABUA),Bihar,KAIMUR (BHABUA),Bihar,Kaimur (Bhabua),24.97521311,83.57853063,POINT (83.57853063179934 24.975213105826924),geometry.representative_point,confirmed_exact_unique,confirmed,0,1,0,,1
DPV_BC277E4658315B4E,IND_BIHAR_KAIMUR_BHABUA,Census 2011,Census 2011,266,Bihar,KAIMUR (BHABUA),Bihar,KAIMUR (BHABUA),Bihar,Kaimur (bhabua),24.97521311,83.57853063,POINT (83.57853063179934 24.975213105826924),geometry.representative_point,confirmed_exact_unique,confirmed,0,1,0,,1
DPV_9519D37E9EE22200,IND_BIHAR_KATIHAR,Census 2001,Census 2001,107,Bihar,KATIHAR,Bihar,KATIHAR,Bihar,Katihar,25.54288974,87.64436251,POINT (87.64436250831167 25.542889739200866),geometry.representative_point,confirmed_exact_unique,confirmed,0,1,0,,1
DPV_AF0A6083CF8198F6,IND_BIHAR_KATIHAR,Census 2011,Census 2011,290,Bihar,KATIHAR,Bihar,KATIHAR,Bihar,Katihar,25.54288974,87.64436251,POINT (87.64436250831173 25.542889739200888),geometry.representative_point,confirmed_exact_unique,confirmed,0,1,0,,1
DPV_868F2FA4B7F080A4,IND_BIHAR_KHAGARIA,Census 2001,Census 2001,285,Bihar,KHAGARIA,Bihar,KHAGARIA,Bihar,Khagaria,25.49128644,86.70221498,POINT (86.70221498291636 25.49128644283647),geometry.representative_point,confirmed_exact_unique,confirmed,0,1,0,,1
DPV_7931401157B34FDE,IND_BIHAR_KHAGARIA,Census 2011,Census 2011,295,Bihar,KHAGARIA,Bihar,KHAGARIA,Bihar,Khagaria,25.49128644,86.70221498,POINT (86.70221498291636 25.49128644283647),geometry.representative_point,confirmed_exact_unique,confirmed,0,1,0,,1
DPV_8CCCBD69FEA561C3,IND_BIHAR_KISHANGANJ,Census 2001,Census 2001,262,Bihar,KISHANGANJ,Bihar,KISHANGANJ,Bihar,Kishanganj,26.24477423,87.90650722,POINT (87.90650722198707 26.24477422942407),geometry.representative_point,confirmed_exact_unique,confirmed,0,1,0,,1
DPV_3C99D95E53BE29C0,IND_BIHAR_KISHANGANJ,Census 2011,Census 2011,303,Bihar,KISHANGANJ,Bihar,KISHANGANJ,Bihar,Kishanganj,26.24477423,87.90650722,POINT (87.90650722198707 26.24477422942407),geometry.representative_point,confirmed_exact_unique,confirmed,0,1,0,,1
DPV_FF86E5F97DEE5826,IND_BIHAR_KODERMA,Census 2001,Census 2001,285,Bihar,KODERMA,Bihar,KODERMA,Bihar,Khagaria,25.49128644,86.70221498,POINT (86.70221498291636 25.49128644283647),geometry.representative_point,working_fuzzy_same_state,working_fallback,1,1,0,,1
DPV_016567DD67326203,IND_BIHAR_KODERMA,Census 2011,Census 2011,295,Bihar,KODERMA,Bihar,KODERMA,Bihar,Khagaria,25.49128644,86.70221498,POINT (86.70221498291636 25.49128644283647),geometry.representative_point,working_fuzzy_same_state,working_fallback,1,1,0,,1
DPV_B626AD4A4F01D858,IND_BIHAR_LAKHISARAI,Census 2001,Census 2001,312,Bihar,LAKHISARAI,Bihar,LAKHISARAI,Bihar,Lakhisarai,25.15326029,86.17839075,POINT (86.1783907540778 25.153260289903734),geometry.representative_point,confirmed_exact_unique,confirmed,0,1,0,,1
DPV_68F1233B8B54666E,IND_BIHAR_LAKHISARAI,Census 2011,Census 2011,333,Bihar,LAKHISARAI,Bihar,LAKHISARAI,Bihar,Lakhisarai,25.15326029,86.17839075,POINT (86.1783907540778 25.153260289903734),geometry.representative_point,confirmed_exact_unique,confirmed,0,1,0,,1
DPV_4B1A721702C6C3E2,IND_BIHAR_LOHARDAGA,Census 2001,Census 2001,4,Bihar,LOHARDAGA,Bihar,LOHARDAGA,Bihar,Araria,26.26518751,87.36299295,POINT (87.36299295440219 26.265187513961344),geometry.representative_point,working_fuzzy_same_state,working_fallback,0,1,0,,1
DPV_18480FCE63C318E2,IND_BIHAR_LOHARDAGA,Census 2011,Census 2011,24,Bihar,LOHARDAGA,Bihar,LOHARDAGA,Bihar,Araria,26.26518751,87.36299295,POINT (87.36299295440219 26.265187513961344),geometry.representative_point,working_fuzzy_same_state,working_fallback,0,1,0,,1
DPV_925E4CCAA2CD3BD6,IND_BIHAR_MADHEPURA,Census 2001,Census 2001,317,Bihar,MADHEPURA,Bihar,MADHEPURA,Bihar,Madhepura,25.78275795,86.93719968,POINT (86.93719967784097 25.782757951894702),geometry.representative_point,confirmed_exact_unique,confirmed,0,1,0,,1
DPV_CCFB78ED4B4A2F90,IND_BIHAR_MADHEPURA,Census 2011,Census 2011,347,Bihar,MADHEPURA,Bihar,MADHEPURA,Bihar,Madhepura,25.78275795,86.93719968,POINT (86.93719967784097 25.782757951894702),geometry.representative_point,confirmed_exact_unique,confirmed,0,1,0,,1
DPV_E627CB4A44DF0E51,IND_BIHAR_MADHUBANI,Census 2001,Census 2001,307,Bihar,MADHUBANI,Bihar,MADHUBANI,Bihar,Madhubani,26.35614781,86.22500125,POINT (86.22500124661148 26.35614780920305),geometry.representative_point,confirmed_exact_unique,confirmed,0,1,0,,1
DPV_08C13EB9CFFF1BD6,IND_BIHAR_MADHUBANI,Census 2011,Census 2011,348,Bihar,MADHUBANI,Bihar,MADHUBANI,Bihar,Madhubani,26.35614781,86.22500125,POINT (86.22500124661148 26.35614780920305),geometry.representative_point,confirmed_exact_unique,confirmed,0,1,0,,1
DPV_82315436F7DBBFB9,IND_BIHAR_MUNGER,Census 2001,Census 2001,348,Bihar,MUNGER,Bihar,MUNGER,Bihar,Munger,25.22218707,86.51793494,POINT (86.51793494209403 25.222187065994675),geometry.representative_point,confirmed_exact_unique,confirmed,0,1,0,,1
DPV_EBCDC3867CD0F73C,IND_BIHAR_MUNGER,Census 2011,Census 2011,383,Bihar,MUNGER,Bihar,MUNGER,Bihar,Munger,25.22218707,86.51793494,POINT (86.51793494209403 25.222187065994675),geometry.representative_point,confirmed_exact_unique,confirmed,0,1,0,,1
DPV_6CA78ADC8918CD5B,IND_BIHAR_MUZAFFARPUR,Census 2001,Census 2001,272,Bihar,MUZAFFARPUR,Bihar,MUZAFFARPUR,Bihar,Muzaffarpur,26.14815036,85.3339574,POINT (85.33395740498625 26.148150357718414),geometry.representative_point,confirmed_exact_unique,confirmed,0,1,0,,1
DPV_5310FD08E6053D7E,IND_BIHAR_MUZAFFARPUR,Census 2011,Census 2011,386,Bihar,MUZAFFARPUR,Bihar,MUZAFFARPUR,Bihar,Muzaffarpur,26.14815036,85.3339574,POINT (85.33395740498625 26.148150357718414),geometry.representative_point,confirmed_exact_unique,confirmed,0,1,0,,1
DPV_910645F47FA38840,IND_BIHAR_NALANDA,Census 2001,Census 2001,349,Bihar,NALANDA,Bihar,NALANDA,Bihar,Nalanda,25.2145712,85.4532958,POINT (85.45329580155065 25.21457119540937),geometry.representative_point,confirmed_exact_unique,confirmed,0,1,0,,1
DPV_E20DFB3172D6ACAE,IND_BIHAR_NALANDA,Census 2011,Census 2011,394,Bihar,NALANDA,Bihar,NALANDA,Bihar,Nalanda,25.2145712,85.4532958,POINT (85.45329580155065 25.21457119540937),geometry.representative_point,confirmed_exact_unique,confirmed,0,1,0,,1
DPV_C29BF34358E8BD73,IND_BIHAR_NAWADA,Census 2001,Census 2001,364,Bihar,NAWADA,Bihar,NAWADA,Bihar,Nawada,24.81798941,85.52408519,POINT (85.52408518858672 24.817989410586705),geometry.representative_point,confirmed_exact_unique,confirmed,0,1,0,,1
DPV_6A9474D61438ED46,IND_BIHAR_NAWADA,Census 2011,Census 2011,405,Bihar,NAWADA,Bihar,NAWADA,Bihar,Nawada,24.81798941,85.52408519,POINT (85.52408518858672 24.817989410586705),geometry.representative_point,confirmed_exact_unique,confirmed,0,1,0,,1
DPV_35498BB553624F41,IND_BIHAR_PAKUR,Census 2001,Census 2001,279,Bihar,PAKUR,Bihar,PAKUR,Bihar,Purnia,25.77861975,87.41351072,POINT (87.41351071948793 25.778619754308068),geometry.representative_point,working_fuzzy_same_state,working_fallback,0,1,0,,1
DPV_B1BBFE2F242E9FCE,IND_BIHAR_PAKUR,Census 2011,Census 2011,456,Bihar,PAKUR,Bihar,PAKUR,Bihar,Purnia,25.77861975,87.41351072,POINT (87.41351071948793 25.778619754308068),geometry.representative_point,working_fuzzy_same_state,working_fallback,0,1,0,,1
DPV_4E526C26CD768040,IND_BIHAR_PALAMU,Census 2001,Census 2001,235,Bihar,PALAMU,Bihar,PALAMU,Bihar,Jamui,24.75742689,86.30374068,POINT (86.30374067600778 24.757426889149045),geometry.representative_point,working_fuzzy_same_state,working_fallback,0,1,0,,1
DPV_AA28B0C1F965DE14,IND_BIHAR_PALAMU,Census 2011,Census 2011,251,Bihar,PALAMU,Bihar,PALAMU,Bihar,Jamui,24.75742689,86.30374068,POINT (86.30374067600778 24.757426889149045),geometry.representative_point,working_fuzzy_same_state,working_fallback,0,1,0,,1
DPV_B7D90E7BAA146DCE,IND_BIHAR_PASHCHIM_CHAMPARAN,Census 2001,Census 2001,381,Bihar,PASHCHIM CHAMPARAN,Bihar,PASHCHIM CHAMPARAN,Bihar,Pashchim Champaran,27.05198206,84.33381319,POINT (84.33381319065373 27.051982060223565),geometry.representative_point,confirmed_exact_unique,confirmed,0,1,0,,1
DPV_BC9C813F737F0393,IND_BIHAR_PASHCHIM_CHAMPARAN,Census 2011,Census 2011,432,Bihar,PASHCHIM CHAMPARAN,Bihar,PASHCHIM CHAMPARAN,Bihar,Pashchim Champaran,27.05198206,84.33381319,POINT (84.33381319065373 27.051982060223565),geometry.representative_point,confirmed_exact_unique,confirmed,0,1,0,,1
DPV_DE20BB18F7FD15BE,IND_BIHAR_PATNA,Census 2001,Census 2001,387,Bihar,PATNA,Bihar,PATNA,Bihar,Patna,25.46663672,85.1931215,POINT (85.1931215033144 25.46663671633673),geometry.representative_point,confirmed_exact_unique,confirmed,0,1,0,,1
DPV_AFB0F4B30792BEA1,IND_BIHAR_PATNA,Census 2011,Census 2011,438,Bihar,PATNA,Bihar,PATNA,Bihar,Patna,25.46663672,85.1931215,POINT (85.1931215033144 25.46663671633673),geometry.representative_point,confirmed_exact_unique,confirmed,0,1,0,,1
DPV_BDD9A3B46FE85926,IND_BIHAR_PURBI_CHAMPARAN,Census 2001,Census 2001,327,Bihar,PURBI CHAMPARAN,Bihar,PURBI CHAMPARAN,Bihar,Purba Champaran,26.63977478,84.90254561,POINT (84.90254561182108 26.639774780240618),geometry.representative_point,working_fuzzy_same_state,working_fallback,0,1,0,,1
DPV_42B3309DFCF01C90,IND_BIHAR_PURBI_CHAMPARAN,Census 2011,Census 2011,452,Bihar,PURBI CHAMPARAN,Bihar,PURBI CHAMPARAN,Bihar,Purba Champaran,26.63977478,84.90254561,POINT (84.90254561182108 26.639774780240618),geometry.representative_point,working_fuzzy_same_state,working_fallback,0,1,0,,1
DPV_22D8253E0BAA112C,IND_BIHAR_PURNIA,Census 2001,Census 2001,279,Bihar,PURNIA,Bihar,PURNIA,Bihar,Purnia,25.77861975,87.41351072,POINT (87.41351071948793 25.778619754308068),geometry.representative_point,confirmed_exact_unique,confirmed,0,1,0,,1
DPV_845E2B72156FEFCF,IND_BIHAR_PURNIA,Census 2011,Census 2011,456,Bihar,PURNIA,Bihar,PURNIA,Bihar,Purnia,25.77861975,87.41351072,POINT (87.41351071948793 25.778619754308068),geometry.representative_point,confirmed_exact_unique,confirmed,0,1,0,,1
DPV_0319E3A9F555AF33,IND_BIHAR_RANCHI,Census 2001,Census 2001,102,Bihar,RANCHI,Bihar,RANCHI,Bihar,Saran,25.92342485,84.7737912,POINT (84.77379120150275 25.923424850043435),geometry.representative_point,working_fuzzy_same_state,working_fallback,0,1,0,,1
DPV_B0EB5A5519B53297,IND_BIHAR_RANCHI,Census 2011,Census 2011,503,Bihar,RANCHI,Bihar,RANCHI,Bihar,Saran (chhapra),25.92342485,84.7737912,POINT (84.77379120150275 25.923424850043435),geometry.representative_point,working_fuzzy_same_state,working_fallback,0,1,0,,1
DPV_6CE4E2B9092E6B13,IND_BIHAR_ROHTAS,Census 2001,Census 2001,570,Bihar,ROHTAS,Bihar,ROHTAS,Bihar,Rohtas,24.93869055,84.02214777,POINT (84.02214777369993 24.938690554459004),geometry.representative_point,confirmed_exact_unique,confirmed,0,1,0,,1
DPV_979BC77849C5326F,IND_BIHAR_ROHTAS,Census 2011,Census 2011,484,Bihar,ROHTAS,Bihar,ROHTAS,Bihar,Rohtas,24.93869055,84.02214777,POINT (84.02214777369993 24.938690554459004),geometry.representative_point,confirmed_exact_unique,confirmed,0,1,0,,1
DPV_6654477A45BF55C3,IND_BIHAR_SAHARSA,Census 2001,Census 2001,448,Bihar,SAHARSA,Bihar,SAHARSA,Bihar,Saharsa,25.83800504,86.61287504,POINT (86.61287504143394 25.838005039915345),geometry.representative_point,confirmed_exact_unique,confirmed,0,1,0,,1
DPV_6EECDAE2C585C4B4,IND_BIHAR_SAHARSA,Census 2011,Census 2011,490,Bihar,SAHARSA,Bihar,SAHARSA,Bihar,Saharsa,25.83800504,86.61287504,POINT (86.61287504143394 25.838005039915345),geometry.representative_point,confirmed_exact_unique,confirmed,0,1,0,,1
DPV_FD33BC36342CFDBD,IND_BIHAR_SAHEBGANJ,Census 2001,Census 2001,262,Bihar,SAHEBGANJ,Bihar,SAHEBGANJ,Bihar,Kishanganj,26.24477423,87.90650722,POINT (87.90650722198707 26.24477422942407),geometry.representative_point,working_fuzzy_same_state,working_fallback,0,1,0,,1
DPV_CDFA0C511DA87873,IND_BIHAR_SAHEBGANJ,Census 2011,Census 2011,303,Bihar,SAHEBGANJ,Bihar,SAHEBGANJ,Bihar,Kishanganj,26.24477423,87.90650722,POINT (87.90650722198707 26.24477422942407),geometry.representative_point,working_fuzzy_same_state,working_fallback,0,1,0,,1
DPV_9986B5CE4F05433D,IND_BIHAR_SAMASTIPUR,Census 2001,Census 2001,413,Bihar,SAMASTIPUR,Bihar,SAMASTIPUR,Bihar,Samastipur,25.77653118,86.0079087,POINT (86.00790869558294 25.776531183775923),geometry.representative_point,confirmed_exact_unique,confirmed,0,1,0,,1
DPV_9D5EF8D2EF41C388,IND_BIHAR_SAMASTIPUR,Census 2011,Census 2011,495,Bihar,SAMASTIPUR,Bihar,SAMASTIPUR,Bihar,Samastipur,25.77653118,86.0079087,POINT (86.00790869558294 25.776531183775923),geometry.representative_point,confirmed_exact_unique,confirmed,0,1,0,,1
DPV_53D63C1D240F8FCF,IND_BIHAR_SARAN,Census 2001,Census 2001,102,Bihar,SARAN,Bihar,SARAN,Bihar,Saran,25.92342485,84.7737912,POINT (84.77379120150275 25.923424850043435),geometry.representative_point,confirmed_exact_unique,confirmed,0,1,0,,1
DPV_70756C63491EF022,IND_BIHAR_SARAN,Census 2011,Census 2001,102,Bihar,SARAN,Bihar,SARAN,Bihar,Saran,25.92342485,84.7737912,POINT (84.77379120150275 25.923424850043435),geometry.representative_point,alternate_layer_confirmed_name,working_strong,0,1,0,,1
DPV_70BBF1D939169629,IND_BIHAR_SHEIKHPURA,Census 2001,Census 2001,428,Bihar,SHEIKHPURA,Bihar,SHEIKHPURA,Bihar,Sheikhpura,25.12500657,85.81389786,POINT (85.81389786142708 25.12500657207388),geometry.representative_point,confirmed_exact_unique,confirmed,0,1,0,,1
DPV_1DE47D6D5A236680,IND_BIHAR_SHEIKHPURA,Census 2011,Census 2011,514,Bihar,SHEIKHPURA,Bihar,SHEIKHPURA,Bihar,Sheikhpura,25.12500657,85.81389786,POINT (85.81389786142708 25.12500657207388),geometry.representative_point,confirmed_exact_unique,confirmed,0,1,0,,1
DPV_73A342A63C3DF477,IND_BIHAR_SHEOHAR,Census 2001,Census 2001,429,Bihar,SHEOHAR,Bihar,SHEOHAR,Bihar,Sheohar,26.52150197,85.30547137,POINT (85.30547136817326 26.52150197373446),geometry.representative_point,confirmed_exact_unique,confirmed,0,1,0,,1
DPV_8FEE20F5603D6F4B,IND_BIHAR_SHEOHAR,Census 2011,Census 2011,515,Bihar,SHEOHAR,Bihar,SHEOHAR,Bihar,Sheohar,26.52150197,85.30547137,POINT (85.30547136817326 26.52150197373446),geometry.representative_point,confirmed_exact_unique,confirmed,0,1,0,,1
DPV_7C9DAE2F93DFF9B1,IND_BIHAR_SITAMARHI,Census 2001,Census 2001,453,Bihar,SITAMARHI,Bihar,SITAMARHI,Bihar,Sitamarhi,26.57224672,85.58554953,POINT (85.58554953111899 26.572246722990492),geometry.representative_point,confirmed_exact_unique,confirmed,0,1,0,,1
DPV_2A97A7A6DB9E80EF,IND_BIHAR_SITAMARHI,Census 2011,Census 2011,532,Bihar,SITAMARHI,Bihar,SITAMARHI,Bihar,Sitamarhi,26.57224672,85.58554953,POINT (85.58554953111899 26.572246722990492),geometry.representative_point,confirmed_exact_unique,confirmed,0,1,0,,1
DPV_6AC5D93639DF2FD6,IND_BIHAR_SIWAN,Census 2001,Census 2001,456,Bihar,SIWAN,Bihar,SIWAN,Bihar,Siwan,26.1303125,84.39164383,POINT (84.3916438285946 26.130312495135506),geometry.representative_point,confirmed_exact_unique,confirmed,0,1,0,,1
DPV_716470D839DBA9FC,IND_BIHAR_SIWAN,Census 2011,Census 2011,535,Bihar,SIWAN,Bihar,SIWAN,Bihar,Siwan,26.1303125,84.39164383,POINT (84.3916438285946 26.130312495135506),geometry.representative_point,confirmed_exact_unique,confirmed,0,1,0,,1
DPV_FDAFD3CDA0FEFB87,IND_BIHAR_SUPAUL,Census 2001,Census 2001,461,Bihar,SUPAUL,Bihar,SUPAUL,Bihar,Supaul,26.28049586,86.78308319,POINT (86.78308318838536 26.280495863354048),geometry.representative_point,confirmed_exact_unique,confirmed,0,1,0,,1
DPV_2887C95D42B382A2,IND_BIHAR_SUPAUL,Census 2011,Census 2011,553,Bihar,SUPAUL,Bihar,SUPAUL,Bihar,Supaul,26.28049586,86.78308319,POINT (86.78308318838536 26.280495863354048),geometry.representative_point,confirmed_exact_unique,confirmed,0,1,0,,1
DPV_CC3D5A06AF8AC2E9,IND_BIHAR_VAISHALI,Census 2001,Census 2001,521,Bihar,VAISHALI,Bihar,VAISHALI,Bihar,Vaishali,25.74636393,85.39903564,POINT (85.3990356372178 25.74636393233625),geometry.representative_point,confirmed_exact_unique,confirmed,0,1,0,,1
DPV_2E3DFD11BA11C6AD,IND_BIHAR_VAISHALI,Census 2011,Census 2011,598,Bihar,VAISHALI,Bihar,VAISHALI,Bihar,Vaishali,25.74636393,85.39903564,POINT (85.3990356372178 25.74636393233625),geometry.representative_point,confirmed_exact_unique,confirmed,0,1,0,,1
DPV_8D0384551A50EE9D,IND_BIHAR_WEST_SINGHBHUM,Census 2001,Census 2001,413,Bihar,WEST SINGHBHUM,Bihar,WEST SINGHBHUM,Bihar,Samastipur,25.77653118,86.0079087,POINT (86.00790869558294 25.776531183775923),geometry.representative_point,working_fuzzy_same_state,working_fallback,1,1,0,,1
DPV_A2F1AED84F3E0543,IND_BIHAR_WEST_SINGHBHUM,Census 2011,Census 2011,495,Bihar,WEST SINGHBHUM,Bihar,WEST SINGHBHUM,Bihar,Samastipur,25.77653118,86.0079087,POINT (86.00790869558294 25.776531183775923),geometry.representative_point,working_fuzzy_same_state,working_fallback,1,1,0,,1
DPV_5ADEEBF7933D4A2A,IND_CHANDIGARH_CHANDIGARH,Census 2001,Census 2001,98,Chandigarh,CHANDIGARH,Chandigarh,CHANDIGARH,Chandigarh,Chandigarh,30.730184,76.78051176,POINT (76.78051175502519 30.730184002448855),geometry.representative_point,confirmed_exact_unique,confirmed,0,1,0,,1
DPV_D5820A2000CE4214,IND_CHANDIGARH_CHANDIGARH,Census 2011,Census 2011,106,Chandigarh,CHANDIGARH,Chandigarh,CHANDIGARH,Chandigarh,Chandigarh,30.730184,76.78051175,POINT (76.78051175491176 30.730184003362076),geometry.representative_point,confirmed_exact_unique,confirmed,0,1,0,,1
DPV_1B3A04D45B744C6D,IND_CHHATTISGARH_BALOD,Census 2001,Census 2001,572,Chhattisgarh,BALOD,Chhattisgarh,BALOD,Chhattisgarh,Korba,22.51609621,82.63613812,POINT (82.63613811521898 22.51609620701489),geometry.representative_point,working_fuzzy_same_state,working_fallback,1,1,0,,1
DPV_08B8199EEA404376,IND_CHHATTISGARH_BALOD,Census 2011,Census 2011,317,Chhattisgarh,BALOD,Chhattisgarh,BALOD,Chhattisgarh,Korba,22.51609621,82.63613812,POINT (82.63613811521898 22.51609620701489),geometry.representative_point,working_fuzzy_same_state,working_fallback,1,1,0,,1
DPV_AF67B9B84E6D6F18,IND_CHHATTISGARH_BALODA_BAZAR,Census 2001,Census 2001,55,Chhattisgarh,BALODA BAZAR,Chhattisgarh,BALODA BAZAR,Chhattisgarh,Bastar,19.44467817,81.47732379,POINT (81.47732378666697 19.444678173402668),geometry.representative_point,working_fuzzy_same_state,working_fallback,1,1,0,,1
DPV_91FA1B4C898A8F35,IND_CHHATTISGARH_BALODA_BAZAR,Census 2011,Census 2011,60,Chhattisgarh,BALODA BAZAR,Chhattisgarh,BALODA BAZAR,Chhattisgarh,Bastar,19.44551038,81.79192811,POINT (81.79192811131404 19.44551038246464),geometry.representative_point,working_fuzzy_same_state,working_fallback,1,1,0,,1
DPV_076E75D4D98CC65B,IND_CHHATTISGARH_BALRAMPUR,Census 2001,Census 2001,402,Chhattisgarh,BALRAMPUR,Chhattisgarh,BALRAMPUR,Chhattisgarh,Raipur,20.82895036,82.12689562,POINT (82.12689561570974 20.828950359963166),geometry.representative_point,working_fuzzy_same_state,working_fallback,1,1,0,,1
DPV_9439CB1251E39020,IND_CHHATTISGARH_BALRAMPUR,Census 2011,Census 2011,462,Chhattisgarh,BALRAMPUR,Chhattisgarh,BALRAMPUR,Chhattisgarh,Raipur,20.82895036,82.12689562,POINT (82.12689561570974 20.828950359963166),geometry.representative_point,working_fuzzy_same_state,working_fallback,1,1,0,,1
DPV_FC7EEAF2A1302D3B,IND_CHHATTISGARH_BASTAR,Census 2001,Census 2001,55,Chhattisgarh,BASTAR,Chhattisgarh,BASTAR,Chhattisgarh,Bastar,19.44467817,81.47732379,POINT (81.47732378666697 19.444678173402668),geometry.representative_point,confirmed_exact_unique,confirmed,0,1,0,,1
DPV_F346BC6D7C6C8611,IND_CHHATTISGARH_BASTAR,Census 2011,Census 2011,60,Chhattisgarh,BASTAR,Chhattisgarh,BASTAR,Chhattisgarh,Bastar,19.44551038,81.79192811,POINT (81.79192811131404 19.44551038246464),geometry.representative_point,confirmed_exact_unique,confirmed,0,1,0,,1
DPV_7AFEB0BC10FB6EBC,IND_CHHATTISGARH_BEMETARA,Census 2001,Census 2001,55,Chhattisgarh,BEMETARA,Chhattisgarh,BEMETARA,Chhattisgarh,Bastar,19.44467817,81.47732379,POINT (81.47732378666697 19.444678173402668),geometry.representative_point,working_fuzzy_same_state,working_fallback,1,1,0,,1
DPV_CBFFFDCFF9C29938,IND_CHHATTISGARH_BEMETARA,Census 2011,Census 2011,60,Chhattisgarh,BEMETARA,Chhattisgarh,BEMETARA,Chhattisgarh,Bastar,19.44551038,81.79192811,POINT (81.79192811131404 19.44551038246464),geometry.representative_point,working_fuzzy_same_state,working_fallback,1,1,0,,1
DPV_E2DCB4B25C33C896,IND_CHHATTISGARH_BIJAPUR,Census 2001,Census 2011,81,Chhattisgarh,BIJAPUR,Chhattisgarh,BIJAPUR,Chhattisgarh,Bijapur,18.77128065,80.74167338,POINT (80.74167338361207 18.771280652872825),geometry.representative_point,alternate_layer_confirmed_name,working_strong,0,1,0,,1
DPV_ED899CEA3399D460,IND_CHHATTISGARH_BIJAPUR,Census 2011,Census 2011,81,Chhattisgarh,BIJAPUR,Chhattisgarh,BIJAPUR,Chhattisgarh,Bijapur,18.77128065,80.74167338,POINT (80.74167338361207 18.771280652872825),geometry.representative_point,confirmed_exact_unique,confirmed,0,1,0,,1
DPV_1A92D6CBA705768B,IND_CHHATTISGARH_BILASPUR,Census 2001,Census 2001,565,Chhattisgarh,BILASPUR,Chhattisgarh,BILASPUR,Chhattisgarh,Bilaspur,22.41333587,81.83751297,POINT (81.83751296850096 22.41333586602859),geometry.representative_point,confirmed_exact_unique,confirmed,0,1,0,,1
DPV_5196AA263FE5D490,IND_CHHATTISGARH_BILASPUR,Census 2011,Census 2011,85,Chhattisgarh,BILASPUR,Chhattisgarh,BILASPUR,Chhattisgarh,Bilaspur,22.41333587,81.83751297,POINT (81.83751296850096 22.41333586602859),geometry.representative_point,confirmed_exact_unique,confirmed,0,1,0,,1
DPV_D3763C4E83B7A519,IND_CHHATTISGARH_DANTEWADA,Census 2001,Census 2001,123,Chhattisgarh,DANTEWADA,Chhattisgarh,DANTEWADA,Chhattisgarh,Dantewada,18.59746051,81.24444131,POINT (81.24444130629549 18.597460506488297),geometry.representative_point,confirmed_exact_unique,confirmed,0,1,0,,1
DPV_5E064812B69E5790,IND_CHHATTISGARH_DANTEWADA,Census 2011,Census 2001,123,Chhattisgarh,DANTEWADA,Chhattisgarh,DANTEWADA,Chhattisgarh,Dantewada,18.59746051,81.24444131,POINT (81.24444130629549 18.597460506488297),geometry.representative_point,alternate_layer_confirmed_name,working_strong,0,1,0,,1
DPV_5E27D275CE80EA46,IND_CHHATTISGARH_DHAMTARI,Census 2001,Census 2001,131,Chhattisgarh,DHAMTARI,Chhattisgarh,DHAMTARI,Chhattisgarh,Dhamtari,20.53732615,81.71683013,POINT (81.71683012536829 20.537326146243824),geometry.representative_point,confirmed_exact_unique,confirmed,0,1,0,,1
DPV_058D3AB993D80002,IND_CHHATTISGARH_DHAMTARI,Census 2011,Census 2011,144,Chhattisgarh,DHAMTARI,Chhattisgarh,DHAMTARI,Chhattisgarh,Dhamtari,20.53732615,81.71683013,POINT (81.71683012536829 20.537326146243824),geometry.representative_point,confirmed_exact_unique,confirmed,0,1,0,,1
DPV_D45D6DFD0702EC0B,IND_CHHATTISGARH_DURG,Census 2001,Census 2001,147,Chhattisgarh,DURG,Chhattisgarh,DURG,Chhattisgarh,Durg,21.201069,81.40199312,POINT (81.40199312153206 21.201069004806406),geometry.representative_point,confirmed_exact_unique,confirmed,0,1,0,,1
DPV_6EB3ADDBF7A0C112,IND_CHHATTISGARH_DURG,Census 2011,Census 2011,163,Chhattisgarh,DURG,Chhattisgarh,DURG,Chhattisgarh,Durg,21.201069,81.40199312,POINT (81.40199312153206 21.201069004806406),geometry.representative_point,confirmed_exact_unique,confirmed,0,1,0,,1
DPV_307527D7C13C824A,IND_CHHATTISGARH_GARIYABAND,Census 2001,Census 2001,288,Chhattisgarh,GARIYABAND,Chhattisgarh,GARIYABAND,Chhattisgarh,Koriya,23.42793388,82.31884711,POINT (82.31884711322681 23.42793387924803),geometry.representative_point,working_fuzzy_same_state,working_fallback,0,1,0,,1
DPV_D231916591B08C82,IND_CHHATTISGARH_GARIYABAND,Census 2011,Census 2011,318,Chhattisgarh,GARIYABAND,Chhattisgarh,GARIYABAND,Chhattisgarh,Koriya,23.42793388,82.31884711,POINT (82.31884711322681 23.42793387924803),geometry.representative_point,working_fuzzy_same_state,working_fallback,0,1,0,,1
DPV_20609922B1CB6405,IND_CHHATTISGARH_JANJGIR_CHAMPA,Census 2001,Census 2001,571,Chhattisgarh,JANJGIR-CHAMPA,Chhattisgarh,JANJGIR-CHAMPA,Chhattisgarh,Janjgir - Champa,21.96870199,82.66605779,POINT (82.66605778859774 21.968701985127286),geometry.representative_point,confirmed_exact_unique,confirmed,0,1,0,,1
DPV_7F48F65BCB8238C8,IND_CHHATTISGARH_JANJGIR_CHAMPA,Census 2011,Census 2011,252,Chhattisgarh,JANJGIR-CHAMPA,Chhattisgarh,JANJGIR-CHAMPA,Chhattisgarh,Janjgir-champa,21.96870199,82.66605779,POINT (82.66605778859774 21.968701985127286),geometry.representative_point,confirmed_exact_unique,confirmed,0,1,0,,1
DPV_43E920BF48FC0232,IND_CHHATTISGARH_JASHPUR,Census 2001,Census 2001,234,Chhattisgarh,JASHPUR,Chhattisgarh,JASHPUR,Chhattisgarh,Jashpur,22.77008367,83.97470143,POINT (83.97470143200876 22.770083672857467),geometry.representative_point,confirmed_exact_unique,confirmed,0,1,0,,1
DPV_0C8F6A910227329F,IND_CHHATTISGARH_JASHPUR,Census 2011,Census 2011,253,Chhattisgarh,JASHPUR,Chhattisgarh,JASHPUR,Chhattisgarh,Jashpur,22.77008367,83.97470143,POINT (83.97470143200876 22.770083672857467),geometry.representative_point,confirmed_exact_unique,confirmed,0,1,0,,1
DPV_00BFD2E7584DECAE,IND_CHHATTISGARH_KABIRDHAM,Census 2001,Census 2001,577,Chhattisgarh,KABIRDHAM,Chhattisgarh,KABIRDHAM,Chhattisgarh,Kawardha,22.11344116,81.24475992,POINT (81.2447599215086 22.11344116022551),geometry.representative_point,working_fuzzy_same_state,working_fallback,0,1,0,,1
DPV_1F4BFBE582A292F5,IND_CHHATTISGARH_KABIRDHAM,Census 2011,Census 2011,624,Chhattisgarh,KABIRDHAM,Chhattisgarh,KABIRDHAM,Chhattisgarh,Kabeerdham,22.11344116,81.24475992,POINT (81.2447599215086 22.11344116022551),geometry.representative_point,working_fuzzy_same_state,working_fallback,0,1,0,,1
DPV_3FC0A00039258F8B,IND_CHHATTISGARH_KANKER,Census 2001,Census 2001,161,Chhattisgarh,KANKER,Chhattisgarh,KANKER,Chhattisgarh,Kanker,20.11752602,80.97943368,POINT (80.97943367537528 20.117526024445297),geometry.representative_point,confirmed_exact_unique,confirmed,0,1,0,,1
DPV_3EBE369A21E4EB78,IND_CHHATTISGARH_KANKER,Census 2011,Census 2001,161,Chhattisgarh,KANKER,Chhattisgarh,KANKER,Chhattisgarh,Kanker,20.11752602,80.97943368,POINT (80.97943367537528 20.117526024445297),geometry.representative_point,alternate_layer_confirmed_name,working_strong,0,1,0,,1
DPV_CF679C6019F7C7A9,IND_CHHATTISGARH_KONDAGAON,Census 2001,Census 2001,404,Chhattisgarh,KONDAGAON,Chhattisgarh,KONDAGAON,Chhattisgarh,Rajnandgaon,20.97174325,80.69723449,POINT (80.69723449370603 20.971743251756358),geometry.representative_point,working_fuzzy_same_state,working_fallback,0,1,0,,1
DPV_D02438D75E2099C2,IND_CHHATTISGARH_KONDAGAON,Census 2011,Census 2011,467,Chhattisgarh,KONDAGAON,Chhattisgarh,KONDAGAON,Chhattisgarh,Rajnandgaon,20.97174325,80.69723449,POINT (80.69723449370603 20.971743251756358),geometry.representative_point,working_fuzzy_same_state,working_fallback,0,1,0,,1
DPV_147B9DD21BD88CC3,IND_CHHATTISGARH_KORBA,Census 2001,Census 2001,572,Chhattisgarh,KORBA,Chhattisgarh,KORBA,Chhattisgarh,Korba,22.51609621,82.63613812,POINT (82.63613811521898 22.51609620701489),geometry.representative_point,confirmed_exact_unique,confirmed,0,1,0,,1
DPV_070BDD544647E522,IND_CHHATTISGARH_KORBA,Census 2011,Census 2011,317,Chhattisgarh,KORBA,Chhattisgarh,KORBA,Chhattisgarh,Korba,22.51609621,82.63613812,POINT (82.63613811521898 22.51609620701489),geometry.representative_point,confirmed_exact_unique,confirmed,0,1,0,,1
DPV_896BFAD05C962C4E,IND_CHHATTISGARH_KOREA,Census 2001,Census 2001,572,Chhattisgarh,KOREA,Chhattisgarh,KOREA,Chhattisgarh,Korba,22.51609621,82.63613812,POINT (82.63613811521898 22.51609620701489),geometry.representative_point,working_fuzzy_same_state,working_fallback,1,1,0,,1
DPV_61118B3A72292643,IND_CHHATTISGARH_KOREA,Census 2011,Census 2011,317,Chhattisgarh,KOREA,Chhattisgarh,KOREA,Chhattisgarh,Korba,22.51609621,82.63613812,POINT (82.63613811521898 22.51609620701489),geometry.representative_point,working_fuzzy_same_state,working_fallback,1,1,0,,1
DPV_939B8D218EAF6CAA,IND_CHHATTISGARH_MAHASAMUND,Census 2001,Census 2001,309,Chhattisgarh,MAHASAMUND,Chhattisgarh,MAHASAMUND,Chhattisgarh,Mahasamund,21.18541253,82.61607387,POINT (82.61607386551043 21.18541252597343),geometry.representative_point,confirmed_exact_unique,confirmed,0,1,0,,1
DPV_E067326B64DD5194,IND_CHHATTISGARH_MAHASAMUND,Census 2011,Census 2011,351,Chhattisgarh,MAHASAMUND,Chhattisgarh,MAHASAMUND,Chhattisgarh,Mahasamund,21.18541253,82.61607387,POINT (82.61607386551043 21.18541252597343),geometry.representative_point,confirmed_exact_unique,confirmed,0,1,0,,1
DPV_B5432E7A07D0E230,IND_CHHATTISGARH_MUNGELI,Census 2001,Census 2001,147,Chhattisgarh,MUNGELI,Chhattisgarh,MUNGELI,Chhattisgarh,Durg,21.201069,81.40199312,POINT (81.40199312153206 21.201069004806406),geometry.representative_point,working_fuzzy_same_state,working_fallback,0,1,0,,1
DPV_3F5A32DDE7911B5E,IND_CHHATTISGARH_MUNGELI,Census 2011,Census 2011,163,Chhattisgarh,MUNGELI,Chhattisgarh,MUNGELI,Chhattisgarh,Durg,21.201069,81.40199312,POINT (81.40199312153206 21.201069004806406),geometry.representative_point,working_fuzzy_same_state,working_fallback,0,1,0,,1
DPV_C84DABCD28257E85,IND_CHHATTISGARH_NARAYANPUR,Census 2001,Census 2011,400,Chhattisgarh,NARAYANPUR,Chhattisgarh,NARAYANPUR,Chhattisgarh,Narayanpur,19.66006508,81.07947345,POINT (81.07947344554881 19.660065083973304),geometry.representative_point,alternate_layer_confirmed_name,working_strong,0,1,0,,1
DPV_FEC6CA19E9E30FC3,IND_CHHATTISGARH_NARAYANPUR,Census 2011,Census 2011,400,Chhattisgarh,NARAYANPUR,Chhattisgarh,NARAYANPUR,Chhattisgarh,Narayanpur,19.66006508,81.07947345,POINT (81.07947344554881 19.660065083973304),geometry.representative_point,confirmed_exact_unique,confirmed,0,1,0,,1
DPV_73EF964A0F6B5582,IND_CHHATTISGARH_RAIGARH,Census 2001,Census 2001,401,Chhattisgarh,RAIGARH,Chhattisgarh,RAIGARH,Chhattisgarh,Raigarh,22.06612472,83.30930504,POINT (83.30930503954272 22.066124724309258),geometry.representative_point,confirmed_exact_unique,confirmed,0,1,0,,1
DPV_30009B0FCC3B5353,IND_CHHATTISGARH_RAIGARH,Census 2011,Census 2011,460,Chhattisgarh,RAIGARH,Chhattisgarh,RAIGARH,Chhattisgarh,Raigarh,22.06612472,83.30930504,POINT (83.30930503954272 22.066124724309258),geometry.representative_point,confirmed_exact_unique,confirmed,0,1,0,,1
DPV_1287490C0CD04F03,IND_CHHATTISGARH_RAIPUR,Census 2001,Census 2001,402,Chhattisgarh,RAIPUR,Chhattisgarh,RAIPUR,Chhattisgarh,Raipur,20.82895036,82.12689562,POINT (82.12689561570974 20.828950359963166),geometry.representative_point,confirmed_exact_unique,confirmed,0,1,0,,1
DPV_3939DE2908280FB0,IND_CHHATTISGARH_RAIPUR,Census 2011,Census 2011,462,Chhattisgarh,RAIPUR,Chhattisgarh,RAIPUR,Chhattisgarh,Raipur,20.82895036,82.12689562,POINT (82.12689561570974 20.828950359963166),geometry.representative_point,confirmed_exact_unique,confirmed,0,1,0,,1
DPV_8C46ED976D4B5FCA,IND_CHHATTISGARH_RAJNANDGAON,Census 2001,Census 2001,404,Chhattisgarh,RAJNANDGAON,Chhattisgarh,RAJNANDGAON,Chhattisgarh,Rajnandgaon,20.97174325,80.69723449,POINT (80.69723449370603 20.971743251756358),geometry.representative_point,confirmed_exact_unique,confirmed,0,1,0,,1
DPV_0C84FCA7F6952283,IND_CHHATTISGARH_RAJNANDGAON,Census 2011,Census 2011,467,Chhattisgarh,RAJNANDGAON,Chhattisgarh,RAJNANDGAON,Chhattisgarh,Rajnandgaon,20.97174325,80.69723449,POINT (80.69723449370603 20.971743251756358),geometry.representative_point,confirmed_exact_unique,confirmed,0,1,0,,1
DPV_CD23172F4E5095DB,IND_CHHATTISGARH_SUKMA,Census 2001,Census 2001,463,Chhattisgarh,SUKMA,Chhattisgarh,SUKMA,Chhattisgarh,Surguja,23.36670433,83.34016943,POINT (83.34016942861518 23.366704327147325),geometry.representative_point,working_fuzzy_same_state,working_fallback,0,1,0,,1
DPV_E80B92AE3245C156,IND_CHHATTISGARH_SUKMA,Census 2011,Census 2011,556,Chhattisgarh,SUKMA,Chhattisgarh,SUKMA,Chhattisgarh,Surguja,23.36670433,83.34016943,POINT (83.34016942861518 23.366704327147325),geometry.representative_point,working_fuzzy_same_state,working_fallback,0,1,0,,1
DPV_A89A8DB0F2D9F2A1,IND_CHHATTISGARH_SURAJPUR,Census 2001,Census 2001,402,Chhattisgarh,SURAJPUR,Chhattisgarh,SURAJPUR,Chhattisgarh,Raipur,20.82895036,82.12689562,POINT (82.12689561570974 20.828950359963166),geometry.representative_point,working_fuzzy_same_state,working_fallback,1,1,0,,1
DPV_E97E9014C0C412D8,IND_CHHATTISGARH_SURAJPUR,Census 2011,Census 2011,462,Chhattisgarh,SURAJPUR,Chhattisgarh,SURAJPUR,Chhattisgarh,Raipur,20.82895036,82.12689562,POINT (82.12689561570974 20.828950359963166),geometry.representative_point,working_fuzzy_same_state,working_fallback,1,1,0,,1
DPV_8F0EAE504985406D,IND_CHHATTISGARH_SURGUJA,Census 2001,Census 2001,463,Chhattisgarh,SURGUJA,Chhattisgarh,SURGUJA,Chhattisgarh,Surguja,23.36670433,83.34016943,POINT (83.34016942861518 23.366704327147325),geometry.representative_point,confirmed_exact_unique,confirmed,0,1,0,,1
DPV_E180DEB3E955D815,IND_CHHATTISGARH_SURGUJA,Census 2011,Census 2011,556,Chhattisgarh,SURGUJA,Chhattisgarh,SURGUJA,Chhattisgarh,Surguja,23.36670433,83.34016943,POINT (83.34016942861518 23.366704327147325),geometry.representative_point,confirmed_exact_unique,confirmed,0,1,0,,1
DPV_6590E16BE6B21BEB,IND_DADRA_AND_NAGAR_HAVELI_DADRA_AND_NAGAR_HAVELI,Census 2001,Census 2001,117,Dadra and Nagar Haveli,DADRA AND NAGAR HAVELI,Dadra and Nagar Haveli,DADRA AND NAGAR HAVELI,Dadara & Nagar Havelli,Dadra & Nagar Haveli,20.20650782,73.00811326,POINT (73.00811326270737 20.20650782025067),geometry.representative_point,confirmed_exact_unique,confirmed,0,1,0,,1
DPV_C35DF1224C11A49C,IND_DADRA_AND_NAGAR_HAVELI_DADRA_AND_NAGAR_HAVELI,Census 2011,Census 2011,126,Dadra and Nagar Haveli,DADRA AND NAGAR HAVELI,Dadra and Nagar Haveli,DADRA AND NAGAR HAVELI,Dadara & Nagar Havelli,Dadra & Nagar Haveli,20.20650782,73.00811326,POINT (73.00811326270737 20.20650782025067),geometry.representative_point,confirmed_exact_unique,confirmed,0,1,0,,1
DPV_77191A78F64B6C48,IND_DAMAN_AND_DIU_DAMAN,Census 2001,Census 2001,121,Daman and Diu,DAMAN,Daman and Diu,DAMAN,Daman & Diu,Daman,20.42215379,72.84016816,POINT (72.84016815626686 20.422153788181063),geometry.representative_point,confirmed_exact_unique,confirmed,0,1,0,,1
DPV_D2BCE5AD110DEB83,IND_DAMAN_AND_DIU_DAMAN,Census 2011,Census 2011,130,Daman and Diu,DAMAN,Daman and Diu,DAMAN,Daman & Diu,Daman,20.42215379,72.84016816,POINT (72.84016815626686 20.422153788181063),geometry.representative_point,confirmed_exact_unique,confirmed,0,1,0,,1
DPV_5B9BE518CA674EFB,IND_DAMAN_AND_DIU_DIU,Census 2001,Census 2001,144,Daman and Diu,DIU,Daman and Diu,DIU,Daman & Diu,Diu,20.71944809,70.93083381,POINT (70.93083380881248 20.719448089065153),geometry.representative_point,confirmed_exact_unique,confirmed,0,1,0,,1
DPV_167FEFE1F1F50253,IND_DAMAN_AND_DIU_DIU,Census 2011,Census 2011,158,Daman and Diu,DIU,Daman and Diu,DIU,Daman & Diu,Diu,20.71944809,70.93083381,POINT (70.93083380881248 20.719448089065153),geometry.representative_point,confirmed_exact_unique,confirmed,0,1,0,,1
DPV_A4376AA407B70360,IND_DAMAN_AND_DIU_DAMAN_AND_DIU,Census 2001,Census 2001,121,Daman and Diu,Daman and Diu,Daman and Diu,Daman and Diu,Daman & Diu,Daman,20.42215379,72.84016816,POINT (72.84016815626686 20.422153788181063),geometry.representative_point,working_fuzzy_same_state,working_fallback,0,1,0,,1
DPV_717956B234A7652B,IND_DAMAN_AND_DIU_DAMAN_AND_DIU,Census 2011,Census 2011,130,Daman and Diu,Daman and Diu,Daman and Diu,Daman and Diu,Daman & Diu,Daman,20.42215379,72.84016816,POINT (72.84016815626686 20.422153788181063),geometry.representative_point,working_fuzzy_same_state,working_fallback,0,1,0,,1
DPV_34A29DE085323F83,IND_DELHI_DELHI_TOTAL,Census 2001,Census 2001,539,Delhi,DELHI_TOTAL,Delhi,DELHI_TOTAL,Delhi  & NCR,New Delhi,28.61128927,77.22112098,POINT (77.22112098295239 28.61128926797265),geometry.representative_point,working_fuzzy_same_state,working_fallback,1,1,0,,1
DPV_C86C6DD84D289809,IND_DELHI_DELHI_TOTAL,Census 2011,Census 2011,409,Delhi,DELHI_TOTAL,Delhi,DELHI_TOTAL,NCT of Delhi,New Delhi,28.61128927,77.22112098,POINT (77.22112098295239 28.61128926797265),geometry.representative_point,working_fuzzy_same_state,working_fallback,1,1,0,,1
DPV_7EA679E025778513,IND_DELHI_DELHI,Census 2001,Census 2001,539,Delhi,Delhi,Delhi,Delhi,Delhi  & NCR,New Delhi,28.61128927,77.22112098,POINT (77.22112098295239 28.61128926797265),geometry.representative_point,working_fuzzy_same_state,working_fallback,1,1,0,,1
DPV_6B302EDB59931336,IND_DELHI_DELHI,Census 2011,Census 2011,409,Delhi,Delhi,Delhi,Delhi,NCT of Delhi,New Delhi,28.61128927,77.22112098,POINT (77.22112098295239 28.61128926797265),geometry.representative_point,working_fuzzy_same_state,working_fallback,1,1,0,,1
DPV_094ADEA50C69DA5E,IND_GOA_GOA,Census 2001,Census 2001,373,Goa,Goa,Goa,Goa,Goa,North Goa,15.53377424,74.01877772,POINT (74.01877772019584 15.533774237608448),geometry.representative_point,working_fuzzy_same_state,working_fallback,0,1,0,,1
DPV_60F43545B264D8E9,IND_GOA_GOA,Census 2011,Census 2011,416,Goa,Goa,Goa,Goa,Goa,North Goa,15.53377424,74.01877772,POINT (74.01877772019584 15.533774237608448),geometry.representative_point,working_fuzzy_same_state,working_fallback,0,1,0,,1
DPV_321EB178E5EEE3E8,IND_GOA_NORTH_GOA,Census 2001,Census 2001,373,Goa,NORTH GOA,Goa,NORTH GOA,Goa,North Goa,15.53377424,74.01877772,POINT (74.01877772019584 15.533774237608448),geometry.representative_point,confirmed_exact_unique,confirmed,0,1,0,,1
DPV_89E89511EDA5E79F,IND_GOA_NORTH_GOA,Census 2011,Census 2011,416,Goa,NORTH GOA,Goa,NORTH GOA,Goa,North Goa,15.53377424,74.01877772,POINT (74.01877772019584 15.533774237608448),geometry.representative_point,confirmed_exact_unique,confirmed,0,1,0,,1
DPV_FA4DD68258C4C1C7,IND_GOA_SOUTH_GOA,Census 2001,Census 2001,488,Goa,SOUTH GOA,Goa,SOUTH GOA,Goa,South Goa,15.19620041,74.12209146,POINT (74.12209145791931 15.19620041390004),geometry.representative_point,confirmed_exact_unique,confirmed,0,1,0,,1
DPV_85BC4AD79926F1E1,IND_GOA_SOUTH_GOA,Census 2011,Census 2011,546,Goa,SOUTH GOA,Goa,SOUTH GOA,Goa,South Goa,15.19620041,74.12209146,POINT (74.12209145791931 15.19620041390004),geometry.representative_point,confirmed_exact_unique,confirmed,0,1,0,,1
DPV_F7129A92A5308351,IND_GUJARAT_AHMADABAD,Census 2001,Census 2001,16,Gujarat,AHMADABAD,Gujarat,AHMADABAD,Gujarat,Ahmadabad,22.74294176,72.29638338,POINT (72.29638338462547 22.74294175801122),geometry.representative_point,confirmed_exact_unique,confirmed,0,1,0,,1
DPV_72F5D97F27ED9B7C,IND_GUJARAT_AHMADABAD,Census 2011,Census 2011,2,Gujarat,AHMADABAD,Gujarat,AHMADABAD,Gujarat,Ahmadabad,22.74294176,72.29638338,POINT (72.29638338462547 22.74294175801122),geometry.representative_point,confirmed_exact_unique,confirmed,0,1,0,,1
DPV_17BB9ABC889028C3,IND_GUJARAT_AMRELI,Census 2001,Census 2001,28,Gujarat,AMRELI,Gujarat,AMRELI,Gujarat,Amreli,21.42383879,71.09261474,POINT (71.09261473817655 21.42383878884231),geometry.representative_point,confirmed_exact_unique,confirmed,0,1,0,,1
DPV_FDA312CA3A0CF9C8,IND_GUJARAT_AMRELI,Census 2011,Census 2011,16,Gujarat,AMRELI,Gujarat,AMRELI,Gujarat,Amreli,21.42160884,71.27913161,POINT (71.27913161163444 21.421608838908526),geometry.representative_point,confirmed_exact_unique,confirmed,0,1,0,,1
DPV_96B846006BF6451E,IND_GUJARAT_ANAND,Census 2001,Census 2001,0,Gujarat,ANAND,Gujarat,ANAND,Gujarat,Anand,22.51368705,72.77509947,POINT (72.77509947386488 22.51368705186643),geometry.representative_point,confirmed_exact_unique,confirmed,0,1,0,,1
DPV_2209CE2E78998EA9,IND_GUJARAT_ANAND,Census 2011,Census 2011,18,Gujarat,ANAND,Gujarat,ANAND,Gujarat,Anand,22.46864466,72.73464709,POINT (72.73464709273384 22.468644660443367),geometry.representative_point,confirmed_exact_unique,confirmed,0,1,0,,1
DPV_F8474F0844AD9DFC,IND_GUJARAT_ARAVALLI,Census 2001,Census 2001,28,Gujarat,ARAVALLI,Gujarat,ARAVALLI,Gujarat,Amreli,21.42383879,71.09261474,POINT (71.09261473817655 21.42383878884231),geometry.representative_point,working_fuzzy_same_state,working_fallback,1,1,0,,1
DPV_CF8F52050EAAB333,IND_GUJARAT_ARAVALLI,Census 2011,Census 2011,16,Gujarat,ARAVALLI,Gujarat,ARAVALLI,Gujarat,Amreli,21.42160884,71.27913161,POINT (71.27913161163444 21.421608838908526),geometry.representative_point,working_fuzzy_same_state,working_fallback,1,1,0,,1
DPV_3E01A4792E91C77B,IND_GUJARAT_BANAS_KANTHA,Census 2001,Census 2001,72,Gujarat,BANAS KANTHA,Gujarat,BANAS KANTHA,Gujarat,Banas Kantha,24.26994421,72.17097773,POINT (72.17097773063279 24.26994421149287),geometry.representative_point,confirmed_exact_unique,confirmed,0,1,0,,1
DPV_F4B6EAE2AA7B5911,IND_GUJARAT_BANAS_KANTHA,Census 2011,Census 2011,42,Gujarat,BANAS KANTHA,Gujarat,BANAS KANTHA,Gujarat,Banas Kantha,24.26994421,72.17097773,POINT (72.17097773063279 24.26994421149287),geometry.representative_point,confirmed_exact_unique,confirmed,0,1,0,,1
DPV_749410C600D1A19A,IND_GUJARAT_BHARUCH,Census 2001,Census 2001,589,Gujarat,BHARUCH,Gujarat,BHARUCH,Gujarat,Bharuch,21.83361363,72.88294922,POINT (72.88294921605024 21.833613634394062),geometry.representative_point,confirmed_exact_unique,confirmed,0,1,0,,1
DPV_446FA0B21441888A,IND_GUJARAT_BHARUCH,Census 2011,Census 2011,72,Gujarat,BHARUCH,Gujarat,BHARUCH,Gujarat,Bharuch,21.83361363,72.88294922,POINT (72.88294921605024 21.833613634394062),geometry.representative_point,confirmed_exact_unique,confirmed,0,1,0,,1
DPV_386E9D32FB9E23A3,IND_GUJARAT_BHAVNAGAR,Census 2001,Census 2001,40,Gujarat,BHAVNAGAR,Gujarat,BHAVNAGAR,Gujarat,Bhavnagar,21.67472649,71.93543587,POINT (71.93543586915825 21.674726485879134),geometry.representative_point,confirmed_exact_unique,confirmed,0,1,0,,1
DPV_DF1C1A496CA7836B,IND_GUJARAT_BHAVNAGAR,Census 2011,Census 2011,73,Gujarat,BHAVNAGAR,Gujarat,BHAVNAGAR,Gujarat,Bhavnagar,21.67472649,71.93543587,POINT (71.93543586915825 21.674726485879134),geometry.representative_point,confirmed_exact_unique,confirmed,0,1,0,,1
DPV_E65760253A82FDF2,IND_GUJARAT_BOTAD,Census 2001,Census 2001,118,Gujarat,BOTAD,Gujarat,BOTAD,Gujarat,Dohad,22.9549136,74.12188899,POINT (74.12188898949134 22.95491359968296),geometry.representative_point,working_fuzzy_same_state,working_fallback,0,1,0,,1
DPV_CECCB38082AFA51A,IND_GUJARAT_BOTAD,Census 2011,Census 2011,160,Gujarat,BOTAD,Gujarat,BOTAD,Gujarat,Dohad,22.91782639,74.13667396,POINT (74.13667395828742 22.917826391470363),geometry.representative_point,working_fuzzy_same_state,working_fallback,0,1,0,,1
DPV_C4718BE68615103D,IND_GUJARAT_CHHOTAUDEPUR,Census 2001,Census 2001,395,Gujarat,CHHOTAUDEPUR,Gujarat,CHHOTAUDEPUR,Gujarat,Porbandar,21.60221672,69.85310909,POINT (69.8531090899508 21.602216721568894),geometry.representative_point,working_fuzzy_same_state,working_fallback,0,1,0,,1
DPV_E0F258DBADCE7EF5,IND_GUJARAT_CHHOTAUDEPUR,Census 2011,Census 2011,444,Gujarat,CHHOTAUDEPUR,Gujarat,CHHOTAUDEPUR,Gujarat,Porbandar,21.60221672,69.85310909,POINT (69.8531090899508 21.602216721568894),geometry.representative_point,working_fuzzy_same_state,working_fallback,0,1,0,,1
DPV_9E509BD7A51D28B3,IND_GUJARAT_DANG,Census 2001,Census 2001,478,Gujarat,DANG,Gujarat,DANG,Gujarat,The Dangs,20.78543572,73.71011945,POINT (73.7101194474545 20.785435720400244),geometry.representative_point,working_fuzzy_same_state,working_fallback,0,1,0,,1
DPV_2B3CDEB01E09F4E3,IND_GUJARAT_DANG,Census 2011,Census 2011,563,Gujarat,DANG,Gujarat,DANG,Gujarat,The Dangs,20.78543572,73.71011945,POINT (73.7101194474545 20.785435720400244),geometry.representative_point,working_fuzzy_same_state,working_fallback,0,1,0,,1
DPV_7403AF041AA84DD8,IND_GUJARAT_DEVBHUMI_DWARKA,Census 2001,Census 2001,514,Gujarat,DEVBHUMI DWARKA,Gujarat,DEVBHUMI DWARKA,Gujarat,Vadodara,22.31456391,73.35609199,POINT (73.35609198667184 22.314563909285667),geometry.representative_point,working_fuzzy_same_state,working_fallback,0,1,0,,1
DPV_58060F5626DACC01,IND_GUJARAT_DEVBHUMI_DWARKA,Census 2011,Census 2011,597,Gujarat,DEVBHUMI DWARKA,Gujarat,DEVBHUMI DWARKA,Gujarat,Vadodara,22.31456391,73.35609199,POINT (73.35609198667521 22.314563909305058),geometry.representative_point,working_fuzzy_same_state,working_fallback,0,1,0,,1
DPV_F30EB228B03A05EC,IND_GUJARAT_DOHAD,Census 2001,Census 2001,118,Gujarat,DOHAD,Gujarat,DOHAD,Gujarat,Dohad,22.9549136,74.12188899,POINT (74.12188898949134 22.95491359968296),geometry.representative_point,confirmed_exact_unique,confirmed,0,1,0,,1
DPV_0FEAE2B6855F46FB,IND_GUJARAT_DOHAD,Census 2011,Census 2011,160,Gujarat,DOHAD,Gujarat,DOHAD,Gujarat,Dohad,22.91782639,74.13667396,POINT (74.13667395828742 22.917826391470363),geometry.representative_point,confirmed_exact_unique,confirmed,0,1,0,,1
DPV_EA473A35CAB5FA00,IND_GUJARAT_GANDHINAGAR,Census 2001,Census 2001,171,Gujarat,GANDHINAGAR,Gujarat,GANDHINAGAR,Gujarat,Gandhinagar,23.21736861,72.66512748,POINT (72.66512747892679 23.217368611746238),geometry.representative_point,confirmed_exact_unique,confirmed,0,1,0,,1
DPV_ADD92FA56800856B,IND_GUJARAT_GANDHINAGAR,Census 2011,Census 2011,189,Gujarat,GANDHINAGAR,Gujarat,GANDHINAGAR,Gujarat,Gandhinagar,23.27990145,72.66814953,POINT (72.6681495271115 23.27990145057424),geometry.representative_point,confirmed_exact_unique,confirmed,0,1,0,,1
DPV_8679D3C3314BFD97,IND_GUJARAT_GIR_SOMNATH,Census 2001,Census 2001,590,Gujarat,GIR SOMNATH,Gujarat,GIR SOMNATH,Gujarat,Surat,21.18916893,73.22301694,POINT (73.22301693623851 21.18916893002296),geometry.representative_point,working_fuzzy_same_state,working_fallback,0,1,0,,1
DPV_A7C8EECD1E852082,IND_GUJARAT_GIR_SOMNATH,Census 2011,Census 2011,554,Gujarat,GIR SOMNATH,Gujarat,GIR SOMNATH,Gujarat,Surat,21.19027901,72.95148526,POINT (72.95148526315575 21.19027900724732),geometry.representative_point,working_fuzzy_same_state,working_fallback,0,1,0,,1
DPV_09DC8D935DC6982C,IND_GUJARAT_JAMNAGAR,Census 2001,Census 2001,231,Gujarat,JAMNAGAR,Gujarat,JAMNAGAR,Gujarat,Jamnagar,22.33059693,70.0626959,POINT (70.06269590457099 22.330596925555017),geometry.representative_point,confirmed_exact_unique,confirmed,0,1,0,,1
DPV_F86F1A4508CA69A2,IND_GUJARAT_JAMNAGAR,Census 2011,Census 2011,249,Gujarat,JAMNAGAR,Gujarat,JAMNAGAR,Gujarat,Jamnagar,22.33059693,70.0626959,POINT (70.06269590457099 22.330596925555017),geometry.representative_point,confirmed_exact_unique,confirmed,0,1,0,,1
DPV_1045704B92D72FAE,IND_GUJARAT_JUNAGADH,Census 2001,Census 2001,157,Gujarat,JUNAGADH,Gujarat,JUNAGADH,Gujarat,Junagadh,21.20277977,70.41316599,POINT (70.41316598976277 21.202779770263884),geometry.representative_point,confirmed_exact_unique,confirmed,0,1,0,,1
DPV_B5E8F8BDA1AE3B08,IND_GUJARAT_JUNAGADH,Census 2011,Census 2011,263,Gujarat,JUNAGADH,Gujarat,JUNAGADH,Gujarat,Junagadh,21.20277977,70.41316599,POINT (70.41316598976277 21.202779770263884),geometry.representative_point,confirmed_exact_unique,confirmed,0,1,0,,1
DPV_2B7813735C938DD1,IND_GUJARAT_KACHCHH,Census 2001,Census 2001,158,Gujarat,KACHCHH,Gujarat,KACHCHH,Gujarat,Kachchh,23.70708466,69.80496867,POINT (69.80496866771101 23.70708465901218),geometry.representative_point,confirmed_exact_unique,confirmed,0,1,0,,1
DPV_8DA5B472F9B2B65C,IND_GUJARAT_KACHCHH,Census 2011,Census 2011,265,Gujarat,KACHCHH,Gujarat,KACHCHH,Gujarat,Kachchh,23.70708466,69.80496867,POINT (69.80496866771101 23.70708465901218),geometry.representative_point,confirmed_exact_unique,confirmed,0,1,0,,1
DPV_E2B20508D7CE4002,IND_GUJARAT_KHEDA,Census 2001,Census 2001,298,Gujarat,KHEDA,Gujarat,KHEDA,Gujarat,Kheda,22.93486522,73.11332708,POINT (73.11332707905237 22.934865216886053),geometry.representative_point,confirmed_exact_unique,confirmed,0,1,0,,1
DPV_F052632A17E98536,IND_GUJARAT_KHEDA,Census 2011,Census 2011,297,Gujarat,KHEDA,Gujarat,KHEDA,Gujarat,Kheda,22.89324428,73.03977696,POINT (73.03977695581185 22.89324427644124),geometry.representative_point,confirmed_exact_unique,confirmed,0,1,0,,1
DPV_15B32D449121F922,IND_GUJARAT_MAHESANA,Census 2001,Census 2001,320,Gujarat,MAHESANA,Gujarat,MAHESANA,Gujarat,Mahesana,23.56467961,72.38284274,POINT (72.38284274419904 23.564679607249772),geometry.representative_point,confirmed_exact_unique,confirmed,0,1,0,,1
DPV_B35561CC17EA8A94,IND_GUJARAT_MAHESANA,Census 2011,Census 2011,355,Gujarat,MAHESANA,Gujarat,MAHESANA,Gujarat,Mahesana,23.56652056,72.30356522,POINT (72.30356521790321 23.56652055675066),geometry.representative_point,confirmed_exact_unique,confirmed,0,1,0,,1
DPV_8613F66330E83BD7,IND_GUJARAT_MAHISAGAR,Census 2001,Census 2001,320,Gujarat,MAHISAGAR,Gujarat,MAHISAGAR,Gujarat,Mahesana,23.56467961,72.38284274,POINT (72.38284274419904 23.564679607249772),geometry.representative_point,working_fuzzy_same_state,working_fallback,0,1,0,,1
DPV_E0F1B96FAFDD08A8,IND_GUJARAT_MAHISAGAR,Census 2011,Census 2011,355,Gujarat,MAHISAGAR,Gujarat,MAHISAGAR,Gujarat,Mahesana,23.56652056,72.30356522,POINT (72.30356521790321 23.56652055675066),geometry.representative_point,working_fuzzy_same_state,working_fallback,0,1,0,,1
DPV_4F35A8589E4CF004,IND_GUJARAT_MORBI,Census 2001,Census 2001,28,Gujarat,MORBI,Gujarat,MORBI,Gujarat,Amreli,21.42383879,71.09261474,POINT (71.09261473817655 21.42383878884231),geometry.representative_point,working_fuzzy_same_state,working_fallback,1,1,0,,1
DPV_4FA70081FBBB647C,IND_GUJARAT_MORBI,Census 2011,Census 2011,16,Gujarat,MORBI,Gujarat,MORBI,Gujarat,Amreli,21.42160884,71.27913161,POINT (71.27913161163444 21.421608838908526),geometry.representative_point,working_fuzzy_same_state,working_fallback,1,1,0,,1
DPV_A8783E1A259BDE70,IND_GUJARAT_NARMADA,Census 2001,Census 2001,355,Gujarat,NARMADA,Gujarat,NARMADA,Gujarat,Narmada,21.68511514,73.69403995,POINT (73.69403995145194 21.685115141838615),geometry.representative_point,confirmed_exact_unique,confirmed,0,1,0,,1
DPV_19034384BC4A7C11,IND_GUJARAT_NARMADA,Census 2011,Census 2011,401,Gujarat,NARMADA,Gujarat,NARMADA,Gujarat,Narmada,21.73708993,73.62631193,POINT (73.62631192791218 21.737089930345242),geometry.representative_point,confirmed_exact_unique,confirmed,0,1,0,,1
DPV_DD771A01159A573C,IND_GUJARAT_NAVSARI,Census 2001,Census 2001,363,Gujarat,NAVSARI,Gujarat,NAVSARI,Gujarat,Navsari,20.82778499,73.03194919,POINT (73.03194919234195 20.827784986567465),geometry.representative_point,confirmed_exact_unique,confirmed,0,1,0,,1
DPV_FBD0A10E94676F0C,IND_GUJARAT_NAVSARI,Census 2011,Census 2011,404,Gujarat,NAVSARI,Gujarat,NAVSARI,Gujarat,Navsari,20.82778499,73.03194919,POINT (73.03194919220202 20.827784987069954),geometry.representative_point,confirmed_exact_unique,confirmed,0,1,0,,1
DPV_B01A15A0EAEEA592,IND_GUJARAT_PANCH_MAHALS,Census 2001,Census 2001,377,Gujarat,PANCH MAHALS,Gujarat,PANCH MAHALS,Gujarat,Panch Mahals,22.87002463,73.62799306,POINT (73.6279930591896 22.87002462865818),geometry.representative_point,confirmed_exact_unique,confirmed,0,1,0,,1
DPV_1FB02C1A6708E939,IND_GUJARAT_PANCH_MAHALS,Census 2011,Census 2011,426,Gujarat,PANCH MAHALS,Gujarat,PANCH MAHALS,Gujarat,Panch Mahals,22.87002463,73.62799306,POINT (73.6279930591896 22.87002462865818),geometry.representative_point,confirmed_exact_unique,confirmed,0,1,0,,1
DPV_3F2C294A0C85A0C6,IND_GUJARAT_PATAN,Census 2001,Census 2001,384,Gujarat,PATAN,Gujarat,PATAN,Gujarat,Patan,23.77072966,71.74370871,POINT (71.74370870600349 23.770729661571732),geometry.representative_point,confirmed_exact_unique,confirmed,0,1,0,,1
DPV_A69389D26D9C692A,IND_GUJARAT_PATAN,Census 2011,Census 2011,435,Gujarat,PATAN,Gujarat,PATAN,Gujarat,Patan,23.76932814,71.6781533,POINT (71.67815329581461 23.769328140577382),geometry.representative_point,confirmed_exact_unique,confirmed,0,1,0,,1
DPV_D193C3EA68BAE24E,IND_GUJARAT_PORBANDAR,Census 2001,Census 2001,395,Gujarat,PORBANDAR,Gujarat,PORBANDAR,Gujarat,Porbandar,21.60221672,69.85310909,POINT (69.8531090899508 21.602216721568894),geometry.representative_point,confirmed_exact_unique,confirmed,0,1,0,,1
DPV_92932C2BBB0A9F9A,IND_GUJARAT_PORBANDAR,Census 2011,Census 2011,444,Gujarat,PORBANDAR,Gujarat,PORBANDAR,Gujarat,Porbandar,21.60221672,69.85310909,POINT (69.8531090899508 21.602216721568894),geometry.representative_point,confirmed_exact_unique,confirmed,0,1,0,,1
DPV_380D645E8885367C,IND_GUJARAT_RAJKOT,Census 2001,Census 2001,408,Gujarat,RAJKOT,Gujarat,RAJKOT,Gujarat,Rajkot,22.34700446,70.76919663,POINT (70.76919662942626 22.347004461061367),geometry.representative_point,confirmed_exact_unique,confirmed,0,1,0,,1
DPV_6D85719084673824,IND_GUJARAT_RAJKOT,Census 2011,Census 2011,466,Gujarat,RAJKOT,Gujarat,RAJKOT,Gujarat,Rajkot,22.34700446,70.76919663,POINT (70.76919662942626 22.347004461061367),geometry.representative_point,confirmed_exact_unique,confirmed,0,1,0,,1
DPV_91D5D1678B096B03,IND_GUJARAT_SABAR_KANTHA,Census 2001,Census 2001,445,Gujarat,SABAR KANTHA,Gujarat,SABAR KANTHA,Gujarat,Sabar Kantha,23.77619697,73.08373271,POINT (73.08373271440905 23.77619697496302),geometry.representative_point,confirmed_exact_unique,confirmed,0,1,0,,1
DPV_8C811106BDCE1CF9,IND_GUJARAT_SABAR_KANTHA,Census 2011,Census 2011,487,Gujarat,SABAR KANTHA,Gujarat,SABAR KANTHA,Gujarat,Sabar Kantha,23.77619697,73.08373271,POINT (73.08373271440905 23.77619697496302),geometry.representative_point,confirmed_exact_unique,confirmed,0,1,0,,1
DPV_AF2398599509125E,IND_GUJARAT_SURAT,Census 2001,Census 2001,590,Gujarat,SURAT,Gujarat,SURAT,Gujarat,Surat,21.18916893,73.22301694,POINT (73.22301693623851 21.18916893002296),geometry.representative_point,confirmed_exact_unique,confirmed,0,1,0,,1
DPV_4B7378B9BFB6142B,IND_GUJARAT_SURAT,Census 2011,Census 2011,554,Gujarat,SURAT,Gujarat,SURAT,Gujarat,Surat,21.19027901,72.95148526,POINT (72.95148526315575 21.19027900724732),geometry.representative_point,confirmed_exact_unique,confirmed,0,1,0,,1
DPV_060EB8EC9BBE039E,IND_GUJARAT_SURENDRANAGAR,Census 2001,Census 2001,462,Gujarat,SURENDRANAGAR,Gujarat,SURENDRANAGAR,Gujarat,Surendranagar,22.8244256,71.48951361,POINT (71.48951361206588 22.82442559580179),geometry.representative_point,confirmed_exact_unique,confirmed,0,1,0,,1
DPV_7BF4631D355F7D45,IND_GUJARAT_SURENDRANAGAR,Census 2011,Census 2011,555,Gujarat,SURENDRANAGAR,Gujarat,SURENDRANAGAR,Gujarat,Surendranagar,22.8244256,71.48951361,POINT (71.48951361206588 22.82442559580179),geometry.representative_point,confirmed_exact_unique,confirmed,0,1,0,,1
DPV_68277E5ABBCC422C,IND_GUJARAT_TAPI,Census 2001,Census 2011,636,Gujarat,TAPI,Gujarat,TAPI,Gujarat,Tapi,21.18853849,73.55636945,POINT (73.55636945422557 21.188538490733233),geometry.representative_point,alternate_layer_confirmed_name,working_strong,0,1,0,,1
DPV_2B419265A7273E67,IND_GUJARAT_TAPI,Census 2011,Census 2011,636,Gujarat,TAPI,Gujarat,TAPI,Gujarat,Tapi,21.18853849,73.55636945,POINT (73.55636945422557 21.188538490733233),geometry.representative_point,confirmed_exact_unique,confirmed,0,1,0,,1
DPV_B53A510439BD38DE,IND_GUJARAT_VADODARA,Census 2001,Census 2001,514,Gujarat,VADODARA,Gujarat,VADODARA,Gujarat,Vadodara,22.31456391,73.35609199,POINT (73.35609198667184 22.314563909285667),geometry.representative_point,confirmed_exact_unique,confirmed,0,1,0,,1
DPV_6FAA1E2C81D46F46,IND_GUJARAT_VADODARA,Census 2011,Census 2011,597,Gujarat,VADODARA,Gujarat,VADODARA,Gujarat,Vadodara,22.31456391,73.35609199,POINT (73.35609198667521 22.314563909305058),geometry.representative_point,confirmed_exact_unique,confirmed,0,1,0,,1
DPV_6AEDAE2E3513FFFF,IND_GUJARAT_VALSAD,Census 2001,Census 2001,515,Gujarat,VALSAD,Gujarat,VALSAD,Gujarat,Valsad,20.43150277,73.14462255,POINT (73.14462254953503 20.43150276838573),geometry.representative_point,confirmed_exact_unique,confirmed,0,1,0,,1
DPV_24B8CD5092EAF303,IND_GUJARAT_VALSAD,Census 2011,Census 2011,599,Gujarat,VALSAD,Gujarat,VALSAD,Gujarat,Valsad,20.43150277,73.14462255,POINT (73.14462254953503 20.43150276838573),geometry.representative_point,confirmed_exact_unique,confirmed,0,1,0,,1
DPV_6B9303115194E691,IND_HARYANA_AMBALA,Census 2001,Census 2001,25,Haryana,AMBALA,Haryana,AMBALA,Haryana,Ambala,30.3776803,77.10395165,POINT (77.10395165303439 30.37768029955374),geometry.representative_point,confirmed_exact_unique,confirmed,0,1,0,,1
DPV_F90E54391EF66806,IND_HARYANA_AMBALA,Census 2011,Census 2011,13,Haryana,AMBALA,Haryana,AMBALA,Haryana,Ambala,30.34714379,76.95924471,POINT (76.95924470707942 30.34714378751297),geometry.representative_point,confirmed_exact_unique,confirmed,0,1,0,,1
DPV_4E50AF701799BD68,IND_HARYANA_BHIWANI,Census 2001,Census 2001,569,Haryana,BHIWANI,Haryana,BHIWANI,Haryana,Bhiwani,28.67568349,75.97731165,POINT (75.97731165350294 28.675683490854915),geometry.representative_point,confirmed_exact_unique,confirmed,0,1,0,,1
DPV_AC32FC2F15CC08C1,IND_HARYANA_BHIWANI,Census 2011,Census 2011,76,Haryana,BHIWANI,Haryana,BHIWANI,Haryana,Bhiwani,28.7313109,75.96808271,POINT (75.9680827053128 28.731310900116384),geometry.representative_point,confirmed_exact_unique,confirmed,0,1,0,,1
DPV_25095EF7E5C2F27D,IND_HARYANA_CHARKI_DADRI,Census 2001,Census 2001,191,Haryana,CHARKI DADRI,Haryana,CHARKI DADRI,Haryana,Faridabad,28.17770049,77.37283828,POINT (77.37283828322333 28.177700491112923),geometry.representative_point,working_fuzzy_same_state,working_fallback,0,1,0,,1
DPV_6F3ED9B355AB1608,IND_HARYANA_CHARKI_DADRI,Census 2011,Census 2011,178,Haryana,CHARKI DADRI,Haryana,CHARKI DADRI,Haryana,Faridabad,28.33034951,77.31252602,POINT (77.3125260184392 28.330349511874765),geometry.representative_point,working_fuzzy_same_state,working_fallback,0,1,0,,1
DPV_3D2E95B4DF1CABB9,IND_HARYANA_FARIDABAD,Census 2001,Census 2001,191,Haryana,FARIDABAD,Haryana,FARIDABAD,Haryana,Faridabad,28.17770049,77.37283828,POINT (77.37283828322333 28.177700491112923),geometry.representative_point,confirmed_exact_unique,confirmed,0,1,0,,1
DPV_2C687894631AD851,IND_HARYANA_FARIDABAD,Census 2011,Census 2011,178,Haryana,FARIDABAD,Haryana,FARIDABAD,Haryana,Faridabad,28.33034951,77.31252602,POINT (77.3125260184392 28.330349511874765),geometry.representative_point,confirmed_exact_unique,confirmed,0,1,0,,1
DPV_FC926732E25D2510,IND_HARYANA_FATEHABAD,Census 2001,Census 2001,194,Haryana,FATEHABAD,Haryana,FATEHABAD,Haryana,Fatehabad,29.53471915,75.57484121,POINT (75.57484120771727 29.534719145446704),geometry.representative_point,confirmed_exact_unique,confirmed,0,1,0,,1
DPV_57C5B486D806BBDD,IND_HARYANA_FATEHABAD,Census 2011,Census 2011,181,Haryana,FATEHABAD,Haryana,FATEHABAD,Haryana,Fatehabad,29.53471915,75.57484121,POINT (75.57484120771727 29.534719145446704),geometry.representative_point,confirmed_exact_unique,confirmed,0,1,0,,1
DPV_E9E634C9F989BEDA,IND_HARYANA_GURGAON,Census 2001,Census 2001,189,Haryana,GURGAON,Haryana,GURGAON,Haryana,Gurgaon,28.09413579,77.10249905,POINT (77.1024990541294 28.094135788697283),geometry.representative_point,confirmed_exact_unique,confirmed,0,1,0,,1
DPV_3F59FD5370CD5674,IND_HARYANA_GURGAON,Census 2011,Census 2011,212,Haryana,GURGAON,Haryana,GURGAON,Haryana,Gurgaon,28.368637,76.94237038,POINT (76.94237038360454 28.368636998304794),geometry.representative_point,confirmed_exact_unique,confirmed,0,1,0,,1
DPV_8BB359B234E52161,IND_HARYANA_HISAR,Census 2001,Census 2001,213,Haryana,HISAR,Haryana,HISAR,Haryana,Hisar,29.27632165,75.76212622,POINT (75.7621262215059 29.276321650632728),geometry.representative_point,confirmed_exact_unique,confirmed,0,1,0,,1
DPV_2BA9F09FC34C8CB5,IND_HARYANA_HISAR,Census 2011,Census 2011,227,Haryana,HISAR,Haryana,HISAR,Haryana,Hisar,29.23995086,75.8136749,POINT (75.81367489720327 29.239950855221117),geometry.representative_point,confirmed_exact_unique,confirmed,0,1,0,,1
DPV_BBC449524370FC1A,IND_HARYANA_JHAJJAR,Census 2001,Census 2001,542,Haryana,JHAJJAR,Haryana,JHAJJAR,Haryana,Jhajjar,28.59365153,76.65978106,POINT (76.65978105708388 28.593651525380128),geometry.representative_point,confirmed_exact_unique,confirmed,0,1,0,,1
DPV_88FC5C35361A6DE9,IND_HARYANA_JHAJJAR,Census 2011,Census 2011,256,Haryana,JHAJJAR,Haryana,JHAJJAR,Haryana,Jhajjar,28.61467312,76.66848007,POINT (76.66848007313754 28.61467311923294),geometry.representative_point,confirmed_exact_unique,confirmed,0,1,0,,1
DPV_2480A0DA6821D9A1,IND_HARYANA_JIND,Census 2001,Census 2001,242,Haryana,JIND,Haryana,JIND,Haryana,Jind,29.44972995,76.37333978,POINT (76.37333977643378 29.449729948680755),geometry.representative_point,confirmed_exact_unique,confirmed,0,1,0,,1
DPV_03F0ADA0F45E5CF6,IND_HARYANA_JIND,Census 2011,Census 2011,626,Haryana,JIND,Haryana,JIND,Haryana,Jind,29.45107204,76.23531587,POINT (76.23531587323102 29.451072042108567),geometry.representative_point,confirmed_exact_unique,confirmed,0,1,0,,1
DPV_F9C1EF81B70C69CD,IND_HARYANA_KAITHAL,Census 2001,Census 2001,246,Haryana,KAITHAL,Haryana,KAITHAL,Haryana,Kaithal,29.88472353,76.36361848,POINT (76.36361848409544 29.884723532384747),geometry.representative_point,confirmed_exact_unique,confirmed,0,1,0,,1
DPV_2FD94FB8D6331BC2,IND_HARYANA_KAITHAL,Census 2011,Census 2011,267,Haryana,KAITHAL,Haryana,KAITHAL,Haryana,Kaithal,29.85674424,76.46695503,POINT (76.46695503406116 29.856744240579594),geometry.representative_point,confirmed_exact_unique,confirmed,0,1,0,,1
DPV_B70D83713FF4BF7C,IND_HARYANA_KARNAL,Census 2001,Census 2001,254,Haryana,KARNAL,Haryana,KARNAL,Haryana,Karnal,29.71636643,76.92161335,POINT (76.92161334631959 29.716366434411775),geometry.representative_point,confirmed_exact_unique,confirmed,0,1,0,,1
DPV_D2F47106EF0B7AA6,IND_HARYANA_KARNAL,Census 2011,Census 2011,286,Haryana,KARNAL,Haryana,KARNAL,Haryana,Karnal,29.69495371,76.92456047,POINT (76.9245604709052 29.694953708089002),geometry.representative_point,confirmed_exact_unique,confirmed,0,1,0,,1
DPV_A1743F334E09C027,IND_HARYANA_KURUKSHETRA,Census 2001,Census 2001,310,Haryana,KURUKSHETRA,Haryana,KURUKSHETRA,Haryana,Kurukshetra,30.05323484,76.81356397,POINT (76.81356396956153 30.053234840999956),geometry.representative_point,confirmed_exact_unique,confirmed,0,1,0,,1
DPV_DE09DF38FBE2FE5D,IND_HARYANA_KURUKSHETRA,Census 2011,Census 2011,328,Haryana,KURUKSHETRA,Haryana,KURUKSHETRA,Haryana,Kurukshetra,30.05257077,76.7611614,POINT (76.76116139660766 30.052570768333425),geometry.representative_point,confirmed_exact_unique,confirmed,0,1,0,,1
DPV_3A8FD6F8E4344B42,IND_HARYANA_MAHENDRAGARH,Census 2001,Census 2001,543,Haryana,MAHENDRAGARH,Haryana,MAHENDRAGARH,Haryana,Mahendragarh,28.1359037,76.17076395,POINT (76.17076395359649 28.13590369838667),geometry.representative_point,confirmed_exact_unique,confirmed,0,1,0,,1
DPV_ECA4FB5A2D500FD7,IND_HARYANA_MAHENDRAGARH,Census 2011,Census 2011,354,Haryana,MAHENDRAGARH,Haryana,MAHENDRAGARH,Haryana,Mahendragarh,28.1359037,76.17076395,POINT (76.17076395359649 28.13590369838667),geometry.representative_point,confirmed_exact_unique,confirmed,0,1,0,,1
DPV_1CDCDA3100F6095A,IND_HARYANA_MEWAT,Census 2001,Census 2011,373,Haryana,MEWAT,Haryana,MEWAT,Haryana,Mewat,27.99289994,77.00275708,POINT (77.00275707639756 27.99289994314885),geometry.representative_point,alternate_layer_confirmed_name,working_strong,0,1,0,,1
DPV_6CB3A20BE44CCD25,IND_HARYANA_MEWAT,Census 2011,Census 2011,373,Haryana,MEWAT,Haryana,MEWAT,Haryana,Mewat,27.99289994,77.00275708,POINT (77.00275707639756 27.99289994314885),geometry.representative_point,confirmed_exact_unique,confirmed,0,1,0,,1
DPV_E508B2B6028CB669,IND_HARYANA_PALWAL,Census 2001,Census 2011,425,Haryana,PALWAL,Haryana,PALWAL,Haryana,Palwal,28.06013572,77.29633592,POINT (77.29633591576518 28.060135719905034),geometry.representative_point,alternate_layer_confirmed_name,working_strong,0,1,0,,1
DPV_D3B5CACA5197F008,IND_HARYANA_PALWAL,Census 2011,Census 2011,425,Haryana,PALWAL,Haryana,PALWAL,Haryana,Palwal,28.06013572,77.29633592,POINT (77.29633591576518 28.060135719905034),geometry.representative_point,confirmed_exact_unique,confirmed,0,1,0,,1
DPV_B364F3E489B186E6,IND_HARYANA_PANCHKULA,Census 2001,Census 2001,376,Haryana,PANCHKULA,Haryana,PANCHKULA,Haryana,Panchkula,30.7243963,76.97827374,POINT (76.97827373690203 30.7243963012468),geometry.representative_point,confirmed_exact_unique,confirmed,0,1,0,,1
DPV_4EA52D0A485F603A,IND_HARYANA_PANCHKULA,Census 2011,Census 2011,427,Haryana,PANCHKULA,Haryana,PANCHKULA,Haryana,Panchkula,30.6999932,76.99169809,POINT (76.99169808846099 30.699993198949876),geometry.representative_point,confirmed_exact_unique,confirmed,0,1,0,,1
DPV_95078D6EB065844B,IND_HARYANA_PANIPAT,Census 2001,Census 2001,378,Haryana,PANIPAT,Haryana,PANIPAT,Haryana,Panipat,29.32849443,76.90184241,POINT (76.9018424133635 29.328494433099642),geometry.representative_point,confirmed_exact_unique,confirmed,0,1,0,,1
DPV_9BB36F430B4D76C0,IND_HARYANA_PANIPAT,Census 2011,Census 2011,428,Haryana,PANIPAT,Haryana,PANIPAT,Haryana,Panipat,29.32849443,76.90184241,POINT (76.9018424133635 29.328494433099642),geometry.representative_point,confirmed_exact_unique,confirmed,0,1,0,,1
DPV_389CA84847C6A8A8,IND_HARYANA_REWARI,Census 2001,Census 2001,544,Haryana,REWARI,Haryana,REWARI,Haryana,Rewari,28.19670236,76.56112328,POINT (76.56112328019992 28.196702363426482),geometry.representative_point,confirmed_exact_unique,confirmed,0,1,0,,1
DPV_C8F0ED80AE017B06,IND_HARYANA_REWARI,Census 2011,Census 2011,481,Haryana,REWARI,Haryana,REWARI,Haryana,Rewari,28.21598936,76.58394596,POINT (76.58394595668028 28.21598936166655),geometry.representative_point,confirmed_exact_unique,confirmed,0,1,0,,1
DPV_FB8E831FB86255DB,IND_HARYANA_ROHTAK,Census 2001,Census 2001,442,Haryana,ROHTAK,Haryana,ROHTAK,Haryana,Rohtak,28.89334741,76.55388921,POINT (76.55388920944446 28.89334740552953),geometry.representative_point,confirmed_exact_unique,confirmed,0,1,0,,1
DPV_A81A97456AEDBB52,IND_HARYANA_ROHTAK,Census 2011,Census 2011,483,Haryana,ROHTAK,Haryana,ROHTAK,Haryana,Rohtak,28.89260654,76.57576909,POINT (76.5757690854224 28.892606543778825),geometry.representative_point,confirmed_exact_unique,confirmed,0,1,0,,1
DPV_FB5FC2386299CA28,IND_HARYANA_SIRSA,Census 2001,Census 2001,452,Haryana,SIRSA,Haryana,SIRSA,Haryana,Sirsa,29.60896376,74.90390267,POINT (74.90390267365466 29.608963764312623),geometry.representative_point,confirmed_exact_unique,confirmed,0,1,0,,1
DPV_D23F7F6242255841,IND_HARYANA_SIRSA,Census 2011,Census 2011,531,Haryana,SIRSA,Haryana,SIRSA,Haryana,Sirsa,29.60896376,74.90390267,POINT (74.90390267365466 29.608963764312623),geometry.representative_point,confirmed_exact_unique,confirmed,0,1,0,,1
DPV_556783EABC295049,IND_HARYANA_SONIPAT,Census 2001,Census 2001,483,Haryana,SONIPAT,Haryana,SONIPAT,Haryana,Sonipat,29.05150975,76.90573773,POINT (76.90573772538927 29.051509753264884),geometry.representative_point,confirmed_exact_unique,confirmed,0,1,0,,1
DPV_B2161E3C335B65FA,IND_HARYANA_SONIPAT,Census 2011,Census 2011,540,Haryana,SONIPAT,Haryana,SONIPAT,Haryana,Sonipat,29.04936935,76.93430629,POINT (76.93430628557095 29.049369349669057),geometry.representative_point,confirmed_exact_unique,confirmed,0,1,0,,1
DPV_4B37615979B87596,IND_HARYANA_YAMUNANAGAR,Census 2001,Census 2001,533,Haryana,YAMUNANAGAR,Haryana,YAMUNANAGAR,Haryana,Yamunanagar,30.25161461,77.33237831,POINT (77.33237831400137 30.25161460928191),geometry.representative_point,confirmed_exact_unique,confirmed,0,1,0,,1
DPV_24013FF94E9519B2,IND_HARYANA_YAMUNANAGAR,Census 2011,Census 2011,625,Haryana,YAMUNANAGAR,Haryana,YAMUNANAGAR,Haryana,Yamunanagar,30.21456677,77.3253886,POINT (77.32538859971804 30.214566773006197),geometry.representative_point,confirmed_exact_unique,confirmed,0,1,0,,1
DPV_452B81926E12E2EF,IND_HIMACHAL_PRADESH_BILASPUR,Census 2001,Census 2001,49,Himachal Pradesh,BILASPUR,Himachal Pradesh,BILASPUR,Himachal Pradesh,Bilaspur,31.40462561,76.64011783,POINT (76.64011782993767 31.404625608667327),geometry.representative_point,confirmed_exact_unique,confirmed,0,1,0,,1
DPV_EF1A333A0446EA4E,IND_HIMACHAL_PRADESH_BILASPUR,Census 2011,Census 2011,86,Himachal Pradesh,BILASPUR,Himachal Pradesh,BILASPUR,Himachal Pradesh,Bilaspur,31.40462561,76.64011783,POINT (76.64011783007614 31.404625608667327),geometry.representative_point,confirmed_exact_unique,confirmed,0,1,0,,1
DPV_AA12668B2E767155,IND_HIMACHAL_PRADESH_CHAMBA,Census 2001,Census 2001,82,Himachal Pradesh,CHAMBA,Himachal Pradesh,CHAMBA,Himachal Pradesh,Chamba,32.69525849,76.17201046,POINT (76.17201045524084 32.69525848950357),geometry.representative_point,confirmed_exact_unique,confirmed,0,1,0,,1
DPV_9BC25E25C93BEC2D,IND_HIMACHAL_PRADESH_CHAMBA,Census 2011,Census 2011,99,Himachal Pradesh,CHAMBA,Himachal Pradesh,CHAMBA,Himachal Pradesh,Chamba,32.69525849,76.17201046,POINT (76.17201045524084 32.69525848950357),geometry.representative_point,confirmed_exact_unique,confirmed,0,1,0,,1
DPV_CA9826D49E404C4C,IND_HIMACHAL_PRADESH_HAMIRPUR,Census 2001,Census 2001,201,Himachal Pradesh,HAMIRPUR,Himachal Pradesh,HAMIRPUR,Himachal Pradesh,Hamirpur,31.6548033,76.53953735,POINT (76.53953734561992 31.654803300215313),geometry.representative_point,confirmed_exact_unique,confirmed,0,1,0,,1
DPV_C98F3953BECD493B,IND_HIMACHAL_PRADESH_HAMIRPUR,Census 2011,Census 2011,215,Himachal Pradesh,HAMIRPUR,Himachal Pradesh,HAMIRPUR,Himachal Pradesh,Hamirpur,31.6548033,76.53953735,POINT (76.53953734561992 31.654803300215313),geometry.representative_point,confirmed_exact_unique,confirmed,0,1,0,,1
DPV_34648E271C252D51,IND_HIMACHAL_PRADESH_KANGRA,Census 2001,Census 2001,247,Himachal Pradesh,KANGRA,Himachal Pradesh,KANGRA,Himachal Pradesh,Kangra,32.07807187,76.27011261,POINT (76.27011260625892 32.0780718724186),geometry.representative_point,confirmed_exact_unique,confirmed,0,1,0,,1
DPV_F3CDFB33B9659317,IND_HIMACHAL_PRADESH_KANGRA,Census 2011,Census 2011,273,Himachal Pradesh,KANGRA,Himachal Pradesh,KANGRA,Himachal Pradesh,Kangra,32.07807187,76.27011261,POINT (76.27011260625892 32.0780718724186),geometry.representative_point,confirmed_exact_unique,confirmed,0,1,0,,1
DPV_FAC95EB94668935C,IND_HIMACHAL_PRADESH_KINNAUR,Census 2001,Census 2001,261,Himachal Pradesh,KINNAUR,Himachal Pradesh,KINNAUR,Himachal Pradesh,Kinnaur,31.59423903,78.3328222,POINT (78.33282219792866 31.59423902701942),geometry.representative_point,confirmed_exact_unique,confirmed,0,1,0,,1
DPV_74F801B821A93C6C,IND_HIMACHAL_PRADESH_KINNAUR,Census 2011,Census 2011,301,Himachal Pradesh,KINNAUR,Himachal Pradesh,KINNAUR,Himachal Pradesh,Kinnaur,31.59423903,78.3328222,POINT (78.33282219792866 31.59423902701942),geometry.representative_point,confirmed_exact_unique,confirmed,0,1,0,,1
DPV_EB3FD0A08A4C5F5C,IND_HIMACHAL_PRADESH_KULLU,Census 2001,Census 2001,304,Himachal Pradesh,KULLU,Himachal Pradesh,KULLU,Himachal Pradesh,Kullu,31.88059408,77.45361363,POINT (77.4536136312559 31.880594080768617),geometry.representative_point,confirmed_exact_unique,confirmed,0,1,0,,1
DPV_A015428CE69167E1,IND_HIMACHAL_PRADESH_KULLU,Census 2011,Census 2011,325,Himachal Pradesh,KULLU,Himachal Pradesh,KULLU,Himachal Pradesh,Kullu,31.88059408,77.45361363,POINT (77.4536136312559 31.880594080768617),geometry.representative_point,confirmed_exact_unique,confirmed,0,1,0,,1
DPV_14D8F0DA6F601E06,IND_HIMACHAL_PRADESH_LAHUL_AND_SPITI,Census 2001,Census 2001,294,Himachal Pradesh,LAHUL AND SPITI,Himachal Pradesh,LAHUL AND SPITI,Himachal Pradesh,Lahul & Spiti,32.50053069,77.58365346,POINT (77.58365345651934 32.50053069235945),geometry.representative_point,confirmed_exact_unique,confirmed,0,1,0,,1
DPV_D7E19B182EE1E5A3,IND_HIMACHAL_PRADESH_LAHUL_AND_SPITI,Census 2011,Census 2011,331,Himachal Pradesh,LAHUL AND SPITI,Himachal Pradesh,LAHUL AND SPITI,Himachal Pradesh,Lahul & Spiti,32.50053069,77.58365343,POINT (77.5836534280292 32.50053069235945),geometry.representative_point,confirmed_exact_unique,confirmed,0,1,0,,1
DPV_3A1B6912A684DE03,IND_HIMACHAL_PRADESH_MANDI,Census 2001,Census 2001,329,Himachal Pradesh,MANDI,Himachal Pradesh,MANDI,Himachal Pradesh,Mandi,31.64200074,77.01024864,POINT (77.0102486395231 31.642000736158998),geometry.representative_point,confirmed_exact_unique,confirmed,0,1,0,,1
DPV_3F51627B4801FECC,IND_HIMACHAL_PRADESH_MANDI,Census 2011,Census 2011,362,Himachal Pradesh,MANDI,Himachal Pradesh,MANDI,Himachal Pradesh,Mandi,31.64200074,77.01024864,POINT (77.0102486395231 31.642000736158998),geometry.representative_point,confirmed_exact_unique,confirmed,0,1,0,,1
DPV_84A786F8B61E5F16,IND_HIMACHAL_PRADESH_SHIMLA,Census 2001,Census 2001,430,Himachal Pradesh,SHIMLA,Himachal Pradesh,SHIMLA,Himachal Pradesh,Shimla,31.23991214,77.71693474,POINT (77.71693474178423 31.23991214175772),geometry.representative_point,confirmed_exact_unique,confirmed,0,1,0,,1
DPV_8BBF3E4436C82413,IND_HIMACHAL_PRADESH_SHIMLA,Census 2011,Census 2011,517,Himachal Pradesh,SHIMLA,Himachal Pradesh,SHIMLA,Himachal Pradesh,Shimla,31.23991214,77.71693474,POINT (77.71693474178426 31.239912141757713),geometry.representative_point,confirmed_exact_unique,confirmed,0,1,0,,1
DPV_C6CEC8AE107CB723,IND_HIMACHAL_PRADESH_SIRMAUR,Census 2001,Census 2001,450,Himachal Pradesh,SIRMAUR,Himachal Pradesh,SIRMAUR,Himachal Pradesh,Sirmaur,30.70123949,77.44689245,POINT (77.44689244751132 30.701239492431792),geometry.representative_point,confirmed_exact_unique,confirmed,0,1,0,,1
DPV_7726F756E99CA50F,IND_HIMACHAL_PRADESH_SIRMAUR,Census 2011,Census 2011,529,Himachal Pradesh,SIRMAUR,Himachal Pradesh,SIRMAUR,Himachal Pradesh,Sirmaur,30.70123949,77.44689245,POINT (77.44689244751132 30.701239492431792),geometry.representative_point,confirmed_exact_unique,confirmed,0,1,0,,1
DPV_4A7921A881296705,IND_HIMACHAL_PRADESH_SOLAN,Census 2001,Census 2001,479,Himachal Pradesh,SOLAN,Himachal Pradesh,SOLAN,Himachal Pradesh,Solan,31.0569854,76.8516568,POINT (76.85165680233575 31.05698539758947),geometry.representative_point,confirmed_exact_unique,confirmed,0,1,0,,1
DPV_C1D17CCB756C4C30,IND_HIMACHAL_PRADESH_SOLAN,Census 2011,Census 2011,536,Himachal Pradesh,SOLAN,Himachal Pradesh,SOLAN,Himachal Pradesh,Solan,31.0569854,76.8516568,POINT (76.85165680210406 31.05698539804574),geometry.representative_point,confirmed_exact_unique,confirmed,0,1,0,,1
DPV_CB384608BB579ACE,IND_HIMACHAL_PRADESH_UNA,Census 2001,Census 2001,508,Himachal Pradesh,UNA,Himachal Pradesh,UNA,Himachal Pradesh,Una,31.58506662,76.23626961,POINT (76.23626961017192 31.58506662386808),geometry.representative_point,confirmed_exact_unique,confirmed,0,1,0,,1
DPV_4024BE053B7A83B3,IND_HIMACHAL_PRADESH_UNA,Census 2011,Census 2011,590,Himachal Pradesh,UNA,Himachal Pradesh,UNA,Himachal Pradesh,Una,31.58506662,76.23626961,POINT (76.23626961017192 31.58506662386808),geometry.representative_point,confirmed_exact_unique,confirmed,0,1,0,,1
DPV_2CEFDB8818CBE148,IND_JAMMU_AND_KASHMIR_ANANTNAG,Census 2001,Census 2001,2,Jammu and Kashmir,ANANTNAG,Jammu and Kashmir,ANANTNAG,Jammu and Kashmir,Anantnag,33.783419,75.29234602,POINT (75.29234601932097 33.78341899549548),geometry.representative_point,confirmed_exact_unique,confirmed,0,1,0,,1
DPV_FDA99CC432218F36,IND_JAMMU_AND_KASHMIR_ANANTNAG,Census 2011,Census 2011,20,Jammu and Kashmir,ANANTNAG,Jammu and Kashmir,ANANTNAG,Jammu & Kashmir,Anantnag,33.783419,75.291321,POINT (75.2913210001733 33.78341899549548),geometry.representative_point,confirmed_exact_unique,confirmed,0,1,0,,1
DPV_EFA045C63480B812,IND_JAMMU_AND_KASHMIR_BADGAM,Census 2001,Census 2001,11,Jammu and Kashmir,BADGAM,Jammu and Kashmir,BADGAM,Jammu and Kashmir,Badgam,33.86556233,74.64895965,POINT (74.64895964906115 33.865562333031676),geometry.representative_point,confirmed_exact_unique,confirmed,0,1,0,,1
DPV_37CE847014E3162F,IND_JAMMU_AND_KASHMIR_BADGAM,Census 2011,Census 2011,31,Jammu and Kashmir,BADGAM,Jammu and Kashmir,BADGAM,Jammu & Kashmir,Badgam,33.86556233,74.64895965,POINT (74.64895964906115 33.865562333031676),geometry.representative_point,confirmed_exact_unique,confirmed,0,1,0,,1
DPV_939182755EA71110,IND_JAMMU_AND_KASHMIR_BANDIPORA,Census 2001,Census 2001,11,Jammu and Kashmir,BANDIPORA,Jammu and Kashmir,BANDIPORA,Jammu and Kashmir,Badgam,33.86556233,74.64895965,POINT (74.64895964906115 33.865562333031676),geometry.representative_point,working_fuzzy_same_state,working_fallback,0,1,0,,1
DPV_C520ED68B3BE4032,IND_JAMMU_AND_KASHMIR_BANDIPORA,Census 2011,Census 2011,44,Jammu and Kashmir,BANDIPORA,Jammu and Kashmir,BANDIPORA,Jammu & Kashmir,Bandipore,34.59507875,74.73265345,POINT (74.73265344701949 34.595078754805726),geometry.representative_point,working_fuzzy_same_state,working_fallback,0,1,0,,1
DPV_AB7A5DD6DD1B0257,IND_JAMMU_AND_KASHMIR_BARAMULLA,Census 2001,Census 2001,33,Jammu and Kashmir,BARAMULLA,Jammu and Kashmir,BARAMULLA,Jammu and Kashmir,Baramula,34.36298543,74.63154436,POINT (74.63154435814761 34.362985431317114),geometry.representative_point,working_fuzzy_same_state,working_fallback,0,1,0,,1
DPV_CA461DE0972DEB3C,IND_JAMMU_AND_KASHMIR_BARAMULLA,Census 2011,Census 2011,52,Jammu and Kashmir,BARAMULLA,Jammu and Kashmir,BARAMULLA,Jammu & Kashmir,Baramula,34.12547523,74.53149264,POINT (74.53149264185086 34.12547523122902),geometry.representative_point,working_fuzzy_same_state,working_fallback,0,1,0,,1
DPV_D271B7AC95744C84,IND_JAMMU_AND_KASHMIR_DODA,Census 2001,Census 2001,145,Jammu and Kashmir,DODA,Jammu and Kashmir,DODA,Jammu and Kashmir,Doda,33.53852332,76.06263154,POINT (76.06263153563029 33.53852332140315),geometry.representative_point,confirmed_exact_unique,confirmed,0,1,0,,1
DPV_43F1ABA5E361E836,IND_JAMMU_AND_KASHMIR_DODA,Census 2011,Census 2011,159,Jammu and Kashmir,DODA,Jammu and Kashmir,DODA,Jammu & Kashmir,Doda,33.12460975,75.55291054,POINT (75.55291054015635 33.124609747340784),geometry.representative_point,confirmed_exact_unique,confirmed,0,1,0,,1
DPV_F930541A42FA56C1,IND_JAMMU_AND_KASHMIR_GANDERBAL,Census 2001,Census 2011,188,Jammu and Kashmir,GANDERBAL,Jammu and Kashmir,GANDERBAL,Jammu & Kashmir,Ganderbal,34.32123272,75.11471537,POINT (75.11471537361965 34.321232720850865),geometry.representative_point,alternate_layer_confirmed_name,working_strong,0,1,0,,1
DPV_F02065E75DD21B1A,IND_JAMMU_AND_KASHMIR_GANDERBAL,Census 2011,Census 2011,188,Jammu and Kashmir,GANDERBAL,Jammu and Kashmir,GANDERBAL,Jammu & Kashmir,Ganderbal,34.32123272,75.11471537,POINT (75.11471537361965 34.321232720850865),geometry.representative_point,confirmed_exact_unique,confirmed,0,1,0,,1
DPV_32F02D9ADC785551,IND_JAMMU_AND_KASHMIR_JAMMU,Census 2001,Census 2001,233,Jammu and Kashmir,JAMMU,Jammu and Kashmir,JAMMU,Jammu and Kashmir,Jammu,32.73389998,74.92349952,POINT (74.92349952252243 32.73389997979052),geometry.representative_point,confirmed_exact_unique,confirmed,0,1,0,,1
DPV_AAE84AE1F4587F63,IND_JAMMU_AND_KASHMIR_JAMMU,Census 2011,Census 2011,248,Jammu and Kashmir,JAMMU,Jammu and Kashmir,JAMMU,Jammu & Kashmir,Jammu,32.7509815,74.90479526,POINT (74.90479526025402 32.750981501461666),geometry.representative_point,confirmed_exact_unique,confirmed,0,1,0,,1
DPV_EFD0501D01D46129,IND_JAMMU_AND_KASHMIR_KARGIL,Census 2001,Census 2001,252,Jammu and Kashmir,KARGIL,Jammu and Kashmir,KARGIL,Jammu and Kashmir,Kargil,33.88298234,76.44696732,POINT (76.44696732158094 33.882982343789436),geometry.representative_point,confirmed_exact_unique,confirmed,0,1,0,,1
DPV_209D678150910250,IND_JAMMU_AND_KASHMIR_KARGIL,Census 2011,Census 2011,283,Jammu and Kashmir,KARGIL,Jammu and Kashmir,KARGIL,Jammu & Kashmir,Kargil,33.88298234,76.44696732,POINT (76.44696732158094 33.882982343789436),geometry.representative_point,confirmed_exact_unique,confirmed,0,1,0,,1
DPV_EFBA518BBE2F6250,IND_JAMMU_AND_KASHMIR_KATHUA,Census 2001,Census 2001,256,Jammu and Kashmir,KATHUA,Jammu and Kashmir,KATHUA,Jammu and Kashmir,Kathua,32.56849241,75.60002522,POINT (75.6000252226458 32.568492410465645),geometry.representative_point,confirmed_exact_unique,confirmed,0,1,0,,1
DPV_47FD32C846A30313,IND_JAMMU_AND_KASHMIR_KATHUA,Census 2011,Census 2011,289,Jammu and Kashmir,KATHUA,Jammu and Kashmir,KATHUA,Jammu & Kashmir,Kathua,32.56849241,75.60002522,POINT (75.6000252226458 32.568492410465645),geometry.representative_point,confirmed_exact_unique,confirmed,0,1,0,,1
DPV_40B8EDCF813D7E22,IND_JAMMU_AND_KASHMIR_KISHTWAR,Census 2001,Census 2011,304,Jammu and Kashmir,KISHTWAR,Jammu and Kashmir,KISHTWAR,Jammu & Kashmir,Kishtwar,33.61542576,75.89976531,POINT (75.89976531380108 33.6154257592741),geometry.representative_point,alternate_layer_confirmed_name,working_strong,0,1,0,,1
DPV_53C6BF8CC952F4E0,IND_JAMMU_AND_KASHMIR_KISHTWAR,Census 2011,Census 2011,304,Jammu and Kashmir,KISHTWAR,Jammu and Kashmir,KISHTWAR,Jammu & Kashmir,Kishtwar,33.61542576,75.89976531,POINT (75.89976531380108 33.6154257592741),geometry.representative_point,confirmed_exact_unique,confirmed,0,1,0,,1
DPV_F6E16060B354F505,IND_JAMMU_AND_KASHMIR_KULGAM,Census 2001,Census 2011,324,Jammu and Kashmir,KULGAM,Jammu and Kashmir,KULGAM,Jammu & Kashmir,Kulgam,33.63932666,74.64477373,POINT (74.64477373087155 33.63932666405363),geometry.representative_point,alternate_layer_confirmed_name,working_strong,0,1,0,,1
DPV_A44BE296CFC69EAC,IND_JAMMU_AND_KASHMIR_KULGAM,Census 2011,Census 2011,324,Jammu and Kashmir,KULGAM,Jammu and Kashmir,KULGAM,Jammu & Kashmir,Kulgam,33.63932666,74.64477373,POINT (74.64477373087155 33.63932666405363),geometry.representative_point,confirmed_exact_unique,confirmed,0,1,0,,1
DPV_0935B1F0810AEB4E,IND_JAMMU_AND_KASHMIR_KUPWARA,Census 2001,Census 2001,305,Jammu and Kashmir,KUPWARA,Jammu and Kashmir,KUPWARA,Jammu and Kashmir,Kupwara,34.57757902,74.28903286,POINT (74.2890328628661 34.5775790190758),geometry.representative_point,confirmed_exact_unique,confirmed,0,1,0,,1
DPV_E6C0A036E537660C,IND_JAMMU_AND_KASHMIR_KUPWARA,Census 2011,Census 2011,326,Jammu and Kashmir,KUPWARA,Jammu and Kashmir,KUPWARA,Jammu & Kashmir,Kupwara,34.57757902,74.28903286,POINT (74.2890328628661 34.5775790190758),geometry.representative_point,confirmed_exact_unique,confirmed,0,1,0,,1
DPV_22865124C218D9D0,IND_JAMMU_AND_KASHMIR_LEH_LADAKH,Census 2001,Census 2001,293,Jammu and Kashmir,LEH LADAKH,Jammu and Kashmir,LEH LADAKH,Jammu and Kashmir,Leh (Ladakh),34.16622266,78.07686805,POINT (78.07686805051574 34.166222663685716),geometry.representative_point,confirmed_exact_unique,confirmed,0,1,0,,1
DPV_94A97C6A26104D6F,IND_JAMMU_AND_KASHMIR_LEH_LADAKH,Census 2011,Census 2011,338,Jammu and Kashmir,LEH LADAKH,Jammu and Kashmir,LEH LADAKH,Jammu & Kashmir,Leh (ladakh),34.16622266,78.07686805,POINT (78.07686805051574 34.166222663685716),geometry.representative_point,confirmed_exact_unique,confirmed,0,1,0,,1
DPV_5F60C61A30701760,IND_JAMMU_AND_KASHMIR_POONCH,Census 2001,Census 2001,325,Jammu and Kashmir,POONCH,Jammu and Kashmir,POONCH,Jammu and Kashmir,Punch,33.69950849,74.18135961,POINT (74.1813596077474 33.69950849021868),geometry.representative_point,working_fuzzy_same_state,working_fallback,0,1,0,,1
DPV_BD7C02570D846096,IND_JAMMU_AND_KASHMIR_POONCH,Census 2011,Census 2011,450,Jammu and Kashmir,POONCH,Jammu and Kashmir,POONCH,Jammu & Kashmir,Punch,33.69950849,74.18135961,POINT (74.1813596077474 33.69950849021868),geometry.representative_point,working_fuzzy_same_state,working_fallback,0,1,0,,1
DPV_DF2D4691E3C68880,IND_JAMMU_AND_KASHMIR_PULWAMA,Census 2001,Census 2001,399,Jammu and Kashmir,PULWAMA,Jammu and Kashmir,PULWAMA,Jammu and Kashmir,Pulwama,33.86052766,75.01073221,POINT (75.01073221078703 33.86052766264997),geometry.representative_point,confirmed_exact_unique,confirmed,0,1,0,,1
DPV_9F0E65B91AC08915,IND_JAMMU_AND_KASHMIR_PULWAMA,Census 2011,Census 2011,449,Jammu and Kashmir,PULWAMA,Jammu and Kashmir,PULWAMA,Jammu & Kashmir,Pulwama,33.93500862,75.05762316,POINT (75.05762315717001 33.935008615197404),geometry.representative_point,confirmed_exact_unique,confirmed,0,1,0,,1
DPV_2A928ED64F7085DF,IND_JAMMU_AND_KASHMIR_RAJAURI,Census 2001,Census 2001,406,Jammu and Kashmir,RAJAURI,Jammu and Kashmir,RAJAURI,Jammu and Kashmir,Rajauri,33.3204704,74.40097044,POINT (74.40097044383208 33.32047039540282),geometry.representative_point,confirmed_exact_unique,confirmed,0,1,0,,1
DPV_A9239C6FE3FDD529,IND_JAMMU_AND_KASHMIR_RAJAURI,Census 2011,Census 2001,406,Jammu and Kashmir,RAJAURI,Jammu and Kashmir,RAJAURI,Jammu and Kashmir,Rajauri,33.3204704,74.40097044,POINT (74.40097044383208 33.32047039540282),geometry.representative_point,alternate_layer_confirmed_name,working_strong,0,1,0,,1
DPV_2CDA9C1E5D8F6BA0,IND_JAMMU_AND_KASHMIR_RAMBAN,Census 2001,Census 2011,471,Jammu and Kashmir,RAMBAN,Jammu and Kashmir,RAMBAN,Jammu & Kashmir,Ramban,33.33269082,75.20476778,POINT (75.20476778059091 33.33269082297872),geometry.representative_point,alternate_layer_confirmed_name,working_strong,0,1,0,,1
DPV_1F80BF4691DE6FC1,IND_JAMMU_AND_KASHMIR_RAMBAN,Census 2011,Census 2011,471,Jammu and Kashmir,RAMBAN,Jammu and Kashmir,RAMBAN,Jammu & Kashmir,Ramban,33.33269082,75.20476778,POINT (75.20476778059091 33.33269082297872),geometry.representative_point,confirmed_exact_unique,confirmed,0,1,0,,1
DPV_0AD3E8BCA54E480E,IND_JAMMU_AND_KASHMIR_REASI,Census 2001,Census 2011,479,Jammu and Kashmir,REASI,Jammu and Kashmir,REASI,Jammu & Kashmir,Reasi,33.19498699,74.77430059,POINT (74.77430059274559 33.19498698740068),geometry.representative_point,alternate_layer_confirmed_name,working_strong,0,1,0,,1
DPV_F37A0447D5659A34,IND_JAMMU_AND_KASHMIR_REASI,Census 2011,Census 2011,479,Jammu and Kashmir,REASI,Jammu and Kashmir,REASI,Jammu & Kashmir,Reasi,33.19498699,74.77430059,POINT (74.77430059274559 33.19498698740068),geometry.representative_point,confirmed_exact_unique,confirmed,0,1,0,,1
DPV_0D4121231049CE7C,IND_JAMMU_AND_KASHMIR_SAMBA,Census 2001,Census 2011,496,Jammu and Kashmir,SAMBA,Jammu and Kashmir,SAMBA,Jammu & Kashmir,Samba,32.58903515,75.13964641,POINT (75.13964641004412 32.58903515363391),geometry.representative_point,alternate_layer_confirmed_name,working_strong,0,1,0,,1
DPV_1B149B5F1CB9328B,IND_JAMMU_AND_KASHMIR_SAMBA,Census 2011,Census 2011,496,Jammu and Kashmir,SAMBA,Jammu and Kashmir,SAMBA,Jammu & Kashmir,Samba,32.58903515,75.13964641,POINT (75.13964641004412 32.58903515363391),geometry.representative_point,confirmed_exact_unique,confirmed,0,1,0,,1
DPV_6C85FDED2D8D552C,IND_JAMMU_AND_KASHMIR_SHOPIAN,Census 2001,Census 2001,458,Jammu and Kashmir,SHOPIAN,Jammu and Kashmir,SHOPIAN,Jammu and Kashmir,Srinagar,34.24787064,75.13559326,POINT (75.1355932562072 34.247870637047626),geometry.representative_point,working_fuzzy_same_state,working_fallback,0,1,0,,1
DPV_CE72B91A4C5D84EC,IND_JAMMU_AND_KASHMIR_SHOPIAN,Census 2011,Census 2011,521,Jammu and Kashmir,SHOPIAN,Jammu and Kashmir,SHOPIAN,Jammu & Kashmir,Shupiyan,33.72250046,74.79818064,POINT (74.79818063847691 33.722500461303056),geometry.representative_point,working_fuzzy_same_state,working_fallback,0,1,0,,1
DPV_51214B3F97D89837,IND_JAMMU_AND_KASHMIR_SRINAGAR,Census 2001,Census 2001,458,Jammu and Kashmir,SRINAGAR,Jammu and Kashmir,SRINAGAR,Jammu and Kashmir,Srinagar,34.24787064,75.13559326,POINT (75.1355932562072 34.247870637047626),geometry.representative_point,confirmed_exact_unique,confirmed,0,1,0,,1
DPV_547B882EA374A91F,IND_JAMMU_AND_KASHMIR_SRINAGAR,Census 2011,Census 2011,550,Jammu and Kashmir,SRINAGAR,Jammu and Kashmir,SRINAGAR,Jammu & Kashmir,Srinagar,34.1583282,74.93774205,POINT (74.93774204887121 34.15832820211857),geometry.representative_point,confirmed_exact_unique,confirmed,0,1,0,,1
DPV_B3AE39A08E11F656,IND_JAMMU_AND_KASHMIR_UDHAMPUR,Census 2001,Census 2001,504,Jammu and Kashmir,UDHAMPUR,Jammu and Kashmir,UDHAMPUR,Jammu and Kashmir,Udhampur,33.07943426,74.96781792,POINT (74.96781791672254 33.07943426082859),geometry.representative_point,confirmed_exact_unique,confirmed,0,1,0,,1
DPV_8AB7AB75871E9D26,IND_JAMMU_AND_KASHMIR_UDHAMPUR,Census 2011,Census 2011,584,Jammu and Kashmir,UDHAMPUR,Jammu and Kashmir,UDHAMPUR,Jammu & Kashmir,Udhampur,32.8949519,75.33495678,POINT (75.33495677738188 32.89495190060314),geometry.representative_point,confirmed_exact_unique,confirmed,0,1,0,,1
DPV_21E3532D4A8FAB6C,IND_JHARKHAND_BOKARO,Census 2001,Census 2001,52,Jharkhand,BOKARO,Jharkhand,BOKARO,Jharkhand,Bokaro,23.69435147,85.99736319,POINT (85.99736319207747 23.694351471070917),geometry.representative_point,confirmed_exact_unique,confirmed,0,1,0,,1
DPV_6347B9C9C323C02E,IND_JHARKHAND_BOKARO,Census 2011,Census 2011,89,Jharkhand,BOKARO,Jharkhand,BOKARO,Jharkhand,Bokaro,23.69435147,85.99736319,POINT (85.99736319207747 23.694351471070917),geometry.representative_point,confirmed_exact_unique,confirmed,0,1,0,,1
DPV_435BDE58E4D3D94C,IND_JHARKHAND_CHATRA,Census 2001,Census 2001,550,Jharkhand,CHATRA,Jharkhand,CHATRA,Jharkhand,Chatra,24.10375673,84.87250146,POINT (84.87250146211525 24.10375673388836),geometry.representative_point,confirmed_exact_unique,confirmed,0,1,0,,1
DPV_E0497D6848E83556,IND_JHARKHAND_CHATRA,Census 2011,Census 2011,109,Jharkhand,CHATRA,Jharkhand,CHATRA,Jharkhand,Chatra,24.10375673,84.87250146,POINT (84.87250146211525 24.10375673388836),geometry.representative_point,confirmed_exact_unique,confirmed,0,1,0,,1
DPV_2038DF0A8A1FFDE8,IND_JHARKHAND_DEOGHAR,Census 2001,Census 2001,114,Jharkhand,DEOGHAR,Jharkhand,DEOGHAR,Jharkhand,Deoghar,24.33222062,86.71466121,POINT (86.71466120716642 24.332220621098845),geometry.representative_point,confirmed_exact_unique,confirmed,0,1,0,,1
DPV_72375AFFADC50E7E,IND_JHARKHAND_DEOGHAR,Census 2011,Census 2011,140,Jharkhand,DEOGHAR,Jharkhand,DEOGHAR,Jharkhand,Deoghar,24.33222062,86.71466121,POINT (86.71466120716642 24.332220621098845),geometry.representative_point,confirmed_exact_unique,confirmed,0,1,0,,1
DPV_389082E6A6707B6D,IND_JHARKHAND_DHANBAD,Census 2001,Census 2001,132,Jharkhand,DHANBAD,Jharkhand,DHANBAD,Jharkhand,Dhanbad,23.83774239,86.46854258,POINT (86.46854257605102 23.8377423855274),geometry.representative_point,confirmed_exact_unique,confirmed,0,1,0,,1
DPV_FA4C6973E09DAF0C,IND_JHARKHAND_DHANBAD,Census 2011,Census 2011,145,Jharkhand,DHANBAD,Jharkhand,DHANBAD,Jharkhand,Dhanbad,23.83774239,86.46854258,POINT (86.46854257605102 23.8377423855274),geometry.representative_point,confirmed_exact_unique,confirmed,0,1,0,,1
DPV_F31D6AA4266BE757,IND_JHARKHAND_DUMKA,Census 2001,Census 2001,146,Jharkhand,DUMKA,Jharkhand,DUMKA,Jharkhand,Dumka,24.22053679,87.34837599,POINT (87.3483759931567 24.220536790179473),geometry.representative_point,confirmed_exact_unique,confirmed,0,1,0,,1
DPV_4094D788C592DAEE,IND_JHARKHAND_DUMKA,Census 2011,Census 2011,161,Jharkhand,DUMKA,Jharkhand,DUMKA,Jharkhand,Dumka,24.31207254,87.31150712,POINT (87.31150711779433 24.312072536177986),geometry.representative_point,confirmed_exact_unique,confirmed,0,1,0,,1
DPV_EF964120B7D5BB8A,IND_JHARKHAND_EAST_SINGHBUM,Census 2001,Census 2001,383,Jharkhand,EAST SINGHBUM,Jharkhand,EAST SINGHBUM,Jharkhand,Pashchimi Singhbhum,22.56218001,85.55523308,POINT (85.55523308013409 22.562180012720262),geometry.representative_point,working_fuzzy_same_state,working_fallback,0,1,0,,1
DPV_D12A31B5162CDB35,IND_JHARKHAND_EAST_SINGHBUM,Census 2011,Census 2011,434,Jharkhand,EAST SINGHBUM,Jharkhand,EAST SINGHBUM,Jharkhand,Pashchimi Singhbhum,22.42815934,85.53234635,POINT (85.5323463487351 22.428159338408708),geometry.representative_point,working_fuzzy_same_state,working_fallback,0,1,0,,1
DPV_B2E0769F308639C1,IND_JHARKHAND_GARHWA,Census 2001,Census 2001,548,Jharkhand,GARHWA,Jharkhand,GARHWA,Jharkhand,Garhwa,24.04801514,83.65594103,POINT (83.65594102560917 24.04801513877727),geometry.representative_point,confirmed_exact_unique,confirmed,0,1,0,,1
DPV_AB9587707A819656,IND_JHARKHAND_GARHWA,Census 2011,Census 2011,193,Jharkhand,GARHWA,Jharkhand,GARHWA,Jharkhand,Garhwa,24.04801514,83.65594103,POINT (83.65594102560917 24.04801513877727),geometry.representative_point,confirmed_exact_unique,confirmed,0,1,0,,1
DPV_AFFA1AAC48072056,IND_JHARKHAND_GIRIDIH,Census 2001,Census 2001,176,Jharkhand,GIRIDIH,Jharkhand,GIRIDIH,Jharkhand,Giridih,24.33459276,86.16477749,POINT (86.16477749016468 24.33459276455616),geometry.representative_point,confirmed_exact_unique,confirmed,0,1,0,,1
DPV_533A173398748881,IND_JHARKHAND_GIRIDIH,Census 2011,Census 2011,199,Jharkhand,GIRIDIH,Jharkhand,GIRIDIH,Jharkhand,Giridih,24.33459276,86.16477749,POINT (86.16477749016468 24.33459276455616),geometry.representative_point,confirmed_exact_unique,confirmed,0,1,0,,1
DPV_41C8E77F36D0DAD1,IND_JHARKHAND_GODDA,Census 2001,Census 2001,178,Jharkhand,GODDA,Jharkhand,GODDA,Jharkhand,Godda,24.86621143,87.30662611,POINT (87.30662610773732 24.86621142916772),geometry.representative_point,confirmed_exact_unique,confirmed,0,1,0,,1
DPV_20CA9C05F8E28E7F,IND_JHARKHAND_GODDA,Census 2011,Census 2011,201,Jharkhand,GODDA,Jharkhand,GODDA,Jharkhand,Godda,24.86621143,87.30662611,POINT (87.30662610773732 24.86621142916772),geometry.representative_point,confirmed_exact_unique,confirmed,0,1,0,,1
DPV_7D6E77DC11F4DF85,IND_JHARKHAND_GUMLA,Census 2001,Census 2001,184,Jharkhand,GUMLA,Jharkhand,GUMLA,Jharkhand,Gumla,22.9740802,84.66221144,POINT (84.66221144394112 22.97408020041492),geometry.representative_point,confirmed_exact_unique,confirmed,0,1,0,,1
DPV_6D8CA9F11F4497E1,IND_JHARKHAND_GUMLA,Census 2011,Census 2011,208,Jharkhand,GUMLA,Jharkhand,GUMLA,Jharkhand,Gumla,23.15856343,84.46453183,POINT (84.46453182820733 23.158563430734837),geometry.representative_point,confirmed_exact_unique,confirmed,0,1,0,,1
DPV_F0FE1232ECDCC3DA,IND_JHARKHAND_HAZARIBAGH,Census 2001,Census 2001,551,Jharkhand,HAZARIBAGH,Jharkhand,HAZARIBAGH,Jharkhand,Hazaribagh,23.89296496,85.32181596,POINT (85.3218159625549 23.89296495594658),geometry.representative_point,confirmed_exact_unique,confirmed,0,1,0,,1
DPV_509F44C0760CF427,IND_JHARKHAND_HAZARIBAGH,Census 2011,Census 2011,225,Jharkhand,HAZARIBAGH,Jharkhand,HAZARIBAGH,Jharkhand,Hazaribagh,24.01450945,85.56028446,POINT (85.56028445873702 24.0145094471519),geometry.representative_point,confirmed_exact_unique,confirmed,0,1,0,,1
DPV_0B5525E5636631C5,IND_JHARKHAND_JAMTARA,Census 2001,Census 2011,250,Jharkhand,JAMTARA,Jharkhand,JAMTARA,Jharkhand,Jamtara,23.98202836,86.93219854,POINT (86.93219854223685 23.982028358816905),geometry.representative_point,alternate_layer_confirmed_name,working_strong,0,1,0,,1
DPV_B9C195F84ED64320,IND_JHARKHAND_JAMTARA,Census 2011,Census 2011,250,Jharkhand,JAMTARA,Jharkhand,JAMTARA,Jharkhand,Jamtara,23.98202836,86.93219854,POINT (86.93219854223685 23.982028358816905),geometry.representative_point,confirmed_exact_unique,confirmed,0,1,0,,1
DPV_88EC05DB1982CADB,IND_JHARKHAND_KHUNTI,Census 2001,Census 2011,300,Jharkhand,KHUNTI,Jharkhand,KHUNTI,Jharkhand,Khunti,22.92379469,85.3054066,POINT (85.30540660430123 22.923794686224994),geometry.representative_point,alternate_layer_confirmed_name,working_strong,0,1,0,,1
DPV_734AFB12772CC9EC,IND_JHARKHAND_KHUNTI,Census 2011,Census 2011,300,Jharkhand,KHUNTI,Jharkhand,KHUNTI,Jharkhand,Khunti,22.92379469,85.3054066,POINT (85.30540660430123 22.923794686224994),geometry.representative_point,confirmed_exact_unique,confirmed,0,1,0,,1
DPV_FF2BD357024F4FEE,IND_JHARKHAND_KODERMA,Census 2001,Census 2001,552,Jharkhand,KODERMA,Jharkhand,KODERMA,Jharkhand,Kodarma,24.45773145,85.49906669,POINT (85.49906668902221 24.457731448889284),geometry.representative_point,working_fuzzy_same_state,working_fallback,0,1,0,,1
DPV_B6557EBBB66D486E,IND_JHARKHAND_KODERMA,Census 2011,Census 2011,307,Jharkhand,KODERMA,Jharkhand,KODERMA,Jharkhand,Kodarma,24.45773145,85.49906669,POINT (85.49906668902221 24.457731448889284),geometry.representative_point,working_fuzzy_same_state,working_fallback,0,1,0,,1
DPV_BE1A65DDEDA6B2F1,IND_JHARKHAND_LATEHAR,Census 2001,Census 2011,335,Jharkhand,LATEHAR,Jharkhand,LATEHAR,Jharkhand,Latehar,23.68511247,84.49789231,POINT (84.49789230621502 23.685112472064674),geometry.representative_point,alternate_layer_confirmed_name,working_strong,0,1,0,,1
DPV_A50A399479211B47,IND_JHARKHAND_LATEHAR,Census 2011,Census 2011,335,Jharkhand,LATEHAR,Jharkhand,LATEHAR,Jharkhand,Latehar,23.68511247,84.49789231,POINT (84.49789230621502 23.685112472064674),geometry.representative_point,confirmed_exact_unique,confirmed,0,1,0,,1
DPV_8A1CA85D7A2A8BC9,IND_JHARKHAND_LOHARDAGA,Census 2001,Census 2001,315,Jharkhand,LOHARDAGA,Jharkhand,LOHARDAGA,Jharkhand,Lohardaga,23.47990624,84.70266256,POINT (84.70266255966206 23.47990623970425),geometry.representative_point,confirmed_exact_unique,confirmed,0,1,0,,1
DPV_67264A977C161653,IND_JHARKHAND_LOHARDAGA,Census 2011,Census 2011,339,Jharkhand,LOHARDAGA,Jharkhand,LOHARDAGA,Jharkhand,Lohardaga,23.47990624,84.70266256,POINT (84.7026625600989 23.479906240148257),geometry.representative_point,confirmed_exact_unique,confirmed,0,1,0,,1
DPV_D2EB83CD0F23BF61,IND_JHARKHAND_PAKUR,Census 2001,Census 2011,421,Jharkhand,PAKUR,Jharkhand,PAKUR,Jharkhand,Pakur,24.53309861,87.59718672,POINT (87.59718672390638 24.53309861366329),geometry.representative_point,alternate_layer_confirmed_name,working_strong,0,1,0,,1
DPV_65E472C7C8C95CE6,IND_JHARKHAND_PAKUR,Census 2011,Census 2011,421,Jharkhand,PAKUR,Jharkhand,PAKUR,Jharkhand,Pakur,24.53309861,87.59718672,POINT (87.59718672390638 24.53309861366329),geometry.representative_point,confirmed_exact_unique,confirmed,0,1,0,,1
DPV_0D780A574B46CB3B,IND_JHARKHAND_PALAMU,Census 2001,Census 2001,549,Jharkhand,PALAMU,Jharkhand,PALAMU,Jharkhand,Palamu,23.98100402,84.25904532,POINT (84.25904532336867 23.981004015892125),geometry.representative_point,confirmed_exact_unique,confirmed,0,1,0,,1
DPV_E63E37CA0B564BB6,IND_JHARKHAND_PALAMU,Census 2011,Census 2011,423,Jharkhand,PALAMU,Jharkhand,PALAMU,Jharkhand,Palamu,24.21425116,84.17590555,POINT (84.17590554820379 24.214251163504432),geometry.representative_point,confirmed_exact_unique,confirmed,0,1,0,,1
DPV_33FACFA8768FCE80,IND_JHARKHAND_RAMGARH,Census 2001,Census 2011,472,Jharkhand,RAMGARH,Jharkhand,RAMGARH,Jharkhand,Ramgarh,23.67808567,85.5183243,POINT (85.51832429543104 23.678085666803284),geometry.representative_point,alternate_layer_confirmed_name,working_strong,0,1,0,,1
DPV_4DFFE65D88DE3CBE,IND_JHARKHAND_RAMGARH,Census 2011,Census 2011,472,Jharkhand,RAMGARH,Jharkhand,RAMGARH,Jharkhand,Ramgarh,23.67808567,85.5183243,POINT (85.51832429543104 23.678085666803284),geometry.representative_point,confirmed_exact_unique,confirmed,0,1,0,,1
DPV_B9F3AE51921E9444,IND_JHARKHAND_RANCHI,Census 2001,Census 2001,434,Jharkhand,RANCHI,Jharkhand,RANCHI,Jharkhand,Ranchi,23.14324619,85.37987153,POINT (85.3798715266233 23.143246192292892),geometry.representative_point,confirmed_exact_unique,confirmed,0,1,0,,1
DPV_D6D2872B89684224,IND_JHARKHAND_RANCHI,Census 2011,Census 2011,474,Jharkhand,RANCHI,Jharkhand,RANCHI,Jharkhand,Ranchi,23.30019308,85.38861268,POINT (85.3886126759827 23.300193077228197),geometry.representative_point,confirmed_exact_unique,confirmed,0,1,0,,1
DPV_5A6EA6D442C4B99B,IND_JHARKHAND_SAHEBGANJ,Census 2001,Census 2001,449,Jharkhand,SAHEBGANJ,Jharkhand,SAHEBGANJ,Jharkhand,Sahibganj,25.03448819,87.69246537,POINT (87.6924653677143 25.03448819312149),geometry.representative_point,working_fuzzy_same_state,working_fallback,0,1,0,,1
DPV_D51BFCA4C3396475,IND_JHARKHAND_SAHEBGANJ,Census 2011,Census 2011,491,Jharkhand,SAHEBGANJ,Jharkhand,SAHEBGANJ,Jharkhand,Sahibganj,25.03448819,87.69246537,POINT (87.6924653677143 25.03448819312149),geometry.representative_point,working_fuzzy_same_state,working_fallback,0,1,0,,1
DPV_EF66F4F8C02AA53F,IND_JHARKHAND_SARAIKELA_KHARSAWAN,Census 2001,Census 2011,502,Jharkhand,SARAIKELA KHARSAWAN,Jharkhand,SARAIKELA KHARSAWAN,Jharkhand,Saraikela-kharsawan,22.81923128,85.9189332,POINT (85.91893319970944 22.81923127654415),geometry.representative_point,alternate_layer_confirmed_name,working_strong,0,1,0,,1
DPV_6716483147B2F215,IND_JHARKHAND_SARAIKELA_KHARSAWAN,Census 2011,Census 2011,502,Jharkhand,SARAIKELA KHARSAWAN,Jharkhand,SARAIKELA KHARSAWAN,Jharkhand,Saraikela-kharsawan,22.81923128,85.9189332,POINT (85.91893319970944 22.81923127654415),geometry.representative_point,confirmed_exact_unique,confirmed,0,1,0,,1
DPV_70CD6EFAF8B3593C,IND_JHARKHAND_SIMDEGA,Census 2001,Census 2011,526,Jharkhand,SIMDEGA,Jharkhand,SIMDEGA,Jharkhand,Simdega,22.58692178,84.54992015,POINT (84.54992014951837 22.586921776093806),geometry.representative_point,alternate_layer_confirmed_name,working_strong,0,1,0,,1
DPV_00DCFB0263B761CE,IND_JHARKHAND_SIMDEGA,Census 2011,Census 2011,526,Jharkhand,SIMDEGA,Jharkhand,SIMDEGA,Jharkhand,Simdega,22.58692178,84.54992015,POINT (84.54992014951837 22.586921776093806),geometry.representative_point,confirmed_exact_unique,confirmed,0,1,0,,1
DPV_58A7B45947F23F8F,IND_JHARKHAND_WEST_SINGHBHUM,Census 2001,Census 2001,277,Jharkhand,WEST SINGHBHUM,Jharkhand,WEST SINGHBHUM,Jharkhand,Purbi Singhbhum,22.61576422,86.38657291,POINT (86.38657290899596 22.61576421773734),geometry.representative_point,working_fuzzy_same_state,working_fallback,0,1,0,,1
DPV_18980DB9A2627D69,IND_JHARKHAND_WEST_SINGHBHUM,Census 2011,Census 2011,454,Jharkhand,WEST SINGHBHUM,Jharkhand,WEST SINGHBHUM,Jharkhand,Purbi Singhbhum,22.61576422,86.38657291,POINT (86.38657290899596 22.61576421773734),geometry.representative_point,working_fuzzy_same_state,working_fallback,0,1,0,,1
DPV_6DB95B7CAE0DB5C1,IND_KARNATAKA_BAGALKOT,Census 2001,Census 2001,12,Karnataka,BAGALKOT,Karnataka,BAGALKOT,Karnataka,Bagalkot,16.28965398,75.5804741,POINT (75.58047410145613 16.289653980301726),geometry.representative_point,confirmed_exact_unique,confirmed,0,1,0,,1
DPV_C9303DB087BE0342,IND_KARNATAKA_BAGALKOT,Census 2011,Census 2011,32,Karnataka,BAGALKOT,Karnataka,BAGALKOT,Karnataka,Bagalkot,16.28965398,75.5804741,POINT (75.58047410145613 16.289653980301726),geometry.representative_point,confirmed_exact_unique,confirmed,0,1,0,,1
DPV_8CCA04CA3511863F,IND_KARNATAKA_BANGALORE_RURAL,Census 2001,Census 2001,74,Karnataka,BANGALORE RURAL,Karnataka,BANGALORE RURAL,Karnataka,Bangalore Rural,12.87253349,77.24183345,POINT (77.24183344851959 12.872533487751584),geometry.representative_point,confirmed_exact_unique,confirmed,0,1,0,,1
DPV_3C7A4A51B73F067E,IND_KARNATAKA_BANGALORE_RURAL,Census 2011,Census 2011,45,Karnataka,BANGALORE RURAL,Karnataka,BANGALORE RURAL,Karnataka,Bangalore Rural,13.18092163,77.33959745,POINT (77.33959745308506 13.1809216324482),geometry.representative_point,confirmed_exact_unique,confirmed,0,1,0,,1
DPV_2DD4A373DC18C432,IND_KARNATAKA_BELGAUM,Census 2001,Census 2001,60,Karnataka,BELGAUM,Karnataka,BELGAUM,Karnataka,Belgaum,16.16330302,74.88938778,POINT (74.88938778421912 16.163303022767483),geometry.representative_point,confirmed_exact_unique,confirmed,0,1,0,,1
DPV_D6E4C08ACDA9A35B,IND_KARNATAKA_BELGAUM,Census 2011,Census 2011,65,Karnataka,BELGAUM,Karnataka,BELGAUM,Karnataka,Belgaum,16.16330302,74.88938778,POINT (74.88938778421912 16.163303022767483),geometry.representative_point,confirmed_exact_unique,confirmed,0,1,0,,1
DPV_F665D130D6A65222,IND_KARNATAKA_BELLARY,Census 2001,Census 2001,61,Karnataka,BELLARY,Karnataka,BELLARY,Karnataka,Bellary,15.1978239,76.70988428,POINT (76.70988428058831 15.197823895458509),geometry.representative_point,confirmed_exact_unique,confirmed,0,1,0,,1
DPV_0729B57A226B9243,IND_KARNATAKA_BELLARY,Census 2011,Census 2011,66,Karnataka,BELLARY,Karnataka,BELLARY,Karnataka,Bellary,15.1978239,76.70988428,POINT (76.70988428058831 15.197823895458509),geometry.representative_point,confirmed_exact_unique,confirmed,0,1,0,,1
DPV_F18D2C285F9848F5,IND_KARNATAKA_BENGALURU_URBAN,Census 2001,Census 2001,74,Karnataka,BENGALURU URBAN,Karnataka,BENGALURU URBAN,Karnataka,Bangalore Rural,12.87253349,77.24183345,POINT (77.24183344851959 12.872533487751584),geometry.representative_point,working_fuzzy_same_state,working_fallback,0,1,0,,1
DPV_9FC6D822FD09232A,IND_KARNATAKA_BENGALURU_URBAN,Census 2011,Census 2011,45,Karnataka,BENGALURU URBAN,Karnataka,BENGALURU URBAN,Karnataka,Bangalore Rural,13.18092163,77.33959745,POINT (77.33959745308506 13.1809216324482),geometry.representative_point,working_fuzzy_same_state,working_fallback,0,1,0,,1
DPV_B614AF9B8E8DED1C,IND_KARNATAKA_BIDAR,Census 2001,Census 2001,45,Karnataka,BIDAR,Karnataka,BIDAR,Karnataka,Bidar,18.01913929,77.25614391,POINT (77.25614390783848 18.0191392897869),geometry.representative_point,confirmed_exact_unique,confirmed,0,1,0,,1
DPV_20207D637B46D813,IND_KARNATAKA_BIDAR,Census 2011,Census 2011,80,Karnataka,BIDAR,Karnataka,BIDAR,Karnataka,Bidar,18.01913929,77.25614391,POINT (77.25614390783848 18.0191392897869),geometry.representative_point,confirmed_exact_unique,confirmed,0,1,0,,1
DPV_BFAD0660C1B10A8E,IND_KARNATAKA_BIJAPUR,Census 2001,Census 2001,46,Karnataka,BIJAPUR,Karnataka,BIJAPUR,Karnataka,Bijapur,16.81567952,75.88233434,POINT (75.88233434098251 16.8156795164762),geometry.representative_point,confirmed_exact_unique,confirmed,0,1,0,,1
DPV_B86C792EA1A88141,IND_KARNATAKA_BIJAPUR,Census 2011,Census 2011,82,Karnataka,BIJAPUR,Karnataka,BIJAPUR,Karnataka,Bijapur,16.81567952,75.88233434,POINT (75.88233434119917 16.815679516945124),geometry.representative_point,confirmed_exact_unique,confirmed,0,1,0,,1
DPV_B5BA5F541FFBFA97,IND_KARNATAKA_CHAMARAJANAGAR,Census 2001,Census 2001,84,Karnataka,CHAMARAJANAGAR,Karnataka,CHAMARAJANAGAR,Karnataka,Chamarajanagar,11.94752132,77.10167859,POINT (77.10167859489152 11.947521317665414),geometry.representative_point,confirmed_exact_unique,confirmed,0,1,0,,1
DPV_32FE55FF7B8D739A,IND_KARNATAKA_CHAMARAJANAGAR,Census 2011,Census 2001,84,Karnataka,CHAMARAJANAGAR,Karnataka,CHAMARAJANAGAR,Karnataka,Chamarajanagar,11.94752132,77.10167859,POINT (77.10167859489152 11.947521317665414),geometry.representative_point,alternate_layer_confirmed_name,working_strong,0,1,0,,1
DPV_55B05CCAF4AE8FB6,IND_KARNATAKA_CHIKBALLAPUR,Census 2001,Census 2001,89,Karnataka,CHIKBALLAPUR,Karnataka,CHIKBALLAPUR,Karnataka,Chikmagalur,13.40559989,75.64002332,POINT (75.64002331813991 13.405599891209146),geometry.representative_point,working_fuzzy_same_state,working_fallback,0,1,0,,1
DPV_351C955012D63199,IND_KARNATAKA_CHIKBALLAPUR,Census 2011,Census 2011,113,Karnataka,CHIKBALLAPUR,Karnataka,CHIKBALLAPUR,Karnataka,Chikkaballapura,13.58892266,77.78175694,POINT (77.78175694204899 13.588922657891462),geometry.representative_point,working_fuzzy_same_state,working_fallback,0,1,0,,1
DPV_11C54339A44F14BF,IND_KARNATAKA_CHIKMAGALUR,Census 2001,Census 2001,89,Karnataka,CHIKMAGALUR,Karnataka,CHIKMAGALUR,Karnataka,Chikmagalur,13.40559989,75.64002332,POINT (75.64002331813991 13.405599891209146),geometry.representative_point,confirmed_exact_unique,confirmed,0,1,0,,1
DPV_7FE0B9D5EF3EAC81,IND_KARNATAKA_CHIKMAGALUR,Census 2011,Census 2011,114,Karnataka,CHIKMAGALUR,Karnataka,CHIKMAGALUR,Karnataka,Chikmagalur,13.40559989,75.64002332,POINT (75.64002331813991 13.405599891209146),geometry.representative_point,confirmed_exact_unique,confirmed,0,1,0,,1
DPV_EE7D3D1988C0CC23,IND_KARNATAKA_CHITRADURGA,Census 2001,Census 2001,90,Karnataka,CHITRADURGA,Karnataka,CHITRADURGA,Karnataka,Chitradurga,14.30426857,76.53278022,POINT (76.5327802212621 14.304268568695319),geometry.representative_point,confirmed_exact_unique,confirmed,0,1,0,,1
DPV_A9C9D3463D2102D7,IND_KARNATAKA_CHITRADURGA,Census 2011,Census 2011,116,Karnataka,CHITRADURGA,Karnataka,CHITRADURGA,Karnataka,Chitradurga,14.30426857,76.53278022,POINT (76.5327802212621 14.304268568695319),geometry.representative_point,confirmed_exact_unique,confirmed,0,1,0,,1
DPV_01237F783D8A8E91,IND_KARNATAKA_DAKSHIN_KANNAD,Census 2001,Census 2001,120,Karnataka,DAKSHIN KANNAD,Karnataka,DAKSHIN KANNAD,Karnataka,Dakshina Kannada,12.82225976,75.22560111,POINT (75.22560111246341 12.822259755855516),geometry.representative_point,working_fuzzy_same_state,working_fallback,0,1,0,,1
DPV_1A879463B4E174CD,IND_KARNATAKA_DAKSHIN_KANNAD,Census 2011,Census 2011,129,Karnataka,DAKSHIN KANNAD,Karnataka,DAKSHIN KANNAD,Karnataka,Dakshina Kannada,12.82225976,75.22560111,POINT (75.22560111246341 12.822259755855516),geometry.representative_point,working_fuzzy_same_state,working_fallback,0,1,0,,1
DPV_ABCB70A6AB024000,IND_KARNATAKA_DAVANGERE,Census 2001,Census 2001,129,Karnataka,DAVANGERE,Karnataka,DAVANGERE,Karnataka,Davanagere,14.36795745,75.88788461,POINT (75.88788460770004 14.367957450118883),geometry.representative_point,working_fuzzy_same_state,working_fallback,0,1,0,,1
DPV_B500BB996E52D3F6,IND_KARNATAKA_DAVANGERE,Census 2011,Census 2011,137,Karnataka,DAVANGERE,Karnataka,DAVANGERE,Karnataka,Davanagere,14.36795745,75.88788461,POINT (75.88788460770004 14.367957450118883),geometry.representative_point,working_fuzzy_same_state,working_fallback,0,1,0,,1
DPV_CD27B3E710C1BDB2,IND_KARNATAKA_DHARWAD,Census 2001,Census 2001,135,Karnataka,DHARWAD,Karnataka,DHARWAD,Karnataka,Dharwad,15.36933595,75.13538371,POINT (75.13538371046678 15.369335951337463),geometry.representative_point,confirmed_exact_unique,confirmed,0,1,0,,1
DPV_969CB6E2B26F3B3A,IND_KARNATAKA_DHARWAD,Census 2011,Census 2011,148,Karnataka,DHARWAD,Karnataka,DHARWAD,Karnataka,Dharwad,15.36933595,75.13538371,POINT (75.13538371046678 15.369335951337463),geometry.representative_point,confirmed_exact_unique,confirmed,0,1,0,,1
DPV_F0313AC62EE625AD,IND_KARNATAKA_GADAG,Census 2001,Census 2001,198,Karnataka,GADAG,Karnataka,GADAG,Karnataka,Gadag,15.41612631,75.68206133,POINT (75.68206132693084 15.416126310467876),geometry.representative_point,confirmed_exact_unique,confirmed,0,1,0,,1
DPV_E766F6DE6BAF96B4,IND_KARNATAKA_GADAG,Census 2011,Census 2011,186,Karnataka,GADAG,Karnataka,GADAG,Karnataka,Gadag,15.41612631,75.68206133,POINT (75.68206132693084 15.416126310467876),geometry.representative_point,confirmed_exact_unique,confirmed,0,1,0,,1
DPV_AC164811A6AAA286,IND_KARNATAKA_GULBARGA,Census 2001,Census 2001,183,Karnataka,GULBARGA,Karnataka,GULBARGA,Karnataka,Gulbarga,16.98699301,76.95975243,POINT (76.95975243310295 16.98699301454976),geometry.representative_point,confirmed_exact_unique,confirmed,0,1,0,,1
DPV_1A547DB328728485,IND_KARNATAKA_GULBARGA,Census 2011,Census 2011,207,Karnataka,GULBARGA,Karnataka,GULBARGA,Karnataka,Gulbarga,17.23821715,76.76971663,POINT (76.76971663275125 17.238217149005944),geometry.representative_point,confirmed_exact_unique,confirmed,0,1,0,,1
DPV_70F3BA10BA2C0A3C,IND_KARNATAKA_HASSAN,Census 2001,Census 2001,207,Karnataka,HASSAN,Karnataka,HASSAN,Karnataka,Hassan,13.02934532,76.17354835,POINT (76.17354835276458 13.029345316342534),geometry.representative_point,confirmed_exact_unique,confirmed,0,1,0,,1
DPV_29ED28FDECFB8E1A,IND_KARNATAKA_HASSAN,Census 2011,Census 2011,222,Karnataka,HASSAN,Karnataka,HASSAN,Karnataka,Hassan,13.02934532,76.17354835,POINT (76.17354835276458 13.029345316342534),geometry.representative_point,confirmed_exact_unique,confirmed,0,1,0,,1
DPV_773BD28708F9DA54,IND_KARNATAKA_HAVERI,Census 2001,Census 2001,209,Karnataka,HAVERI,Karnataka,HAVERI,Karnataka,Haveri,14.71657094,75.38918416,POINT (75.38918415943124 14.716570935936396),geometry.representative_point,confirmed_exact_unique,confirmed,0,1,0,,1
DPV_89B999D54A355564,IND_KARNATAKA_HAVERI,Census 2011,Census 2011,224,Karnataka,HAVERI,Karnataka,HAVERI,Karnataka,Haveri,14.71657094,75.38918416,POINT (75.38918415943124 14.716570935936396),geometry.representative_point,confirmed_exact_unique,confirmed,0,1,0,,1
DPV_FCF695FC7F8F7233,IND_KARNATAKA_KODAGU,Census 2001,Census 2001,264,Karnataka,KODAGU,Karnataka,KODAGU,Karnataka,Kodagu,12.38268612,75.66189233,POINT (75.66189233330351 12.38268611995137),geometry.representative_point,confirmed_exact_unique,confirmed,0,1,0,,1
DPV_658BCD08BCDB343C,IND_KARNATAKA_KODAGU,Census 2011,Census 2011,306,Karnataka,KODAGU,Karnataka,KODAGU,Karnataka,Kodagu,12.38268612,75.66189233,POINT (75.66189233330351 12.38268611995137),geometry.representative_point,confirmed_exact_unique,confirmed,0,1,0,,1
DPV_734290FF520735DF,IND_KARNATAKA_KOLAR,Census 2001,Census 2001,265,Karnataka,KOLAR,Karnataka,KOLAR,Karnataka,Kolar,13.36064134,78.0620827,POINT (78.06208270031459 13.36064133667226),geometry.representative_point,confirmed_exact_unique,confirmed,0,1,0,,1
DPV_55FF55E988F290D6,IND_KARNATAKA_KOLAR,Census 2011,Census 2011,310,Karnataka,KOLAR,Karnataka,KOLAR,Karnataka,Kolar,13.18046203,78.26858167,POINT (78.2685816654035 13.180462025372282),geometry.representative_point,confirmed_exact_unique,confirmed,0,1,0,,1
DPV_385BC83058A2B25D,IND_KARNATAKA_KOPPAL,Census 2001,Census 2001,286,Karnataka,KOPPAL,Karnataka,KOPPAL,Karnataka,Koppal,15.57612597,76.31220857,POINT (76.31220856616402 15.576125973824723),geometry.representative_point,confirmed_exact_unique,confirmed,0,1,0,,1
DPV_BFE98C550247C2F7,IND_KARNATAKA_KOPPAL,Census 2011,Census 2011,315,Karnataka,KOPPAL,Karnataka,KOPPAL,Karnataka,Koppal,15.57612597,76.31220857,POINT (76.31220856616402 15.576125973824723),geometry.representative_point,confirmed_exact_unique,confirmed,0,1,0,,1
DPV_DDFC52F5B1080650,IND_KARNATAKA_MANDYA,Census 2001,Census 2001,275,Karnataka,MANDYA,Karnataka,MANDYA,Karnataka,Mandya,12.6355364,76.72992286,POINT (76.72992285608306 12.635536400420703),geometry.representative_point,confirmed_exact_unique,confirmed,0,1,0,,1
DPV_54A18763A7F2C586,IND_KARNATAKA_MANDYA,Census 2011,Census 2011,365,Karnataka,MANDYA,Karnataka,MANDYA,Karnataka,Mandya,12.6355364,76.72992286,POINT (76.72992285608306 12.635536400420703),geometry.representative_point,confirmed_exact_unique,confirmed,0,1,0,,1
DPV_5675E815BAC1465F,IND_KARNATAKA_MYSORE,Census 2001,Census 2001,330,Karnataka,MYSORE,Karnataka,MYSORE,Karnataka,Mysore,12.19647628,76.61206062,POINT (76.61206062095025 12.196476276062725),geometry.representative_point,confirmed_exact_unique,confirmed,0,1,0,,1
DPV_588743D51A61CA1B,IND_KARNATAKA_MYSORE,Census 2011,Census 2011,387,Karnataka,MYSORE,Karnataka,MYSORE,Karnataka,Mysore,12.19647628,76.61206062,POINT (76.61206062095025 12.196476276062725),geometry.representative_point,confirmed_exact_unique,confirmed,0,1,0,,1
DPV_05BC15C6CFC692C9,IND_KARNATAKA_RAICHUR,Census 2001,Census 2001,400,Karnataka,RAICHUR,Karnataka,RAICHUR,Karnataka,Raichur,16.05353001,76.90300114,POINT (76.90300114096844 16.05353000518766),geometry.representative_point,confirmed_exact_unique,confirmed,0,1,0,,1
DPV_FFD4F3DFDFC6DC60,IND_KARNATAKA_RAICHUR,Census 2011,Census 2011,459,Karnataka,RAICHUR,Karnataka,RAICHUR,Karnataka,Raichur,16.05353001,76.90300114,POINT (76.90300114096844 16.05353000518766),geometry.representative_point,confirmed_exact_unique,confirmed,0,1,0,,1
DPV_F016AEB7232CFB7B,IND_KARNATAKA_RAMANAGARA,Census 2001,Census 2011,469,Karnataka,RAMANAGARA,Karnataka,RAMANAGARA,Karnataka,Ramanagara,12.72041546,77.31948451,POINT (77.31948450611834 12.720415464096524),geometry.representative_point,alternate_layer_confirmed_name,working_strong,0,1,0,,1
DPV_E99F8793F4068926,IND_KARNATAKA_RAMANAGARA,Census 2011,Census 2011,469,Karnataka,RAMANAGARA,Karnataka,RAMANAGARA,Karnataka,Ramanagara,12.72041546,77.31948451,POINT (77.31948450611834 12.720415464096524),geometry.representative_point,confirmed_exact_unique,confirmed,0,1,0,,1
DPV_F088315682B6B797,IND_KARNATAKA_SHIMOGA,Census 2001,Census 2001,431,Karnataka,SHIMOGA,Karnataka,SHIMOGA,Karnataka,Shimoga,14.05458584,75.23806597,POINT (75.23806597197422 14.054585840091178),geometry.representative_point,confirmed_exact_unique,confirmed,0,1,0,,1
DPV_03C7212468ADD91F,IND_KARNATAKA_SHIMOGA,Census 2011,Census 2011,518,Karnataka,SHIMOGA,Karnataka,SHIMOGA,Karnataka,Shimoga,14.05458584,75.23806597,POINT (75.23806597197422 14.054585840091178),geometry.representative_point,confirmed_exact_unique,confirmed,0,1,0,,1
DPV_4BBFA1A4030609ED,IND_KARNATAKA_TUMKUR,Census 2001,Census 2001,474,Karnataka,TUMKUR,Karnataka,TUMKUR,Karnataka,Tumkur,13.41892189,76.88210216,POINT (76.88210216244352 13.41892189472956),geometry.representative_point,confirmed_exact_unique,confirmed,0,1,0,,1
DPV_5F38BF1C6300E003,IND_KARNATAKA_TUMKUR,Census 2011,Census 2011,581,Karnataka,TUMKUR,Karnataka,TUMKUR,Karnataka,Tumkur,13.41892189,76.88210216,POINT (76.88210216244352 13.41892189472956),geometry.representative_point,confirmed_exact_unique,confirmed,0,1,0,,1
DPV_27E69BC71BEA53EA,IND_KARNATAKA_UDUPI,Census 2001,Census 2001,505,Karnataka,UDUPI,Karnataka,UDUPI,Karnataka,Udupi,13.48284445,74.89500301,POINT (74.8950030137976 13.482844446285123),geometry.representative_point,confirmed_exact_unique,confirmed,0,1,0,,1
DPV_155A23A53DA4618E,IND_KARNATAKA_UDUPI,Census 2011,Census 2011,586,Karnataka,UDUPI,Karnataka,UDUPI,Karnataka,Udupi,13.48284445,74.89500301,POINT (74.8950030137976 13.482844446285123),geometry.representative_point,confirmed_exact_unique,confirmed,0,1,0,,1
DPV_6C883575765C9FC2,IND_KARNATAKA_UTTAR_KANNAD,Census 2001,Census 2001,510,Karnataka,UTTAR KANNAD,Karnataka,UTTAR KANNAD,Karnataka,Uttara Kannada,14.72477026,74.64368043,POINT (74.64368043456892 14.72477025553203),geometry.representative_point,working_fuzzy_same_state,working_fallback,0,1,0,,1
DPV_E8A9E99C9BE7C03D,IND_KARNATAKA_UTTAR_KANNAD,Census 2011,Census 2011,595,Karnataka,UTTAR KANNAD,Karnataka,UTTAR KANNAD,Karnataka,Uttara Kannada,14.72477026,74.64368043,POINT (74.64368043456892 14.72477025553203),geometry.representative_point,working_fuzzy_same_state,working_fallback,0,1,0,,1
DPV_B76DD55F76E324DA,IND_KARNATAKA_YADGIR,Census 2001,Census 2011,621,Karnataka,YADGIR,Karnataka,YADGIR,Karnataka,Yadgir,16.57364249,76.9258538,POINT (76.92585379749096 16.57364249462396),geometry.representative_point,alternate_layer_confirmed_name,working_strong,0,1,0,,1
DPV_3A0DFB5912FEFB5D,IND_KARNATAKA_YADGIR,Census 2011,Census 2011,621,Karnataka,YADGIR,Karnataka,YADGIR,Karnataka,Yadgir,16.57364249,76.9258538,POINT (76.92585379749096 16.57364249462396),geometry.representative_point,confirmed_exact_unique,confirmed,0,1,0,,1
DPV_06F032497AB4137A,IND_KERALA_ALAPPUZHA,Census 2001,Census 2001,21,Kerala,ALAPPUZHA,Kerala,ALAPPUZHA,Kerala,Alappuzha,9.4907163,76.41464279,POINT (76.41464278781268 9.490716298065),geometry.representative_point,confirmed_exact_unique,confirmed,0,1,0,,1
DPV_F1578462FFA918B5,IND_KERALA_ALAPPUZHA,Census 2011,Census 2011,7,Kerala,ALAPPUZHA,Kerala,ALAPPUZHA,Kerala,Alappuzha,9.4907163,76.41464279,POINT (76.41464278781268 9.490716298065),geometry.representative_point,confirmed_exact_unique,confirmed,0,1,0,,1
DPV_8927B194FEC984C4,IND_KERALA_ERNAKULAM,Census 2001,Census 2001,168,Kerala,ERNAKULAM,Kerala,ERNAKULAM,Kerala,Ernakulam,10.04471139,76.49757527,POINT (76.49757526724669 10.04471139324949),geometry.representative_point,confirmed_exact_unique,confirmed,0,1,0,,1
DPV_CFED06469DC58357,IND_KERALA_ERNAKULAM,Census 2011,Census 2011,173,Kerala,ERNAKULAM,Kerala,ERNAKULAM,Kerala,Ernakulam,10.04471139,76.49757527,POINT (76.49757526724669 10.04471139324949),geometry.representative_point,confirmed_exact_unique,confirmed,0,1,0,,1
DPV_0419BAE221D57778,IND_KERALA_IDUKKI,Census 2001,Census 2001,216,Kerala,IDUKKI,Kerala,IDUKKI,Kerala,Idukki,9.81351166,77.00182843,POINT (77.00182843205722 9.813511659158095),geometry.representative_point,confirmed_exact_unique,confirmed,0,1,0,,1
DPV_795BCB107CAFE98D,IND_KERALA_IDUKKI,Census 2011,Census 2011,232,Kerala,IDUKKI,Kerala,IDUKKI,Kerala,Idukki,9.81351166,77.00182843,POINT (77.00182843205722 9.813511659158095),geometry.representative_point,confirmed_exact_unique,confirmed,0,1,0,,1
DPV_F57B8E5A6060257B,IND_KERALA_KANNUR,Census 2001,Census 2001,162,Kerala,KANNUR,Kerala,KANNUR,Kerala,Kannur,11.98696238,75.56282357,POINT (75.56282357134069 11.986962383713923),geometry.representative_point,confirmed_exact_unique,confirmed,0,1,0,,1
DPV_5EDFB7EBA53BFEDF,IND_KERALA_KANNUR,Census 2011,Census 2011,277,Kerala,KANNUR,Kerala,KANNUR,Kerala,Kannur,11.98696238,75.56282357,POINT (75.56282357134069 11.986962383713923),geometry.representative_point,confirmed_exact_unique,confirmed,0,1,0,,1
DPV_F21A8A6F8D2EE36E,IND_KERALA_KASARAGOD,Census 2001,Census 2001,106,Kerala,KASARAGOD,Kerala,KASARAGOD,Kerala,Kasaragod,12.42739369,75.19226225,POINT (75.19226224538019 12.427393687467013),geometry.representative_point,confirmed_exact_unique,confirmed,0,1,0,,1
DPV_4B509571876A7B10,IND_KERALA_KASARAGOD,Census 2011,Census 2011,288,Kerala,KASARAGOD,Kerala,KASARAGOD,Kerala,Kasaragod,12.42739369,75.19226225,POINT (75.19226224538019 12.427393687467013),geometry.representative_point,confirmed_exact_unique,confirmed,0,1,0,,1
DPV_855DE8B907EDA686,IND_KERALA_KOLLAM,Census 2001,Census 2001,301,Kerala,KOLLAM,Kerala,KOLLAM,Kerala,Kollam,8.96804796,76.85851249,POINT (76.85851248975999 8.968047962037936),geometry.representative_point,confirmed_exact_unique,confirmed,0,1,0,,1
DPV_7166BEE889FE511A,IND_KERALA_KOLLAM,Census 2011,Census 2011,314,Kerala,KOLLAM,Kerala,KOLLAM,Kerala,Kollam,8.96804796,76.85851249,POINT (76.85851248975999 8.968047962037936),geometry.representative_point,confirmed_exact_unique,confirmed,0,1,0,,1
DPV_2187CE728BC277B6,IND_KERALA_KOTTAYAM,Census 2001,Census 2001,302,Kerala,KOTTAYAM,Kerala,KOTTAYAM,Kerala,Kottayam,9.62963529,76.6485794,POINT (76.64857940417663 9.629635286192595),geometry.representative_point,confirmed_exact_unique,confirmed,0,1,0,,1
DPV_B5DC828B2C4C4E28,IND_KERALA_KOTTAYAM,Census 2011,Census 2011,320,Kerala,KOTTAYAM,Kerala,KOTTAYAM,Kerala,Kottayam,9.62963529,76.6485794,POINT (76.64857940417663 9.629635286192595),geometry.representative_point,confirmed_exact_unique,confirmed,0,1,0,,1
DPV_3F8CD0B8B18A4FB6,IND_KERALA_KOZHIKODE,Census 2001,Census 2001,303,Kerala,KOZHIKODE,Kerala,KOZHIKODE,Kerala,Kozhikode,11.46419044,75.88005799,POINT (75.88005799139725 11.464190443021447),geometry.representative_point,confirmed_exact_unique,confirmed,0,1,0,,1
DPV_FDB2F67D54E48092,IND_KERALA_KOZHIKODE,Census 2011,Census 2011,321,Kerala,KOZHIKODE,Kerala,KOZHIKODE,Kerala,Kozhikode,11.46419044,75.88005799,POINT (75.88005799139725 11.464190443021447),geometry.representative_point,confirmed_exact_unique,confirmed,0,1,0,,1
DPV_754053AFFC68F52D,IND_KERALA_MALAPPURAM,Census 2001,Census 2001,324,Kerala,MALAPPURAM,Kerala,MALAPPURAM,Kerala,Malappuram,11.10532599,76.11484024,POINT (76.11484023888221 11.105325992196097),geometry.representative_point,confirmed_exact_unique,confirmed,0,1,0,,1
DPV_1858D330E03C6314,IND_KERALA_MALAPPURAM,Census 2011,Census 2011,358,Kerala,MALAPPURAM,Kerala,MALAPPURAM,Kerala,Malappuram,11.10532599,76.11484024,POINT (76.11484023888221 11.105325992196097),geometry.representative_point,confirmed_exact_unique,confirmed,0,1,0,,1
DPV_23CA1087E4A96795,IND_KERALA_PALAKKAD,Census 2001,Census 2001,371,Kerala,PALAKKAD,Kerala,PALAKKAD,Kerala,Palakkad,10.78821307,76.47467255,POINT (76.47467254951232 10.78821306818785),geometry.representative_point,confirmed_exact_unique,confirmed,0,1,0,,1
DPV_D13887AF84E473AB,IND_KERALA_PALAKKAD,Census 2011,Census 2011,422,Kerala,PALAKKAD,Kerala,PALAKKAD,Kerala,Palakkad,10.78821307,76.47467255,POINT (76.47467254951232 10.78821306818785),geometry.representative_point,confirmed_exact_unique,confirmed,0,1,0,,1
DPV_538F1554DA2B5D47,IND_KERALA_PATHANAMTHITTA,Census 2001,Census 2001,388,Kerala,PATHANAMTHITTA,Kerala,PATHANAMTHITTA,Kerala,Pathanamthitta,9.28095938,76.9752027,POINT (76.9752027012895 9.280959379971609),geometry.representative_point,confirmed_exact_unique,confirmed,0,1,0,,1
DPV_42A27580DF73341A,IND_KERALA_PATHANAMTHITTA,Census 2011,Census 2011,436,Kerala,PATHANAMTHITTA,Kerala,PATHANAMTHITTA,Kerala,Pathanamthitta,9.28095938,76.9752027,POINT (76.9752027012895 9.280959379971609),geometry.representative_point,confirmed_exact_unique,confirmed,0,1,0,,1
DPV_0F099292EFEDE26B,IND_KERALA_THIRUVANANTHAPURAM,Census 2001,Census 2001,495,Kerala,THIRUVANANTHAPURAM,Kerala,THIRUVANANTHAPURAM,Kerala,Thiruvananthapuram,8.57693071,77.05267701,POINT (77.05267700532384 8.576930708890538),geometry.representative_point,confirmed_exact_unique,confirmed,0,1,0,,1
DPV_E95B13BADCB95CF5,IND_KERALA_THIRUVANANTHAPURAM,Census 2011,Census 2011,567,Kerala,THIRUVANANTHAPURAM,Kerala,THIRUVANANTHAPURAM,Kerala,Thiruvananthapuram,8.57693071,77.05267701,POINT (77.05267700532384 8.576930708890538),geometry.representative_point,confirmed_exact_unique,confirmed,0,1,0,,1
DPV_3F55D6CEF943B42D,IND_KERALA_THRISSUR,Census 2001,Census 2001,472,Kerala,THRISSUR,Kerala,THRISSUR,Kerala,Thrissur,10.47835393,76.27307208,POINT (76.27307207688571 10.478353930818912),geometry.representative_point,confirmed_exact_unique,confirmed,0,1,0,,1
DPV_8018CF0862FB8627,IND_KERALA_THRISSUR,Census 2011,Census 2011,571,Kerala,THRISSUR,Kerala,THRISSUR,Kerala,Thrissur,10.47835393,76.27307208,POINT (76.27307207688571 10.478353930818912),geometry.representative_point,confirmed_exact_unique,confirmed,0,1,0,,1
DPV_01D4F652B51F1FF9,IND_KERALA_WAYANAD,Census 2001,Census 2001,527,Kerala,WAYANAD,Kerala,WAYANAD,Kerala,Wayanad,11.7129786,76.12660127,POINT (76.12660126626167 11.712978601730406),geometry.representative_point,confirmed_exact_unique,confirmed,0,1,0,,1
DPV_159D260582C6B3B1,IND_KERALA_WAYANAD,Census 2011,Census 2011,610,Kerala,WAYANAD,Kerala,WAYANAD,Kerala,Wayanad,11.7129786,76.12660127,POINT (76.12660126626167 11.712978601730406),geometry.representative_point,confirmed_exact_unique,confirmed,0,1,0,,1
DPV_886111C258A49E04,IND_MADHYA_PRADESH_AGAR_MALWA,Census 2001,Census 2001,446,Madhya Pradesh,AGAR MALWA,Madhya Pradesh,AGAR MALWA,Madhya Pradesh,Sagar,23.80930903,78.75867437,POINT (78.7586743722145 23.809309026773594),geometry.representative_point,working_fuzzy_same_state,working_fallback,0,1,0,,1
DPV_87D121A1168DC2B1,IND_MADHYA_PRADESH_AGAR_MALWA,Census 2011,Census 2011,488,Madhya Pradesh,AGAR MALWA,Madhya Pradesh,AGAR MALWA,Madhya Pradesh,Sagar,23.80930903,78.75867437,POINT (78.7586743722145 23.809309026773594),geometry.representative_point,working_fuzzy_same_state,working_fallback,0,1,0,,1
DPV_9754A658C37EA00B,IND_MADHYA_PRADESH_ALIRAJPUR,Census 2001,Census 2011,9,Madhya Pradesh,ALIRAJPUR,Madhya Pradesh,ALIRAJPUR,Madhya Pradesh,Alirajpur,22.28636951,74.35613683,POINT (74.35613683406372 22.28636950865082),geometry.representative_point,alternate_layer_confirmed_name,working_strong,0,1,0,,1
DPV_899295F9C50B85BA,IND_MADHYA_PRADESH_ALIRAJPUR,Census 2011,Census 2011,9,Madhya Pradesh,ALIRAJPUR,Madhya Pradesh,ALIRAJPUR,Madhya Pradesh,Alirajpur,22.28636951,74.35613683,POINT (74.35613683406372 22.28636950865082),geometry.representative_point,confirmed_exact_unique,confirmed,0,1,0,,1
DPV_7B1EC0EAC569D47B,IND_MADHYA_PRADESH_ANUPPUR,Census 2001,Census 2011,23,Madhya Pradesh,ANUPPUR,Madhya Pradesh,ANUPPUR,Madhya Pradesh,Anuppur,23.03383633,81.75339193,POINT (81.75339193065793 23.033836328194816),geometry.representative_point,alternate_layer_confirmed_name,working_strong,0,1,0,,1
DPV_8AE10D2AEFBB90BE,IND_MADHYA_PRADESH_ANUPPUR,Census 2011,Census 2011,23,Madhya Pradesh,ANUPPUR,Madhya Pradesh,ANUPPUR,Madhya Pradesh,Anuppur,23.03383633,81.75339193,POINT (81.75339193065793 23.033836328194816),geometry.representative_point,confirmed_exact_unique,confirmed,0,1,0,,1
DPV_DFEE842F36E7A29B,IND_MADHYA_PRADESH_ASHOKNAGAR,Census 2001,Census 2011,26,Madhya Pradesh,ASHOKNAGAR,Madhya Pradesh,ASHOKNAGAR,Madhya Pradesh,Ashoknagar,24.62004301,77.87635408,POINT (77.87635408045409 24.62004300528433),geometry.representative_point,alternate_layer_confirmed_name,working_strong,0,1,0,,1
DPV_2AE94B42B48160BD,IND_MADHYA_PRADESH_ASHOKNAGAR,Census 2011,Census 2011,26,Madhya Pradesh,ASHOKNAGAR,Madhya Pradesh,ASHOKNAGAR,Madhya Pradesh,Ashoknagar,24.62004301,77.87635408,POINT (77.87635408045409 24.62004300528433),geometry.representative_point,confirmed_exact_unique,confirmed,0,1,0,,1
DPV_24A667E9864CFF50,IND_MADHYA_PRADESH_BALAGHAT,Census 2001,Census 2001,67,Madhya Pradesh,BALAGHAT,Madhya Pradesh,BALAGHAT,Madhya Pradesh,Balaghat,21.858344,80.32445482,POINT (80.32445482403531 21.858344000857098),geometry.representative_point,confirmed_exact_unique,confirmed,0,1,0,,1
DPV_DB41A1C24FF268E8,IND_MADHYA_PRADESH_BALAGHAT,Census 2011,Census 2011,37,Madhya Pradesh,BALAGHAT,Madhya Pradesh,BALAGHAT,Madhya Pradesh,Balaghat,21.858344,80.32445482,POINT (80.32445482403531 21.858344000857098),geometry.representative_point,confirmed_exact_unique,confirmed,0,1,0,,1
DPV_ECA688245418187E,IND_MADHYA_PRADESH_BARWANI,Census 2001,Census 2001,54,Madhya Pradesh,BARWANI,Madhya Pradesh,BARWANI,Madhya Pradesh,Barwani,21.75205924,74.89403073,POINT (74.894030727036 21.752059242597703),geometry.representative_point,confirmed_exact_unique,confirmed,0,1,0,,1
DPV_AAEC534A7C8C3A39,IND_MADHYA_PRADESH_BARWANI,Census 2011,Census 2011,59,Madhya Pradesh,BARWANI,Madhya Pradesh,BARWANI,Madhya Pradesh,Barwani,21.75205924,74.89403073,POINT (74.894030727036 21.752059242597703),geometry.representative_point,confirmed_exact_unique,confirmed,0,1,0,,1
DPV_F93A00883463F6F4,IND_MADHYA_PRADESH_BASTAR,Census 2001,Census 2001,152,Madhya Pradesh,BASTAR,Madhya Pradesh,BASTAR,Madhya Pradesh,East Nimar,21.74423496,76.58980897,POINT (76.58980897350284 21.744234959476103),geometry.representative_point,working_fuzzy_same_state,working_fallback,0,1,0,,1
DPV_A9B455B7FAB7BCD3,IND_MADHYA_PRADESH_BASTAR,Census 2011,Census 2011,171,Madhya Pradesh,BASTAR,Madhya Pradesh,BASTAR,Madhya Pradesh,East Nimar,21.97770958,76.65511577,POINT (76.65511576804334 21.977709580829746),geometry.representative_point,working_fuzzy_same_state,working_fallback,0,1,0,,1
DPV_08040D39EECEE578,IND_MADHYA_PRADESH_BETUL,Census 2001,Census 2001,62,Madhya Pradesh,BETUL,Madhya Pradesh,BETUL,Madhya Pradesh,Betul,21.879919,77.87552077,POINT (77.87552077469388 21.87991900384311),geometry.representative_point,confirmed_exact_unique,confirmed,0,1,0,,1
DPV_C1599AAF05E3501F,IND_MADHYA_PRADESH_BETUL,Census 2011,Census 2011,67,Madhya Pradesh,BETUL,Madhya Pradesh,BETUL,Madhya Pradesh,Betul,21.879919,77.87552077,POINT (77.87552077469388 21.87991900384311),geometry.representative_point,confirmed_exact_unique,confirmed,0,1,0,,1
DPV_A9AD245D5AA219D7,IND_MADHYA_PRADESH_BHIND,Census 2001,Census 2001,42,Madhya Pradesh,BHIND,Madhya Pradesh,BHIND,Madhya Pradesh,Bhind,26.34976016,78.68685742,POINT (78.68685742450144 26.349760156413573),geometry.representative_point,confirmed_exact_unique,confirmed,0,1,0,,1
DPV_13E3E2F00C9055EF,IND_MADHYA_PRADESH_BHIND,Census 2011,Census 2011,75,Madhya Pradesh,BHIND,Madhya Pradesh,BHIND,Madhya Pradesh,Bhind,26.34976016,78.68685742,POINT (78.68685742450144 26.349760156413573),geometry.representative_point,confirmed_exact_unique,confirmed,0,1,0,,1
DPV_6A455F3222B5A6E1,IND_MADHYA_PRADESH_BHOPAL,Census 2001,Census 2001,43,Madhya Pradesh,BHOPAL,Madhya Pradesh,BHOPAL,Madhya Pradesh,Bhopal,23.49310186,77.39676167,POINT (77.39676167316611 23.493101856436986),geometry.representative_point,confirmed_exact_unique,confirmed,0,1,0,,1
DPV_85900AC27006090D,IND_MADHYA_PRADESH_BHOPAL,Census 2011,Census 2011,78,Madhya Pradesh,BHOPAL,Madhya Pradesh,BHOPAL,Madhya Pradesh,Bhopal,23.49310186,77.39676167,POINT (77.39676167316611 23.493101856436986),geometry.representative_point,confirmed_exact_unique,confirmed,0,1,0,,1
DPV_14262A639A4E8895,IND_MADHYA_PRADESH_BILASPUR,Census 2001,Census 2001,218,Madhya Pradesh,BILASPUR,Madhya Pradesh,BILASPUR,Madhya Pradesh,Jabalpur,23.21989665,79.98112367,POINT (79.98112367479847 23.219896649805577),geometry.representative_point,working_fuzzy_same_state,working_fallback,0,1,0,,1
DPV_2745F55411709C72,IND_MADHYA_PRADESH_BILASPUR,Census 2011,Census 2011,236,Madhya Pradesh,BILASPUR,Madhya Pradesh,BILASPUR,Madhya Pradesh,Jabalpur,23.21989665,79.98112367,POINT (79.98112367479847 23.219896649805577),geometry.representative_point,working_fuzzy_same_state,working_fallback,0,1,0,,1
DPV_22EF204852AB7BFF,IND_MADHYA_PRADESH_BURHANPUR,Census 2001,Census 2011,95,Madhya Pradesh,BURHANPUR,Madhya Pradesh,BURHANPUR,Madhya Pradesh,Burhanpur,21.33467343,76.37249413,POINT (76.37249413400457 21.334673429754915),geometry.representative_point,alternate_layer_confirmed_name,working_strong,0,1,0,,1
DPV_E35F9703BB30111F,IND_MADHYA_PRADESH_BURHANPUR,Census 2011,Census 2011,95,Madhya Pradesh,BURHANPUR,Madhya Pradesh,BURHANPUR,Madhya Pradesh,Burhanpur,21.33467343,76.37249413,POINT (76.37249413400457 21.334673429754915),geometry.representative_point,confirmed_exact_unique,confirmed,0,1,0,,1
DPV_3FE491F1C4218C84,IND_MADHYA_PRADESH_CHHATARPUR,Census 2001,Census 2001,87,Madhya Pradesh,CHHATARPUR,Madhya Pradesh,CHHATARPUR,Madhya Pradesh,Chhatarpur,24.76410844,79.68167088,POINT (79.68167088416686 24.764108438253803),geometry.representative_point,confirmed_exact_unique,confirmed,0,1,0,,1
DPV_7CFDD104CBA3B040,IND_MADHYA_PRADESH_CHHATARPUR,Census 2011,Census 2011,111,Madhya Pradesh,CHHATARPUR,Madhya Pradesh,CHHATARPUR,Madhya Pradesh,Chhatarpur,24.76410844,79.68167088,POINT (79.68167088416686 24.764108438253803),geometry.representative_point,confirmed_exact_unique,confirmed,0,1,0,,1
DPV_25F3E7656F3F6D42,IND_MADHYA_PRADESH_CHHINDWARA,Census 2001,Census 2001,88,Madhya Pradesh,CHHINDWARA,Madhya Pradesh,CHHINDWARA,Madhya Pradesh,Chhindwara,22.13879569,78.8127718,POINT (78.81277180431151 22.138795687048034),geometry.representative_point,confirmed_exact_unique,confirmed,0,1,0,,1
DPV_93EF94535DBFA60D,IND_MADHYA_PRADESH_CHHINDWARA,Census 2011,Census 2011,112,Madhya Pradesh,CHHINDWARA,Madhya Pradesh,CHHINDWARA,Madhya Pradesh,Chhindwara,22.13879569,78.8127718,POINT (78.81277180431151 22.138795687048034),geometry.representative_point,confirmed_exact_unique,confirmed,0,1,0,,1
DPV_98182F5C360FB297,IND_MADHYA_PRADESH_DAMOH,Census 2001,Census 2001,122,Madhya Pradesh,DAMOH,Madhya Pradesh,DAMOH,Madhya Pradesh,Damoh,23.7961668,79.54318394,POINT (79.54318393505028 23.796166798800527),geometry.representative_point,confirmed_exact_unique,confirmed,0,1,0,,1
DPV_9B0C4C3AF0F67EC4,IND_MADHYA_PRADESH_DAMOH,Census 2011,Census 2011,131,Madhya Pradesh,DAMOH,Madhya Pradesh,DAMOH,Madhya Pradesh,Damoh,23.7961668,79.54318394,POINT (79.54318393505028 23.796166798800527),geometry.representative_point,confirmed_exact_unique,confirmed,0,1,0,,1
DPV_99FAB45D2AB48683,IND_MADHYA_PRADESH_DANTEWADA,Census 2001,Census 2001,111,Madhya Pradesh,DANTEWADA,Madhya Pradesh,DANTEWADA,Madhya Pradesh,Datia,25.91801677,78.56743495,POINT (78.5674349493778 25.91801677443889),geometry.representative_point,working_fuzzy_same_state,working_fallback,0,1,0,,1
DPV_7DCFAF6998C43A20,IND_MADHYA_PRADESH_DANTEWADA,Census 2011,Census 2011,136,Madhya Pradesh,DANTEWADA,Madhya Pradesh,DANTEWADA,Madhya Pradesh,Datia,25.91801677,78.56743495,POINT (78.5674349493778 25.91801677443889),geometry.representative_point,working_fuzzy_same_state,working_fallback,0,1,0,,1
DPV_185BA2CBDF6B865B,IND_MADHYA_PRADESH_DATIA,Census 2001,Census 2001,111,Madhya Pradesh,DATIA,Madhya Pradesh,DATIA,Madhya Pradesh,Datia,25.91801677,78.56743495,POINT (78.5674349493778 25.91801677443889),geometry.representative_point,confirmed_exact_unique,confirmed,0,1,0,,1
DPV_28BB46826DED1BE0,IND_MADHYA_PRADESH_DATIA,Census 2011,Census 2011,136,Madhya Pradesh,DATIA,Madhya Pradesh,DATIA,Madhya Pradesh,Datia,25.91801677,78.56743495,POINT (78.5674349493778 25.91801677443889),geometry.representative_point,confirmed_exact_unique,confirmed,0,1,0,,1
DPV_E1F1BCA7917F27AC,IND_MADHYA_PRADESH_DEWAS,Census 2001,Census 2001,105,Madhya Pradesh,DEWAS,Madhya Pradesh,DEWAS,Madhya Pradesh,Dewas,22.80719411,76.28621055,POINT (76.28621055132115 22.807194113832566),geometry.representative_point,confirmed_exact_unique,confirmed,0,1,0,,1
DPV_243D610F8B2C3987,IND_MADHYA_PRADESH_DEWAS,Census 2011,Census 2011,142,Madhya Pradesh,DEWAS,Madhya Pradesh,DEWAS,Madhya Pradesh,Dewas,22.80719411,76.28621055,POINT (76.28621055132115 22.807194113832566),geometry.representative_point,confirmed_exact_unique,confirmed,0,1,0,,1
DPV_2C1BF7B38F8370B8,IND_MADHYA_PRADESH_DHAMTARI,Census 2001,Census 2001,133,Madhya Pradesh,DHAMTARI,Madhya Pradesh,DHAMTARI,Madhya Pradesh,Dhar,22.57751665,75.22557271,POINT (75.225572711755 22.577516651030976),geometry.representative_point,working_fuzzy_same_state,working_fallback,1,1,0,,1
DPV_4E198FD67B1C33C5,IND_MADHYA_PRADESH_DHAMTARI,Census 2011,Census 2011,146,Madhya Pradesh,DHAMTARI,Madhya Pradesh,DHAMTARI,Madhya Pradesh,Dhar,22.57751665,75.22557271,POINT (75.22557271218258 22.577516651048008),geometry.representative_point,working_fuzzy_same_state,working_fallback,1,1,0,,1
DPV_4F28B263FFF85944,IND_MADHYA_PRADESH_DHAR,Census 2001,Census 2001,133,Madhya Pradesh,DHAR,Madhya Pradesh,DHAR,Madhya Pradesh,Dhar,22.57751665,75.22557271,POINT (75.225572711755 22.577516651030976),geometry.representative_point,confirmed_exact_unique,confirmed,0,1,0,,1
DPV_E13328C436F8F882,IND_MADHYA_PRADESH_DHAR,Census 2011,Census 2011,146,Madhya Pradesh,DHAR,Madhya Pradesh,DHAR,Madhya Pradesh,Dhar,22.57751665,75.22557271,POINT (75.22557271218258 22.577516651048008),geometry.representative_point,confirmed_exact_unique,confirmed,0,1,0,,1
DPV_89CDC789B69DF820,IND_MADHYA_PRADESH_DINDORI,Census 2001,Census 2001,573,Madhya Pradesh,DINDORI,Madhya Pradesh,DINDORI,Madhya Pradesh,Dindori,22.90593527,80.9050964,POINT (80.90509639707558 22.905935272087838),geometry.representative_point,confirmed_exact_unique,confirmed,0,1,0,,1
DPV_8E2CFA4DEBDF073B,IND_MADHYA_PRADESH_DINDORI,Census 2011,Census 2011,157,Madhya Pradesh,DINDORI,Madhya Pradesh,DINDORI,Madhya Pradesh,Dindori,22.90593527,80.9050964,POINT (80.90509639707558 22.905935272087838),geometry.representative_point,confirmed_exact_unique,confirmed,0,1,0,,1
DPV_4A66AF0CD2D9AA15,IND_MADHYA_PRADESH_DURG,Census 2001,Census 2001,133,Madhya Pradesh,DURG,Madhya Pradesh,DURG,Madhya Pradesh,Dhar,22.57751665,75.22557271,POINT (75.225572711755 22.577516651030976),geometry.representative_point,working_fuzzy_same_state,working_fallback,1,1,0,,1
DPV_B5923075D61695B5,IND_MADHYA_PRADESH_DURG,Census 2011,Census 2011,146,Madhya Pradesh,DURG,Madhya Pradesh,DURG,Madhya Pradesh,Dhar,22.57751665,75.22557271,POINT (75.22557271218258 22.577516651048008),geometry.representative_point,working_fuzzy_same_state,working_fallback,1,1,0,,1
DPV_96FAA6BD3E87A06E,IND_MADHYA_PRADESH_GUNA,Census 2001,Census 2001,185,Madhya Pradesh,GUNA,Madhya Pradesh,GUNA,Madhya Pradesh,Guna,24.49844491,77.63778888,POINT (77.63778887950821 24.49844490509554),geometry.representative_point,confirmed_exact_unique,confirmed,0,1,0,,1
DPV_DD504363004DB387,IND_MADHYA_PRADESH_GUNA,Census 2011,Census 2011,209,Madhya Pradesh,GUNA,Madhya Pradesh,GUNA,Madhya Pradesh,Guna,24.49858476,77.2593085,POINT (77.25930850378303 24.498584756459515),geometry.representative_point,confirmed_exact_unique,confirmed,0,1,0,,1
DPV_E7778DE793D5D0FA,IND_MADHYA_PRADESH_GWALIOR,Census 2001,Census 2001,190,Madhya Pradesh,GWALIOR,Madhya Pradesh,GWALIOR,Madhya Pradesh,Gwalior,26.02150643,78.15212072,POINT (78.15212071525522 26.021506428314616),geometry.representative_point,confirmed_exact_unique,confirmed,0,1,0,,1
DPV_8CAF5EBAEAA62012,IND_MADHYA_PRADESH_GWALIOR,Census 2011,Census 2011,213,Madhya Pradesh,GWALIOR,Madhya Pradesh,GWALIOR,Madhya Pradesh,Gwalior,26.02150643,78.15212072,POINT (78.15212071525522 26.021506428314616),geometry.representative_point,confirmed_exact_unique,confirmed,0,1,0,,1
DPV_0FF21C4242274BB1,IND_MADHYA_PRADESH_HARDA,Census 2001,Census 2001,204,Madhya Pradesh,HARDA,Madhya Pradesh,HARDA,Madhya Pradesh,Harda,22.24469779,77.10233892,POINT (77.1023389234837 22.24469779269452),geometry.representative_point,confirmed_exact_unique,confirmed,0,1,0,,1
DPV_45F51BCCAFEA16CC,IND_MADHYA_PRADESH_HARDA,Census 2011,Census 2011,219,Madhya Pradesh,HARDA,Madhya Pradesh,HARDA,Madhya Pradesh,Harda,22.24469779,77.10233892,POINT (77.1023389234837 22.24469779269452),geometry.representative_point,confirmed_exact_unique,confirmed,0,1,0,,1
DPV_DF457810E900E0CE,IND_MADHYA_PRADESH_HOSHANGABAD,Census 2001,Census 2001,211,Madhya Pradesh,HOSHANGABAD,Madhya Pradesh,HOSHANGABAD,Madhya Pradesh,Hoshangabad,22.60145707,77.92627589,POINT (77.92627589138692 22.60145707474506),geometry.representative_point,confirmed_exact_unique,confirmed,0,1,0,,1
DPV_AA4D675550222A69,IND_MADHYA_PRADESH_HOSHANGABAD,Census 2011,Census 2011,228,Madhya Pradesh,HOSHANGABAD,Madhya Pradesh,HOSHANGABAD,Madhya Pradesh,Hoshangabad,22.60145707,77.92627589,POINT (77.92627589138692 22.60145707474506),geometry.representative_point,confirmed_exact_unique,confirmed,0,1,0,,1
DPV_17420839044345D7,IND_MADHYA_PRADESH_INDORE,Census 2001,Census 2001,217,Madhya Pradesh,INDORE,Madhya Pradesh,INDORE,Madhya Pradesh,Indore,22.71141259,75.80593603,POINT (75.80593603383812 22.711412590844223),geometry.representative_point,confirmed_exact_unique,confirmed,0,1,0,,1
DPV_88DDCE63AC2345D4,IND_MADHYA_PRADESH_INDORE,Census 2011,Census 2011,235,Madhya Pradesh,INDORE,Madhya Pradesh,INDORE,Madhya Pradesh,Indore,22.71141259,75.80593603,POINT (75.80593603383812 22.711412590844223),geometry.representative_point,confirmed_exact_unique,confirmed,0,1,0,,1
DPV_80C02CE824778005,IND_MADHYA_PRADESH_JABALPUR,Census 2001,Census 2001,218,Madhya Pradesh,JABALPUR,Madhya Pradesh,JABALPUR,Madhya Pradesh,Jabalpur,23.21989665,79.98112367,POINT (79.98112367479847 23.219896649805577),geometry.representative_point,confirmed_exact_unique,confirmed,0,1,0,,1
DPV_1A8ADC2E07CD2627,IND_MADHYA_PRADESH_JABALPUR,Census 2011,Census 2011,236,Madhya Pradesh,JABALPUR,Madhya Pradesh,JABALPUR,Madhya Pradesh,Jabalpur,23.21989665,79.98112367,POINT (79.98112367479847 23.219896649805577),geometry.representative_point,confirmed_exact_unique,confirmed,0,1,0,,1
DPV_C31DBD9DD9CE31B7,IND_MADHYA_PRADESH_JANJGIR_CHAMPA,Census 2001,Census 2001,407,Madhya Pradesh,JANJGIR-CHAMPA,Madhya Pradesh,JANJGIR-CHAMPA,Madhya Pradesh,Rajgarh,23.86806932,76.77555253,POINT (76.77555253200526 23.868069318443915),geometry.representative_point,working_fuzzy_same_state,working_fallback,1,1,0,,1
DPV_32B6C913D0AE26DA,IND_MADHYA_PRADESH_JANJGIR_CHAMPA,Census 2011,Census 2011,465,Madhya Pradesh,JANJGIR-CHAMPA,Madhya Pradesh,JANJGIR-CHAMPA,Madhya Pradesh,Rajgarh,23.86806932,76.77555253,POINT (76.77555253200526 23.868069318443915),geometry.representative_point,working_fuzzy_same_state,working_fallback,1,1,0,,1
DPV_3F667B43DA8F9075,IND_MADHYA_PRADESH_JASHPUR,Census 2001,Census 2001,546,Madhya Pradesh,JASHPUR,Madhya Pradesh,JASHPUR,Madhya Pradesh,Sheopur,25.74671303,76.92610042,POINT (76.92610041973576 25.746713033053688),geometry.representative_point,working_fuzzy_same_state,working_fallback,0,1,0,,1
DPV_1958E7DF71910CFE,IND_MADHYA_PRADESH_JASHPUR,Census 2011,Census 2011,516,Madhya Pradesh,JASHPUR,Madhya Pradesh,JASHPUR,Madhya Pradesh,Sheopur,25.74671303,76.92610042,POINT (76.9261004197358 25.746713033053737),geometry.representative_point,working_fuzzy_same_state,working_fallback,0,1,0,,1
DPV_22539FE798061989,IND_MADHYA_PRADESH_JHABUA,Census 2001,Census 2001,237,Madhya Pradesh,JHABUA,Madhya Pradesh,JHABUA,Madhya Pradesh,Jhabua,22.58131447,74.50183694,POINT (74.5018369381178 22.58131446618512),geometry.representative_point,confirmed_exact_unique,confirmed,0,1,0,,1
DPV_F9BEEBF89423E3FF,IND_MADHYA_PRADESH_JHABUA,Census 2011,Census 2011,255,Madhya Pradesh,JHABUA,Madhya Pradesh,JHABUA,Madhya Pradesh,Jhabua,22.88392044,74.72745748,POINT (74.72745747940513 22.88392044041609),geometry.representative_point,confirmed_exact_unique,confirmed,0,1,0,,1
DPV_87690D41270AEF8B,IND_MADHYA_PRADESH_KABIRDHAM,Census 2001,Census 2001,204,Madhya Pradesh,KABIRDHAM,Madhya Pradesh,KABIRDHAM,Madhya Pradesh,Harda,22.24469779,77.10233892,POINT (77.1023389234837 22.24469779269452),geometry.representative_point,working_fuzzy_same_state,working_fallback,1,1,0,,1
DPV_B1DCCDB6EDA1F290,IND_MADHYA_PRADESH_KABIRDHAM,Census 2011,Census 2011,219,Madhya Pradesh,KABIRDHAM,Madhya Pradesh,KABIRDHAM,Madhya Pradesh,Harda,22.24469779,77.10233892,POINT (77.1023389234837 22.24469779269452),geometry.representative_point,working_fuzzy_same_state,working_fallback,1,1,0,,1
DPV_69BA314A07CEF07C,IND_MADHYA_PRADESH_KANKER,Census 2001,Census 2001,108,Madhya Pradesh,KANKER,Madhya Pradesh,KANKER,Madhya Pradesh,Katni,23.72120655,80.2530282,POINT (80.25302820311734 23.721206554528443),geometry.representative_point,working_fuzzy_same_state,working_fallback,0,1,0,,1
DPV_FC4B225368E2335D,IND_MADHYA_PRADESH_KANKER,Census 2011,Census 2011,291,Madhya Pradesh,KANKER,Madhya Pradesh,KANKER,Madhya Pradesh,Katni,23.72120655,80.2530282,POINT (80.25302820311734 23.721206554528443),geometry.representative_point,working_fuzzy_same_state,working_fallback,0,1,0,,1
DPV_085FC031AFDA4BD9,IND_MADHYA_PRADESH_KATNI,Census 2001,Census 2001,108,Madhya Pradesh,KATNI,Madhya Pradesh,KATNI,Madhya Pradesh,Katni,23.72120655,80.2530282,POINT (80.25302820311734 23.721206554528443),geometry.representative_point,confirmed_exact_unique,confirmed,0,1,0,,1
DPV_00F75C50629CAB5D,IND_MADHYA_PRADESH_KATNI,Census 2011,Census 2011,291,Madhya Pradesh,KATNI,Madhya Pradesh,KATNI,Madhya Pradesh,Katni,23.72120655,80.2530282,POINT (80.25302820311734 23.721206554528443),geometry.representative_point,confirmed_exact_unique,confirmed,0,1,0,,1
DPV_4E54CFBFC095E841,IND_MADHYA_PRADESH_KHANDWA,Census 2001,Census 2001,204,Madhya Pradesh,KHANDWA,Madhya Pradesh,KHANDWA,Madhya Pradesh,Harda,22.24469779,77.10233892,POINT (77.1023389234837 22.24469779269452),geometry.representative_point,working_fuzzy_same_state,working_fallback,1,1,0,,1
DPV_29E50EDAC298A59D,IND_MADHYA_PRADESH_KHANDWA,Census 2011,Census 2011,219,Madhya Pradesh,KHANDWA,Madhya Pradesh,KHANDWA,Madhya Pradesh,Harda,22.24469779,77.10233892,POINT (77.1023389234837 22.24469779269452),geometry.representative_point,working_fuzzy_same_state,working_fallback,1,1,0,,1
DPV_C7B75446B106643C,IND_MADHYA_PRADESH_KHARGONE,Census 2001,Census 2001,133,Madhya Pradesh,KHARGONE,Madhya Pradesh,KHARGONE,Madhya Pradesh,Dhar,22.57751665,75.22557271,POINT (75.225572711755 22.577516651030976),geometry.representative_point,working_fuzzy_same_state,working_fallback,1,1,0,,1
DPV_C8909304B2A67C36,IND_MADHYA_PRADESH_KHARGONE,Census 2011,Census 2011,146,Madhya Pradesh,KHARGONE,Madhya Pradesh,KHARGONE,Madhya Pradesh,Dhar,22.57751665,75.22557271,POINT (75.22557271218258 22.577516651048008),geometry.representative_point,working_fuzzy_same_state,working_fallback,1,1,0,,1
DPV_B1F076E6B6DAA93C,IND_MADHYA_PRADESH_KORBA,Census 2001,Census 2001,545,Madhya Pradesh,KORBA,Madhya Pradesh,KORBA,Madhya Pradesh,Morena,26.38600517,77.85952991,POINT (77.85952991368703 26.386005174174528),geometry.representative_point,working_fuzzy_same_state,working_fallback,1,1,0,,1
DPV_5E918D7B578D368F,IND_MADHYA_PRADESH_KORBA,Census 2011,Census 2011,379,Madhya Pradesh,KORBA,Madhya Pradesh,KORBA,Madhya Pradesh,Morena,26.38600517,77.85952991,POINT (77.85952991368703 26.386005174174528),geometry.representative_point,working_fuzzy_same_state,working_fallback,1,1,0,,1
DPV_12680816A8FE3769,IND_MADHYA_PRADESH_KOREA,Census 2001,Census 2001,545,Madhya Pradesh,KOREA,Madhya Pradesh,KOREA,Madhya Pradesh,Morena,26.38600517,77.85952991,POINT (77.85952991368703 26.386005174174528),geometry.representative_point,working_fuzzy_same_state,working_fallback,1,1,0,,1
DPV_82F9AC50AAD5E35A,IND_MADHYA_PRADESH_KOREA,Census 2011,Census 2011,379,Madhya Pradesh,KOREA,Madhya Pradesh,KOREA,Madhya Pradesh,Morena,26.38600517,77.85952991,POINT (77.85952991368703 26.386005174174528),geometry.representative_point,working_fuzzy_same_state,working_fallback,1,1,0,,1
DPV_8A6E08B4042BD887,IND_MADHYA_PRADESH_MAHASAMUND,Census 2001,Census 2001,274,Madhya Pradesh,MAHASAMUND,Madhya Pradesh,MAHASAMUND,Madhya Pradesh,Mandsaur,24.25954188,75.37097573,POINT (75.37097572691816 24.259541876349978),geometry.representative_point,working_fuzzy_same_state,working_fallback,0,1,0,,1
DPV_A8AC04C5E581575D,IND_MADHYA_PRADESH_MAHASAMUND,Census 2011,Census 2011,364,Madhya Pradesh,MAHASAMUND,Madhya Pradesh,MAHASAMUND,Madhya Pradesh,Mandsaur,24.25954188,75.37097573,POINT (75.37097572691816 24.259541876349978),geometry.representative_point,working_fuzzy_same_state,working_fallback,0,1,0,,1
DPV_6071CC2FC2196902,IND_MADHYA_PRADESH_MANDLA,Census 2001,Census 2001,574,Madhya Pradesh,MANDLA,Madhya Pradesh,MANDLA,Madhya Pradesh,Mandla,22.6853126,80.58210788,POINT (80.58210787972561 22.68531260449974),geometry.representative_point,confirmed_exact_unique,confirmed,0,1,0,,1
DPV_A378AE95116E3490,IND_MADHYA_PRADESH_MANDLA,Census 2011,Census 2011,363,Madhya Pradesh,MANDLA,Madhya Pradesh,MANDLA,Madhya Pradesh,Mandla,22.6853126,80.58210788,POINT (80.58210787972561 22.68531260449974),geometry.representative_point,confirmed_exact_unique,confirmed,0,1,0,,1
DPV_B84F7A8E1CE97008,IND_MADHYA_PRADESH_MANDSAUR,Census 2001,Census 2001,274,Madhya Pradesh,MANDSAUR,Madhya Pradesh,MANDSAUR,Madhya Pradesh,Mandsaur,24.25954188,75.37097573,POINT (75.37097572691816 24.259541876349978),geometry.representative_point,confirmed_exact_unique,confirmed,0,1,0,,1
DPV_8B5D552E94A7F5EA,IND_MADHYA_PRADESH_MANDSAUR,Census 2011,Census 2011,364,Madhya Pradesh,MANDSAUR,Madhya Pradesh,MANDSAUR,Madhya Pradesh,Mandsaur,24.25954188,75.37097573,POINT (75.37097572691816 24.259541876349978),geometry.representative_point,confirmed_exact_unique,confirmed,0,1,0,,1
DPV_73CC3B2E44E51A14,IND_MADHYA_PRADESH_MORENA,Census 2001,Census 2001,545,Madhya Pradesh,MORENA,Madhya Pradesh,MORENA,Madhya Pradesh,Morena,26.38600517,77.85952991,POINT (77.85952991368703 26.386005174174528),geometry.representative_point,confirmed_exact_unique,confirmed,0,1,0,,1
DPV_746BF2126D686F3D,IND_MADHYA_PRADESH_MORENA,Census 2011,Census 2011,379,Madhya Pradesh,MORENA,Madhya Pradesh,MORENA,Madhya Pradesh,Morena,26.38600517,77.85952991,POINT (77.85952991368703 26.386005174174528),geometry.representative_point,confirmed_exact_unique,confirmed,0,1,0,,1
DPV_10FFFC0FE08275BD,IND_MADHYA_PRADESH_NARSINGHPUR,Census 2001,Census 2001,356,Madhya Pradesh,NARSINGHPUR,Madhya Pradesh,NARSINGHPUR,Madhya Pradesh,Narsimhapur,22.9347916,79.08568471,POINT (79.08568471436973 22.934791604258002),geometry.representative_point,working_fuzzy_same_state,working_fallback,1,1,0,,1
DPV_D92EA9E379318C93,IND_MADHYA_PRADESH_NARSINGHPUR,Census 2011,Census 2011,402,Madhya Pradesh,NARSINGHPUR,Madhya Pradesh,NARSINGHPUR,Madhya Pradesh,Narsimhapur,22.9347916,79.08568471,POINT (79.08568471436973 22.934791604258002),geometry.representative_point,working_fuzzy_same_state,working_fallback,0,1,0,,1
DPV_98C660982804616E,IND_MADHYA_PRADESH_NEEMUCH,Census 2001,Census 2001,359,Madhya Pradesh,NEEMUCH,Madhya Pradesh,NEEMUCH,Madhya Pradesh,Neemuch,24.64646223,75.1872927,POINT (75.18729269769749 24.646462230390163),geometry.representative_point,confirmed_exact_unique,confirmed,0,1,0,,1
DPV_BF9FFBF9700C0978,IND_MADHYA_PRADESH_NEEMUCH,Census 2011,Census 2011,407,Madhya Pradesh,NEEMUCH,Madhya Pradesh,NEEMUCH,Madhya Pradesh,Neemuch,24.64646223,75.1872927,POINT (75.18729269828916 24.64646223086717),geometry.representative_point,confirmed_exact_unique,confirmed,0,1,0,,1
DPV_5350E7A3274895AD,IND_MADHYA_PRADESH_PANNA,Census 2001,Census 2001,379,Madhya Pradesh,PANNA,Madhya Pradesh,PANNA,Madhya Pradesh,Panna,24.4482924,80.14764435,POINT (80.14764435196477 24.448292399725155),geometry.representative_point,confirmed_exact_unique,confirmed,0,1,0,,1
DPV_6FED7801E3A27FBF,IND_MADHYA_PRADESH_PANNA,Census 2011,Census 2011,429,Madhya Pradesh,PANNA,Madhya Pradesh,PANNA,Madhya Pradesh,Panna,24.4482924,80.14764435,POINT (80.14764435196477 24.448292399725155),geometry.representative_point,confirmed_exact_unique,confirmed,0,1,0,,1
DPV_EFE983F7112F3194,IND_MADHYA_PRADESH_RAIPUR,Census 2001,Census 2001,356,Madhya Pradesh,RAIPUR,Madhya Pradesh,RAIPUR,Madhya Pradesh,Narsimhapur,22.9347916,79.08568471,POINT (79.08568471436973 22.934791604258002),geometry.representative_point,working_fuzzy_same_state,working_fallback,1,1,0,,1
DPV_BD45F852F0578590,IND_MADHYA_PRADESH_RAIPUR,Census 2011,Census 2011,9,Madhya Pradesh,RAIPUR,Madhya Pradesh,RAIPUR,Madhya Pradesh,Alirajpur,22.28636951,74.35613683,POINT (74.35613683406372 22.28636950865082),geometry.representative_point,working_fuzzy_same_state,working_fallback,0,1,0,,1
DPV_53F5593013DA7E83,IND_MADHYA_PRADESH_RAISEN,Census 2001,Census 2001,403,Madhya Pradesh,RAISEN,Madhya Pradesh,RAISEN,Madhya Pradesh,Raisen,23.26783532,78.17708537,POINT (78.177085367179 23.267835320513235),geometry.representative_point,confirmed_exact_unique,confirmed,0,1,0,,1
DPV_7EE728CFE9E13E85,IND_MADHYA_PRADESH_RAISEN,Census 2011,Census 2011,463,Madhya Pradesh,RAISEN,Madhya Pradesh,RAISEN,Madhya Pradesh,Raisen,23.26783532,78.17708537,POINT (78.177085367179 23.267835320513235),geometry.representative_point,confirmed_exact_unique,confirmed,0,1,0,,1
DPV_AB226E1FF22C882A,IND_MADHYA_PRADESH_RAJGARH,Census 2001,Census 2001,407,Madhya Pradesh,RAJGARH,Madhya Pradesh,RAJGARH,Madhya Pradesh,Rajgarh,23.86806932,76.77555253,POINT (76.77555253200526 23.868069318443915),geometry.representative_point,confirmed_exact_unique,confirmed,0,1,0,,1
DPV_1806F5EF0570F034,IND_MADHYA_PRADESH_RAJGARH,Census 2011,Census 2011,465,Madhya Pradesh,RAJGARH,Madhya Pradesh,RAJGARH,Madhya Pradesh,Rajgarh,23.86806932,76.77555253,POINT (76.77555253200526 23.868069318443915),geometry.representative_point,confirmed_exact_unique,confirmed,0,1,0,,1
DPV_5B6492309F193F95,IND_MADHYA_PRADESH_RAJNANDGAON,Census 2001,Census 2001,407,Madhya Pradesh,RAJNANDGAON,Madhya Pradesh,RAJNANDGAON,Madhya Pradesh,Rajgarh,23.86806932,76.77555253,POINT (76.77555253200526 23.868069318443915),geometry.representative_point,working_fuzzy_same_state,working_fallback,1,1,0,,1
DPV_FFFD64C1B6293E86,IND_MADHYA_PRADESH_RAJNANDGAON,Census 2011,Census 2011,465,Madhya Pradesh,RAJNANDGAON,Madhya Pradesh,RAJNANDGAON,Madhya Pradesh,Rajgarh,23.86806932,76.77555253,POINT (76.77555253200526 23.868069318443915),geometry.representative_point,working_fuzzy_same_state,working_fallback,1,1,0,,1
DPV_FCF717A2A8F67AFF,IND_MADHYA_PRADESH_RATLAM,Census 2001,Census 2001,436,Madhya Pradesh,RATLAM,Madhya Pradesh,RATLAM,Madhya Pradesh,Ratlam,23.50186536,74.95629801,POINT (74.9562980142176 23.501865364123354),geometry.representative_point,confirmed_exact_unique,confirmed,0,1,0,,1
DPV_B4EAE47F2380DFAC,IND_MADHYA_PRADESH_RATLAM,Census 2011,Census 2011,476,Madhya Pradesh,RATLAM,Madhya Pradesh,RATLAM,Madhya Pradesh,Ratlam,23.50186536,74.95629801,POINT (74.95629801442351 23.501865364600718),geometry.representative_point,confirmed_exact_unique,confirmed,0,1,0,,1
DPV_D7E98E1A70C7A92F,IND_MADHYA_PRADESH_REWA,Census 2001,Census 2001,440,Madhya Pradesh,REWA,Madhya Pradesh,REWA,Madhya Pradesh,Rewa,24.75632579,81.65502924,POINT (81.65502923724495 24.756325786407196),geometry.representative_point,confirmed_exact_unique,confirmed,0,1,0,,1
DPV_4C1D67470BB60790,IND_MADHYA_PRADESH_REWA,Census 2011,Census 2011,480,Madhya Pradesh,REWA,Madhya Pradesh,REWA,Madhya Pradesh,Rewa,24.75632579,81.65502924,POINT (81.65502923724495 24.756325786407196),geometry.representative_point,confirmed_exact_unique,confirmed,0,1,0,,1
DPV_D7E69B2D96E423B5,IND_MADHYA_PRADESH_SAGAR,Census 2001,Census 2001,446,Madhya Pradesh,SAGAR,Madhya Pradesh,SAGAR,Madhya Pradesh,Sagar,23.80930903,78.75867437,POINT (78.7586743722145 23.809309026773594),geometry.representative_point,confirmed_exact_unique,confirmed,0,1,0,,1
DPV_7421F70D3B260959,IND_MADHYA_PRADESH_SAGAR,Census 2011,Census 2011,488,Madhya Pradesh,SAGAR,Madhya Pradesh,SAGAR,Madhya Pradesh,Sagar,23.80930903,78.75867437,POINT (78.7586743722145 23.809309026773594),geometry.representative_point,confirmed_exact_unique,confirmed,0,1,0,,1
DPV_4C748F306B395225,IND_MADHYA_PRADESH_SATNA,Census 2001,Census 2001,419,Madhya Pradesh,SATNA,Madhya Pradesh,SATNA,Madhya Pradesh,Satna,24.57975889,80.812026,POINT (80.81202600139079 24.579758886042065),geometry.representative_point,confirmed_exact_unique,confirmed,0,1,0,,1
DPV_6EF048E43AE832E5,IND_MADHYA_PRADESH_SATNA,Census 2011,Census 2011,505,Madhya Pradesh,SATNA,Madhya Pradesh,SATNA,Madhya Pradesh,Satna,24.57975889,80.812026,POINT (80.81202600139079 24.579758886042065),geometry.representative_point,confirmed_exact_unique,confirmed,0,1,0,,1
DPV_EBD04418B315011B,IND_MADHYA_PRADESH_SEHORE,Census 2001,Census 2001,422,Madhya Pradesh,SEHORE,Madhya Pradesh,SEHORE,Madhya Pradesh,Sehore,23.12283343,77.08665086,POINT (77.0866508572286 23.122833426420648),geometry.representative_point,confirmed_exact_unique,confirmed,0,1,0,,1
DPV_2F3E5D032B7B67B9,IND_MADHYA_PRADESH_SEHORE,Census 2011,Census 2011,506,Madhya Pradesh,SEHORE,Madhya Pradesh,SEHORE,Madhya Pradesh,Sehore,23.12283343,77.08665086,POINT (77.0866508572286 23.122833426420648),geometry.representative_point,confirmed_exact_unique,confirmed,0,1,0,,1
DPV_EF0F249543F78919,IND_MADHYA_PRADESH_SEONI,Census 2001,Census 2001,424,Madhya Pradesh,SEONI,Madhya Pradesh,SEONI,Madhya Pradesh,Seoni,22.27156845,79.72012054,POINT (79.72012054340703 22.27156845049645),geometry.representative_point,confirmed_exact_unique,confirmed,0,1,0,,1
DPV_263107E2E583A122,IND_MADHYA_PRADESH_SEONI,Census 2011,Census 2011,508,Madhya Pradesh,SEONI,Madhya Pradesh,SEONI,Madhya Pradesh,Seoni,22.27156845,79.72012054,POINT (79.72012054340703 22.27156845049645),geometry.representative_point,confirmed_exact_unique,confirmed,0,1,0,,1
DPV_4B406B5D632AFDDA,IND_MADHYA_PRADESH_SHAHDOL,Census 2001,Census 2001,575,Madhya Pradesh,SHAHDOL,Madhya Pradesh,SHAHDOL,Madhya Pradesh,Shahdol,23.46431107,81.63029497,POINT (81.63029497149341 23.464311074957507),geometry.representative_point,confirmed_exact_unique,confirmed,0,1,0,,1
DPV_961F8E608600497C,IND_MADHYA_PRADESH_SHAHDOL,Census 2011,Census 2011,510,Madhya Pradesh,SHAHDOL,Madhya Pradesh,SHAHDOL,Madhya Pradesh,Shahdol,23.65325391,81.43123453,POINT (81.43123452687759 23.653253908188606),geometry.representative_point,confirmed_exact_unique,confirmed,0,1,0,,1
DPV_6DA4C2C0D86174FB,IND_MADHYA_PRADESH_SHAJAPUR,Census 2001,Census 2001,427,Madhya Pradesh,SHAJAPUR,Madhya Pradesh,SHAJAPUR,Madhya Pradesh,Shajapur,23.71750893,76.1308341,POINT (76.13083409573474 23.717508930198147),geometry.representative_point,confirmed_exact_unique,confirmed,0,1,0,,1
DPV_CE64A352CFD31761,IND_MADHYA_PRADESH_SHAJAPUR,Census 2011,Census 2011,513,Madhya Pradesh,SHAJAPUR,Madhya Pradesh,SHAJAPUR,Madhya Pradesh,Shajapur,23.71750893,76.1308341,POINT (76.13083409573474 23.717508930198147),geometry.representative_point,confirmed_exact_unique,confirmed,0,1,0,,1
DPV_452977E6EB28573D,IND_MADHYA_PRADESH_SHEOPUR,Census 2001,Census 2001,546,Madhya Pradesh,SHEOPUR,Madhya Pradesh,SHEOPUR,Madhya Pradesh,Sheopur,25.74671303,76.92610042,POINT (76.92610041973576 25.746713033053688),geometry.representative_point,confirmed_exact_unique,confirmed,0,1,0,,1
DPV_3D099CB352E3D4ED,IND_MADHYA_PRADESH_SHEOPUR,Census 2011,Census 2011,516,Madhya Pradesh,SHEOPUR,Madhya Pradesh,SHEOPUR,Madhya Pradesh,Sheopur,25.74671303,76.92610042,POINT (76.9261004197358 25.746713033053737),geometry.representative_point,confirmed_exact_unique,confirmed,0,1,0,,1
DPV_DA404BBA0463D9CF,IND_MADHYA_PRADESH_SHIVPURI,Census 2001,Census 2001,432,Madhya Pradesh,SHIVPURI,Madhya Pradesh,SHIVPURI,Madhya Pradesh,Shivpuri,25.37642448,77.82812949,POINT (77.82812949023604 25.376424482473745),geometry.representative_point,confirmed_exact_unique,confirmed,0,1,0,,1
DPV_446F2036EEEB0255,IND_MADHYA_PRADESH_SHIVPURI,Census 2011,Census 2011,519,Madhya Pradesh,SHIVPURI,Madhya Pradesh,SHIVPURI,Madhya Pradesh,Shivpuri,25.37642448,77.82812949,POINT (77.82812949023608 25.376424482473737),geometry.representative_point,confirmed_exact_unique,confirmed,0,1,0,,1
DPV_AEC7E30642912506,IND_MADHYA_PRADESH_SIDHI,Census 2001,Census 2001,492,Madhya Pradesh,SIDHI,Madhya Pradesh,SIDHI,Madhya Pradesh,Sidhi,24.24235916,82.1197437,POINT (82.11974370274893 24.24235915501602),geometry.representative_point,confirmed_exact_unique,confirmed,0,1,0,,1
DPV_1E5FBEA62194A4CD,IND_MADHYA_PRADESH_SIDHI,Census 2011,Census 2011,524,Madhya Pradesh,SIDHI,Madhya Pradesh,SIDHI,Madhya Pradesh,Sidhi,24.21219993,81.70038629,POINT (81.70038628831787 24.21219992648404),geometry.representative_point,confirmed_exact_unique,confirmed,0,1,0,,1
DPV_6214DEC086398A52,IND_MADHYA_PRADESH_SINGRAULI,Census 2001,Census 2011,528,Madhya Pradesh,SINGRAULI,Madhya Pradesh,SINGRAULI,Madhya Pradesh,Singrauli,24.24392788,82.38202681,POINT (82.38202681213161 24.243927884098277),geometry.representative_point,alternate_layer_confirmed_name,working_strong,0,1,0,,1
DPV_0376E95F8FFAB127,IND_MADHYA_PRADESH_SINGRAULI,Census 2011,Census 2011,528,Madhya Pradesh,SINGRAULI,Madhya Pradesh,SINGRAULI,Madhya Pradesh,Singrauli,24.24392788,82.38202681,POINT (82.38202681213161 24.243927884098277),geometry.representative_point,confirmed_exact_unique,confirmed,0,1,0,,1
DPV_486459D60DF280CC,IND_MADHYA_PRADESH_SURGUJA,Census 2001,Census 2001,185,Madhya Pradesh,SURGUJA,Madhya Pradesh,SURGUJA,Madhya Pradesh,Guna,24.49844491,77.63778888,POINT (77.63778887950821 24.49844490509554),geometry.representative_point,working_fuzzy_same_state,working_fallback,0,1,0,,1
DPV_6473D8DE7807CF5B,IND_MADHYA_PRADESH_SURGUJA,Census 2011,Census 2011,209,Madhya Pradesh,SURGUJA,Madhya Pradesh,SURGUJA,Madhya Pradesh,Guna,24.49858476,77.2593085,POINT (77.25930850378303 24.498584756459515),geometry.representative_point,working_fuzzy_same_state,working_fallback,0,1,0,,1
DPV_AB55631AA0E28C2B,IND_MADHYA_PRADESH_TIKAMGARH,Census 2001,Census 2001,282,Madhya Pradesh,TIKAMGARH,Madhya Pradesh,TIKAMGARH,Madhya Pradesh,Tikamgarh,24.99806886,78.98873434,POINT (78.98873433660366 24.998068860795268),geometry.representative_point,confirmed_exact_unique,confirmed,0,1,0,,1
DPV_0E51C7B617AAC1DC,IND_MADHYA_PRADESH_TIKAMGARH,Census 2011,Census 2011,572,Madhya Pradesh,TIKAMGARH,Madhya Pradesh,TIKAMGARH,Madhya Pradesh,Tikamgarh,24.99806886,78.98873434,POINT (78.98873433660366 24.998068860795268),geometry.representative_point,confirmed_exact_unique,confirmed,0,1,0,,1
DPV_E7C92F44984A4954,IND_MADHYA_PRADESH_UJJAIN,Census 2001,Census 2001,506,Madhya Pradesh,UJJAIN,Madhya Pradesh,UJJAIN,Madhya Pradesh,Ujjain,23.29381271,75.6296585,POINT (75.62965850449206 23.29381270746805),geometry.representative_point,confirmed_exact_unique,confirmed,0,1,0,,1
DPV_9C45E70D4814D84C,IND_MADHYA_PRADESH_UJJAIN,Census 2011,Census 2011,587,Madhya Pradesh,UJJAIN,Madhya Pradesh,UJJAIN,Madhya Pradesh,Ujjain,23.29381271,75.6296585,POINT (75.62965850449206 23.29381270746805),geometry.representative_point,confirmed_exact_unique,confirmed,0,1,0,,1
DPV_A9828EEBAABFADAF,IND_MADHYA_PRADESH_UMARIA,Census 2001,Census 2001,576,Madhya Pradesh,UMARIA,Madhya Pradesh,UMARIA,Madhya Pradesh,Umaria,23.64450283,80.94129516,POINT (80.94129516216034 23.64450283102816),geometry.representative_point,confirmed_exact_unique,confirmed,0,1,0,,1
DPV_7A07D046FF25B00B,IND_MADHYA_PRADESH_UMARIA,Census 2011,Census 2011,589,Madhya Pradesh,UMARIA,Madhya Pradesh,UMARIA,Madhya Pradesh,Umaria,23.64450283,80.94129516,POINT (80.94129516216034 23.64450283102816),geometry.representative_point,confirmed_exact_unique,confirmed,0,1,0,,1
DPV_2DB283A2458F7401,IND_MADHYA_PRADESH_VIDISHA,Census 2001,Census 2001,518,Madhya Pradesh,VIDISHA,Madhya Pradesh,VIDISHA,Madhya Pradesh,Vidisha,23.84677504,77.83644951,POINT (77.8364495072463 23.846775037005447),geometry.representative_point,confirmed_exact_unique,confirmed,0,1,0,,1
DPV_25B2D842C420286B,IND_MADHYA_PRADESH_VIDISHA,Census 2011,Census 2011,602,Madhya Pradesh,VIDISHA,Madhya Pradesh,VIDISHA,Madhya Pradesh,Vidisha,23.84677504,77.83644951,POINT (77.8364495072463 23.846775037005447),geometry.representative_point,confirmed_exact_unique,confirmed,0,1,0,,1
DPV_21D92029E0AF0B15,IND_MAHARASHTRA_AHMEDNAGAR,Census 2001,Census 2001,17,Maharashtra,AHMEDNAGAR,Maharashtra,AHMEDNAGAR,Maharashtra,Ahmadnagar,19.15693604,74.85524049,POINT (74.8552404876176 19.15693604073669),geometry.representative_point,working_fuzzy_same_state,working_fallback,0,1,0,,1
DPV_8E66D07C38614BAC,IND_MAHARASHTRA_AHMEDNAGAR,Census 2011,Census 2011,3,Maharashtra,AHMEDNAGAR,Maharashtra,AHMEDNAGAR,Maharashtra,Ahmadnagar,19.15693604,74.85524049,POINT (74.8552404876176 19.15693604073669),geometry.representative_point,working_fuzzy_same_state,working_fallback,0,1,0,,1
DPV_F9041010A00988D8,IND_MAHARASHTRA_AKOLA,Census 2001,Census 2001,20,Maharashtra,AKOLA,Maharashtra,AKOLA,Maharashtra,Akola,20.76176928,77.19123502,POINT (77.19123501945583 20.76176927755035),geometry.representative_point,confirmed_exact_unique,confirmed,0,1,0,,1
DPV_26061EFAD34CEAC3,IND_MAHARASHTRA_AKOLA,Census 2011,Census 2011,6,Maharashtra,AKOLA,Maharashtra,AKOLA,Maharashtra,Akola,20.76176928,77.19123502,POINT (77.19123501945583 20.76176927755035),geometry.representative_point,confirmed_exact_unique,confirmed,0,1,0,,1
DPV_3C7888AA191787CA,IND_MAHARASHTRA_AMRAVATI,Census 2001,Census 2001,27,Maharashtra,AMRAVATI,Maharashtra,AMRAVATI,Maharashtra,Amravati,21.15417928,77.6430775,POINT (77.64307750060529 21.15417927829523),geometry.representative_point,confirmed_exact_unique,confirmed,0,1,0,,1
DPV_0D613AD6D64C4A18,IND_MAHARASHTRA_AMRAVATI,Census 2011,Census 2011,15,Maharashtra,AMRAVATI,Maharashtra,AMRAVATI,Maharashtra,Amravati,21.15417928,77.6430775,POINT (77.64307750060529 21.15417927829523),geometry.representative_point,confirmed_exact_unique,confirmed,0,1,0,,1
DPV_84F54C5BBA32B0DC,IND_MAHARASHTRA_AURANGABAD,Census 2001,Census 2001,8,Maharashtra,AURANGABAD,Maharashtra,AURANGABAD,Maharashtra,Aurangabad,20.02493199,75.15614356,POINT (75.15614356387636 20.02493199242806),geometry.representative_point,confirmed_exact_unique,confirmed,0,1,0,,1
DPV_3874503F80B64A83,IND_MAHARASHTRA_AURANGABAD,Census 2011,Census 2011,29,Maharashtra,AURANGABAD,Maharashtra,AURANGABAD,Maharashtra,Aurangabad,20.02493199,75.15614356,POINT (75.15614356387636 20.02493199242806),geometry.representative_point,confirmed_exact_unique,confirmed,0,1,0,,1
DPV_49B19546EAADC4E5,IND_MAHARASHTRA_BEED,Census 2001,Census 2001,44,Maharashtra,BEED,Maharashtra,BEED,Maharashtra,Bid,18.94734431,75.67090176,POINT (75.67090176323806 18.94734430911532),geometry.representative_point,working_fuzzy_same_state,working_fallback,0,1,0,,1
DPV_1FF60D7C8BC5C6C0,IND_MAHARASHTRA_BEED,Census 2011,Census 2011,79,Maharashtra,BEED,Maharashtra,BEED,Maharashtra,Bid,18.94734431,75.67090176,POINT (75.67090176323806 18.94734430911532),geometry.representative_point,working_fuzzy_same_state,working_fallback,0,1,0,,1
DPV_0DF298D09E473EB9,IND_MAHARASHTRA_BHANDARA,Census 2001,Census 2001,63,Maharashtra,BHANDARA,Maharashtra,BHANDARA,Maharashtra,Bhandara,21.12111048,79.7937224,POINT (79.79372239777635 21.121110475988107),geometry.representative_point,confirmed_exact_unique,confirmed,0,1,0,,1
DPV_6C28809A98EBECA8,IND_MAHARASHTRA_BHANDARA,Census 2011,Census 2011,70,Maharashtra,BHANDARA,Maharashtra,BHANDARA,Maharashtra,Bhandara,21.12111048,79.7937224,POINT (79.79372239777635 21.121110475988107),geometry.representative_point,confirmed_exact_unique,confirmed,0,1,0,,1
DPV_A04B2E1529B40752,IND_MAHARASHTRA_BULDHANA,Census 2001,Census 2001,79,Maharashtra,BULDHANA,Maharashtra,BULDHANA,Maharashtra,Buldana,20.56305174,76.41063666,POINT (76.41063666060352 20.56305173674891),geometry.representative_point,working_fuzzy_same_state,working_fallback,0,1,0,,1
DPV_41829FF947077442,IND_MAHARASHTRA_BULDHANA,Census 2011,Census 2011,93,Maharashtra,BULDHANA,Maharashtra,BULDHANA,Maharashtra,Buldana,20.56305174,76.41063666,POINT (76.41063666060352 20.56305173674891),geometry.representative_point,working_fuzzy_same_state,working_fallback,0,1,0,,1
DPV_A7EF4E467F484A39,IND_MAHARASHTRA_CHANDRAPUR,Census 2001,Census 2001,85,Maharashtra,CHANDRAPUR,Maharashtra,CHANDRAPUR,Maharashtra,Chandrapur,20.09837238,79.50505417,POINT (79.5050541668692 20.09837238193841),geometry.representative_point,confirmed_exact_unique,confirmed,0,1,0,,1
DPV_EFA6C3C2040009D7,IND_MAHARASHTRA_CHANDRAPUR,Census 2011,Census 2011,107,Maharashtra,CHANDRAPUR,Maharashtra,CHANDRAPUR,Maharashtra,Chandrapur,20.09837238,79.50505417,POINT (79.5050541668692 20.09837238193841),geometry.representative_point,confirmed_exact_unique,confirmed,0,1,0,,1
DPV_DD1E3A1EC6481B69,IND_MAHARASHTRA_DHULE,Census 2001,Census 2001,140,Maharashtra,DHULE,Maharashtra,DHULE,Maharashtra,Dhule,21.13148217,74.47873852,POINT (74.47873851728234 21.13148217044146),geometry.representative_point,confirmed_exact_unique,confirmed,0,1,0,,1
DPV_6488415E0488103E,IND_MAHARASHTRA_DHULE,Census 2011,Census 2011,153,Maharashtra,DHULE,Maharashtra,DHULE,Maharashtra,Dhule,21.13148217,74.47873852,POINT (74.47873851728234 21.13148217044146),geometry.representative_point,confirmed_exact_unique,confirmed,0,1,0,,1
DPV_F5E47DC995B9F34D,IND_MAHARASHTRA_GADCHIROLI,Census 2001,Census 2001,173,Maharashtra,GADCHIROLI,Maharashtra,GADCHIROLI,Maharashtra,Gadchiroli,19.75328358,80.16984697,POINT (80.16984696888264 19.753283576098),geometry.representative_point,confirmed_exact_unique,confirmed,0,1,0,,1
DPV_F8190009E1F21392,IND_MAHARASHTRA_GADCHIROLI,Census 2011,Census 2001,173,Maharashtra,GADCHIROLI,Maharashtra,GADCHIROLI,Maharashtra,Gadchiroli,19.75328358,80.16984697,POINT (80.16984696888264 19.753283576098),geometry.representative_point,alternate_layer_confirmed_name,working_strong,0,1,0,,1
DPV_E3D3A4C5825D2110,IND_MAHARASHTRA_GONDIA,Census 2001,Census 2001,181,Maharashtra,GONDIA,Maharashtra,GONDIA,Maharashtra,Gondiya,21.14427311,80.2695251,POINT (80.26952509798986 21.144273113959358),geometry.representative_point,working_fuzzy_same_state,working_fallback,0,1,0,,1
DPV_CDA1D07F52511178,IND_MAHARASHTRA_GONDIA,Census 2011,Census 2011,204,Maharashtra,GONDIA,Maharashtra,GONDIA,Maharashtra,Gondiya,21.14427311,80.2695251,POINT (80.26952509798986 21.144273113959358),geometry.representative_point,working_fuzzy_same_state,working_fallback,0,1,0,,1
DPV_E93B7E1656D3558C,IND_MAHARASHTRA_HINGOLI,Census 2001,Census 2001,210,Maharashtra,HINGOLI,Maharashtra,HINGOLI,Maharashtra,Hingoli,19.54142552,77.21867772,POINT (77.21867771747807 19.54142551798409),geometry.representative_point,confirmed_exact_unique,confirmed,0,1,0,,1
DPV_6E1D78F34CEA2F53,IND_MAHARASHTRA_HINGOLI,Census 2011,Census 2011,226,Maharashtra,HINGOLI,Maharashtra,HINGOLI,Maharashtra,Hingoli,19.54142552,77.21867772,POINT (77.21867771747807 19.54142551798409),geometry.representative_point,confirmed_exact_unique,confirmed,0,1,0,,1
DPV_C0CF798A0AAD7F03,IND_MAHARASHTRA_JALGAON,Census 2001,Census 2001,227,Maharashtra,JALGAON,Maharashtra,JALGAON,Maharashtra,Jalgaon,20.84184742,75.52866576,POINT (75.52866576447977 20.841847420469136),geometry.representative_point,confirmed_exact_unique,confirmed,0,1,0,,1
DPV_93E8D832B0120CEB,IND_MAHARASHTRA_JALGAON,Census 2011,Census 2011,244,Maharashtra,JALGAON,Maharashtra,JALGAON,Maharashtra,Jalgaon,20.84184742,75.52866576,POINT (75.52866576447977 20.841847420469136),geometry.representative_point,confirmed_exact_unique,confirmed,0,1,0,,1
DPV_FF4FB14A07278D0C,IND_MAHARASHTRA_JALNA,Census 2001,Census 2001,228,Maharashtra,JALNA,Maharashtra,JALNA,Maharashtra,Jalna,19.96326512,75.82790979,POINT (75.82790978865282 19.963265123399307),geometry.representative_point,confirmed_exact_unique,confirmed,0,1,0,,1
DPV_735C818310AB5B44,IND_MAHARASHTRA_JALNA,Census 2011,Census 2011,245,Maharashtra,JALNA,Maharashtra,JALNA,Maharashtra,Jalna,19.96326512,75.82790979,POINT (75.82790978865282 19.963265123399307),geometry.representative_point,confirmed_exact_unique,confirmed,0,1,0,,1
DPV_2A7BD6AF498FA8AA,IND_MAHARASHTRA_KOLHAPUR,Census 2001,Census 2001,283,Maharashtra,KOLHAPUR,Maharashtra,KOLHAPUR,Maharashtra,Kolhapur,16.46099639,74.08879291,POINT (74.08879291380458 16.46099639396442),geometry.representative_point,confirmed_exact_unique,confirmed,0,1,0,,1
DPV_F86E74CCAF371BD8,IND_MAHARASHTRA_KOLHAPUR,Census 2011,Census 2011,312,Maharashtra,KOLHAPUR,Maharashtra,KOLHAPUR,Maharashtra,Kolhapur,16.46099639,74.08879291,POINT (74.08879291380458 16.46099639396442),geometry.representative_point,confirmed_exact_unique,confirmed,0,1,0,,1
DPV_48DAFF770E9610C8,IND_MAHARASHTRA_LATUR,Census 2001,Census 2001,295,Maharashtra,LATUR,Maharashtra,LATUR,Maharashtra,Latur,18.35226656,76.75648855,POINT (76.75648854871734 18.352266556951193),geometry.representative_point,confirmed_exact_unique,confirmed,0,1,0,,1
DPV_66ECC27FFE9155EF,IND_MAHARASHTRA_LATUR,Census 2011,Census 2011,336,Maharashtra,LATUR,Maharashtra,LATUR,Maharashtra,Latur,18.35226656,76.75648855,POINT (76.75648854871734 18.352266556951193),geometry.representative_point,confirmed_exact_unique,confirmed,0,1,0,,1
DPV_2AEC5A31794A5AEF,IND_MAHARASHTRA_MUMBAI,Census 2001,Census 2001,346,Maharashtra,MUMBAI,Maharashtra,MUMBAI,Maharashtra,Mumbai,18.94999639,72.86511951,POINT (72.86511951453059 18.949996386233288),geometry.representative_point,confirmed_exact_unique,confirmed,0,1,0,,1
DPV_6C7CC78A6668DC9B,IND_MAHARASHTRA_MUMBAI,Census 2011,Census 2011,381,Maharashtra,MUMBAI,Maharashtra,MUMBAI,Maharashtra,Mumbai,18.94999639,72.86511951,POINT (72.86511951453059 18.949996386233288),geometry.representative_point,confirmed_exact_unique,confirmed,0,1,0,,1
DPV_95401F62A11E1343,IND_MAHARASHTRA_NAGPUR,Census 2001,Census 2001,335,Maharashtra,NAGPUR,Maharashtra,NAGPUR,Maharashtra,Nagpur,21.14934933,79.01814778,POINT (79.01814778168442 21.149349331211482),geometry.representative_point,confirmed_exact_unique,confirmed,0,1,0,,1
DPV_93D85E0EE068EF9A,IND_MAHARASHTRA_NAGPUR,Census 2011,Census 2011,392,Maharashtra,NAGPUR,Maharashtra,NAGPUR,Maharashtra,Nagpur,21.14934933,79.01814778,POINT (79.01814778168442 21.149349331211482),geometry.representative_point,confirmed_exact_unique,confirmed,0,1,0,,1
DPV_A94E8C9A29C70570,IND_MAHARASHTRA_NANDED,Census 2001,Census 2001,353,Maharashtra,NANDED,Maharashtra,NANDED,Maharashtra,Nanded,19.09634639,77.48432926,POINT (77.48432926477889 19.09634638840166),geometry.representative_point,confirmed_exact_unique,confirmed,0,1,0,,1
DPV_71EC8144B9A8470A,IND_MAHARASHTRA_NANDED,Census 2011,Census 2011,398,Maharashtra,NANDED,Maharashtra,NANDED,Maharashtra,Nanded,19.09634639,77.48432926,POINT (77.48432926477889 19.09634638840166),geometry.representative_point,confirmed_exact_unique,confirmed,0,1,0,,1
DPV_606ECF4C7136CD3F,IND_MAHARASHTRA_NANDURBAR,Census 2001,Census 2001,354,Maharashtra,NANDURBAR,Maharashtra,NANDURBAR,Maharashtra,Nandurbar,21.51289641,74.54391555,POINT (74.5439155497592 21.512896410695774),geometry.representative_point,confirmed_exact_unique,confirmed,0,1,0,,1
DPV_422137543B774E0F,IND_MAHARASHTRA_NANDURBAR,Census 2011,Census 2011,399,Maharashtra,NANDURBAR,Maharashtra,NANDURBAR,Maharashtra,Nandurbar,21.51289641,74.54391555,POINT (74.54391555019973 21.512896411174026),geometry.representative_point,confirmed_exact_unique,confirmed,0,1,0,,1
DPV_CE84C9CF7ADD927F,IND_MAHARASHTRA_NASHIK,Census 2001,Census 2001,357,Maharashtra,NASHIK,Maharashtra,NASHIK,Maharashtra,Nashik,20.225704,74.10044106,POINT (74.10044106039499 20.225704002547875),geometry.representative_point,confirmed_exact_unique,confirmed,0,1,0,,1
DPV_8A388AFBE2A8E27A,IND_MAHARASHTRA_NASHIK,Census 2011,Census 2011,403,Maharashtra,NASHIK,Maharashtra,NASHIK,Maharashtra,Nashik,20.225704,74.10044106,POINT (74.10044106039499 20.225704002547875),geometry.representative_point,confirmed_exact_unique,confirmed,0,1,0,,1
DPV_6CA7566E56D64E85,IND_MAHARASHTRA_OSMANABAD,Census 2001,Census 2001,369,Maharashtra,OSMANABAD,Maharashtra,OSMANABAD,Maharashtra,Osmanabad,18.16965331,76.11922163,POINT (76.11922163112983 18.169653307117613),geometry.representative_point,confirmed_exact_unique,confirmed,0,1,0,,1
DPV_8E7D93258214D634,IND_MAHARASHTRA_OSMANABAD,Census 2011,Census 2011,420,Maharashtra,OSMANABAD,Maharashtra,OSMANABAD,Maharashtra,Osmanabad,18.16965331,76.11922163,POINT (76.11922163112983 18.169653307117613),geometry.representative_point,confirmed_exact_unique,confirmed,0,1,0,,1
DPV_880BEB7B68057FA4,IND_MAHARASHTRA_PALGHAR,Census 2001,Census 2001,227,Maharashtra,PALGHAR,Maharashtra,PALGHAR,Maharashtra,Jalgaon,20.84184742,75.52866576,POINT (75.52866576447977 20.841847420469136),geometry.representative_point,working_fuzzy_same_state,working_fallback,0,1,0,,1
DPV_B43A0B61F01505F2,IND_MAHARASHTRA_PALGHAR,Census 2011,Census 2011,244,Maharashtra,PALGHAR,Maharashtra,PALGHAR,Maharashtra,Jalgaon,20.84184742,75.52866576,POINT (75.52866576447977 20.841847420469136),geometry.representative_point,working_fuzzy_same_state,working_fallback,0,1,0,,1
DPV_B2B8393B0A82D53F,IND_MAHARASHTRA_PARBHANI,Census 2001,Census 2001,380,Maharashtra,PARBHANI,Maharashtra,PARBHANI,Maharashtra,Parbhani,19.30734333,76.55331638,POINT (76.553316378026 19.307343334538857),geometry.representative_point,confirmed_exact_unique,confirmed,0,1,0,,1
DPV_E43AF93DC0CD3E91,IND_MAHARASHTRA_PARBHANI,Census 2011,Census 2011,431,Maharashtra,PARBHANI,Maharashtra,PARBHANI,Maharashtra,Parbhani,19.30734333,76.55331638,POINT (76.553316378026 19.307343334538857),geometry.representative_point,confirmed_exact_unique,confirmed,0,1,0,,1
DPV_F9A12795997D78DD,IND_MAHARASHTRA_PUNE,Census 2001,Census 2001,326,Maharashtra,PUNE,Maharashtra,PUNE,Maharashtra,Pune,18.64254052,73.921461,POINT (73.92146100319253 18.642540522215054),geometry.representative_point,confirmed_exact_unique,confirmed,0,1,0,,1
DPV_5498FA716D40C9BC,IND_MAHARASHTRA_PUNE,Census 2011,Census 2011,451,Maharashtra,PUNE,Maharashtra,PUNE,Maharashtra,Pune,18.64254052,73.921461,POINT (73.92146100319253 18.642540522215054),geometry.representative_point,confirmed_exact_unique,confirmed,0,1,0,,1
DPV_555F8B56D3749BE4,IND_MAHARASHTRA_RAIGAD,Census 2001,Census 2001,439,Maharashtra,RAIGAD,Maharashtra,RAIGAD,Maharashtra,Raigarh,18.49292855,73.14132669,POINT (73.14132669415874 18.49292855140757),geometry.representative_point,working_fuzzy_same_state,working_fallback,0,1,0,,1
DPV_DB0D06378FEBBF72,IND_MAHARASHTRA_RAIGAD,Census 2011,Census 2011,461,Maharashtra,RAIGAD,Maharashtra,RAIGAD,Maharashtra,Raigarh,18.49292855,73.14132669,POINT (73.14132669415874 18.49292855140757),geometry.representative_point,working_fuzzy_same_state,working_fallback,0,1,0,,1
DPV_190102558FA15AA0,IND_MAHARASHTRA_RATNAGIRI,Census 2001,Census 2001,437,Maharashtra,RATNAGIRI,Maharashtra,RATNAGIRI,Maharashtra,Ratnagiri,17.28169077,73.44559196,POINT (73.44559195760348 17.281690770501612),geometry.representative_point,confirmed_exact_unique,confirmed,0,1,0,,1
DPV_54AF87F44CFF63B4,IND_MAHARASHTRA_RATNAGIRI,Census 2011,Census 2011,477,Maharashtra,RATNAGIRI,Maharashtra,RATNAGIRI,Maharashtra,Ratnagiri,17.28169077,73.44559196,POINT (73.44559195760348 17.281690770501612),geometry.representative_point,confirmed_exact_unique,confirmed,0,1,0,,1
DPV_E4FDE0231B039E34,IND_MAHARASHTRA_SANGLI,Census 2001,Census 2001,415,Maharashtra,SANGLI,Maharashtra,SANGLI,Maharashtra,Sangli,17.17172707,74.59237298,POINT (74.59237297969759 17.17172706819967),geometry.representative_point,confirmed_exact_unique,confirmed,0,1,0,,1
DPV_C329BED45807D633,IND_MAHARASHTRA_SANGLI,Census 2011,Census 2011,498,Maharashtra,SANGLI,Maharashtra,SANGLI,Maharashtra,Sangli,17.17172707,74.59237298,POINT (74.59237297969759 17.17172706819967),geometry.representative_point,confirmed_exact_unique,confirmed,0,1,0,,1
DPV_832D47DBA2FDE6ED,IND_MAHARASHTRA_SATARA,Census 2001,Census 2001,418,Maharashtra,SATARA,Maharashtra,SATARA,Maharashtra,Satara,17.63856076,74.30011997,POINT (74.30011996585051 17.638560759134204),geometry.representative_point,confirmed_exact_unique,confirmed,0,1,0,,1
DPV_F6C560D626785DCD,IND_MAHARASHTRA_SATARA,Census 2011,Census 2011,504,Maharashtra,SATARA,Maharashtra,SATARA,Maharashtra,Satara,17.63856076,74.30011997,POINT (74.30011996585051 17.638560759134204),geometry.representative_point,confirmed_exact_unique,confirmed,0,1,0,,1
DPV_423DBACDF296E857,IND_MAHARASHTRA_SINDHUDURG,Census 2001,Census 2001,494,Maharashtra,SINDHUDURG,Maharashtra,SINDHUDURG,Maharashtra,Sindhudurg,16.13407402,73.66240281,POINT (73.66240281498912 16.134074024837435),geometry.representative_point,confirmed_exact_unique,confirmed,0,1,0,,1
DPV_622614D9CF9153B1,IND_MAHARASHTRA_SINDHUDURG,Census 2011,Census 2011,527,Maharashtra,SINDHUDURG,Maharashtra,SINDHUDURG,Maharashtra,Sindhudurg,16.13407402,73.66240281,POINT (73.66240281498912 16.134074024837435),geometry.representative_point,confirmed_exact_unique,confirmed,0,1,0,,1
DPV_A57DCB460A016FE0,IND_MAHARASHTRA_SOLAPUR,Census 2001,Census 2001,480,Maharashtra,SOLAPUR,Maharashtra,SOLAPUR,Maharashtra,Solapur,17.83424459,75.29654723,POINT (75.29654723058997 17.83424458597979),geometry.representative_point,confirmed_exact_unique,confirmed,0,1,0,,1
DPV_4D63C15F78C6450B,IND_MAHARASHTRA_SOLAPUR,Census 2011,Census 2011,537,Maharashtra,SOLAPUR,Maharashtra,SOLAPUR,Maharashtra,Solapur,17.83424459,75.29654723,POINT (75.29654723058997 17.83424458597979),geometry.representative_point,confirmed_exact_unique,confirmed,0,1,0,,1
DPV_EC87A004533D313E,IND_MAHARASHTRA_THANE,Census 2001,Census 2001,467,Maharashtra,THANE,Maharashtra,THANE,Maharashtra,Thane,19.6060669,73.1522371,POINT (73.15223709950433 19.606066895250283),geometry.representative_point,confirmed_exact_unique,confirmed,0,1,0,,1
DPV_6057A400B0663A32,IND_MAHARASHTRA_THANE,Census 2011,Census 2011,561,Maharashtra,THANE,Maharashtra,THANE,Maharashtra,Thane,19.6060669,73.1522371,POINT (73.15223709950433 19.606066895250283),geometry.representative_point,confirmed_exact_unique,confirmed,0,1,0,,1
DPV_FC29811F65F05050,IND_MAHARASHTRA_WARDHA,Census 2001,Census 2001,525,Maharashtra,WARDHA,Maharashtra,WARDHA,Maharashtra,Wardha,20.82482986,78.61572885,POINT (78.61572885111107 20.824829863913347),geometry.representative_point,confirmed_exact_unique,confirmed,0,1,0,,1
DPV_190B0F5BD27676F0,IND_MAHARASHTRA_WARDHA,Census 2011,Census 2011,608,Maharashtra,WARDHA,Maharashtra,WARDHA,Maharashtra,Wardha,20.82482986,78.61572885,POINT (78.61572885111107 20.824829863913347),geometry.representative_point,confirmed_exact_unique,confirmed,0,1,0,,1
DPV_F95DD9E1998C2FB1,IND_MAHARASHTRA_WASHIM,Census 2001,Census 2001,526,Maharashtra,WASHIM,Maharashtra,WASHIM,Maharashtra,Washim,20.30283389,77.24386708,POINT (77.24386707822921 20.302833890607282),geometry.representative_point,confirmed_exact_unique,confirmed,0,1,0,,1
DPV_C994A90B5881A996,IND_MAHARASHTRA_WASHIM,Census 2011,Census 2011,609,Maharashtra,WASHIM,Maharashtra,WASHIM,Maharashtra,Washim,20.30283389,77.24386708,POINT (77.24386707822921 20.302833890607282),geometry.representative_point,confirmed_exact_unique,confirmed,0,1,0,,1
DPV_778C70E95DE145CF,IND_MAHARASHTRA_YAVATMAL,Census 2001,Census 2001,535,Maharashtra,YAVATMAL,Maharashtra,YAVATMAL,Maharashtra,Yavatmal,20.06397214,78.3554211,POINT (78.35542109746797 20.063972143539704),geometry.representative_point,confirmed_exact_unique,confirmed,0,1,0,,1
DPV_EFEA1A5455D9268D,IND_MAHARASHTRA_YAVATMAL,Census 2011,Census 2011,622,Maharashtra,YAVATMAL,Maharashtra,YAVATMAL,Maharashtra,Yavatmal,20.06397214,78.3554211,POINT (78.35542109746797 20.063972143539704),geometry.representative_point,confirmed_exact_unique,confirmed,0,1,0,,1
DPV_88B7DCF880F83317,IND_MANIPUR_BISHNUPUR,Census 2001,Census 2001,51,Manipur,BISHNUPUR,Manipur,BISHNUPUR,Manipur,Bishnupur,24.51229152,93.80484992,POINT (93.80484992290579 24.512291520874335),geometry.representative_point,confirmed_exact_unique,confirmed,0,1,0,,1
DPV_F2B2BAF297669E01,IND_MANIPUR_BISHNUPUR,Census 2011,Census 2011,88,Manipur,BISHNUPUR,Manipur,BISHNUPUR,Manipur,Bishnupur,24.51229152,93.80484992,POINT (93.80484992290579 24.512291520874335),geometry.representative_point,confirmed_exact_unique,confirmed,0,1,0,,1
DPV_00E1D18F7546713B,IND_MANIPUR_CHANDEL,Census 2001,Census 2001,97,Manipur,CHANDEL,Manipur,CHANDEL,Manipur,Chandel,24.2365176,94.09215085,POINT (94.09215085296759 24.236517600099194),geometry.representative_point,confirmed_exact_unique,confirmed,0,1,0,,1
DPV_AC6B83D29A603CEB,IND_MANIPUR_CHANDEL,Census 2011,Census 2011,105,Manipur,CHANDEL,Manipur,CHANDEL,Manipur,Chandel,24.2365176,94.09215085,POINT (94.09215085296759 24.236517600099194),geometry.representative_point,confirmed_exact_unique,confirmed,0,1,0,,1
DPV_BD42B7AA1E13C859,IND_MANIPUR_CHURACHANDPUR,Census 2001,Census 2001,103,Manipur,CHURACHANDPUR,Manipur,CHURACHANDPUR,Manipur,Churachandpur,24.27444412,93.44181106,POINT (93.44181105515732 24.2744441201254),geometry.representative_point,confirmed_exact_unique,confirmed,0,1,0,,1
DPV_EB5485872BE28BC3,IND_MANIPUR_CHURACHANDPUR,Census 2011,Census 2011,120,Manipur,CHURACHANDPUR,Manipur,CHURACHANDPUR,Manipur,Churachandpur,24.27444412,93.44181106,POINT (93.44181105515732 24.2744441201254),geometry.representative_point,confirmed_exact_unique,confirmed,0,1,0,,1
DPV_2EF8A4507306E4B0,IND_MANIPUR_IMPHAL_EAST,Census 2001,Census 2001,222,Manipur,IMPHAL EAST,Manipur,IMPHAL EAST,Manipur,Imphal East,24.8121622,93.93918757,POINT (93.93918756798274 24.812162202673544),geometry.representative_point,confirmed_exact_unique,confirmed,0,1,0,,1
DPV_C63B442C8BA60320,IND_MANIPUR_IMPHAL_EAST,Census 2011,Census 2011,233,Manipur,IMPHAL EAST,Manipur,IMPHAL EAST,Manipur,Imphal East,24.8121622,93.93918757,POINT (93.93918756798274 24.812162202673544),geometry.representative_point,confirmed_exact_unique,confirmed,0,1,0,,1
DPV_51B6C6C738A36AA2,IND_MANIPUR_IMPHAL_WEST,Census 2001,Census 2001,223,Manipur,IMPHAL WEST,Manipur,IMPHAL WEST,Manipur,Imphal West,24.70378331,93.13851249,POINT (93.13851249317224 24.703783311826374),geometry.representative_point,confirmed_exact_unique,confirmed,0,1,0,,1
DPV_E099E8E2D2042246,IND_MANIPUR_IMPHAL_WEST,Census 2011,Census 2011,234,Manipur,IMPHAL WEST,Manipur,IMPHAL WEST,Manipur,Imphal West,24.70378331,93.13851249,POINT (93.13851249317224 24.703783311826374),geometry.representative_point,confirmed_exact_unique,confirmed,0,1,0,,1
DPV_690914CD110352CE,IND_MANIPUR_SENAPATI,Census 2001,Census 2011,507,Manipur,SENAPATI,Manipur,SENAPATI,Manipur,Senapati,25.10313637,93.96492562,POINT (93.96492562282579 25.103136366843728),geometry.representative_point,alternate_layer_confirmed_name,working_strong,0,1,0,,1
DPV_6AB32D7171F63D37,IND_MANIPUR_SENAPATI,Census 2011,Census 2011,507,Manipur,SENAPATI,Manipur,SENAPATI,Manipur,Senapati,25.10313637,93.96492562,POINT (93.96492562282579 25.103136366843728),geometry.representative_point,confirmed_exact_unique,confirmed,0,1,0,,1
DPV_B3F93410E5E16929,IND_MANIPUR_TAMENGLONG,Census 2001,Census 2001,464,Manipur,TAMENGLONG,Manipur,TAMENGLONG,Manipur,Tamenglong,24.9764841,93.5271177,POINT (93.52711770187454 24.976484098031687),geometry.representative_point,confirmed_exact_unique,confirmed,0,1,0,,1
DPV_6B5EC1F513A750DE,IND_MANIPUR_TAMENGLONG,Census 2011,Census 2011,557,Manipur,TAMENGLONG,Manipur,TAMENGLONG,Manipur,Tamenglong,24.9764841,93.5271177,POINT (93.52711770187454 24.976484098031687),geometry.representative_point,confirmed_exact_unique,confirmed,0,1,0,,1
DPV_22E47137B29B1729,IND_MANIPUR_THOUBAL,Census 2001,Census 2001,496,Manipur,THOUBAL,Manipur,THOUBAL,Manipur,Thoubal,24.47800414,93.92432083,POINT (93.92432082527195 24.478004144093312),geometry.representative_point,confirmed_exact_unique,confirmed,0,1,0,,1
DPV_D930F46911B4EE3F,IND_MANIPUR_THOUBAL,Census 2011,Census 2011,570,Manipur,THOUBAL,Manipur,THOUBAL,Manipur,Thoubal,24.47800414,93.92432083,POINT (93.92432082527195 24.478004144093312),geometry.representative_point,confirmed_exact_unique,confirmed,0,1,0,,1
DPV_33D8FD30A81AD769,IND_MANIPUR_UKHRUL,Census 2001,Census 2001,507,Manipur,UKHRUL,Manipur,UKHRUL,Manipur,Ukhrul,25.08825029,94.43459837,POINT (94.4345983735115 25.088250293082965),geometry.representative_point,confirmed_exact_unique,confirmed,0,1,0,,1
DPV_103B86CC88B2C688,IND_MANIPUR_UKHRUL,Census 2011,Census 2011,588,Manipur,UKHRUL,Manipur,UKHRUL,Manipur,Ukhrul,25.08825029,94.43459837,POINT (94.4345983735115 25.088250293082965),geometry.representative_point,confirmed_exact_unique,confirmed,0,1,0,,1
DPV_21E6A646EF679667,IND_MEGHALAYA_EAST_GARO_HILLS,Census 2001,Census 2001,150,Meghalaya,EAST GARO HILLS,Meghalaya,EAST GARO HILLS,Meghalaya,East Garo Hills,25.71297931,90.69747511,POINT (90.69747511167759 25.712979305734212),geometry.representative_point,confirmed_exact_unique,confirmed,0,1,0,,1
DPV_9994B68B4281447C,IND_MEGHALAYA_EAST_GARO_HILLS,Census 2011,Census 2011,167,Meghalaya,EAST GARO HILLS,Meghalaya,EAST GARO HILLS,Meghalaya,East Garo Hills,25.71297931,90.69747511,POINT (90.69747511167759 25.712979305734212),geometry.representative_point,confirmed_exact_unique,confirmed,0,1,0,,1
DPV_4E1B09A3A26876A5,IND_MEGHALAYA_EAST_JAINTIA_HILLS,Census 2001,Census 2001,225,Meghalaya,EAST JAINTIA HILLS,Meghalaya,EAST JAINTIA HILLS,Meghalaya,Jaintia Hills,25.3901192,92.40334427,POINT (92.40334427076718 25.39011920077484),geometry.representative_point,working_fuzzy_same_state,working_fallback,1,1,0,,1
DPV_C8A1E92370484429,IND_MEGHALAYA_EAST_JAINTIA_HILLS,Census 2011,Census 2011,238,Meghalaya,EAST JAINTIA HILLS,Meghalaya,EAST JAINTIA HILLS,Meghalaya,Jaintia Hills,25.3901192,92.40334427,POINT (92.40334427076718 25.39011920077484),geometry.representative_point,working_fuzzy_same_state,working_fallback,1,1,0,,1
DPV_7E8861B26E50AA79,IND_MEGHALAYA_EAST_KHASI_HILLS,Census 2001,Census 2001,156,Meghalaya,EAST KHASI HILLS,Meghalaya,EAST KHASI HILLS,Meghalaya,East Khasi Hills,25.38616507,91.82698789,POINT (91.82698788521304 25.386165065851586),geometry.representative_point,confirmed_exact_unique,confirmed,0,1,0,,1
DPV_4BFD53880A20CD17,IND_MEGHALAYA_EAST_KHASI_HILLS,Census 2011,Census 2011,170,Meghalaya,EAST KHASI HILLS,Meghalaya,EAST KHASI HILLS,Meghalaya,East Khasi Hills,25.38616507,91.82698789,POINT (91.82698788521304 25.386165065851586),geometry.representative_point,confirmed_exact_unique,confirmed,0,1,0,,1
DPV_5E6FFB65D3B7DA06,IND_MEGHALAYA_NORTH_GARO_HILLS,Census 2001,Census 2001,487,Meghalaya,NORTH GARO HILLS,Meghalaya,NORTH GARO HILLS,Meghalaya,South Garo Hills,25.34565581,90.56656039,POINT (90.56656039024675 25.34565581449897),geometry.representative_point,working_fuzzy_same_state,working_fallback,1,1,0,,1
DPV_5ED65F4B7C8D0837,IND_MEGHALAYA_NORTH_GARO_HILLS,Census 2011,Census 2011,545,Meghalaya,NORTH GARO HILLS,Meghalaya,NORTH GARO HILLS,Meghalaya,South Garo Hills,25.34565581,90.56656039,POINT (90.56656039024675 25.34565581449897),geometry.representative_point,working_fuzzy_same_state,working_fallback,1,1,0,,1
DPV_8292692324BCB87F,IND_MEGHALAYA_RI_BHOI,Census 2001,Census 2001,441,Meghalaya,RI BHOI,Meghalaya,RI BHOI,Meghalaya,Ri Bhoi,25.87834862,91.86299227,POINT (91.86299227319645 25.87834862181108),geometry.representative_point,confirmed_exact_unique,confirmed,0,1,0,,1
DPV_1EE8169027FA9C9A,IND_MEGHALAYA_RI_BHOI,Census 2011,Census 2011,482,Meghalaya,RI BHOI,Meghalaya,RI BHOI,Meghalaya,Ri Bhoi,25.87834862,91.86299227,POINT (91.86299227303778 25.87834862181108),geometry.representative_point,confirmed_exact_unique,confirmed,0,1,0,,1
DPV_69D3F64E9733E18B,IND_MEGHALAYA_SOUTH_GARO_HILLS,Census 2001,Census 2001,487,Meghalaya,SOUTH GARO HILLS,Meghalaya,SOUTH GARO HILLS,Meghalaya,South Garo Hills,25.34565581,90.56656039,POINT (90.56656039024675 25.34565581449897),geometry.representative_point,confirmed_exact_unique,confirmed,0,1,0,,1
DPV_AF9140D8C0CAED08,IND_MEGHALAYA_SOUTH_GARO_HILLS,Census 2011,Census 2011,545,Meghalaya,SOUTH GARO HILLS,Meghalaya,SOUTH GARO HILLS,Meghalaya,South Garo Hills,25.34565581,90.56656039,POINT (90.56656039024675 25.34565581449897),geometry.representative_point,confirmed_exact_unique,confirmed,0,1,0,,1
DPV_D1A1E25AD6E71A66,IND_MEGHALAYA_SOUTH_WEST_GARO_HILLS,Census 2001,Census 2001,487,Meghalaya,SOUTH WEST GARO HILLS,Meghalaya,SOUTH WEST GARO HILLS,Meghalaya,South Garo Hills,25.34565581,90.56656039,POINT (90.56656039024675 25.34565581449897),geometry.representative_point,working_fuzzy_same_state,working_fallback,1,1,0,,1
DPV_79D970A83EDDC63C,IND_MEGHALAYA_SOUTH_WEST_GARO_HILLS,Census 2011,Census 2011,545,Meghalaya,SOUTH WEST GARO HILLS,Meghalaya,SOUTH WEST GARO HILLS,Meghalaya,South Garo Hills,25.34565581,90.56656039,POINT (90.56656039024675 25.34565581449897),geometry.representative_point,working_fuzzy_same_state,working_fallback,1,1,0,,1
DPV_93ED2EC07A76E1D3,IND_MEGHALAYA_SOUTH_WEST_KHASI_HILLS,Census 2001,Census 2001,502,Meghalaya,SOUTH WEST KHASI HILLS,Meghalaya,SOUTH WEST KHASI HILLS,Meghalaya,West Khasi Hills,25.5123393,91.17047705,POINT (91.17047705324472 25.512339299710135),geometry.representative_point,working_fuzzy_same_state,working_fallback,0,1,0,,1
DPV_40CF0418CB535CD0,IND_MEGHALAYA_SOUTH_WEST_KHASI_HILLS,Census 2011,Census 2011,616,Meghalaya,SOUTH WEST KHASI HILLS,Meghalaya,SOUTH WEST KHASI HILLS,Meghalaya,West Khasi Hills,25.5123393,91.17047705,POINT (91.17047705324472 25.512339299710135),geometry.representative_point,working_fuzzy_same_state,working_fallback,0,1,0,,1
DPV_9729F0D1B93BDFA4,IND_MEGHALAYA_WEST_GARO_HILLS,Census 2001,Census 2001,499,Meghalaya,WEST GARO HILLS,Meghalaya,WEST GARO HILLS,Meghalaya,West Garo Hills,25.57919374,90.19292431,POINT (90.19292431163174 25.579193744368006),geometry.representative_point,confirmed_exact_unique,confirmed,0,1,0,,1
DPV_F01CAECE1A00C05A,IND_MEGHALAYA_WEST_GARO_HILLS,Census 2011,Census 2011,613,Meghalaya,WEST GARO HILLS,Meghalaya,WEST GARO HILLS,Meghalaya,West Garo Hills,25.57919374,90.19292431,POINT (90.19292431163174 25.579193744368006),geometry.representative_point,confirmed_exact_unique,confirmed,0,1,0,,1
DPV_F589A1BA32367A0A,IND_MEGHALAYA_WEST_JAINTIA_HILLS,Census 2001,Census 2001,225,Meghalaya,WEST JAINTIA HILLS,Meghalaya,WEST JAINTIA HILLS,Meghalaya,Jaintia Hills,25.3901192,92.40334427,POINT (92.40334427076718 25.39011920077484),geometry.representative_point,working_fuzzy_same_state,working_fallback,1,1,0,,1
DPV_54A5F4FB8B8E72E9,IND_MEGHALAYA_WEST_JAINTIA_HILLS,Census 2011,Census 2011,238,Meghalaya,WEST JAINTIA HILLS,Meghalaya,WEST JAINTIA HILLS,Meghalaya,Jaintia Hills,25.3901192,92.40334427,POINT (92.40334427076718 25.39011920077484),geometry.representative_point,working_fuzzy_same_state,working_fallback,1,1,0,,1
DPV_4D9A71606AD098C2,IND_MEGHALAYA_WEST_KHASI_HILLS,Census 2001,Census 2001,502,Meghalaya,WEST KHASI HILLS,Meghalaya,WEST KHASI HILLS,Meghalaya,West Khasi Hills,25.5123393,91.17047705,POINT (91.17047705324472 25.512339299710135),geometry.representative_point,confirmed_exact_unique,confirmed,0,1,0,,1
DPV_8E320A096560BE62,IND_MEGHALAYA_WEST_KHASI_HILLS,Census 2011,Census 2011,616,Meghalaya,WEST KHASI HILLS,Meghalaya,WEST KHASI HILLS,Meghalaya,West Khasi Hills,25.5123393,91.17047705,POINT (91.17047705324472 25.512339299710135),geometry.representative_point,confirmed_exact_unique,confirmed,0,1,0,,1
DPV_9135E7911CB0142A,IND_MIZORAM_AIZAWL,Census 2001,Census 2001,18,Mizoram,AIZAWL,Mizoram,AIZAWL,Mizoram,Aizawl,23.84386332,92.91097645,POINT (92.91097644708086 23.8438633218578),geometry.representative_point,confirmed_exact_unique,confirmed,0,1,0,,1
DPV_DF52091AAB772BFA,IND_MIZORAM_AIZAWL,Census 2011,Census 2011,4,Mizoram,AIZAWL,Mizoram,AIZAWL,Mizoram,Aizawl,23.84386332,92.91097645,POINT (92.91097644708086 23.8438633218578),geometry.representative_point,confirmed_exact_unique,confirmed,0,1,0,,1
DPV_36A2E3B8492D8728,IND_MIZORAM_CHAMPHAI,Census 2001,Census 2001,95,Mizoram,CHAMPHAI,Mizoram,CHAMPHAI,Mizoram,Champhai,23.54504016,93.2403817,POINT (93.24038170357818 23.545040158141063),geometry.representative_point,confirmed_exact_unique,confirmed,0,1,0,,1
DPV_934FC84702BD8779,IND_MIZORAM_CHAMPHAI,Census 2011,Census 2011,102,Mizoram,CHAMPHAI,Mizoram,CHAMPHAI,Mizoram,Champhai,23.54504016,93.2403817,POINT (93.24038170357818 23.545040158141063),geometry.representative_point,confirmed_exact_unique,confirmed,0,1,0,,1
DPV_5DC644BA5DC625EA,IND_MIZORAM_KOLASIB,Census 2001,Census 2001,266,Mizoram,KOLASIB,Mizoram,KOLASIB,Mizoram,Kolasib,24.23627333,92.7131071,POINT (92.71310710423866 24.236273331286128),geometry.representative_point,confirmed_exact_unique,confirmed,0,1,0,,1
DPV_007E175A50BAFB8D,IND_MIZORAM_KOLASIB,Census 2011,Census 2011,311,Mizoram,KOLASIB,Mizoram,KOLASIB,Mizoram,Kolasib,24.23627333,92.7131071,POINT (92.71310710423866 24.236273331286128),geometry.representative_point,confirmed_exact_unique,confirmed,0,1,0,,1
DPV_2FE03CB971544E7A,IND_MIZORAM_LAWNGTLAI,Census 2001,Census 2001,314,Mizoram,LAWNGTLAI,Mizoram,LAWNGTLAI,Mizoram,Lawngtlai,22.36946824,92.73515342,POINT (92.73515342228899 22.369468244270912),geometry.representative_point,confirmed_exact_unique,confirmed,0,1,0,,1
DPV_D1A815E150B373D1,IND_MIZORAM_LAWNGTLAI,Census 2011,Census 2001,314,Mizoram,LAWNGTLAI,Mizoram,LAWNGTLAI,Mizoram,Lawngtlai,22.36946824,92.73515342,POINT (92.73515342228899 22.369468244270912),geometry.representative_point,alternate_layer_confirmed_name,working_strong,0,1,0,,1
DPV_6D3EB5A45253ABC3,IND_MIZORAM_LUNGLEI,Census 2001,Census 2001,306,Mizoram,LUNGLEI,Mizoram,LUNGLEI,Mizoram,Lunglei,22.95172535,92.76221654,POINT (92.76221653543489 22.951725345731646),geometry.representative_point,confirmed_exact_unique,confirmed,0,1,0,,1
DPV_52C29CAAF8CB9616,IND_MIZORAM_LUNGLEI,Census 2011,Census 2011,346,Mizoram,LUNGLEI,Mizoram,LUNGLEI,Mizoram,Lunglei,22.95172535,92.76221654,POINT (92.76221653543489 22.951725345731646),geometry.representative_point,confirmed_exact_unique,confirmed,0,1,0,,1
DPV_D6BC5FA3B84E0EA5,IND_MIZORAM_MAMIT,Census 2001,Census 2001,273,Mizoram,MAMIT,Mizoram,MAMIT,Mizoram,Mamit,23.75660626,92.45167704,POINT (92.45167704461423 23.756606259788065),geometry.representative_point,confirmed_exact_unique,confirmed,0,1,0,,1
DPV_BDBF751CA8123321,IND_MIZORAM_MAMIT,Census 2011,Census 2011,361,Mizoram,MAMIT,Mizoram,MAMIT,Mizoram,Mamit,23.75660626,92.45167704,POINT (92.45167704461423 23.756606259788065),geometry.representative_point,confirmed_exact_unique,confirmed,0,1,0,,1
DPV_9D05E700E58B6BFD,IND_MIZORAM_SAIHA,Census 2001,Census 2001,411,Mizoram,SAIHA,Mizoram,SAIHA,Mizoram,Saiha,22.37490754,93.07586744,POINT (93.07586743960016 22.374907541667234),geometry.representative_point,confirmed_exact_unique,confirmed,0,1,0,,1
DPV_81F14BA188DE0D6C,IND_MIZORAM_SAIHA,Census 2011,Census 2011,493,Mizoram,SAIHA,Mizoram,SAIHA,Mizoram,Saiha,22.37490754,93.07586744,POINT (93.07586743960016 22.374907541667234),geometry.representative_point,confirmed_exact_unique,confirmed,0,1,0,,1
DPV_1B6CFE7FA82B86A9,IND_MIZORAM_SERCHHIP,Census 2001,Census 2001,425,Mizoram,SERCHHIP,Mizoram,SERCHHIP,Mizoram,Serchhip,23.26566992,92.85285523,POINT (92.8528552277321 23.265669918540766),geometry.representative_point,confirmed_exact_unique,confirmed,0,1,0,,1
DPV_F242DEDEC01AE382,IND_MIZORAM_SERCHHIP,Census 2011,Census 2011,509,Mizoram,SERCHHIP,Mizoram,SERCHHIP,Mizoram,Serchhip,23.26566992,92.85285523,POINT (92.8528552277321 23.265669918540766),geometry.representative_point,confirmed_exact_unique,confirmed,0,1,0,,1
DPV_DC7BE5B1DEFC61AC,IND_NAGALAND_DIMAPUR,Census 2001,Census 2001,562,Nagaland,DIMAPUR,Nagaland,DIMAPUR,Nagaland,Dimapur,25.80442131,93.80985999,POINT (93.80985998665054 25.804421309670925),geometry.representative_point,confirmed_exact_unique,confirmed,0,1,0,,1
DPV_4F3BF28EE517189F,IND_NAGALAND_DIMAPUR,Census 2011,Census 2011,164,Nagaland,DIMAPUR,Nagaland,DIMAPUR,Nagaland,Dimapur,25.80442131,93.80985999,POINT (93.80985998665054 25.804421309670925),geometry.representative_point,confirmed_exact_unique,confirmed,0,1,0,,1
DPV_BB6C6C89ABE893CA,IND_NAGALAND_KIPHIRE,Census 2001,Census 2011,302,Nagaland,KIPHIRE,Nagaland,KIPHIRE,Nagaland,Kiphire,25.8110179,94.84913717,POINT (94.84913716508102 25.8110178985729),geometry.representative_point,alternate_layer_confirmed_name,working_strong,0,1,0,,1
DPV_575B320C6C7B36B2,IND_NAGALAND_KIPHIRE,Census 2011,Census 2011,302,Nagaland,KIPHIRE,Nagaland,KIPHIRE,Nagaland,Kiphire,25.8110179,94.84913717,POINT (94.84913716508102 25.8110178985729),geometry.representative_point,confirmed_exact_unique,confirmed,0,1,0,,1
DPV_6D33ED693E6509FF,IND_NAGALAND_KOHIMA,Census 2001,Census 2001,563,Nagaland,KOHIMA,Nagaland,KOHIMA,Nagaland,Kohima,25.61063209,93.81464248,POINT (93.8146424831746 25.610632089308915),geometry.representative_point,confirmed_exact_unique,confirmed,0,1,0,,1
DPV_8E2E5E7872C3729C,IND_NAGALAND_KOHIMA,Census 2011,Census 2011,308,Nagaland,KOHIMA,Nagaland,KOHIMA,Nagaland,Kohima,25.77175166,94.12446803,POINT (94.1244680264879 25.771751661466233),geometry.representative_point,confirmed_exact_unique,confirmed,0,1,0,,1
DPV_19BB7B522B0486F5,IND_NAGALAND_LONGLENG,Census 2001,Census 2011,341,Nagaland,LONGLENG,Nagaland,LONGLENG,Nagaland,Longleng,26.58557415,94.81155814,POINT (94.81155813874575 26.585574152942073),geometry.representative_point,alternate_layer_confirmed_name,working_strong,0,1,0,,1
DPV_0510F115BAB44C0E,IND_NAGALAND_LONGLENG,Census 2011,Census 2011,341,Nagaland,LONGLENG,Nagaland,LONGLENG,Nagaland,Longleng,26.58557415,94.81155814,POINT (94.81155813874575 26.585574152942073),geometry.representative_point,confirmed_exact_unique,confirmed,0,1,0,,1
DPV_80FC3622E3DE043D,IND_NAGALAND_MOKOKCHUNG,Census 2001,Census 2001,343,Nagaland,MOKOKCHUNG,Nagaland,MOKOKCHUNG,Nagaland,Mokokchung,26.47741477,94.51038541,POINT (94.51038541254968 26.477414765229987),geometry.representative_point,confirmed_exact_unique,confirmed,0,1,0,,1
DPV_B652C1750FA4E388,IND_NAGALAND_MOKOKCHUNG,Census 2011,Census 2011,376,Nagaland,MOKOKCHUNG,Nagaland,MOKOKCHUNG,Nagaland,Mokokchung,26.47741477,94.51038541,POINT (94.51038541309597 26.477414765639413),geometry.representative_point,confirmed_exact_unique,confirmed,0,1,0,,1
DPV_90656B3B468DC9A5,IND_NAGALAND_MON,Census 2001,Census 2001,344,Nagaland,MON,Nagaland,MON,Nagaland,Mon,26.73779455,95.02062182,POINT (95.02062182371041 26.737794547106052),geometry.representative_point,confirmed_exact_unique,confirmed,0,1,0,,1
DPV_62F350C9A74F6783,IND_NAGALAND_MON,Census 2011,Census 2011,377,Nagaland,MON,Nagaland,MON,Nagaland,Mon,26.73779455,95.02062182,POINT (95.02062182385757 26.737794547106052),geometry.representative_point,confirmed_exact_unique,confirmed,0,1,0,,1
DPV_257C0F01049CC434,IND_NAGALAND_PEREN,Census 2001,Census 2011,440,Nagaland,PEREN,Nagaland,PEREN,Nagaland,Peren,25.44793995,93.61878787,POINT (93.61878786934479 25.447939950867674),geometry.representative_point,alternate_layer_confirmed_name,working_strong,0,1,0,,1
DPV_70E0F51319D45435,IND_NAGALAND_PEREN,Census 2011,Census 2011,440,Nagaland,PEREN,Nagaland,PEREN,Nagaland,Peren,25.44793995,93.61878787,POINT (93.61878786934479 25.447939950867674),geometry.representative_point,confirmed_exact_unique,confirmed,0,1,0,,1
DPV_1F95393966A3C59A,IND_NAGALAND_PHEK,Census 2001,Census 2001,390,Nagaland,PHEK,Nagaland,PHEK,Nagaland,Phek,25.68663191,94.39444283,POINT (94.3944428333617 25.686631911902563),geometry.representative_point,confirmed_exact_unique,confirmed,0,1,0,,1
DPV_F1209D38D2B48650,IND_NAGALAND_PHEK,Census 2011,Census 2011,441,Nagaland,PHEK,Nagaland,PHEK,Nagaland,Phek,25.68663191,94.39444283,POINT (94.3944428333617 25.686631911902563),geometry.representative_point,confirmed_exact_unique,confirmed,0,1,0,,1
DPV_49B0FAF218B8D399,IND_NAGALAND_TUENSANG,Census 2001,Census 2001,473,Nagaland,TUENSANG,Nagaland,TUENSANG,Nagaland,Tuensang,26.19131612,94.9091281,POINT (94.9091281027867 26.191316118995765),geometry.representative_point,confirmed_exact_unique,confirmed,0,1,0,,1
DPV_E906E299CDA4D045,IND_NAGALAND_TUENSANG,Census 2011,Census 2011,580,Nagaland,TUENSANG,Nagaland,TUENSANG,Nagaland,Tuensang,26.17853827,94.91189166,POINT (94.91189166374403 26.17853826502824),geometry.representative_point,confirmed_exact_unique,confirmed,0,1,0,,1
DPV_300D2A751326547F,IND_NAGALAND_WOKHA,Census 2001,Census 2001,532,Nagaland,WOKHA,Nagaland,WOKHA,Nagaland,Wokha,26.24015467,94.19311727,POINT (94.19311726922939 26.240154671577237),geometry.representative_point,confirmed_exact_unique,confirmed,0,1,0,,1
DPV_D11B656895391A1D,IND_NAGALAND_WOKHA,Census 2011,Census 2011,620,Nagaland,WOKHA,Nagaland,WOKHA,Nagaland,Wokha,26.24015467,94.19311727,POINT (94.19311726922939 26.240154671577237),geometry.representative_point,confirmed_exact_unique,confirmed,0,1,0,,1
DPV_C8FFDCE34CA5DD38,IND_NAGALAND_ZUNHEBOTO,Census 2001,Census 2001,536,Nagaland,ZUNHEBOTO,Nagaland,ZUNHEBOTO,Nagaland,Zunheboto,26.02306465,94.51876734,POINT (94.51876733854088 26.02306465221237),geometry.representative_point,confirmed_exact_unique,confirmed,0,1,0,,1
DPV_FA3DB67A7FF29805,IND_NAGALAND_ZUNHEBOTO,Census 2011,Census 2011,623,Nagaland,ZUNHEBOTO,Nagaland,ZUNHEBOTO,Nagaland,Zunheboto,26.02306465,94.51876734,POINT (94.5187673385704 26.02306465221237),geometry.representative_point,confirmed_exact_unique,confirmed,0,1,0,,1
DPV_0907C8A79C3540A1,IND_ODISHA_ANUGUL,Census 2001,Census 2001,3,Odisha,ANUGUL,Odisha,ANUGUL,Orissa,Anugul,21.10414198,84.9581085,POINT (84.95810849729665 21.104141984776355),geometry.representative_point,confirmed_exact_unique,confirmed,0,1,0,,1
DPV_1EED59F732A82B24,IND_ODISHA_ANUGUL,Census 2011,Census 2011,22,Odisha,ANUGUL,Odisha,ANUGUL,Odisha,Anugul,21.10414198,84.9581085,POINT (84.95810849729665 21.104141984776355),geometry.representative_point,confirmed_exact_unique,confirmed,0,1,0,,1
DPV_1620A81F9F1877D4,IND_ODISHA_BALANGIR,Census 2001,Census 2001,68,Odisha,BALANGIR,Odisha,BALANGIR,Orissa,Balangir,20.60826785,83.16912656,POINT (83.169126562645 20.60826784887265),geometry.representative_point,confirmed_exact_unique,confirmed,0,1,0,,1
DPV_E2B1D9519A3C1706,IND_ODISHA_BALANGIR,Census 2011,Census 2011,38,Odisha,BALANGIR,Odisha,BALANGIR,Odisha,Balangir,20.60826785,83.16912656,POINT (83.169126562645 20.60826784887265),geometry.representative_point,confirmed_exact_unique,confirmed,0,1,0,,1
DPV_5D5D01C2FAAD2CD9,IND_ODISHA_BALESHWAR,Census 2001,Census 2001,69,Odisha,BALESHWAR,Odisha,BALESHWAR,Orissa,Baleshwar,21.51860072,86.89378119,POINT (86.89378118957148 21.51860072473312),geometry.representative_point,confirmed_exact_unique,confirmed,0,1,0,,1
DPV_5012C3616A223FEB,IND_ODISHA_BALESHWAR,Census 2011,Census 2011,39,Odisha,BALESHWAR,Odisha,BALESHWAR,Odisha,Baleshwar,21.51860072,86.89378119,POINT (86.89378118957148 21.51860072473312),geometry.representative_point,confirmed_exact_unique,confirmed,0,1,0,,1
DPV_EE71CF0067B0D135,IND_ODISHA_BARGARH,Census 2001,Census 2001,77,Odisha,BARGARH,Odisha,BARGARH,Orissa,Bargarh,21.23482,83.56890027,POINT (83.56890027233538 21.234820003515196),geometry.representative_point,confirmed_exact_unique,confirmed,0,1,0,,1
DPV_2866645048516F92,IND_ODISHA_BARGARH,Census 2011,Census 2011,51,Odisha,BARGARH,Odisha,BARGARH,Odisha,Bargarh,21.23482,83.56890027,POINT (83.56890027233538 21.234820003515196),geometry.representative_point,confirmed_exact_unique,confirmed,0,1,0,,1
DPV_EEA3B997FC2EC0D1,IND_ODISHA_BHADRAK,Census 2001,Census 2001,38,Odisha,BHADRAK,Odisha,BHADRAK,Orissa,Bhadrak,20.98599471,86.59808108,POINT (86.5980810767829 20.985994708960522),geometry.representative_point,confirmed_exact_unique,confirmed,0,1,0,,1
DPV_24A350E46B207966,IND_ODISHA_BHADRAK,Census 2011,Census 2011,68,Odisha,BHADRAK,Odisha,BHADRAK,Odisha,Bhadrak,20.98599471,86.59808108,POINT (86.5980810767829 20.985994708960522),geometry.representative_point,confirmed_exact_unique,confirmed,0,1,0,,1
DPV_4CE0F1D53650DB4D,IND_ODISHA_BOUDH,Census 2001,Census 2001,58,Odisha,BOUDH,Odisha,BOUDH,Orissa,Baudh,20.64371963,84.00204696,POINT (84.00204695729227 20.643719629339863),geometry.representative_point,working_fuzzy_same_state,working_fallback,0,1,0,,1
DPV_44F02E08E58251D7,IND_ODISHA_BOUDH,Census 2011,Census 2011,63,Odisha,BOUDH,Odisha,BOUDH,Odisha,Bauda,20.64371963,84.00204696,POINT (84.00204695729227 20.643719629339863),geometry.representative_point,working_fuzzy_same_state,working_fallback,0,1,0,,1
DPV_558F88B1333C55D5,IND_ODISHA_CUTTACK,Census 2001,Census 2001,116,Odisha,CUTTACK,Odisha,CUTTACK,Orissa,Cuttack,20.36941582,85.46821523,POINT (85.46821522885617 20.369415819944244),geometry.representative_point,confirmed_exact_unique,confirmed,0,1,0,,1
DPV_7BC84A192C92369E,IND_ODISHA_CUTTACK,Census 2011,Census 2011,125,Odisha,CUTTACK,Odisha,CUTTACK,Odisha,Cuttack,20.36941582,85.46821523,POINT (85.46821522885617 20.369415819944244),geometry.representative_point,confirmed_exact_unique,confirmed,0,1,0,,1
DPV_87ECB86DFC0FB8F4,IND_ODISHA_DEOGARH,Census 2001,Census 2001,112,Odisha,DEOGARH,Odisha,DEOGARH,Orissa,Debagarh,21.43534608,84.74568765,POINT (84.7456876528874 21.435346081880773),geometry.representative_point,working_fuzzy_same_state,working_fallback,0,1,0,,1
DPV_1364B5F676211C54,IND_ODISHA_DEOGARH,Census 2011,Census 2011,138,Odisha,DEOGARH,Odisha,DEOGARH,Odisha,Debagarh,21.43534608,84.74568765,POINT (84.7456876528874 21.435346081880773),geometry.representative_point,working_fuzzy_same_state,working_fallback,0,1,0,,1
DPV_D60AAB4C1C8B70EB,IND_ODISHA_DHENKANAL,Census 2001,Census 2001,138,Odisha,DHENKANAL,Odisha,DHENKANAL,Orissa,Dhenkanal,20.83475771,85.60419553,POINT (85.60419553126144 20.83475770579288),geometry.representative_point,confirmed_exact_unique,confirmed,0,1,0,,1
DPV_F8BC39083C75C425,IND_ODISHA_DHENKANAL,Census 2011,Census 2011,151,Odisha,DHENKANAL,Odisha,DHENKANAL,Odisha,Dhenkanal,20.83475771,85.60419553,POINT (85.60419553126144 20.83475770579288),geometry.representative_point,confirmed_exact_unique,confirmed,0,1,0,,1
DPV_83CACED5B7E81BA1,IND_ODISHA_GAJAPATI,Census 2001,Census 2001,199,Odisha,GAJAPATI,Odisha,GAJAPATI,Orissa,Gajapati,19.19340222,84.18065883,POINT (84.18065883002622 19.193402219661543),geometry.representative_point,confirmed_exact_unique,confirmed,0,1,0,,1
DPV_ABE4B90DC99B7256,IND_ODISHA_GAJAPATI,Census 2011,Census 2011,187,Odisha,GAJAPATI,Odisha,GAJAPATI,Odisha,Gajapati,19.19340222,84.18065883,POINT (84.18065883002622 19.193402219661543),geometry.representative_point,confirmed_exact_unique,confirmed,0,1,0,,1
DPV_3D7A8EF31FB92B51,IND_ODISHA_GANJAM,Census 2001,Census 2001,172,Odisha,GANJAM,Odisha,GANJAM,Orissa,Ganjam,19.63113358,84.7095894,POINT (84.70958939684293 19.63113357698691),geometry.representative_point,confirmed_exact_unique,confirmed,0,1,0,,1
DPV_11C8B0192904888E,IND_ODISHA_GANJAM,Census 2011,Census 2011,191,Odisha,GANJAM,Odisha,GANJAM,Odisha,Ganjam,19.63113358,84.7095894,POINT (84.70958939684293 19.63113357698691),geometry.representative_point,confirmed_exact_unique,confirmed,0,1,0,,1
DPV_36F66E8C19449C10,IND_ODISHA_JAGATSINGHAPUR,Census 2001,Census 2001,224,Odisha,JAGATSINGHAPUR,Odisha,JAGATSINGHAPUR,Orissa,Jagatsinghapur,20.18658602,86.35001228,POINT (86.35001228174599 20.186586021274284),geometry.representative_point,confirmed_exact_unique,confirmed,0,1,0,,1
DPV_0F3EED04A0E0D37B,IND_ODISHA_JAGATSINGHAPUR,Census 2011,Census 2011,237,Odisha,JAGATSINGHAPUR,Odisha,JAGATSINGHAPUR,Odisha,Jagatsinghapur,20.18658602,86.35001228,POINT (86.35001228174599 20.186586021274284),geometry.representative_point,confirmed_exact_unique,confirmed,0,1,0,,1
DPV_4E4935B88BC86EAE,IND_ODISHA_JAJAPUR,Census 2001,Census 2001,221,Odisha,JAJAPUR,Odisha,JAJAPUR,Orissa,Jajapur,20.87273926,86.12144638,POINT (86.1214463833723 20.872739258216566),geometry.representative_point,confirmed_exact_unique,confirmed,0,1,0,,1
DPV_2D223736CEFA5873,IND_ODISHA_JAJAPUR,Census 2011,Census 2011,241,Odisha,JAJAPUR,Odisha,JAJAPUR,Odisha,Jajapur,20.87273926,86.12144638,POINT (86.1214463833723 20.872739258216566),geometry.representative_point,confirmed_exact_unique,confirmed,0,1,0,,1
DPV_4A0BC15AD6E287DE,IND_ODISHA_JHARSUGUDA,Census 2001,Census 2001,240,Odisha,JHARSUGUDA,Odisha,JHARSUGUDA,Orissa,Jharsuguda,21.801134,84.01764766,POINT (84.01764766066894 21.801134002056617),geometry.representative_point,confirmed_exact_unique,confirmed,0,1,0,,1
DPV_371AE7019C15FBD2,IND_ODISHA_JHARSUGUDA,Census 2011,Census 2011,259,Odisha,JHARSUGUDA,Odisha,JHARSUGUDA,Odisha,Jharsuguda,21.801134,84.01764766,POINT (84.01764766066894 21.801134002056617),geometry.representative_point,confirmed_exact_unique,confirmed,0,1,0,,1
DPV_0421877E607E81E9,IND_ODISHA_KALAHANDI,Census 2001,Census 2001,159,Odisha,KALAHANDI,Odisha,KALAHANDI,Orissa,Kalahandi,19.81689603,83.04218646,POINT (83.04218645897546 19.816896030481125),geometry.representative_point,confirmed_exact_unique,confirmed,0,1,0,,1
DPV_0F1C29C489C1B317,IND_ODISHA_KALAHANDI,Census 2011,Census 2011,268,Odisha,KALAHANDI,Odisha,KALAHANDI,Odisha,Kalahandi,19.81689603,83.04218646,POINT (83.04218645897546 19.816896030481125),geometry.representative_point,confirmed_exact_unique,confirmed,0,1,0,,1
DPV_8A5E7A70392D8D94,IND_ODISHA_KANDHAMAL,Census 2001,Census 2001,391,Odisha,KANDHAMAL,Odisha,KANDHAMAL,Orissa,Kandhamal,20.13524905,84.07955999,POINT (84.07955999056429 20.135249047749284),geometry.representative_point,confirmed_exact_unique,confirmed,0,1,0,,1
DPV_8E1860D892A97AB8,IND_ODISHA_KANDHAMAL,Census 2011,Census 2011,272,Odisha,KANDHAMAL,Odisha,KANDHAMAL,Odisha,Kandhamal,20.13524904,84.07955997,POINT (84.07955996906307 20.135249044390278),geometry.representative_point,confirmed_exact_unique,confirmed,0,1,0,,1
DPV_FC660B7A8AE53D5C,IND_ODISHA_KENDRAPARA,Census 2001,Census 2001,109,Odisha,KENDRAPARA,Odisha,KENDRAPARA,Orissa,Kendrapara,20.55126208,86.54083273,POINT (86.54083272743458 20.551262081640477),geometry.representative_point,confirmed_exact_unique,confirmed,0,1,0,,1
DPV_8ABC01BF7EA372D9,IND_ODISHA_KENDRAPARA,Census 2011,Census 2011,293,Odisha,KENDRAPARA,Odisha,KENDRAPARA,Odisha,Kendrapara,20.55126208,86.54083273,POINT (86.54083272743458 20.551262081640477),geometry.representative_point,confirmed_exact_unique,confirmed,0,1,0,,1
DPV_28991130546346FF,IND_ODISHA_KENDUJHAR,Census 2001,Census 2001,110,Odisha,KENDUJHAR,Odisha,KENDUJHAR,Orissa,Kendujhar,21.58796117,85.67113324,POINT (85.6711332398886 21.587961165907103),geometry.representative_point,confirmed_exact_unique,confirmed,0,1,0,,1
DPV_91AAD62C0330C9F1,IND_ODISHA_KENDUJHAR,Census 2011,Census 2011,294,Odisha,KENDUJHAR,Odisha,KENDUJHAR,Odisha,Kendujhar,21.58796117,85.67113324,POINT (85.6711332398886 21.587961165907103),geometry.representative_point,confirmed_exact_unique,confirmed,0,1,0,,1
DPV_5A7CAF6DD9FC1C14,IND_ODISHA_KHORDHA,Census 2001,Census 2001,260,Odisha,KHORDHA,Odisha,KHORDHA,Orissa,Khordha,20.05228889,85.50436065,POINT (85.50436065004111 20.052288891031864),geometry.representative_point,confirmed_exact_unique,confirmed,0,1,0,,1
DPV_3239723E939F8EAD,IND_ODISHA_KHORDHA,Census 2011,Census 2011,299,Odisha,KHORDHA,Odisha,KHORDHA,Odisha,Khordha,20.05228889,85.50436065,POINT (85.50436065004111 20.052288891031864),geometry.representative_point,confirmed_exact_unique,confirmed,0,1,0,,1
DPV_20E3DCB05B4BF4B0,IND_ODISHA_KORAPUT,Census 2001,Census 2001,287,Odisha,KORAPUT,Odisha,KORAPUT,Orissa,Koraput,18.73805157,82.6568259,POINT (82.6568258981719 18.738051574275723),geometry.representative_point,confirmed_exact_unique,confirmed,0,1,0,,1
DPV_E50BB2B8B4AE1639,IND_ODISHA_KORAPUT,Census 2011,Census 2011,316,Odisha,KORAPUT,Odisha,KORAPUT,Odisha,Koraput,18.73805157,82.6568259,POINT (82.6568258981719 18.738051574275772),geometry.representative_point,confirmed_exact_unique,confirmed,0,1,0,,1
DPV_15A2F145A4D9F838,IND_ODISHA_MALKANGIRI,Census 2001,Census 2001,328,Odisha,MALKANGIRI,Odisha,MALKANGIRI,Orissa,Malkangiri,18.27669022,81.95891099,POINT (81.95891099081851 18.276690221509874),geometry.representative_point,confirmed_exact_unique,confirmed,0,1,0,,1
DPV_12490195F0B8DFF8,IND_ODISHA_MALKANGIRI,Census 2011,Census 2011,360,Odisha,MALKANGIRI,Odisha,MALKANGIRI,Odisha,Malkangiri,18.27669022,81.95891099,POINT (81.958910990174 18.276690221509874),geometry.representative_point,confirmed_exact_unique,confirmed,0,1,0,,1
DPV_0383BB26E93E0713,IND_ODISHA_MAYURBHANJ,Census 2001,Census 2001,276,Odisha,MAYURBHANJ,Odisha,MAYURBHANJ,Orissa,Mayurbhanj,21.91430598,86.39833515,POINT (86.39833515135058 21.914305976062906),geometry.representative_point,confirmed_exact_unique,confirmed,0,1,0,,1
DPV_2BE905F1D781CC1F,IND_ODISHA_MAYURBHANJ,Census 2011,Census 2011,370,Odisha,MAYURBHANJ,Odisha,MAYURBHANJ,Odisha,Mayurbhanj,21.91430598,86.39833515,POINT (86.39833515135058 21.914305976062906),geometry.representative_point,confirmed_exact_unique,confirmed,0,1,0,,1
DPV_C993BEA3AF23A0BF,IND_ODISHA_NABARANGPUR,Census 2001,Census 2001,331,Odisha,NABARANGPUR,Odisha,NABARANGPUR,Orissa,Nabarangapur,19.62605355,82.29424866,POINT (82.2942486632598 19.62605354622163),geometry.representative_point,working_fuzzy_same_state,working_fallback,0,1,0,,1
DPV_7BDC82EEA1308EBC,IND_ODISHA_NABARANGPUR,Census 2011,Census 2011,388,Odisha,NABARANGPUR,Odisha,NABARANGPUR,Odisha,Nabarangapur,19.62605355,82.29424866,POINT (82.29424866340335 19.62605354622163),geometry.representative_point,working_fuzzy_same_state,working_fallback,0,1,0,,1
DPV_47EC27FD4629F3AD,IND_ODISHA_NAYAGARH,Census 2001,Census 2001,366,Odisha,NAYAGARH,Odisha,NAYAGARH,Orissa,Nayagarh,20.23888887,85.05251631,POINT (85.0525163136068 20.238888865510972),geometry.representative_point,confirmed_exact_unique,confirmed,0,1,0,,1
DPV_55C875943093A267,IND_ODISHA_NAYAGARH,Census 2011,Census 2011,406,Odisha,NAYAGARH,Odisha,NAYAGARH,Odisha,Nayagarh,20.23888887,85.05251631,POINT (85.0525163136068 20.238888865510972),geometry.representative_point,confirmed_exact_unique,confirmed,0,1,0,,1
DPV_7251BD3CDA78F779,IND_ODISHA_NUAPADA,Census 2001,Census 2001,375,Odisha,NUAPADA,Odisha,NUAPADA,Orissa,Nuapada,20.53814041,82.53022013,POINT (82.53022012534925 20.53814041327566),geometry.representative_point,confirmed_exact_unique,confirmed,0,1,0,,1
DPV_EFA1740A61598B8C,IND_ODISHA_NUAPADA,Census 2011,Census 2011,419,Odisha,NUAPADA,Odisha,NUAPADA,Odisha,Nuapada,20.53814041,82.53022013,POINT (82.53022012534925 20.53814041327566),geometry.representative_point,confirmed_exact_unique,confirmed,0,1,0,,1
DPV_C441FDD752EF005B,IND_ODISHA_PURI,Census 2001,Census 2001,278,Odisha,PURI,Odisha,PURI,Orissa,Puri,19.83080139,85.65627798,POINT (85.65627798436923 19.830801390190043),geometry.representative_point,confirmed_exact_unique,confirmed,0,1,0,,1
DPV_7DA780C6EFA51870,IND_ODISHA_PURI,Census 2011,Census 2011,455,Odisha,PURI,Odisha,PURI,Odisha,Puri,19.83080139,85.65627798,POINT (85.65627798436923 19.830801390190043),geometry.representative_point,confirmed_exact_unique,confirmed,0,1,0,,1
DPV_2F0C4DAAC1C9F26D,IND_ODISHA_RAYAGADA,Census 2001,Census 2001,438,Odisha,RAYAGADA,Odisha,RAYAGADA,Orissa,Rayagada,19.44091878,83.58804835,POINT (83.58804835284653 19.440918783204758),geometry.representative_point,confirmed_exact_unique,confirmed,0,1,0,,1
DPV_CBAF97E9C01964B2,IND_ODISHA_RAYAGADA,Census 2011,Census 2011,478,Odisha,RAYAGADA,Odisha,RAYAGADA,Odisha,Rayagada,19.44091878,83.58804835,POINT (83.58804835284653 19.440918783204758),geometry.representative_point,confirmed_exact_unique,confirmed,0,1,0,,1
DPV_1D9FFF9AD3F31930,IND_ODISHA_SAMBALPUR,Census 2001,Census 2001,414,Odisha,SAMBALPUR,Odisha,SAMBALPUR,Orissa,Sambalpur,21.55242989,84.15904316,POINT (84.15904316463683 21.552429889054793),geometry.representative_point,confirmed_exact_unique,confirmed,0,1,0,,1
DPV_45431357CC670E92,IND_ODISHA_SAMBALPUR,Census 2011,Census 2011,497,Odisha,SAMBALPUR,Odisha,SAMBALPUR,Odisha,Sambalpur,21.55242989,84.15904316,POINT (84.15904316463683 21.552429889054793),geometry.representative_point,confirmed_exact_unique,confirmed,0,1,0,,1
DPV_B372A6669275889F,IND_ODISHA_SONEPUR,Census 2001,Census 2001,481,Odisha,SONEPUR,Odisha,SONEPUR,Orissa,Sonapur,20.8533255,83.85143471,POINT (83.85143470525054 20.853325495200384),geometry.representative_point,working_fuzzy_same_state,working_fallback,0,1,0,,1
DPV_FCA0EFBA4E05E534,IND_ODISHA_SONEPUR,Census 2011,Census 2011,538,Odisha,SONEPUR,Odisha,SONEPUR,Odisha,Subarnapur,20.8533255,83.85143471,POINT (83.85143470525054 20.853325495200384),geometry.representative_point,working_fuzzy_same_state,working_fallback,0,1,0,,1
DPV_9797EA491D33F686,IND_ODISHA_SUNDARGARH,Census 2001,Census 2001,460,Odisha,SUNDARGARH,Odisha,SUNDARGARH,Orissa,Sundargarh,22.06044027,83.9336781,POINT (83.93367809500161 22.060440269286055),geometry.representative_point,confirmed_exact_unique,confirmed,0,1,0,,1
DPV_F6F305877BD461F4,IND_ODISHA_SUNDARGARH,Census 2011,Census 2011,552,Odisha,SUNDARGARH,Odisha,SUNDARGARH,Odisha,Sundargarh,22.06044027,83.9336781,POINT (83.93367809500161 22.060440269286055),geometry.representative_point,confirmed_exact_unique,confirmed,0,1,0,,1
DPV_F2431A164159E3B5,IND_PUDUCHERRY_KARAIKAL,Census 2001,Census 2001,586,Puducherry,KARAIKAL,Puducherry,KARAIKAL,Puducherry,Karaikal,10.9151089,79.79832557,POINT (79.79832556600033 10.91510889804907),geometry.representative_point,confirmed_exact_unique,confirmed,0,1,0,,1
DPV_140519F9E2ED44BF,IND_PUDUCHERRY_KARAIKAL,Census 2011,Census 2011,633,Puducherry,KARAIKAL,Puducherry,KARAIKAL,Puducherry,Karaikal,10.9151089,79.79832557,POINT (79.79832556731571 10.91510889804907),geometry.representative_point,confirmed_exact_unique,confirmed,0,1,0,,1
DPV_12E2994C4AB54651,IND_PUDUCHERRY_MAHE,Census 2001,Census 2001,587,Puducherry,MAHE,Puducherry,MAHE,Puducherry,Mahe,11.70192492,75.53767266,POINT (75.5376726580796 11.701924923146976),geometry.representative_point,confirmed_exact_unique,confirmed,0,1,0,,1
DPV_8A5456ED1CDED1FD,IND_PUDUCHERRY_MAHE,Census 2011,Census 2011,353,Puducherry,MAHE,Puducherry,MAHE,Puducherry,Mahe,11.70192492,75.53767266,POINT (75.5376726580796 11.701924923146976),geometry.representative_point,confirmed_exact_unique,confirmed,0,1,0,,1
DPV_9919EC2DEACF466D,IND_PUDUCHERRY_PONDICHERRY,Census 2001,Census 2001,394,Puducherry,PONDICHERRY,Puducherry,PONDICHERRY,Puducherry,Pondicherry,11.93305918,79.79807056,POINT (79.7980705597375 11.933059179882491),geometry.representative_point,confirmed_exact_unique,confirmed,0,1,0,,1
DPV_E6C67B36F7889F4A,IND_PUDUCHERRY_PONDICHERRY,Census 2011,Census 2001,394,Puducherry,PONDICHERRY,Puducherry,PONDICHERRY,Puducherry,Pondicherry,11.93305918,79.79807056,POINT (79.7980705597375 11.933059179882491),geometry.representative_point,alternate_layer_confirmed_name,working_strong,0,1,0,,1
DPV_4D5D1A040FB959F9,IND_PUDUCHERRY_YANAM,Census 2001,Census 2001,534,Puducherry,YANAM,Puducherry,YANAM,Puducherry,Yanam,16.73219999,82.20690696,POINT (82.2069069644063 16.732199991774696),geometry.representative_point,confirmed_exact_unique,confirmed,0,1,0,,1
DPV_5F18164814A000E8,IND_PUDUCHERRY_YANAM,Census 2011,Census 2011,635,Puducherry,YANAM,Puducherry,YANAM,Puducherry,Yanam,16.73220016,82.20690691,POINT (82.2069069132452 16.732200161055264),geometry.representative_point,confirmed_exact_unique,confirmed,0,1,0,,1
DPV_DF83336442ECF08A,IND_PUNJAB_AMRITSAR,Census 2001,Census 2001,29,Punjab,AMRITSAR,Punjab,AMRITSAR,Punjab,Amritsar,31.56854278,74.99028331,POINT (74.99028331099063 31.56854277946492),geometry.representative_point,confirmed_exact_unique,confirmed,0,1,0,,1
DPV_E6813BEBC8F9FA8C,IND_PUNJAB_AMRITSAR,Census 2011,Census 2011,17,Punjab,AMRITSAR,Punjab,AMRITSAR,Punjab,Amritsar,31.76795847,74.83372808,POINT (74.83372807534892 31.767958468893255),geometry.representative_point,confirmed_exact_unique,confirmed,0,1,0,,1
DPV_B29211E695A8E8E9,IND_PUNJAB_BARNALA,Census 2001,Census 2011,57,Punjab,BARNALA,Punjab,BARNALA,Punjab,Barnala,30.38769429,75.48860757,POINT (75.4886075733563 30.387694286215897),geometry.representative_point,alternate_layer_confirmed_name,working_strong,0,1,0,,1
DPV_1B650E0C4B21B2DB,IND_PUNJAB_BARNALA,Census 2011,Census 2011,57,Punjab,BARNALA,Punjab,BARNALA,Punjab,Barnala,30.38769429,75.48860757,POINT (75.4886075733563 30.387694286215897),geometry.representative_point,confirmed_exact_unique,confirmed,0,1,0,,1
DPV_7ED2055C9BD84BFE,IND_PUNJAB_BATHINDA,Census 2001,Census 2001,57,Punjab,BATHINDA,Punjab,BATHINDA,Punjab,Bathinda,30.17742439,75.04886689,POINT (75.04886688768138 30.177424393944108),geometry.representative_point,confirmed_exact_unique,confirmed,0,1,0,,1
DPV_CEA5A74CEF4F3042,IND_PUNJAB_BATHINDA,Census 2011,Census 2011,62,Punjab,BATHINDA,Punjab,BATHINDA,Punjab,Bathinda,30.17742439,75.04886689,POINT (75.04886688768138 30.177424393944108),geometry.representative_point,confirmed_exact_unique,confirmed,0,1,0,,1
DPV_A2D25F89FABED4BB,IND_PUNJAB_FARIDKOT,Census 2001,Census 2001,192,Punjab,FARIDKOT,Punjab,FARIDKOT,Punjab,Faridkot,30.59820581,74.79702076,POINT (74.79702075841416 30.598205812896374),geometry.representative_point,confirmed_exact_unique,confirmed,0,1,0,,1
DPV_17BE50FE52104003,IND_PUNJAB_FARIDKOT,Census 2011,Census 2011,179,Punjab,FARIDKOT,Punjab,FARIDKOT,Punjab,Faridkot,30.59820581,74.79702076,POINT (74.79702075841416 30.598205812896374),geometry.representative_point,confirmed_exact_unique,confirmed,0,1,0,,1
DPV_E10AF7D0EDCCF452,IND_PUNJAB_FATEHGARH_SAHIB,Census 2001,Census 2001,195,Punjab,FATEHGARH SAHIB,Punjab,FATEHGARH SAHIB,Punjab,Fatehgarh Sahib,30.586609,76.34220088,POINT (76.34220088286645 30.58660899621912),geometry.representative_point,confirmed_exact_unique,confirmed,0,1,0,,1
DPV_FF75099758700F7D,IND_PUNJAB_FATEHGARH_SAHIB,Census 2011,Census 2011,182,Punjab,FATEHGARH SAHIB,Punjab,FATEHGARH SAHIB,Punjab,Fatehgarh Sahib,30.64391314,76.34106754,POINT (76.34106753770155 30.643913140691893),geometry.representative_point,confirmed_exact_unique,confirmed,0,1,0,,1
DPV_D530CFF3D12E77BF,IND_PUNJAB_FAZILKA,Census 2001,Census 2001,385,Punjab,FAZILKA,Punjab,FAZILKA,Punjab,Patiala,30.23735823,76.33658745,POINT (76.3365874509601 30.23735823177436),geometry.representative_point,working_fuzzy_same_state,working_fallback,1,1,0,,1
DPV_A836CD91ED551956,IND_PUNJAB_FAZILKA,Census 2011,Census 2011,437,Punjab,FAZILKA,Punjab,FAZILKA,Punjab,Patiala,30.23443918,76.33568835,POINT (76.33568834948034 30.234439177006298),geometry.representative_point,working_fuzzy_same_state,working_fallback,1,1,0,,1
DPV_57F945770F108F7B,IND_PUNJAB_FIROZEPUR,Census 2001,Census 2001,53,Punjab,FIROZEPUR,Punjab,FIROZEPUR,Punjab,Firozpur,30.55395577,74.24085142,POINT (74.24085142195862 30.5539557690515),geometry.representative_point,working_fuzzy_same_state,working_fallback,0,1,0,,1
DPV_93F675FEA7246408,IND_PUNJAB_FIROZEPUR,Census 2011,Census 2011,185,Punjab,FIROZEPUR,Punjab,FIROZEPUR,Punjab,Firozpur,30.55395577,74.24085142,POINT (74.24085142195862 30.5539557690515),geometry.representative_point,working_fuzzy_same_state,working_fallback,0,1,0,,1
DPV_1C8291361E94BF01,IND_PUNJAB_GURDASPUR,Census 2001,Census 2001,188,Punjab,GURDASPUR,Punjab,GURDASPUR,Punjab,Gurdaspur,32.0861219,75.40096217,POINT (75.40096217012436 32.08612189519144),geometry.representative_point,confirmed_exact_unique,confirmed,0,1,0,,1
DPV_1C19AC7C57E31DA5,IND_PUNJAB_GURDASPUR,Census 2011,Census 2011,211,Punjab,GURDASPUR,Punjab,GURDASPUR,Punjab,Gurdaspur,32.0861219,75.40096217,POINT (75.40096217012436 32.08612189519144),geometry.representative_point,confirmed_exact_unique,confirmed,0,1,0,,1
DPV_FB5C461C78BD4490,IND_PUNJAB_HOSHIARPUR,Census 2001,Census 2001,214,Punjab,HOSHIARPUR,Punjab,HOSHIARPUR,Punjab,Hoshiarpur,31.60597364,75.86035056,POINT (75.86035055901988 31.6059736419434),geometry.representative_point,confirmed_exact_unique,confirmed,0,1,0,,1
DPV_557CC3E605BCC936,IND_PUNJAB_HOSHIARPUR,Census 2011,Census 2011,229,Punjab,HOSHIARPUR,Punjab,HOSHIARPUR,Punjab,Hoshiarpur,31.60597364,75.86035056,POINT (75.86035055901988 31.6059736419434),geometry.representative_point,confirmed_exact_unique,confirmed,0,1,0,,1
DPV_18FB765A3503788B,IND_PUNJAB_JALANDHAR,Census 2001,Census 2001,232,Punjab,JALANDHAR,Punjab,JALANDHAR,Punjab,Jalandhar,31.29317009,75.56872207,POINT (75.56872207339953 31.293170089723965),geometry.representative_point,confirmed_exact_unique,confirmed,0,1,0,,1
DPV_C70469741482550C,IND_PUNJAB_JALANDHAR,Census 2011,Census 2011,242,Punjab,JALANDHAR,Punjab,JALANDHAR,Punjab,Jalandhar,31.29317009,75.56872207,POINT (75.56872207339953 31.293170089723965),geometry.representative_point,confirmed_exact_unique,confirmed,0,1,0,,1
DPV_79A318F5139FB1EE,IND_PUNJAB_KAPURTHALA,Census 2001,Census 2001,251,Punjab,KAPURTHALA,Punjab,KAPURTHALA,Punjab,Kapurthala,31.38447645,75.34373396,POINT (75.34373395679563 31.38447644903004),geometry.representative_point,confirmed_exact_unique,confirmed,0,1,0,,1
DPV_17C7C6B114F5FCA6,IND_PUNJAB_KAPURTHALA,Census 2011,Census 2011,281,Punjab,KAPURTHALA,Punjab,KAPURTHALA,Punjab,Kapurthala,31.38447645,75.34373396,POINT (75.3437339566785 31.38447644950147),geometry.representative_point,confirmed_exact_unique,confirmed,0,1,0,,1
DPV_C67C5B382ABFDF91,IND_PUNJAB_LUDHIANA,Census 2001,Census 2001,300,Punjab,LUDHIANA,Punjab,LUDHIANA,Punjab,Ludhiana,30.78695226,75.90440695,POINT (75.90440694618476 30.78695226379818),geometry.representative_point,confirmed_exact_unique,confirmed,0,1,0,,1
DPV_0EF3CE21A112344D,IND_PUNJAB_LUDHIANA,Census 2011,Census 2011,345,Punjab,LUDHIANA,Punjab,LUDHIANA,Punjab,Ludhiana,30.78768886,75.82469117,POINT (75.82469117436906 30.787688862202984),geometry.representative_point,confirmed_exact_unique,confirmed,0,1,0,,1
DPV_BE87B17C5E34A042,IND_PUNJAB_MANSA,Census 2001,Census 2001,337,Punjab,MANSA,Punjab,MANSA,Punjab,Mansa,29.87605798,75.48874358,POINT (75.48874358476856 29.876057975753497),geometry.representative_point,confirmed_exact_unique,confirmed,0,1,0,,1
DPV_4007DAFD6108D24C,IND_PUNJAB_MANSA,Census 2011,Census 2011,366,Punjab,MANSA,Punjab,MANSA,Punjab,Mansa,29.87605798,75.48874358,POINT (75.48874358495023 29.876057976210834),geometry.representative_point,confirmed_exact_unique,confirmed,0,1,0,,1
DPV_E85F78D6DA49B0C4,IND_PUNJAB_MOGA,Census 2001,Census 2001,342,Punjab,MOGA,Punjab,MOGA,Punjab,Moga,30.69245588,75.14133954,POINT (75.14133954341409 30.692455881735867),geometry.representative_point,confirmed_exact_unique,confirmed,0,1,0,,1
DPV_527E9E55146A6AB4,IND_PUNJAB_MOGA,Census 2011,Census 2011,375,Punjab,MOGA,Punjab,MOGA,Punjab,Moga,30.79738667,75.16208996,POINT (75.1620899566315 30.79738667327755),geometry.representative_point,confirmed_exact_unique,confirmed,0,1,0,,1
DPV_C6E282CE8BDCE19C,IND_PUNJAB_MUKTSAR,Census 2001,Census 2001,345,Punjab,MUKTSAR,Punjab,MUKTSAR,Punjab,Muktsar,30.28347818,74.52589237,POINT (74.52589237225443 30.283478179488537),geometry.representative_point,confirmed_exact_unique,confirmed,0,1,0,,1
DPV_187414AFCA87F0E9,IND_PUNJAB_MUKTSAR,Census 2011,Census 2011,380,Punjab,MUKTSAR,Punjab,MUKTSAR,Punjab,Muktsar,30.28347818,74.52589237,POINT (74.52589237225443 30.283478179488537),geometry.representative_point,confirmed_exact_unique,confirmed,0,1,0,,1
DPV_1ACB044CB60D12AC,IND_PUNJAB_NAWANSHAHR,Census 2001,Census 2001,365,Punjab,NAWANSHAHR,Punjab,NAWANSHAHR,Punjab,Nawanshahr,31.1273902,76.1623325,POINT (76.16233249771585 31.127390196482096),geometry.representative_point,confirmed_exact_unique,confirmed,0,1,0,,1
DPV_8089EF0C56489929,IND_PUNJAB_NAWANSHAHR,Census 2011,Census 2001,365,Punjab,NAWANSHAHR,Punjab,NAWANSHAHR,Punjab,Nawanshahr,31.1273902,76.1623325,POINT (76.16233249771585 31.127390196482096),geometry.representative_point,alternate_layer_confirmed_name,working_strong,0,1,0,,1
DPV_F5574F7311D3C992,IND_PUNJAB_PATHANKOT,Census 2001,Census 2001,385,Punjab,PATHANKOT,Punjab,PATHANKOT,Punjab,Patiala,30.23735823,76.33658745,POINT (76.3365874509601 30.23735823177436),geometry.representative_point,working_fuzzy_same_state,working_fallback,1,1,0,,1
DPV_4E374E36D01CA911,IND_PUNJAB_PATHANKOT,Census 2011,Census 2011,437,Punjab,PATHANKOT,Punjab,PATHANKOT,Punjab,Patiala,30.23443918,76.33568835,POINT (76.33568834948034 30.234439177006298),geometry.representative_point,working_fuzzy_same_state,working_fallback,1,1,0,,1
DPV_A4C10A3C2CEABF3E,IND_PUNJAB_PATIALA,Census 2001,Census 2001,385,Punjab,PATIALA,Punjab,PATIALA,Punjab,Patiala,30.23735823,76.33658745,POINT (76.3365874509601 30.23735823177436),geometry.representative_point,confirmed_exact_unique,confirmed,0,1,0,,1
DPV_6CA330C0E2070422,IND_PUNJAB_PATIALA,Census 2011,Census 2011,437,Punjab,PATIALA,Punjab,PATIALA,Punjab,Patiala,30.23443918,76.33568835,POINT (76.33568834948034 30.234439177006298),geometry.representative_point,confirmed_exact_unique,confirmed,0,1,0,,1
DPV_21F594B06424F661,IND_PUNJAB_RUPNAGAR,Census 2001,Census 2001,444,Punjab,RUPNAGAR,Punjab,RUPNAGAR,Punjab,Rupnagar,31.00446911,76.56582402,POINT (76.56582402369014 31.00446911320347),geometry.representative_point,confirmed_exact_unique,confirmed,0,1,0,,1
DPV_14E5A1AAE55EA793,IND_PUNJAB_RUPNAGAR,Census 2011,Census 2011,486,Punjab,RUPNAGAR,Punjab,RUPNAGAR,Punjab,Rupnagar,31.0867689,76.52860663,POINT (76.528606634678 31.086768895831852),geometry.representative_point,confirmed_exact_unique,confirmed,0,1,0,,1
DPV_A615F86A43BA7942,IND_PUNJAB_S,Census 2001,Census 2011,492,Punjab,S,Punjab,S.A.S NAGAR,Punjab,Sahibzada Ajit Singh Nagar,30.64660734,76.75115241,POINT (76.75115240652916 30.646607337839534),geometry.representative_point,alternate_layer_confirmed_name,working_strong,1,1,0,,1
DPV_BA1BEF4E6347900F,IND_PUNJAB_S,Census 2011,Census 2011,492,Punjab,S,Punjab,S.A.S NAGAR,Punjab,Sahibzada Ajit Singh Nagar,30.64660734,76.75115241,POINT (76.75115240652916 30.646607337839534),geometry.representative_point,confirmed_manual_override,confirmed,1,1,0,,1
DPV_F99821DA2C81E576,IND_PUNJAB_S_A_S_NAGAR,Census 2001,Census 2011,492,Punjab,S.A.S NAGAR,Punjab,S.A.S NAGAR,Punjab,Sahibzada Ajit Singh Nagar,30.64660734,76.75115241,POINT (76.75115240652916 30.646607337839534),geometry.representative_point,alternate_layer_confirmed_name,working_strong,1,1,0,,1
DPV_1614566A7F718685,IND_PUNJAB_S_A_S_NAGAR,Census 2011,Census 2011,492,Punjab,S.A.S NAGAR,Punjab,S.A.S NAGAR,Punjab,Sahibzada Ajit Singh Nagar,30.64660734,76.75115241,POINT (76.75115240652916 30.646607337839534),geometry.representative_point,confirmed_alias_unique,confirmed,1,1,0,,1
DPV_E6DA030AE17B40B4,IND_PUNJAB_SANGRUR,Census 2001,Census 2001,416,Punjab,SANGRUR,Punjab,SANGRUR,Punjab,Sangrur,30.20793874,75.7305651,POINT (75.73056509563645 30.20793873839675),geometry.representative_point,confirmed_exact_unique,confirmed,0,1,0,,1
DPV_D5465721B9A8161E,IND_PUNJAB_SANGRUR,Census 2011,Census 2011,499,Punjab,SANGRUR,Punjab,SANGRUR,Punjab,Sangrur,30.20769845,75.82031268,POINT (75.82031268453377 30.207698450045477),geometry.representative_point,confirmed_exact_unique,confirmed,0,1,0,,1
DPV_909C0B142C4A3A12,IND_PUNJAB_TARN_TARAN,Census 2001,Census 2011,558,Punjab,TARN TARAN,Punjab,TARN TARAN,Punjab,Tarn Taran,31.32543504,74.84309528,POINT (74.84309528163357 31.325435041497922),geometry.representative_point,alternate_layer_confirmed_name,working_strong,0,1,0,,1
DPV_3F01DEAFF2FD5DE6,IND_PUNJAB_TARN_TARAN,Census 2011,Census 2011,558,Punjab,TARN TARAN,Punjab,TARN TARAN,Punjab,Tarn Taran,31.32543504,74.84309528,POINT (74.84309528163357 31.325435041497922),geometry.representative_point,confirmed_exact_unique,confirmed,0,1,0,,1
DPV_69CA65CD98C77F31,IND_RAJASTHAN_AJMER,Census 2001,Census 2001,19,Rajasthan,AJMER,Rajasthan,AJMER,Rajasthan,Ajmer,26.32642751,74.71542023,POINT (74.71542023338819 26.32642751092646),geometry.representative_point,confirmed_exact_unique,confirmed,0,1,0,,1
DPV_E10612EEACCDA198,IND_RAJASTHAN_AJMER,Census 2011,Census 2011,5,Rajasthan,AJMER,Rajasthan,AJMER,Rajasthan,Ajmer,26.32642751,74.71542023,POINT (74.71542023338819 26.32642751092646),geometry.representative_point,confirmed_exact_unique,confirmed,0,1,0,,1
DPV_AADCF71453FA0C9D,IND_RAJASTHAN_ALWAR,Census 2001,Census 2001,547,Rajasthan,ALWAR,Rajasthan,ALWAR,Rajasthan,Alwar,27.63807448,76.61628743,POINT (76.61628742906808 27.63807448170379),geometry.representative_point,confirmed_exact_unique,confirmed,0,1,0,,1
DPV_AF79021FEE960444,IND_RAJASTHAN_ALWAR,Census 2011,Census 2011,12,Rajasthan,ALWAR,Rajasthan,ALWAR,Rajasthan,Alwar,27.63807448,76.61628743,POINT (76.61628742906808 27.63807448170379),geometry.representative_point,confirmed_exact_unique,confirmed,0,1,0,,1
DPV_EDDDD2440D7837D7,IND_RAJASTHAN_BANSWARA,Census 2001,Census 2001,32,Rajasthan,BANSWARA,Rajasthan,BANSWARA,Rajasthan,Banswara,23.49124874,74.35322758,POINT (74.35322757869605 23.49124874462823),geometry.representative_point,confirmed_exact_unique,confirmed,0,1,0,,1
DPV_E0F1DF0A4041A952,IND_RAJASTHAN_BANSWARA,Census 2011,Census 2011,49,Rajasthan,BANSWARA,Rajasthan,BANSWARA,Rajasthan,Banswara,23.49124875,74.35322758,POINT (74.3532275794014 23.491248745123016),geometry.representative_point,confirmed_exact_unique,confirmed,0,1,0,,1
DPV_520C7A45EF387A74,IND_RAJASTHAN_BARAN,Census 2001,Census 2001,588,Rajasthan,BARAN,Rajasthan,BARAN,Rajasthan,Baran,24.91834081,76.69216741,POINT (76.69216741036927 24.918340807960558),geometry.representative_point,confirmed_exact_unique,confirmed,0,1,0,,1
DPV_3D7051A32F1F481C,IND_RAJASTHAN_BARAN,Census 2011,Census 2011,53,Rajasthan,BARAN,Rajasthan,BARAN,Rajasthan,Baran,24.91834081,76.69216741,POINT (76.69216741036927 24.918340807960558),geometry.representative_point,confirmed_exact_unique,confirmed,0,1,0,,1
DPV_4FEFDF59119B221A,IND_RAJASTHAN_BARMER,Census 2001,Census 2001,36,Rajasthan,BARMER,Rajasthan,BARMER,Rajasthan,Barmer,25.5799052,71.6186746,POINT (71.61867459717497 25.579905203281275),geometry.representative_point,confirmed_exact_unique,confirmed,0,1,0,,1
DPV_DE05A937E2D3E56B,IND_RAJASTHAN_BARMER,Census 2011,Census 2011,56,Rajasthan,BARMER,Rajasthan,BARMER,Rajasthan,Barmer,25.5799052,71.6186746,POINT (71.61867459717497 25.579905203281275),geometry.representative_point,confirmed_exact_unique,confirmed,0,1,0,,1
DPV_48FED1418B75E56D,IND_RAJASTHAN_BHARATPUR,Census 2001,Census 2001,64,Rajasthan,BHARATPUR,Rajasthan,BHARATPUR,Rajasthan,Bharatpur,27.26316294,77.37140123,POINT (77.3714012320167 27.263162941476985),geometry.representative_point,confirmed_exact_unique,confirmed,0,1,0,,1
DPV_16CAE7FB970059F6,IND_RAJASTHAN_BHARATPUR,Census 2011,Census 2011,71,Rajasthan,BHARATPUR,Rajasthan,BHARATPUR,Rajasthan,Bharatpur,27.26316294,77.37140123,POINT (77.3714012320167 27.263162941476985),geometry.representative_point,confirmed_exact_unique,confirmed,0,1,0,,1
DPV_2AB244578D0A4381,IND_RAJASTHAN_BHILWARA,Census 2001,Census 2001,41,Rajasthan,BHILWARA,Rajasthan,BHILWARA,Rajasthan,Bhilwara,25.48838018,74.70237019,POINT (74.70237019182763 25.48838017788566),geometry.representative_point,confirmed_exact_unique,confirmed,0,1,0,,1
DPV_A39FC65659A5724D,IND_RAJASTHAN_BHILWARA,Census 2011,Census 2011,74,Rajasthan,BHILWARA,Rajasthan,BHILWARA,Rajasthan,Bhilwara,25.48838018,74.70237019,POINT (74.70237019182763 25.48838017788566),geometry.representative_point,confirmed_exact_unique,confirmed,0,1,0,,1
DPV_862CA6B3E34D8E97,IND_RAJASTHAN_BIKANER,Census 2001,Census 2001,48,Rajasthan,BIKANER,Rajasthan,BIKANER,Rajasthan,Bikaner,28.11807892,72.78483631,POINT (72.78483631185063 28.11807892172562),geometry.representative_point,confirmed_exact_unique,confirmed,0,1,0,,1
DPV_D334C8014A462C5F,IND_RAJASTHAN_BIKANER,Census 2011,Census 2011,84,Rajasthan,BIKANER,Rajasthan,BIKANER,Rajasthan,Bikaner,28.11896608,73.11310759,POINT (73.11310758742951 28.118966081021675),geometry.representative_point,confirmed_exact_unique,confirmed,0,1,0,,1
DPV_79412173E012F295,IND_RAJASTHAN_BUNDI,Census 2001,Census 2001,80,Rajasthan,BUNDI,Rajasthan,BUNDI,Rajasthan,Bundi,25.44044841,75.75016171,POINT (75.75016171258834 25.440448413323047),geometry.representative_point,confirmed_exact_unique,confirmed,0,1,0,,1
DPV_6870712F73C362D0,IND_RAJASTHAN_BUNDI,Census 2011,Census 2011,94,Rajasthan,BUNDI,Rajasthan,BUNDI,Rajasthan,Bundi,25.44044841,75.75016171,POINT (75.75016171258834 25.440448413323047),geometry.representative_point,confirmed_exact_unique,confirmed,0,1,0,,1
DPV_67AD787B28CBADF8,IND_RAJASTHAN_CHITTORGARH,Census 2001,Census 2001,92,Rajasthan,CHITTORGARH,Rajasthan,CHITTORGARH,Rajasthan,Chittaurgarh,24.3775091,74.58009759,POINT (74.5800975925488 24.37750909613861),geometry.representative_point,working_fuzzy_same_state,working_fallback,0,1,0,,1
DPV_6A45E4AA7A31F3ED,IND_RAJASTHAN_CHITTORGARH,Census 2011,Census 2011,118,Rajasthan,CHITTORGARH,Rajasthan,CHITTORGARH,Rajasthan,Chittaurgarh,24.72115634,74.47751482,POINT (74.47751481921006 24.72115633933874),geometry.representative_point,working_fuzzy_same_state,working_fallback,0,1,0,,1
DPV_C0C2E950EF6E22E9,IND_RAJASTHAN_CHURU,Census 2001,Census 2001,99,Rajasthan,CHURU,Rajasthan,CHURU,Rajasthan,Churu,28.20413959,74.37560689,POINT (74.3756068943049 28.20413959484263),geometry.representative_point,confirmed_exact_unique,confirmed,0,1,0,,1
DPV_C1BD828D3D089F7D,IND_RAJASTHAN_CHURU,Census 2011,Census 2011,121,Rajasthan,CHURU,Rajasthan,CHURU,Rajasthan,Churu,28.20390733,74.69278527,POINT (74.69278526851946 28.203907327391867),geometry.representative_point,confirmed_exact_unique,confirmed,0,1,0,,1
DPV_18E4FB04025C3047,IND_RAJASTHAN_DAUSA,Census 2001,Census 2001,128,Rajasthan,DAUSA,Rajasthan,DAUSA,Rajasthan,Dausa,26.80757859,76.42895503,POINT (76.42895503097907 26.807578589471003),geometry.representative_point,confirmed_exact_unique,confirmed,0,1,0,,1
DPV_C640018E1FEB76F2,IND_RAJASTHAN_DAUSA,Census 2011,Census 2011,627,Rajasthan,DAUSA,Rajasthan,DAUSA,Rajasthan,Dausa,26.80757859,76.42895503,POINT (76.42895503097907 26.807578589471003),geometry.representative_point,confirmed_exact_unique,confirmed,0,1,0,,1
DPV_AD8E1A936F950377,IND_RAJASTHAN_DHOLPUR,Census 2001,Census 2001,136,Rajasthan,DHOLPUR,Rajasthan,DHOLPUR,Rajasthan,Dhaulpur,26.65419511,77.63582094,POINT (77.63582093925916 26.654195114659164),geometry.representative_point,working_fuzzy_same_state,working_fallback,0,1,0,,1
DPV_A6E10BA3130A08BA,IND_RAJASTHAN_DHOLPUR,Census 2011,Census 2011,149,Rajasthan,DHOLPUR,Rajasthan,DHOLPUR,Rajasthan,Dhaulpur,26.65419511,77.63582094,POINT (77.63582093925916 26.654195114659164),geometry.representative_point,working_fuzzy_same_state,working_fallback,0,1,0,,1
DPV_165774F95F22E78C,IND_RAJASTHAN_DUNGARPUR,Census 2001,Census 2001,148,Rajasthan,DUNGARPUR,Rajasthan,DUNGARPUR,Rajasthan,Dungarpur,23.67762265,73.81874773,POINT (73.81874773345012 23.67762264586056),geometry.representative_point,confirmed_exact_unique,confirmed,0,1,0,,1
DPV_5721CBB40DFA8063,IND_RAJASTHAN_DUNGARPUR,Census 2011,Census 2011,162,Rajasthan,DUNGARPUR,Rajasthan,DUNGARPUR,Rajasthan,Dungarpur,23.67762265,73.81874773,POINT (73.81874773344566 23.677622646320586),geometry.representative_point,confirmed_exact_unique,confirmed,0,1,0,,1
DPV_FB7193607B582F82,IND_RAJASTHAN_GANGANAGAR,Census 2001,Census 2001,578,Rajasthan,GANGANAGAR,Rajasthan,GANGANAGAR,Rajasthan,Ganganagar,29.45348325,73.56347753,POINT (73.56347753440274 29.453483246039628),geometry.representative_point,confirmed_exact_unique,confirmed,0,1,0,,1
DPV_F45AE2829E2362BE,IND_RAJASTHAN_GANGANAGAR,Census 2011,Census 2011,190,Rajasthan,GANGANAGAR,Rajasthan,GANGANAGAR,Rajasthan,Ganganagar,29.45348325,73.56347753,POINT (73.56347753440274 29.453483246039628),geometry.representative_point,confirmed_exact_unique,confirmed,0,1,0,,1
DPV_E2719C2578857B4C,IND_RAJASTHAN_HANUMANGARH,Census 2001,Census 2001,579,Rajasthan,HANUMANGARH,Rajasthan,HANUMANGARH,Rajasthan,Hanumangarh,29.36672565,74.27252266,POINT (74.27252266124765 29.36672564692465),geometry.representative_point,confirmed_exact_unique,confirmed,0,1,0,,1
DPV_E7D7475AFB4F5B95,IND_RAJASTHAN_HANUMANGARH,Census 2011,Census 2011,217,Rajasthan,HANUMANGARH,Rajasthan,HANUMANGARH,Rajasthan,Hanumangarh,29.36672565,74.27252266,POINT (74.27252266124765 29.36672564692465),geometry.representative_point,confirmed_exact_unique,confirmed,0,1,0,,1
DPV_5D4B1E7578047A0E,IND_RAJASTHAN_JAIPUR,Census 2001,Census 2001,219,Rajasthan,JAIPUR,Rajasthan,JAIPUR,Rajasthan,Jaipur,27.15140552,75.75400956,POINT (75.7540095634242 27.151405520642573),geometry.representative_point,confirmed_exact_unique,confirmed,0,1,0,,1
DPV_4638D0D6FA7DEF66,IND_RAJASTHAN_JAIPUR,Census 2011,Census 2011,239,Rajasthan,JAIPUR,Rajasthan,JAIPUR,Rajasthan,Jaipur,27.15140552,75.75400956,POINT (75.7540095634242 27.151405520642573),geometry.representative_point,confirmed_exact_unique,confirmed,0,1,0,,1
DPV_F5D95738C79C0130,IND_RAJASTHAN_JAISALMER,Census 2001,Census 2001,220,Rajasthan,JAISALMER,Rajasthan,JAISALMER,Rajasthan,Jaisalmer,27.02995099,70.78629677,POINT (70.78629676805814 27.029950993702855),geometry.representative_point,confirmed_exact_unique,confirmed,0,1,0,,1
DPV_43909860C77E4C67,IND_RAJASTHAN_JAISALMER,Census 2011,Census 2011,240,Rajasthan,JAISALMER,Rajasthan,JAISALMER,Rajasthan,Jaisalmer,27.02995099,70.78629677,POINT (70.78629676805814 27.029950993702855),geometry.representative_point,confirmed_exact_unique,confirmed,0,1,0,,1
DPV_157AD60BCB8DA6DF,IND_RAJASTHAN_JALORE,Census 2001,Census 2001,229,Rajasthan,JALORE,Rajasthan,JALORE,Rajasthan,Jalor,25.20951013,72.31507066,POINT (72.31507065586254 25.209510128327324),geometry.representative_point,working_fuzzy_same_state,working_fallback,0,1,0,,1
DPV_DF012CB129E80E92,IND_RAJASTHAN_JALORE,Census 2011,Census 2011,246,Rajasthan,JALORE,Rajasthan,JALORE,Rajasthan,Jalor,25.20951013,72.31507066,POINT (72.31507065586254 25.209510128327324),geometry.representative_point,working_fuzzy_same_state,working_fallback,0,1,0,,1
DPV_16371DDDC61B86E9,IND_RAJASTHAN_JHALAWAR,Census 2001,Census 2001,238,Rajasthan,JHALAWAR,Rajasthan,JHALAWAR,Rajasthan,Jhalawar,24.31396995,76.52877795,POINT (76.52877794998665 24.313969954861847),geometry.representative_point,confirmed_exact_unique,confirmed,0,1,0,,1
DPV_5A9C5013A8C10DF4,IND_RAJASTHAN_JHALAWAR,Census 2011,Census 2011,257,Rajasthan,JHALAWAR,Rajasthan,JHALAWAR,Rajasthan,Jhalawar,24.31396995,76.52877795,POINT (76.52877794998665 24.313969954861847),geometry.representative_point,confirmed_exact_unique,confirmed,0,1,0,,1
DPV_81E869A87B1C84BE,IND_RAJASTHAN_JHUNJHUNU,Census 2001,Census 2001,241,Rajasthan,JHUNJHUNU,Rajasthan,JHUNJHUNU,Rajasthan,Jhunjhunun,28.08005261,75.53672113,POINT (75.53672112781575 28.080052610248828),geometry.representative_point,working_fuzzy_same_state,working_fallback,0,1,0,,1
DPV_5B30C47FCF7FC637,IND_RAJASTHAN_JHUNJHUNU,Census 2011,Census 2011,260,Rajasthan,JHUNJHUNU,Rajasthan,JHUNJHUNU,Rajasthan,Jhunjhunun,28.08005261,75.53672113,POINT (75.53672112781575 28.080052610248828),geometry.representative_point,working_fuzzy_same_state,working_fallback,0,1,0,,1
DPV_DB10AF0C21BE0360,IND_RAJASTHAN_JODHPUR,Census 2001,Census 2001,243,Rajasthan,JODHPUR,Rajasthan,JODHPUR,Rajasthan,Jodhpur,26.73731869,72.87259206,POINT (72.8725920634802 26.737318691628943),geometry.representative_point,confirmed_exact_unique,confirmed,0,1,0,,1
DPV_4F8814C487CF35AD,IND_RAJASTHAN_JODHPUR,Census 2011,Census 2011,261,Rajasthan,JODHPUR,Rajasthan,JODHPUR,Rajasthan,Jodhpur,26.73731869,72.87259206,POINT (72.8725920634802 26.737318691628943),geometry.representative_point,confirmed_exact_unique,confirmed,0,1,0,,1
DPV_15BB72B7C8D64E13,IND_RAJASTHAN_KARAULI,Census 2001,Census 2001,164,Rajasthan,KARAULI,Rajasthan,KARAULI,Rajasthan,Karauli,26.516922,77.06045426,POINT (77.06045425916815 26.51692199606856),geometry.representative_point,confirmed_exact_unique,confirmed,0,1,0,,1
DPV_6497C1A1BF732302,IND_RAJASTHAN_KARAULI,Census 2011,Census 2011,628,Rajasthan,KARAULI,Rajasthan,KARAULI,Rajasthan,Karauli,26.516922,77.06045426,POINT (77.06045425916815 26.51692199606856),geometry.representative_point,confirmed_exact_unique,confirmed,0,1,0,,1
DPV_A90085F06D496208,IND_RAJASTHAN_KOTA,Census 2001,Census 2001,289,Rajasthan,KOTA,Rajasthan,KOTA,Rajasthan,Kota,25.19273162,76.01436243,POINT (76.0143624269052 25.192731618175358),geometry.representative_point,confirmed_exact_unique,confirmed,0,1,0,,1
DPV_A90E27DEC4CA1A8C,IND_RAJASTHAN_KOTA,Census 2011,Census 2011,319,Rajasthan,KOTA,Rajasthan,KOTA,Rajasthan,Kota,25.19273162,76.01436243,POINT (76.0143624269052 25.192731618175358),geometry.representative_point,confirmed_exact_unique,confirmed,0,1,0,,1
DPV_2BE44E45868A760B,IND_RAJASTHAN_NAGAUR,Census 2001,Census 2001,334,Rajasthan,NAGAUR,Rajasthan,NAGAUR,Rajasthan,Nagaur,27.06026018,74.20587262,POINT (74.20587261825567 27.060260184468348),geometry.representative_point,confirmed_exact_unique,confirmed,0,1,0,,1
DPV_2522C6CD7BD85919,IND_RAJASTHAN_NAGAUR,Census 2011,Census 2011,391,Rajasthan,NAGAUR,Rajasthan,NAGAUR,Rajasthan,Nagaur,27.06026018,74.20587262,POINT (74.20587261825567 27.060260184468348),geometry.representative_point,confirmed_exact_unique,confirmed,0,1,0,,1
DPV_AF34D473A97BE5BF,IND_RAJASTHAN_PALI,Census 2001,Census 2001,372,Rajasthan,PALI,Rajasthan,PALI,Rajasthan,Pali,25.60897377,73.41436304,POINT (73.41436304298173 25.608973773428993),geometry.representative_point,confirmed_exact_unique,confirmed,0,1,0,,1
DPV_0C415EB8FB61CE2F,IND_RAJASTHAN_PALI,Census 2011,Census 2011,424,Rajasthan,PALI,Rajasthan,PALI,Rajasthan,Pali,25.60897377,73.41436304,POINT (73.41436304298173 25.608973773428993),geometry.representative_point,confirmed_exact_unique,confirmed,0,1,0,,1
DPV_AEF365EBAC2150F2,IND_RAJASTHAN_PRATAPGARH,Census 2001,Census 2011,446,Rajasthan,PRATAPGARH,Rajasthan,PRATAPGARH,Rajasthan,Pratapgarh,24.01683142,74.65742618,POINT (74.65742617606733 24.01683142198012),geometry.representative_point,alternate_layer_confirmed_name,working_strong,0,1,0,,1
DPV_6FFF4996EF277EE2,IND_RAJASTHAN_PRATAPGARH,Census 2011,Census 2011,446,Rajasthan,PRATAPGARH,Rajasthan,PRATAPGARH,Rajasthan,Pratapgarh,24.01683142,74.65742618,POINT (74.65742617606733 24.01683142198012),geometry.representative_point,confirmed_exact_unique,confirmed,0,1,0,,1
DPV_7402CF1A1CC39BF0,IND_RAJASTHAN_RAJSAMAND,Census 2001,Census 2001,405,Rajasthan,RAJSAMAND,Rajasthan,RAJSAMAND,Rajasthan,Rajsamand,25.29923675,73.82820425,POINT (73.82820424586025 25.299236752763488),geometry.representative_point,confirmed_exact_unique,confirmed,0,1,0,,1
DPV_CB6D01D23027FCE1,IND_RAJASTHAN_RAJSAMAND,Census 2011,Census 2011,468,Rajasthan,RAJSAMAND,Rajasthan,RAJSAMAND,Rajasthan,Rajsamand,25.29923675,73.82820425,POINT (73.82820424586025 25.299236752763488),geometry.representative_point,confirmed_exact_unique,confirmed,0,1,0,,1
DPV_67EAFE6C5E94CAD0,IND_RAJASTHAN_SAWAI_MADHOPUR,Census 2001,Census 2001,421,Rajasthan,SAWAI MADHOPUR,Rajasthan,SAWAI MADHOPUR,Rajasthan,Sawai Madhopur,26.22829469,76.30654661,POINT (76.30654660790407 26.228294690139638),geometry.representative_point,confirmed_exact_unique,confirmed,0,1,0,,1
DPV_83565204F3F305EF,IND_RAJASTHAN_SAWAI_MADHOPUR,Census 2011,Census 2011,629,Rajasthan,SAWAI MADHOPUR,Rajasthan,SAWAI MADHOPUR,Rajasthan,Sawai Madhopur,26.22829469,76.30654661,POINT (76.30654660790407 26.228294690139638),geometry.representative_point,confirmed_exact_unique,confirmed,0,1,0,,1
DPV_5C92EBC7BE029FF2,IND_RAJASTHAN_SIKAR,Census 2001,Census 2001,493,Rajasthan,SIKAR,Rajasthan,SIKAR,Rajasthan,Sikar,27.66193239,75.0299805,POINT (75.02998049566887 27.66193238740185),geometry.representative_point,confirmed_exact_unique,confirmed,0,1,0,,1
DPV_518EB06FC668180A,IND_RAJASTHAN_SIKAR,Census 2011,Census 2011,525,Rajasthan,SIKAR,Rajasthan,SIKAR,Rajasthan,Sikar,27.66193239,75.0299805,POINT (75.02998049566887 27.66193238740185),geometry.representative_point,confirmed_exact_unique,confirmed,0,1,0,,1
DPV_3859FDB97476AC17,IND_RAJASTHAN_SIROHI,Census 2001,Census 2001,451,Rajasthan,SIROHI,Rajasthan,SIROHI,Rajasthan,Sirohi,24.80013644,72.82814729,POINT (72.82814729483943 24.800136444964235),geometry.representative_point,confirmed_exact_unique,confirmed,0,1,0,,1
DPV_D5EEBE15D3B6F52E,IND_RAJASTHAN_SIROHI,Census 2011,Census 2011,530,Rajasthan,SIROHI,Rajasthan,SIROHI,Rajasthan,Sirohi,24.80013644,72.82814729,POINT (72.82814729483943 24.800136444964235),geometry.representative_point,confirmed_exact_unique,confirmed,0,1,0,,1
DPV_70058348CEE4B291,IND_RAJASTHAN_TONK,Census 2001,Census 2001,471,Rajasthan,TONK,Rajasthan,TONK,Rajasthan,Tonk,26.12022483,75.66522329,POINT (75.66522329344818 26.12022483136394),geometry.representative_point,confirmed_exact_unique,confirmed,0,1,0,,1
DPV_DBC8C72D6BA5D6F2,IND_RAJASTHAN_TONK,Census 2011,Census 2011,579,Rajasthan,TONK,Rajasthan,TONK,Rajasthan,Tonk,26.12022483,75.66522329,POINT (75.66522329344818 26.12022483136394),geometry.representative_point,confirmed_exact_unique,confirmed,0,1,0,,1
DPV_5D0A83CF15502B9B,IND_RAJASTHAN_UDAIPUR,Census 2001,Census 2001,554,Rajasthan,UDAIPUR,Rajasthan,UDAIPUR,Rajasthan,Udaipur,24.4623004,73.65490925,POINT (73.65490924918629 24.46230040189568),geometry.representative_point,confirmed_exact_unique,confirmed,0,1,0,,1
DPV_3A6A99A5A163996A,IND_RAJASTHAN_UDAIPUR,Census 2011,Census 2011,582,Rajasthan,UDAIPUR,Rajasthan,UDAIPUR,Rajasthan,Udaipur,24.4623004,73.65490925,POINT (73.65490924937461 24.462300402834515),geometry.representative_point,confirmed_exact_unique,confirmed,0,1,0,,1
DPV_60E4787DF9D0F997,IND_SIKKIM_EAST_DISTRICT,Census 2001,Census 2001,149,Sikkim,EAST DISTRICT,Sikkim,EAST DISTRICT,Sikkim,East,27.27976104,88.67833632,POINT (88.67833631828468 27.279761037173568),geometry.representative_point,working_fuzzy_same_state,working_fallback,0,1,0,,1
DPV_E1B6D1EC26FA14B0,IND_SIKKIM_EAST_DISTRICT,Census 2011,Census 2011,166,Sikkim,EAST DISTRICT,Sikkim,EAST DISTRICT,Sikkim,East,27.27976104,88.67833632,POINT (88.67833631828468 27.279761037173568),geometry.representative_point,working_fuzzy_same_state,working_fallback,0,1,0,,1
DPV_46767A492A1285BC,IND_SIKKIM_NORTH_DISTRICT,Census 2001,Census 2001,360,Sikkim,NORTH DISTRICT,Sikkim,NORTH DISTRICT,Sikkim,North,27.75507328,88.52373978,POINT (88.52373977634791 27.755073276743815),geometry.representative_point,working_fuzzy_same_state,working_fallback,0,1,0,,1
DPV_90ABC7486B37BCA5,IND_SIKKIM_NORTH_DISTRICT,Census 2011,Census 2011,412,Sikkim,NORTH DISTRICT,Sikkim,NORTH DISTRICT,Sikkim,North,27.75507328,88.52373978,POINT (88.52373977634791 27.755073276743815),geometry.representative_point,working_fuzzy_same_state,working_fallback,0,1,0,,1
DPV_908B03C625A4B157,IND_SIKKIM_SOUTH_DISTRICT,Census 2001,Census 2001,485,Sikkim,SOUTH DISTRICT,Sikkim,SOUTH DISTRICT,Sikkim,South,27.30390403,88.38276134,POINT (88.38276134143463 27.303904028817048),geometry.representative_point,working_fuzzy_same_state,working_fallback,0,1,0,,1
DPV_4EB5B5E4BBCEEBD2,IND_SIKKIM_SOUTH_DISTRICT,Census 2011,Census 2011,543,Sikkim,SOUTH DISTRICT,Sikkim,SOUTH DISTRICT,Sikkim,South,27.30390403,88.38276134,POINT (88.38276134143463 27.303904028817048),geometry.representative_point,working_fuzzy_same_state,working_fallback,0,1,0,,1
DPV_9702FDB7E8FB52D4,IND_SIKKIM_WEST_DISTRICT,Census 2001,Census 2001,528,Sikkim,WEST DISTRICT,Sikkim,WEST DISTRICT,Sikkim,West,27.36418623,88.188754,POINT (88.18875400005382 27.36418623164802),geometry.representative_point,working_fuzzy_same_state,working_fallback,0,1,0,,1
DPV_895EBEACDA5E95D8,IND_SIKKIM_WEST_DISTRICT,Census 2011,Census 2011,612,Sikkim,WEST DISTRICT,Sikkim,WEST DISTRICT,Sikkim,West,27.36418623,88.188754,POINT (88.18875400005382 27.36418623164802),geometry.representative_point,working_fuzzy_same_state,working_fallback,0,1,0,,1
DPV_49B9C77EFA521EEB,IND_TAMIL_NADU_ARIYALUR,Census 2001,Census 2001,5,Tamil Nadu,ARIYALUR,Tamil Nadu,ARIYALUR,Tamil Nadu,Ariyalur,11.1503867,79.26156603,POINT (79.26156603377888 11.150386702565411),geometry.representative_point,confirmed_exact_unique,confirmed,0,1,0,,1
DPV_1931EFC63C434D6E,IND_TAMIL_NADU_ARIYALUR,Census 2011,Census 2011,25,Tamil Nadu,ARIYALUR,Tamil Nadu,ARIYALUR,Tamil Nadu,Ariyalur,11.1503867,79.26156603,POINT (79.26156603377888 11.150386702565411),geometry.representative_point,confirmed_exact_unique,confirmed,0,1,0,,1
DPV_18CF73F52E9E9925,IND_TAMIL_NADU_COIMBATORE,Census 2001,Census 2001,100,Tamil Nadu,COIMBATORE,Tamil Nadu,COIMBATORE,Tamil Nadu,Coimbatore,10.81145276,77.07841209,POINT (77.0784120878327 10.811452761904874),geometry.representative_point,confirmed_exact_unique,confirmed,0,1,0,,1
DPV_2CEDE6B087F30060,IND_TAMIL_NADU_COIMBATORE,Census 2011,Census 2011,122,Tamil Nadu,COIMBATORE,Tamil Nadu,COIMBATORE,Tamil Nadu,Coimbatore,10.81145276,77.07841207,POINT (77.07841207355699 10.811452764332113),geometry.representative_point,confirmed_exact_unique,confirmed,0,1,0,,1
DPV_4DD1322FFC7947C7,IND_TAMIL_NADU_CUDDALORE,Census 2001,Census 2001,101,Tamil Nadu,CUDDALORE,Tamil Nadu,CUDDALORE,Tamil Nadu,Cuddalore,11.51861135,79.34104019,POINT (79.34104019091161 11.518611347457899),geometry.representative_point,confirmed_exact_unique,confirmed,0,1,0,,1
DPV_00B453E2773A0DB4,IND_TAMIL_NADU_CUDDALORE,Census 2011,Census 2011,123,Tamil Nadu,CUDDALORE,Tamil Nadu,CUDDALORE,Tamil Nadu,Cuddalore,11.51861135,79.34104019,POINT (79.34104019091161 11.518611347457899),geometry.representative_point,confirmed_exact_unique,confirmed,0,0,1,shapely.make_valid,1
DPV_D66865009490717B,IND_TAMIL_NADU_DHARMAPURI,Census 2001,Census 2001,134,Tamil Nadu,DHARMAPURI,Tamil Nadu,DHARMAPURI,Tamil Nadu,Dharmapuri,12.33003515,78.09199043,POINT (78.09199043401506 12.330035145966713),geometry.representative_point,confirmed_exact_unique,confirmed,0,1,0,,1
DPV_95F566D1B11CF828,IND_TAMIL_NADU_DHARMAPURI,Census 2011,Census 2011,147,Tamil Nadu,DHARMAPURI,Tamil Nadu,DHARMAPURI,Tamil Nadu,Dharmapuri,12.14298373,78.12649633,POINT (78.12649633378797 12.14298372940009),geometry.representative_point,confirmed_exact_unique,confirmed,0,1,0,,1
DPV_872E37AA27B30F5F,IND_TAMIL_NADU_DINDIGUL,Census 2001,Census 2001,143,Tamil Nadu,DINDIGUL,Tamil Nadu,DINDIGUL,Tamil Nadu,Dindigul,10.42583614,77.81640244,POINT (77.81640243902243 10.42583613519033),geometry.representative_point,confirmed_exact_unique,confirmed,0,1,0,,1
DPV_ED02FFFD237B9C61,IND_TAMIL_NADU_DINDIGUL,Census 2011,Census 2011,156,Tamil Nadu,DINDIGUL,Tamil Nadu,DINDIGUL,Tamil Nadu,Dindigul,10.42583614,77.81640244,POINT (77.81640243902243 10.42583613519033),geometry.representative_point,confirmed_exact_unique,confirmed,0,1,0,,1
DPV_BD2D0C0A41A9C699,IND_TAMIL_NADU_ERODE,Census 2001,Census 2001,153,Tamil Nadu,ERODE,Tamil Nadu,ERODE,Tamil Nadu,Erode,11.28027022,77.58781922,POINT (77.58781922188234 11.280270223033744),geometry.representative_point,confirmed_exact_unique,confirmed,0,1,0,,1
DPV_8746D6EBC24E1634,IND_TAMIL_NADU_ERODE,Census 2011,Census 2011,174,Tamil Nadu,ERODE,Tamil Nadu,ERODE,Tamil Nadu,Erode,11.4886732,77.35306788,POINT (77.35306787801485 11.488673201814507),geometry.representative_point,confirmed_exact_unique,confirmed,0,1,0,,1
DPV_EA04B9DDE1D6D1A1,IND_TAMIL_NADU_KANCHIPURAM,Census 2001,Census 2001,581,Tamil Nadu,KANCHIPURAM,Tamil Nadu,KANCHIPURAM,Tamil Nadu,Kancheepuram,12.6863732,79.97762112,POINT (79.9776211191893 12.68637319928402),geometry.representative_point,working_fuzzy_same_state,working_fallback,0,1,0,,1
DPV_6282223CE49CF8CE,IND_TAMIL_NADU_KANCHIPURAM,Census 2011,Census 2011,271,Tamil Nadu,KANCHIPURAM,Tamil Nadu,KANCHIPURAM,Tamil Nadu,Kancheepuram,12.6863732,79.97762112,POINT (79.9776211191893 12.68637319928402),geometry.representative_point,working_fuzzy_same_state,working_fallback,0,1,0,,1
DPV_E95739FFBCF63397,IND_TAMIL_NADU_KANNIYAKUMARI,Census 2001,Census 2001,249,Tamil Nadu,KANNIYAKUMARI,Tamil Nadu,KANNIYAKUMARI,Tamil Nadu,Kanniyakumari,8.32891437,77.35528593,POINT (77.35528593090729 8.32891437333565),geometry.representative_point,confirmed_exact_unique,confirmed,0,1,0,,1
DPV_36E91EEB1A3D8AF4,IND_TAMIL_NADU_KANNIYAKUMARI,Census 2011,Census 2011,276,Tamil Nadu,KANNIYAKUMARI,Tamil Nadu,KANNIYAKUMARI,Tamil Nadu,Kanniyakumari,8.32891437,77.35528593,POINT (77.35528593090729 8.32891437333565),geometry.representative_point,confirmed_exact_unique,confirmed,0,1,0,,1
DPV_EFD0B935F4412B2D,IND_TAMIL_NADU_KARUR,Census 2001,Census 2001,255,Tamil Nadu,KARUR,Tamil Nadu,KARUR,Tamil Nadu,Karur,10.8197409,78.38403844,POINT (78.38403844383578 10.819740899958322),geometry.representative_point,confirmed_exact_unique,confirmed,0,1,0,,1
DPV_708BC745192C6708,IND_TAMIL_NADU_KARUR,Census 2011,Census 2011,287,Tamil Nadu,KARUR,Tamil Nadu,KARUR,Tamil Nadu,Karur,10.8197409,78.38403844,POINT (78.38403844383578 10.819740899958322),geometry.representative_point,confirmed_exact_unique,confirmed,0,1,0,,1
DPV_F84514DC570C9A6D,IND_TAMIL_NADU_KRISHNAGIRI,Census 2001,Census 2011,323,Tamil Nadu,KRISHNAGIRI,Tamil Nadu,KRISHNAGIRI,Tamil Nadu,Krishnagiri,12.51477591,78.00564536,POINT (78.0056453630921 12.514775911927249),geometry.representative_point,alternate_layer_confirmed_name,working_strong,0,1,0,,1
DPV_6E9B605693EA99CE,IND_TAMIL_NADU_KRISHNAGIRI,Census 2011,Census 2011,323,Tamil Nadu,KRISHNAGIRI,Tamil Nadu,KRISHNAGIRI,Tamil Nadu,Krishnagiri,12.51477591,78.00564536,POINT (78.0056453630921 12.514775911927249),geometry.representative_point,confirmed_exact_unique,confirmed,0,1,0,,1
DPV_EACEF8ED2D985DB2,IND_TAMIL_NADU_MADURAI,Census 2001,Census 2001,308,Tamil Nadu,MADURAI,Tamil Nadu,MADURAI,Tamil Nadu,Madurai,9.93588338,78.01117666,POINT (78.01117666463833 9.935883382265228),geometry.representative_point,confirmed_exact_unique,confirmed,0,1,0,,1
DPV_74750903E4FA2546,IND_TAMIL_NADU_MADURAI,Census 2011,Census 2011,349,Tamil Nadu,MADURAI,Tamil Nadu,MADURAI,Tamil Nadu,Madurai,9.93588338,78.01117666,POINT (78.01117666463833 9.935883382265228),geometry.representative_point,confirmed_exact_unique,confirmed,0,1,0,,1
DPV_EA328769FC83FD11,IND_TAMIL_NADU_NAGAPATTINAM,Census 2001,Census 2001,585,Tamil Nadu,NAGAPATTINAM,Tamil Nadu,NAGAPATTINAM,Tamil Nadu,Nagapattinam,11.19178163,79.69706054,POINT (79.69706053537615 11.191781625546568),geometry.representative_point,confirmed_exact_unique,confirmed,0,1,0,,1
DPV_1403275F840C1BBE,IND_TAMIL_NADU_NAGAPATTINAM,Census 2011,Census 2001,585,Tamil Nadu,NAGAPATTINAM,Tamil Nadu,NAGAPATTINAM,Tamil Nadu,Nagapattinam,11.19178163,79.69706054,POINT (79.69706053537615 11.191781625546568),geometry.representative_point,alternate_layer_confirmed_name,working_strong,0,1,0,,1
DPV_EC37866182954332,IND_TAMIL_NADU_NAMAKKAL,Census 2001,Census 2001,352,Tamil Nadu,NAMAKKAL,Tamil Nadu,NAMAKKAL,Tamil Nadu,Namakkal,11.30239581,78.11969603,POINT (78.11969603422347 11.302395814155112),geometry.representative_point,confirmed_exact_unique,confirmed,0,1,0,,1
DPV_A7DEEB277C8D2F85,IND_TAMIL_NADU_NAMAKKAL,Census 2011,Census 2011,397,Tamil Nadu,NAMAKKAL,Tamil Nadu,NAMAKKAL,Tamil Nadu,Namakkal,11.30239581,78.11969603,POINT (78.11969603422347 11.302395814155112),geometry.representative_point,confirmed_exact_unique,confirmed,0,1,0,,1
DPV_570417CB89A396DB,IND_TAMIL_NADU_PERAMBALUR,Census 2001,Census 2001,389,Tamil Nadu,PERAMBALUR,Tamil Nadu,PERAMBALUR,Tamil Nadu,Perambalur,11.28587383,78.93232562,POINT (78.93232562198759 11.285873827423643),geometry.representative_point,confirmed_exact_unique,confirmed,0,1,0,,1
DPV_B8D41EAFE3BC0855,IND_TAMIL_NADU_PERAMBALUR,Census 2011,Census 2011,439,Tamil Nadu,PERAMBALUR,Tamil Nadu,PERAMBALUR,Tamil Nadu,Perambalur,11.28587383,78.93232562,POINT (78.93232562198759 11.285873827423643),geometry.representative_point,confirmed_exact_unique,confirmed,0,1,0,,1
DPV_C596F735024230A2,IND_TAMIL_NADU_PUDUKKOTTAI,Census 2001,Census 2001,398,Tamil Nadu,PUDUKKOTTAI,Tamil Nadu,PUDUKKOTTAI,Tamil Nadu,Pudukkottai,10.28966116,78.81913125,POINT (78.81913125132509 10.289661159602264),geometry.representative_point,confirmed_exact_unique,confirmed,0,1,0,,1
DPV_8259A44D8659F683,IND_TAMIL_NADU_PUDUKKOTTAI,Census 2011,Census 2011,448,Tamil Nadu,PUDUKKOTTAI,Tamil Nadu,PUDUKKOTTAI,Tamil Nadu,Pudukkottai,10.28966116,78.81913125,POINT (78.81913125132509 10.289661159602264),geometry.representative_point,confirmed_exact_unique,confirmed,0,1,0,,1
DPV_547CBCFAE6CD4B63,IND_TAMIL_NADU_RAMANATHAPURAM,Census 2001,Census 2001,409,Tamil Nadu,RAMANATHAPURAM,Tamil Nadu,RAMANATHAPURAM,Tamil Nadu,Ramanathapuram,9.51968675,78.52016194,POINT (78.52016193815177 9.519686749522318),geometry.representative_point,confirmed_exact_unique,confirmed,0,1,0,,1
DPV_FB27591067D43845,IND_TAMIL_NADU_RAMANATHAPURAM,Census 2011,Census 2011,470,Tamil Nadu,RAMANATHAPURAM,Tamil Nadu,RAMANATHAPURAM,Tamil Nadu,Ramanathapuram,9.51968675,78.52016194,POINT (78.52016193815177 9.519686749522318),geometry.representative_point,confirmed_exact_unique,confirmed,0,1,0,,1
DPV_3CCF20B985737551,IND_TAMIL_NADU_SALEM,Census 2001,Census 2001,412,Tamil Nadu,SALEM,Tamil Nadu,SALEM,Tamil Nadu,Salem,11.64459349,78.21081616,POINT (78.21081616280313 11.644593485674378),geometry.representative_point,confirmed_exact_unique,confirmed,0,1,0,,1
DPV_811FB7153EDDF411,IND_TAMIL_NADU_SALEM,Census 2011,Census 2011,494,Tamil Nadu,SALEM,Tamil Nadu,SALEM,Tamil Nadu,Salem,11.64459349,78.21081616,POINT (78.21081616280313 11.644593485674378),geometry.representative_point,confirmed_exact_unique,confirmed,0,1,0,,1
DPV_B9F1046281109069,IND_TAMIL_NADU_SIVAGANGA,Census 2001,Census 2001,455,Tamil Nadu,SIVAGANGA,Tamil Nadu,SIVAGANGA,Tamil Nadu,Sivaganga,9.96339157,78.72186316,POINT (78.72186316257805 9.963391566467369),geometry.representative_point,confirmed_exact_unique,confirmed,0,1,0,,1
DPV_1218D6B6DEB7B6A8,IND_TAMIL_NADU_SIVAGANGA,Census 2011,Census 2011,534,Tamil Nadu,SIVAGANGA,Tamil Nadu,SIVAGANGA,Tamil Nadu,Sivaganga,9.96339157,78.72186316,POINT (78.72186316257805 9.963391566467369),geometry.representative_point,confirmed_exact_unique,confirmed,0,1,0,,1
DPV_C8AE5DAF7B3892ED,IND_TAMIL_NADU_THANJAVUR,Census 2001,Census 2001,583,Tamil Nadu,THANJAVUR,Tamil Nadu,THANJAVUR,Tamil Nadu,Thanjavur,10.6609086,79.19259968,POINT (79.19259968323942 10.660908603287451),geometry.representative_point,confirmed_exact_unique,confirmed,0,1,0,,1
DPV_820452F181D42AD7,IND_TAMIL_NADU_THANJAVUR,Census 2011,Census 2011,562,Tamil Nadu,THANJAVUR,Tamil Nadu,THANJAVUR,Tamil Nadu,Thanjavur,10.6609086,79.19259968,POINT (79.19259968323942 10.660908603287451),geometry.representative_point,confirmed_exact_unique,confirmed,0,1,0,,1
DPV_AC86A90596F5348E,IND_TAMIL_NADU_THE_NILGIRIS,Census 2001,Census 2001,367,Tamil Nadu,THE NILGIRIS,Tamil Nadu,THE NILGIRIS,Tamil Nadu,The Nilgiris,11.44676152,76.69780405,POINT (76.69780404515764 11.446761517856205),geometry.representative_point,confirmed_exact_unique,confirmed,0,1,0,,1
DPV_FA02C3AC6E06824B,IND_TAMIL_NADU_THE_NILGIRIS,Census 2011,Census 2011,564,Tamil Nadu,THE NILGIRIS,Tamil Nadu,THE NILGIRIS,Tamil Nadu,The Nilgiris,11.44676152,76.69780405,POINT (76.69780404515764 11.446761517856205),geometry.representative_point,confirmed_exact_unique,confirmed,0,1,0,,1
DPV_989F866DF36899E9,IND_TAMIL_NADU_THENI,Census 2001,Census 2001,477,Tamil Nadu,THENI,Tamil Nadu,THENI,Tamil Nadu,Theni,9.8679935,77.42469436,POINT (77.42469435817122 9.867993503800935),geometry.representative_point,confirmed_exact_unique,confirmed,0,1,0,,1
DPV_BFF9370B6085FD4B,IND_TAMIL_NADU_THENI,Census 2011,Census 2011,565,Tamil Nadu,THENI,Tamil Nadu,THENI,Tamil Nadu,Theni,9.8679935,77.42469436,POINT (77.42469435817122 9.867993503800935),geometry.representative_point,confirmed_exact_unique,confirmed,0,1,0,,1
DPV_6FB1600A06E88657,IND_TAMIL_NADU_THIRUVALLUR,Census 2001,Census 2001,582,Tamil Nadu,THIRUVALLUR,Tamil Nadu,THIRUVALLUR,Tamil Nadu,Thiruvallur,13.2538646,80.05375471,POINT (80.05375470952676 13.253864600738694),geometry.representative_point,confirmed_exact_unique,confirmed,0,1,0,,1
DPV_656914B985D0FAAC,IND_TAMIL_NADU_THIRUVALLUR,Census 2011,Census 2011,566,Tamil Nadu,THIRUVALLUR,Tamil Nadu,THIRUVALLUR,Tamil Nadu,Thiruvallur,13.2538646,80.05375471,POINT (80.05375470952676 13.253864600738694),geometry.representative_point,confirmed_exact_unique,confirmed,0,1,0,,1
DPV_1B97652D7CFE01FA,IND_TAMIL_NADU_THIRUVARUR,Census 2001,Census 2001,584,Tamil Nadu,THIRUVARUR,Tamil Nadu,THIRUVARUR,Tamil Nadu,Thiruvarur,10.64391987,79.50714296,POINT (79.50714295616538 10.643919870811505),geometry.representative_point,confirmed_exact_unique,confirmed,0,1,0,,1
DPV_A190459C8B5C8802,IND_TAMIL_NADU_THIRUVARUR,Census 2011,Census 2011,568,Tamil Nadu,THIRUVARUR,Tamil Nadu,THIRUVARUR,Tamil Nadu,Thiruvarur,10.64391987,79.50714296,POINT (79.50714295616538 10.643919870811505),geometry.representative_point,confirmed_exact_unique,confirmed,0,1,0,,1
DPV_C2D29D156DDECD0D,IND_TAMIL_NADU_THOOTHUKUDI,Census 2001,Census 2001,475,Tamil Nadu,THOOTHUKUDI,Tamil Nadu,THOOTHUKUDI,Tamil Nadu,Thoothukkudi,8.84528108,77.99485639,POINT (77.99485639254257 8.84528107925609),geometry.representative_point,working_fuzzy_same_state,working_fallback,0,1,0,,1
DPV_2166B7B208F3D238,IND_TAMIL_NADU_THOOTHUKUDI,Census 2011,Census 2011,569,Tamil Nadu,THOOTHUKUDI,Tamil Nadu,THOOTHUKUDI,Tamil Nadu,Thoothukkudi,8.84528108,77.99485639,POINT (77.99485639254257 8.84528107925609),geometry.representative_point,working_fuzzy_same_state,working_fallback,0,1,0,,1
DPV_13E9435CF5964937,IND_TAMIL_NADU_TIRUCHIRAPPALLI,Census 2001,Census 2001,468,Tamil Nadu,TIRUCHIRAPPALLI,Tamil Nadu,TIRUCHIRAPPALLI,Tamil Nadu,Tiruchirappalli,10.8492909,78.7249069,POINT (78.72490689574735 10.8492909008238),geometry.representative_point,confirmed_exact_unique,confirmed,0,1,0,,1
DPV_793B3C66752A5CC0,IND_TAMIL_NADU_TIRUCHIRAPPALLI,Census 2011,Census 2011,575,Tamil Nadu,TIRUCHIRAPPALLI,Tamil Nadu,TIRUCHIRAPPALLI,Tamil Nadu,Tiruchirappalli,10.8492909,78.7249069,POINT (78.72490689574735 10.8492909008238),geometry.representative_point,confirmed_exact_unique,confirmed,0,1,0,,1
DPV_22916DF10CC330E6,IND_TAMIL_NADU_TIRUNELVELI,Census 2001,Census 2001,469,Tamil Nadu,TIRUNELVELI,Tamil Nadu,TIRUNELVELI,Tamil Nadu,Tirunelveli,8.78081794,77.5325929,POINT (77.53259289763395 8.780817944278375),geometry.representative_point,confirmed_exact_unique,confirmed,0,1,0,,1
DPV_4CF7080FA15BEB2F,IND_TAMIL_NADU_TIRUNELVELI,Census 2011,Census 2011,576,Tamil Nadu,TIRUNELVELI,Tamil Nadu,TIRUNELVELI,Tamil Nadu,Tirunelveli,8.78081794,77.5325929,POINT (77.53259289763395 8.780817944278375),geometry.representative_point,confirmed_exact_unique,confirmed,0,1,0,,1
DPV_1B911F120CEEA9D1,IND_TAMIL_NADU_TIRUPPUR,Census 2001,Census 2011,577,Tamil Nadu,TIRUPPUR,Tamil Nadu,TIRUPPUR,Tamil Nadu,Tiruppur,10.78993164,77.53556051,POINT (77.53556051263718 10.789931635115023),geometry.representative_point,alternate_layer_confirmed_name,working_strong,0,1,0,,1
DPV_8BBCE55A43B3A94E,IND_TAMIL_NADU_TIRUPPUR,Census 2011,Census 2011,577,Tamil Nadu,TIRUPPUR,Tamil Nadu,TIRUPPUR,Tamil Nadu,Tiruppur,10.78993164,77.53556051,POINT (77.53556051263718 10.789931635115023),geometry.representative_point,confirmed_exact_unique,confirmed,0,1,0,,1
DPV_E47C4FDD7E38B7C9,IND_TAMIL_NADU_TIRUVANNAMALAI,Census 2001,Census 2001,470,Tamil Nadu,TIRUVANNAMALAI,Tamil Nadu,TIRUVANNAMALAI,Tamil Nadu,Tiruvannamalai,12.42507189,79.00149051,POINT (79.00149050846292 12.425071885357719),geometry.representative_point,confirmed_exact_unique,confirmed,0,1,0,,1
DPV_FF58FCA4BCAD7966,IND_TAMIL_NADU_TIRUVANNAMALAI,Census 2011,Census 2011,578,Tamil Nadu,TIRUVANNAMALAI,Tamil Nadu,TIRUVANNAMALAI,Tamil Nadu,Tiruvannamalai,12.42507189,79.00149051,POINT (79.00149050846292 12.425071885357719),geometry.representative_point,confirmed_exact_unique,confirmed,0,1,0,,1
DPV_F4877E4F439152F6,IND_TAMIL_NADU_TUTICORIN,Census 2001,Census 2001,468,Tamil Nadu,TUTICORIN,Tamil Nadu,TUTICORIN,Tamil Nadu,Tiruchirappalli,10.8492909,78.7249069,POINT (78.72490689574735 10.8492909008238),geometry.representative_point,working_fuzzy_same_state,working_fallback,0,1,0,,1
DPV_3E5D3989A4A07778,IND_TAMIL_NADU_TUTICORIN,Census 2011,Census 2011,575,Tamil Nadu,TUTICORIN,Tamil Nadu,TUTICORIN,Tamil Nadu,Tiruchirappalli,10.8492909,78.7249069,POINT (78.72490689574735 10.8492909008238),geometry.representative_point,working_fuzzy_same_state,working_fallback,0,1,0,,1
DPV_3DB8EC369F680A80,IND_TAMIL_NADU_VELLORE,Census 2001,Census 2001,517,Tamil Nadu,VELLORE,Tamil Nadu,VELLORE,Tamil Nadu,Vellore,12.73303259,78.81318614,POINT (78.81318613980008 12.733032585253557),geometry.representative_point,confirmed_exact_unique,confirmed,0,1,0,,1
DPV_6560306D395AD9ED,IND_TAMIL_NADU_VELLORE,Census 2011,Census 2011,601,Tamil Nadu,VELLORE,Tamil Nadu,VELLORE,Tamil Nadu,Vellore,12.73303259,78.81318614,POINT (78.81318613980008 12.733032585253557),geometry.representative_point,confirmed_exact_unique,confirmed,0,1,0,,1
DPV_114F28D356BE581F,IND_TAMIL_NADU_VILLUPURAM,Census 2001,Census 2001,519,Tamil Nadu,VILLUPURAM,Tamil Nadu,VILLUPURAM,Tamil Nadu,Viluppuram,11.97581652,79.17168448,POINT (79.17168448354725 11.975816516026523),geometry.representative_point,working_fuzzy_same_state,working_fallback,0,1,0,,1
DPV_8596BB7DC3361CE8,IND_TAMIL_NADU_VILLUPURAM,Census 2011,Census 2011,603,Tamil Nadu,VILLUPURAM,Tamil Nadu,VILLUPURAM,Tamil Nadu,Viluppuram,11.97581669,79.17168449,POINT (79.17168449153377 11.975816686488535),geometry.representative_point,working_fuzzy_same_state,working_fallback,0,1,0,,1
DPV_C45894597189458A,IND_TAMIL_NADU_VIRUDHUNAGAR,Census 2001,Census 2001,520,Tamil Nadu,VIRUDHUNAGAR,Tamil Nadu,VIRUDHUNAGAR,Tamil Nadu,Virudhunagar,9.4918435,77.86576378,POINT (77.86576378439298 9.491843499237984),geometry.representative_point,confirmed_exact_unique,confirmed,0,1,0,,1
DPV_7021A9E67205A3BB,IND_TAMIL_NADU_VIRUDHUNAGAR,Census 2011,Census 2001,520,Tamil Nadu,VIRUDHUNAGAR,Tamil Nadu,VIRUDHUNAGAR,Tamil Nadu,Virudhunagar,9.4918435,77.86576378,POINT (77.86576378439298 9.491843499237984),geometry.representative_point,alternate_layer_confirmed_name,working_strong,0,1,0,,1
DPV_76A2AFD817389DFE,IND_TELANGANA_ADILABAD,Census 2001,Census 2001,14,Telangana,ADILABAD,Telangana,ADILABAD,Andhra Pradesh,Adilabad,19.29892001,79.08081669,POINT (79.08081668638252 19.298920005651425),geometry.representative_point,historical_state_boundary_fallback,historical_fallback,1,1,0,,1
DPV_CE4ED3DCB6016432,IND_TELANGANA_ADILABAD,Census 2011,Census 2011,0,Telangana,ADILABAD,Telangana,ADILABAD,Andhra Pradesh,Adilabad,19.29892001,79.08081669,POINT (79.08081668638252 19.298920005651425),geometry.representative_point,historical_state_boundary_fallback,historical_fallback,1,1,0,,1
DPV_937EB205DB66A434,IND_TELANGANA_HYDERABAD,Census 2001,Census 2001,215,Telangana,HYDERABAD,Telangana,HYDERABAD,Andhra Pradesh,Hyderabad,17.38931282,78.45656472,POINT (78.45656472067034 17.38931282146857),geometry.representative_point,historical_state_boundary_fallback,historical_fallback,0,1,0,,1
DPV_A35A117CCE073358,IND_TELANGANA_HYDERABAD,Census 2011,Census 2011,231,Telangana,HYDERABAD,Telangana,HYDERABAD,Andhra Pradesh,Hyderabad,17.38931282,78.45656472,POINT (78.45656472067034 17.38931282146857),geometry.representative_point,historical_state_boundary_fallback,historical_fallback,0,1,0,,1
DPV_43E1BD888F8083AC,IND_TELANGANA_KARIMNAGAR,Census 2001,Census 2001,166,Telangana,KARIMNAGAR,Telangana,KARIMNAGAR,Andhra Pradesh,Karimnagar,18.53056102,79.39247751,POINT (79.39247751237764 18.53056102409102),geometry.representative_point,historical_state_boundary_fallback,historical_fallback,0,1,0,,1
DPV_7F1F26F3801EB9D6,IND_TELANGANA_KARIMNAGAR,Census 2011,Census 2011,285,Telangana,KARIMNAGAR,Telangana,KARIMNAGAR,Andhra Pradesh,Karimnagar,18.53056102,79.39247751,POINT (79.39247751237764 18.53056102409102),geometry.representative_point,historical_state_boundary_fallback,historical_fallback,0,1,0,,1
DPV_FF45306F7FBEDBB7,IND_TELANGANA_KHAMMAM,Census 2001,Census 2001,258,Telangana,KHAMMAM,Telangana,KHAMMAM,Andhra Pradesh,Khammam,17.70196913,80.81262778,POINT (80.81262777557129 17.70196913045854),geometry.representative_point,historical_state_boundary_fallback,historical_fallback,0,1,0,,1
DPV_20E78185100DD529,IND_TELANGANA_KHAMMAM,Census 2011,Census 2011,296,Telangana,KHAMMAM,Telangana,KHAMMAM,Andhra Pradesh,Khammam,17.70196913,80.81262778,POINT (80.81262777557129 17.70196913045854),geometry.representative_point,historical_state_boundary_fallback,historical_fallback,0,1,0,,1
DPV_DBA6ABE23FB04040,IND_TELANGANA_MAHBUBNAGAR,Census 2001,Census 2001,319,Telangana,MAHBUBNAGAR,Telangana,MAHBUBNAGAR,Andhra Pradesh,Mahbubnagar,16.53450806,78.02633081,POINT (78.02633081394589 16.53450805788684),geometry.representative_point,historical_state_boundary_fallback,historical_fallback,0,1,0,,1
DPV_7081F31811011D4F,IND_TELANGANA_MAHBUBNAGAR,Census 2011,Census 2011,352,Telangana,MAHBUBNAGAR,Telangana,MAHBUBNAGAR,Andhra Pradesh,Mahbubnagar,16.53450806,78.02633081,POINT (78.02633081441223 16.53450805788684),geometry.representative_point,historical_state_boundary_fallback,historical_fallback,0,1,0,,1
DPV_F45887D2F0342868,IND_TELANGANA_MEDAK,Census 2001,Census 2001,267,Telangana,MEDAK,Telangana,MEDAK,Andhra Pradesh,Medak,17.85932596,78.22147265,POINT (78.22147265426705 17.85932595899793),geometry.representative_point,historical_state_boundary_fallback,historical_fallback,0,1,0,,1
DPV_AFFED491ADADC890,IND_TELANGANA_MEDAK,Census 2011,Census 2011,371,Telangana,MEDAK,Telangana,MEDAK,Andhra Pradesh,Medak,17.85932596,78.22147265,POINT (78.22147265426705 17.85932595899793),geometry.representative_point,historical_state_boundary_fallback,historical_fallback,0,1,0,,1
DPV_1C0CF6F6873FF2D0,IND_TELANGANA_NALGONDA,Census 2001,Census 2001,351,Telangana,NALGONDA,Telangana,NALGONDA,Andhra Pradesh,Nalgonda,17.09139675,79.41555129,POINT (79.41555129187364 17.091396745989005),geometry.representative_point,historical_state_boundary_fallback,historical_fallback,0,1,0,,1
DPV_9F61230E7E9A4585,IND_TELANGANA_NALGONDA,Census 2011,Census 2011,396,Telangana,NALGONDA,Telangana,NALGONDA,Andhra Pradesh,Nalgonda,17.09139675,79.41555129,POINT (79.41555129187364 17.091396745989005),geometry.representative_point,historical_state_boundary_fallback,historical_fallback,0,1,0,,1
DPV_EA9B7F63444DA666,IND_TELANGANA_NIZAMABAD,Census 2001,Census 2001,368,Telangana,NIZAMABAD,Telangana,NIZAMABAD,Andhra Pradesh,Nizamabad,18.54018049,78.11836768,POINT (78.11836768441283 18.54018049146658),geometry.representative_point,historical_state_boundary_fallback,historical_fallback,0,1,0,,1
DPV_F45478BB73E700FD,IND_TELANGANA_NIZAMABAD,Census 2011,Census 2011,410,Telangana,NIZAMABAD,Telangana,NIZAMABAD,Andhra Pradesh,Nizamabad,18.54018049,78.11836768,POINT (78.11836768441283 18.54018049146658),geometry.representative_point,historical_state_boundary_fallback,historical_fallback,0,1,0,,1
DPV_D49CDA0F73B76B84,IND_TELANGANA_RANGAREDDI,Census 2001,Census 2001,435,Telangana,RANGAREDDI,Telangana,RANGAREDDI,Andhra Pradesh,Rangareddi,17.28330467,78.1083152,POINT (78.10831519676728 17.283304668465853),geometry.representative_point,historical_state_boundary_fallback,historical_fallback,0,1,0,,1
DPV_E2ED46D6D35C3E5D,IND_TELANGANA_RANGAREDDI,Census 2011,Census 2011,475,Telangana,RANGAREDDI,Telangana,RANGAREDDI,Andhra Pradesh,Rangareddy,17.28330467,78.1083152,POINT (78.10831519683184 17.283304668465853),geometry.representative_point,historical_state_boundary_fallback,historical_fallback,0,1,0,,1
DPV_3D7C92A9D62BA5BA,IND_TELANGANA_WARANGAL,Census 2001,Census 2001,524,Telangana,WARANGAL,Telangana,WARANGAL,Andhra Pradesh,Warangal,17.96498909,79.59454073,POINT (79.59454073371029 17.964989092033267),geometry.representative_point,historical_state_boundary_fallback,historical_fallback,0,1,0,,1
DPV_A1D156A09FD06A28,IND_TELANGANA_WARANGAL,Census 2011,Census 2011,607,Telangana,WARANGAL,Telangana,WARANGAL,Andhra Pradesh,Warangal,17.96498909,79.59454073,POINT (79.59454073371029 17.964989092033267),geometry.representative_point,historical_state_boundary_fallback,historical_fallback,0,1,0,,1
DPV_9D1EB1739EFA677C,IND_TRIPURA_DHALAI,Census 2001,Census 2001,130,Tripura,DHALAI,Tripura,DHALAI,Tripura,Dhalai,23.82750339,91.96925796,POINT (91.96925795660485 23.827503388951047),geometry.representative_point,confirmed_exact_unique,confirmed,0,1,0,,1
DPV_9A20BE74C347815E,IND_TRIPURA_DHALAI,Census 2011,Census 2011,143,Tripura,DHALAI,Tripura,DHALAI,Tripura,Dhalai,23.82750339,91.96925796,POINT (91.96925795660485 23.827503388951047),geometry.representative_point,confirmed_exact_unique,confirmed,0,1,0,,1
DPV_3431EA1FCA37EB19,IND_TRIPURA_GOMATI,Census 2001,Census 2001,130,Tripura,GOMATI,Tripura,GOMATI,Tripura,Dhalai,23.82750339,91.96925796,POINT (91.96925795660485 23.827503388951047),geometry.representative_point,working_fuzzy_same_state,working_fallback,1,1,0,,1
DPV_C66C4EDF44760A81,IND_TRIPURA_GOMATI,Census 2011,Census 2011,143,Tripura,GOMATI,Tripura,GOMATI,Tripura,Dhalai,23.82750339,91.96925796,POINT (91.96925795660485 23.827503388951047),geometry.representative_point,working_fuzzy_same_state,working_fallback,1,1,0,,1
DPV_48769E7A582BD6FD,IND_TRIPURA_KHOWAI,Census 2001,Census 2001,130,Tripura,KHOWAI,Tripura,KHOWAI,Tripura,Dhalai,23.82750339,91.96925796,POINT (91.96925795660485 23.827503388951047),geometry.representative_point,working_fuzzy_same_state,working_fallback,1,1,0,,1
DPV_954F63575C0B9EED,IND_TRIPURA_KHOWAI,Census 2011,Census 2011,143,Tripura,KHOWAI,Tripura,KHOWAI,Tripura,Dhalai,23.82750339,91.96925796,POINT (91.96925795660485 23.827503388951047),geometry.representative_point,working_fuzzy_same_state,working_fallback,1,1,0,,1
DPV_4565230F39461A39,IND_TRIPURA_NORTH_TRIPURA,Census 2001,Census 2001,374,Tripura,NORTH TRIPURA,Tripura,NORTH TRIPURA,Tripura,North Tripura,24.09044357,92.19976889,POINT (92.19976889107112 24.090443567918634),geometry.representative_point,confirmed_exact_unique,confirmed,0,1,0,,1
DPV_4B5FD431CBB2D225,IND_TRIPURA_NORTH_TRIPURA,Census 2011,Census 2011,417,Tripura,NORTH TRIPURA,Tripura,NORTH TRIPURA,Tripura,North Tripura,24.09044357,92.19976889,POINT (92.19976889107112 24.090443567918634),geometry.representative_point,confirmed_exact_unique,confirmed,0,1,0,,1
DPV_1477424D4C3AB9F9,IND_TRIPURA_SEPAHIJALA,Census 2001,Census 2001,130,Tripura,SEPAHIJALA,Tripura,SEPAHIJALA,Tripura,Dhalai,23.82750339,91.96925796,POINT (91.96925795660485 23.827503388951047),geometry.representative_point,working_fuzzy_same_state,working_fallback,1,1,0,,1
DPV_2B61793700AA5953,IND_TRIPURA_SEPAHIJALA,Census 2011,Census 2011,143,Tripura,SEPAHIJALA,Tripura,SEPAHIJALA,Tripura,Dhalai,23.82750339,91.96925796,POINT (91.96925795660485 23.827503388951047),geometry.representative_point,working_fuzzy_same_state,working_fallback,1,1,0,,1
DPV_F2F7606B1FEC66C6,IND_TRIPURA_SOUTH_TRIPURA,Census 2001,Census 2001,457,Tripura,SOUTH TRIPURA,Tripura,SOUTH TRIPURA,Tripura,South Tripura,23.35301184,91.61051847,POINT (91.610518469321 23.353011839917762),geometry.representative_point,confirmed_exact_unique,confirmed,0,1,0,,1
DPV_B70CA846B30F933D,IND_TRIPURA_SOUTH_TRIPURA,Census 2011,Census 2011,547,Tripura,SOUTH TRIPURA,Tripura,SOUTH TRIPURA,Tripura,South Tripura,23.35301184,91.61051847,POINT (91.610518469321 23.353011839917762),geometry.representative_point,confirmed_exact_unique,confirmed,0,1,0,,1
DPV_7B08A7685EBEA682,IND_TRIPURA_UNAKOTI,Census 2001,Census 2001,130,Tripura,UNAKOTI,Tripura,UNAKOTI,Tripura,Dhalai,23.82750339,91.96925796,POINT (91.96925795660485 23.827503388951047),geometry.representative_point,working_fuzzy_same_state,working_fallback,1,1,0,,1
DPV_893D65624BB949FC,IND_TRIPURA_UNAKOTI,Census 2011,Census 2011,143,Tripura,UNAKOTI,Tripura,UNAKOTI,Tripura,Dhalai,23.82750339,91.96925796,POINT (91.96925795660485 23.827503388951047),geometry.representative_point,working_fuzzy_same_state,working_fallback,1,1,0,,1
DPV_8C1EFDFDD91118D3,IND_TRIPURA_WEST_TRIPURA,Census 2001,Census 2001,531,Tripura,WEST TRIPURA,Tripura,WEST TRIPURA,Tripura,West Tripura,23.75328186,91.40005466,POINT (91.40005466286289 23.75328186043714),geometry.representative_point,confirmed_exact_unique,confirmed,0,1,0,,1
DPV_F3EC69E5ACC48793,IND_TRIPURA_WEST_TRIPURA,Census 2011,Census 2011,619,Tripura,WEST TRIPURA,Tripura,WEST TRIPURA,Tripura,West Tripura,23.75328186,91.40005466,POINT (91.40005466286289 23.75328186043714),geometry.representative_point,confirmed_exact_unique,confirmed,0,1,0,,1
DPV_0261761C660FD90C,IND_UTTAR_PRADESH_AGRA,Census 2001,Census 2001,15,Uttar Pradesh,AGRA,Uttar Pradesh,AGRA,Uttar Pradesh,Agra,27.07456089,77.89157835,POINT (77.89157835465284 27.074560891859292),geometry.representative_point,confirmed_exact_unique,confirmed,0,1,0,,1
DPV_77B9E4B6C495AB46,IND_UTTAR_PRADESH_AGRA,Census 2011,Census 2011,1,Uttar Pradesh,AGRA,Uttar Pradesh,AGRA,Uttar Pradesh,Agra,27.07456089,77.89157835,POINT (77.89157835465284 27.074560891859292),geometry.representative_point,confirmed_exact_unique,confirmed,0,1,0,,1
DPV_98F1E4687E9A3380,IND_UTTAR_PRADESH_ALIGARH,Census 2001,Census 2001,22,Uttar Pradesh,ALIGARH,Uttar Pradesh,ALIGARH,Uttar Pradesh,Aligarh,27.87291139,78.13922832,POINT (78.13922831885165 27.872911385456),geometry.representative_point,confirmed_exact_unique,confirmed,0,1,0,,1
DPV_F88210A321C350D1,IND_UTTAR_PRADESH_ALIGARH,Census 2011,Census 2011,8,Uttar Pradesh,ALIGARH,Uttar Pradesh,ALIGARH,Uttar Pradesh,Aligarh,27.87291139,78.13922832,POINT (78.13922831882181 27.872911385915074),geometry.representative_point,confirmed_exact_unique,confirmed,0,1,0,,1
DPV_3A132B61943B56D5,IND_UTTAR_PRADESH_ALLAHABAD,Census 2001,Census 2001,23,Uttar Pradesh,ALLAHABAD,Uttar Pradesh,ALLAHABAD,Uttar Pradesh,Allahabad,25.27805016,81.90352757,POINT (81.90352756740255 25.27805016270623),geometry.representative_point,confirmed_exact_unique,confirmed,0,1,0,,1
DPV_30B5B23FEA290D69,IND_UTTAR_PRADESH_ALLAHABAD,Census 2011,Census 2011,10,Uttar Pradesh,ALLAHABAD,Uttar Pradesh,ALLAHABAD,Uttar Pradesh,Allahabad,25.27805016,81.90352757,POINT (81.90352756740259 25.278050162706307),geometry.representative_point,confirmed_exact_unique,confirmed,0,1,0,,1
DPV_5A614107640A2B5A,IND_UTTAR_PRADESH_ALMORA,Census 2001,Census 2001,15,Uttar Pradesh,ALMORA,Uttar Pradesh,ALMORA,Uttar Pradesh,Agra,27.07456089,77.89157835,POINT (77.89157835465284 27.074560891859292),geometry.representative_point,working_fuzzy_same_state,working_fallback,1,1,0,,1
DPV_854546D366E8C87F,IND_UTTAR_PRADESH_ALMORA,Census 2011,Census 2011,1,Uttar Pradesh,ALMORA,Uttar Pradesh,ALMORA,Uttar Pradesh,Agra,27.07456089,77.89157835,POINT (77.89157835465284 27.074560891859292),geometry.representative_point,working_fuzzy_same_state,working_fallback,1,1,0,,1
DPV_5759296381A67556,IND_UTTAR_PRADESH_AMBEDKAR_NAGAR,Census 2001,Census 2001,26,Uttar Pradesh,AMBEDKAR NAGAR,Uttar Pradesh,AMBEDKAR NAGAR,Uttar Pradesh,Ambedkar Nagar,26.40599189,82.5686519,POINT (82.56865190433155 26.40599188897604),geometry.representative_point,confirmed_exact_unique,confirmed,0,1,0,,1
DPV_5ED21F02C1F5044D,IND_UTTAR_PRADESH_AMBEDKAR_NAGAR,Census 2011,Census 2011,14,Uttar Pradesh,AMBEDKAR NAGAR,Uttar Pradesh,AMBEDKAR NAGAR,Uttar Pradesh,Ambedkar Nagar,26.40599189,82.5686519,POINT (82.56865190433155 26.40599188897604),geometry.representative_point,confirmed_exact_unique,confirmed,0,1,0,,1
DPV_4FA417BBDA6173A1,IND_UTTAR_PRADESH_AMETHI,Census 2001,Census 2001,154,Uttar Pradesh,AMETHI,Uttar Pradesh,AMETHI,Uttar Pradesh,Etah,27.67632943,78.82035676,POINT (78.82035676394185 27.676329432838337),geometry.representative_point,working_fuzzy_same_state,working_fallback,0,1,0,,1
DPV_77F97A40575F3590,IND_UTTAR_PRADESH_AMETHI,Census 2011,Census 2011,175,Uttar Pradesh,AMETHI,Uttar Pradesh,AMETHI,Uttar Pradesh,Etah,27.54643563,78.77236057,POINT (78.77236056761492 27.546435634985457),geometry.representative_point,working_fuzzy_same_state,working_fallback,0,1,0,,1
DPV_C80791D4BDFAE62D,IND_UTTAR_PRADESH_AMROHA,Census 2001,Census 2001,15,Uttar Pradesh,AMROHA,Uttar Pradesh,AMROHA,Uttar Pradesh,Agra,27.07456089,77.89157835,POINT (77.89157835465284 27.074560891859292),geometry.representative_point,working_fuzzy_same_state,working_fallback,1,1,0,,1
DPV_502B5C9A047A7A05,IND_UTTAR_PRADESH_AMROHA,Census 2011,Census 2011,1,Uttar Pradesh,AMROHA,Uttar Pradesh,AMROHA,Uttar Pradesh,Agra,27.07456089,77.89157835,POINT (77.89157835465284 27.074560891859292),geometry.representative_point,working_fuzzy_same_state,working_fallback,1,1,0,,1
DPV_CA64DD093DCC9606,IND_UTTAR_PRADESH_AURAIYA,Census 2001,Census 2001,6,Uttar Pradesh,AURAIYA,Uttar Pradesh,AURAIYA,Uttar Pradesh,Auraiya,26.65614937,79.51565728,POINT (79.51565727871224 26.65614937440618),geometry.representative_point,confirmed_exact_unique,confirmed,0,1,0,,1
DPV_697952BFDE67611A,IND_UTTAR_PRADESH_AURAIYA,Census 2011,Census 2011,27,Uttar Pradesh,AURAIYA,Uttar Pradesh,AURAIYA,Uttar Pradesh,Auraiya,26.65614937,79.51565728,POINT (79.51565727871224 26.65614937440618),geometry.representative_point,confirmed_exact_unique,confirmed,0,1,0,,1
DPV_CAFA5EEC7A6EF16E,IND_UTTAR_PRADESH_AZAMGARH,Census 2001,Census 2001,9,Uttar Pradesh,AZAMGARH,Uttar Pradesh,AZAMGARH,Uttar Pradesh,Azamgarh,26.04338762,82.95637678,POINT (82.95637678274642 26.043387623494493),geometry.representative_point,confirmed_exact_unique,confirmed,0,1,0,,1
DPV_75997CE9E3E7F3ED,IND_UTTAR_PRADESH_AZAMGARH,Census 2011,Census 2011,30,Uttar Pradesh,AZAMGARH,Uttar Pradesh,AZAMGARH,Uttar Pradesh,Azamgarh,26.04324938,83.02068871,POINT (83.02068870564615 26.043249383347174),geometry.representative_point,confirmed_exact_unique,confirmed,0,1,0,,1
DPV_705BB8B2A8D9EF24,IND_UTTAR_PRADESH_BAGESHWAR,Census 2001,Census 2001,65,Uttar Pradesh,BAGESHWAR,Uttar Pradesh,BAGESHWAR,Uttar Pradesh,Baghpat,29.03963043,77.3146877,POINT (77.31468770095223 29.0396304317624),geometry.representative_point,working_fuzzy_same_state,working_fallback,0,1,0,,1
DPV_DD48C46D178F0B71,IND_UTTAR_PRADESH_BAGESHWAR,Census 2011,Census 2011,34,Uttar Pradesh,BAGESHWAR,Uttar Pradesh,BAGESHWAR,Uttar Pradesh,Baghpat,29.03963043,77.3146877,POINT (77.31468770095223 29.0396304317624),geometry.representative_point,working_fuzzy_same_state,working_fallback,0,1,0,,1
DPV_9B6B54E57EAE18CF,IND_UTTAR_PRADESH_BAGHPAT,Census 2001,Census 2001,65,Uttar Pradesh,BAGHPAT,Uttar Pradesh,BAGHPAT,Uttar Pradesh,Baghpat,29.03963043,77.3146877,POINT (77.31468770095223 29.0396304317624),geometry.representative_point,confirmed_exact_unique,confirmed,0,1,0,,1
DPV_27B7D958EB43B348,IND_UTTAR_PRADESH_BAGHPAT,Census 2011,Census 2011,34,Uttar Pradesh,BAGHPAT,Uttar Pradesh,BAGHPAT,Uttar Pradesh,Baghpat,29.03963043,77.3146877,POINT (77.31468770095223 29.0396304317624),geometry.representative_point,confirmed_exact_unique,confirmed,0,1,0,,1
DPV_B0816A32489660C4,IND_UTTAR_PRADESH_BAHRAICH,Census 2001,Census 2001,66,Uttar Pradesh,BAHRAICH,Uttar Pradesh,BAHRAICH,Uttar Pradesh,Bahraich,27.73029062,81.47683743,POINT (81.47683742907874 27.730290620750587),geometry.representative_point,confirmed_exact_unique,confirmed,0,1,0,,1
DPV_4D8191627E9E1261,IND_UTTAR_PRADESH_BAHRAICH,Census 2011,Census 2011,35,Uttar Pradesh,BAHRAICH,Uttar Pradesh,BAHRAICH,Uttar Pradesh,Bahraich,27.73029062,81.47683743,POINT (81.47683742907874 27.730290620750587),geometry.representative_point,confirmed_exact_unique,confirmed,0,1,0,,1
DPV_1CECA837C24EA090,IND_UTTAR_PRADESH_BALLIA,Census 2001,Census 2001,70,Uttar Pradesh,BALLIA,Uttar Pradesh,BALLIA,Uttar Pradesh,Ballia,25.87349349,84.12913195,POINT (84.12913194973527 25.87349349495539),geometry.representative_point,confirmed_exact_unique,confirmed,0,1,0,,1
DPV_1BC6E181F414D034,IND_UTTAR_PRADESH_BALLIA,Census 2011,Census 2011,40,Uttar Pradesh,BALLIA,Uttar Pradesh,BALLIA,Uttar Pradesh,Ballia,25.87349349,84.12913195,POINT (84.12913194973527 25.87349349495539),geometry.representative_point,confirmed_exact_unique,confirmed,0,1,0,,1
DPV_7AA3FDEED0E5B7F0,IND_UTTAR_PRADESH_BALRAMPUR,Census 2001,Census 2001,71,Uttar Pradesh,BALRAMPUR,Uttar Pradesh,BALRAMPUR,Uttar Pradesh,Balrampur,27.44737828,82.40371527,POINT (82.40371527342515 27.44737828467615),geometry.representative_point,confirmed_exact_unique,confirmed,0,1,0,,1
DPV_EC5063CC952EEC2D,IND_UTTAR_PRADESH_BALRAMPUR,Census 2011,Census 2011,41,Uttar Pradesh,BALRAMPUR,Uttar Pradesh,BALRAMPUR,Uttar Pradesh,Balrampur,27.44737828,82.40371527,POINT (82.40371527342515 27.44737828467615),geometry.representative_point,confirmed_exact_unique,confirmed,0,1,0,,1
DPV_862BB2FDA43B453E,IND_UTTAR_PRADESH_BANDA,Census 2001,Census 2001,73,Uttar Pradesh,BANDA,Uttar Pradesh,BANDA,Uttar Pradesh,Banda,25.44474234,80.56212682,POINT (80.56212681510661 25.4447423394195),geometry.representative_point,confirmed_exact_unique,confirmed,0,1,0,,1
DPV_37AE8750BB5BF1DE,IND_UTTAR_PRADESH_BANDA,Census 2011,Census 2011,43,Uttar Pradesh,BANDA,Uttar Pradesh,BANDA,Uttar Pradesh,Banda,25.44474234,80.56212682,POINT (80.56212681510661 25.4447423394195),geometry.representative_point,confirmed_exact_unique,confirmed,0,1,0,,1
DPV_D69E37ABE6176C60,IND_UTTAR_PRADESH_BARABANKI,Census 2001,Census 2001,76,Uttar Pradesh,BARABANKI,Uttar Pradesh,BARABANKI,Uttar Pradesh,Barabanki,26.94132707,81.38446535,POINT (81.38446535376507 26.941327070832543),geometry.representative_point,confirmed_exact_unique,confirmed,0,1,0,,1
DPV_C87B63B8C1DDF861,IND_UTTAR_PRADESH_BARABANKI,Census 2011,Census 2011,50,Uttar Pradesh,BARABANKI,Uttar Pradesh,BARABANKI,Uttar Pradesh,Bara Banki,26.94132707,81.38446535,POINT (81.38446535376507 26.941327070832543),geometry.representative_point,confirmed_exact_unique,confirmed,0,1,0,,1
DPV_A7497D960E01C6C3,IND_UTTAR_PRADESH_BAREILLY,Census 2001,Census 2001,35,Uttar Pradesh,BAREILLY,Uttar Pradesh,BAREILLY,Uttar Pradesh,Bareilly,28.45375726,79.38984074,POINT (79.3898407449781 28.45375726088519),geometry.representative_point,confirmed_exact_unique,confirmed,0,1,0,,1
DPV_502AF4E14AB6DD92,IND_UTTAR_PRADESH_BAREILLY,Census 2011,Census 2011,55,Uttar Pradesh,BAREILLY,Uttar Pradesh,BAREILLY,Uttar Pradesh,Bareilly,28.45375726,79.38984074,POINT (79.3898407449781 28.45375726088519),geometry.representative_point,confirmed_exact_unique,confirmed,0,1,0,,1
DPV_7B094656E029B4E3,IND_UTTAR_PRADESH_BASTI,Census 2001,Census 2001,56,Uttar Pradesh,BASTI,Uttar Pradesh,BASTI,Uttar Pradesh,Basti,26.83204435,82.55055578,POINT (82.55055577760943 26.832044350668827),geometry.representative_point,confirmed_exact_unique,confirmed,0,1,0,,1
DPV_69C07642331A668A,IND_UTTAR_PRADESH_BASTI,Census 2011,Census 2011,61,Uttar Pradesh,BASTI,Uttar Pradesh,BASTI,Uttar Pradesh,Basti,26.83204435,82.55055578,POINT (82.55055577760943 26.832044350668827),geometry.representative_point,confirmed_exact_unique,confirmed,0,1,0,,1
DPV_6C9B551FD2654755,IND_UTTAR_PRADESH_BIJNOR,Census 2001,Census 2001,47,Uttar Pradesh,BIJNOR,Uttar Pradesh,BIJNOR,Uttar Pradesh,Bijnor,29.40940453,78.4830162,POINT (78.48301619990858 29.409404533936595),geometry.representative_point,confirmed_exact_unique,confirmed,0,1,0,,1
DPV_C75E33DBEBF503A8,IND_UTTAR_PRADESH_BIJNOR,Census 2011,Census 2011,83,Uttar Pradesh,BIJNOR,Uttar Pradesh,BIJNOR,Uttar Pradesh,Bijnor,29.40940453,78.4830162,POINT (78.48301619990858 29.409404533936595),geometry.representative_point,confirmed_exact_unique,confirmed,0,1,0,,1
DPV_CEE332A0FEA9FED3,IND_UTTAR_PRADESH_BUDAUN,Census 2001,Census 2001,10,Uttar Pradesh,BUDAUN,Uttar Pradesh,BUDAUN,Uttar Pradesh,Budaun,28.06715766,79.04623999,POINT (79.04623998656817 28.06715765604536),geometry.representative_point,confirmed_exact_unique,confirmed,0,1,0,,1
DPV_E18E514C618F41AC,IND_UTTAR_PRADESH_BUDAUN,Census 2011,Census 2011,91,Uttar Pradesh,BUDAUN,Uttar Pradesh,BUDAUN,Uttar Pradesh,Budaun,28.06715766,79.04623999,POINT (79.04623998656817 28.06715765604536),geometry.representative_point,confirmed_exact_unique,confirmed,0,1,0,,1
DPV_30062CEF96A2A35C,IND_UTTAR_PRADESH_BULANDSHAHR,Census 2001,Census 2001,566,Uttar Pradesh,BULANDSHAHR,Uttar Pradesh,BULANDSHAHR,Uttar Pradesh,Bulandshahr,28.39069984,77.98819474,POINT (77.98819473810627 28.390699838883776),geometry.representative_point,confirmed_exact_unique,confirmed,0,1,0,,1
DPV_1B2239A41D073825,IND_UTTAR_PRADESH_BULANDSHAHR,Census 2011,Census 2011,92,Uttar Pradesh,BULANDSHAHR,Uttar Pradesh,BULANDSHAHR,Uttar Pradesh,Bulandshahr,28.39069984,77.98819474,POINT (77.98819473810627 28.390699838883776),geometry.representative_point,confirmed_exact_unique,confirmed,0,1,0,,1
DPV_93BD645DA7330E17,IND_UTTAR_PRADESH_CHAMOLI,Census 2001,Census 2001,96,Uttar Pradesh,CHAMOLI,Uttar Pradesh,CHAMOLI,Uttar Pradesh,Chandauli,25.12326181,83.24789899,POINT (83.24789898736358 25.123261805523835),geometry.representative_point,working_fuzzy_same_state,working_fallback,0,1,0,,1
DPV_7ADB656501ADCF8C,IND_UTTAR_PRADESH_CHAMOLI,Census 2011,Census 2011,104,Uttar Pradesh,CHAMOLI,Uttar Pradesh,CHAMOLI,Uttar Pradesh,Chandauli,25.12326181,83.24789899,POINT (83.24789898736358 25.123261805523835),geometry.representative_point,working_fuzzy_same_state,working_fallback,0,1,0,,1
DPV_C58E193EB24DCB4F,IND_UTTAR_PRADESH_CHAMPAWAT,Census 2001,Census 2001,433,Uttar Pradesh,CHAMPAWAT,Uttar Pradesh,CHAMPAWAT,Uttar Pradesh,Shrawasti,27.60715373,81.86206908,POINT (81.86206907737524 27.607153729917393),geometry.representative_point,working_fuzzy_same_state,working_fallback,1,1,0,,1
DPV_2C26C4ECE3487145,IND_UTTAR_PRADESH_CHAMPAWAT,Census 2011,Census 2011,520,Uttar Pradesh,CHAMPAWAT,Uttar Pradesh,CHAMPAWAT,Uttar Pradesh,Shrawasti,27.60715373,81.86206908,POINT (81.86206907737524 27.607153729917393),geometry.representative_point,working_fuzzy_same_state,working_fallback,1,1,0,,1
DPV_2DFCE22690E59059,IND_UTTAR_PRADESH_CHANDAULI,Census 2001,Census 2001,96,Uttar Pradesh,CHANDAULI,Uttar Pradesh,CHANDAULI,Uttar Pradesh,Chandauli,25.12326181,83.24789899,POINT (83.24789898736358 25.123261805523835),geometry.representative_point,confirmed_exact_unique,confirmed,0,1,0,,1
DPV_B445E9F07EDC345B,IND_UTTAR_PRADESH_CHANDAULI,Census 2011,Census 2011,104,Uttar Pradesh,CHANDAULI,Uttar Pradesh,CHANDAULI,Uttar Pradesh,Chandauli,25.12326181,83.24789899,POINT (83.24789898736358 25.123261805523835),geometry.representative_point,confirmed_exact_unique,confirmed,0,1,0,,1
DPV_8FD660E0F5E1A817,IND_UTTAR_PRADESH_CHITRAKOOT,Census 2001,Census 2001,91,Uttar Pradesh,CHITRAKOOT,Uttar Pradesh,CHITRAKOOT,Uttar Pradesh,Chitrakoot,25.21364586,81.15810525,POINT (81.15810524956069 25.21364585579306),geometry.representative_point,confirmed_exact_unique,confirmed,0,1,0,,1
DPV_4B1C6E88634EEE9F,IND_UTTAR_PRADESH_CHITRAKOOT,Census 2011,Census 2011,117,Uttar Pradesh,CHITRAKOOT,Uttar Pradesh,CHITRAKOOT,Uttar Pradesh,Chitrakoot,25.21364586,81.15810525,POINT (81.15810524956069 25.21364585579306),geometry.representative_point,confirmed_exact_unique,confirmed,0,1,0,,1
DPV_E7066892BBA5F12A,IND_UTTAR_PRADESH_DEHRADUN,Census 2001,Census 2001,10,Uttar Pradesh,DEHRADUN,Uttar Pradesh,DEHRADUN,Uttar Pradesh,Budaun,28.06715766,79.04623999,POINT (79.04623998656817 28.06715765604536),geometry.representative_point,working_fuzzy_same_state,working_fallback,0,1,0,,1
DPV_8DE4D148D06A5B9E,IND_UTTAR_PRADESH_DEHRADUN,Census 2011,Census 2011,91,Uttar Pradesh,DEHRADUN,Uttar Pradesh,DEHRADUN,Uttar Pradesh,Budaun,28.06715766,79.04623999,POINT (79.04623998656817 28.06715765604536),geometry.representative_point,working_fuzzy_same_state,working_fallback,0,1,0,,1
DPV_30F8E433F1ABE361,IND_UTTAR_PRADESH_DEORIA,Census 2001,Census 2001,113,Uttar Pradesh,DEORIA,Uttar Pradesh,DEORIA,Uttar Pradesh,Deoria,26.42435243,83.7645509,POINT (83.76455089652796 26.424352428661894),geometry.representative_point,confirmed_exact_unique,confirmed,0,1,0,,1
DPV_227DA63D6CB13FB1,IND_UTTAR_PRADESH_DEORIA,Census 2011,Census 2011,141,Uttar Pradesh,DEORIA,Uttar Pradesh,DEORIA,Uttar Pradesh,Deoria,26.42435243,83.7645509,POINT (83.76455089652796 26.424352428661894),geometry.representative_point,confirmed_exact_unique,confirmed,0,1,0,,1
DPV_231E7571BCD6E8BD,IND_UTTAR_PRADESH_ETAH,Census 2001,Census 2001,154,Uttar Pradesh,ETAH,Uttar Pradesh,ETAH,Uttar Pradesh,Etah,27.67632943,78.82035676,POINT (78.82035676394185 27.676329432838337),geometry.representative_point,confirmed_exact_unique,confirmed,0,1,0,,1
DPV_07B193936007F347,IND_UTTAR_PRADESH_ETAH,Census 2011,Census 2011,175,Uttar Pradesh,ETAH,Uttar Pradesh,ETAH,Uttar Pradesh,Etah,27.54643563,78.77236057,POINT (78.77236056761492 27.546435634985457),geometry.representative_point,confirmed_exact_unique,confirmed,0,1,0,,1
DPV_F4A75DCAB2EA7293,IND_UTTAR_PRADESH_ETAWAH,Census 2001,Census 2001,169,Uttar Pradesh,ETAWAH,Uttar Pradesh,ETAWAH,Uttar Pradesh,Etawah,26.71394073,79.08577273,POINT (79.08577273403746 26.713940733674896),geometry.representative_point,confirmed_exact_unique,confirmed,0,1,0,,1
DPV_DF83321BDC1D17FC,IND_UTTAR_PRADESH_ETAWAH,Census 2011,Census 2011,176,Uttar Pradesh,ETAWAH,Uttar Pradesh,ETAWAH,Uttar Pradesh,Etawah,26.71394073,79.08577273,POINT (79.08577273403746 26.713940733674896),geometry.representative_point,confirmed_exact_unique,confirmed,0,1,0,,1
DPV_C28161CA2C2CC3F8,IND_UTTAR_PRADESH_FAIZABAD,Census 2001,Census 2001,170,Uttar Pradesh,FAIZABAD,Uttar Pradesh,FAIZABAD,Uttar Pradesh,Faizabad,26.62059398,82.11308828,POINT (82.11308827824027 26.620593978033938),geometry.representative_point,confirmed_exact_unique,confirmed,0,1,0,,1
DPV_63D9090016DD30DB,IND_UTTAR_PRADESH_FAIZABAD,Census 2011,Census 2011,177,Uttar Pradesh,FAIZABAD,Uttar Pradesh,FAIZABAD,Uttar Pradesh,Faizabad,26.66301475,81.97470759,POINT (81.97470758563477 26.663014754822655),geometry.representative_point,confirmed_exact_unique,confirmed,0,1,0,,1
DPV_F7604117EE78193B,IND_UTTAR_PRADESH_FARRUKHABAD,Census 2001,Census 2001,193,Uttar Pradesh,FARRUKHABAD,Uttar Pradesh,FARRUKHABAD,Uttar Pradesh,Farrukhabad,27.4369249,79.49775619,POINT (79.49775619095182 27.436924898696383),geometry.representative_point,confirmed_exact_unique,confirmed,0,1,0,,1
DPV_6AE5F7AA9A7356DD,IND_UTTAR_PRADESH_FARRUKHABAD,Census 2011,Census 2011,180,Uttar Pradesh,FARRUKHABAD,Uttar Pradesh,FARRUKHABAD,Uttar Pradesh,Farrukhabad,27.4369249,79.49775619,POINT (79.49775619141343 27.436924898698802),geometry.representative_point,confirmed_exact_unique,confirmed,0,1,0,,1
DPV_BE18762ACC1017E4,IND_UTTAR_PRADESH_FATEHPUR,Census 2001,Census 2001,196,Uttar Pradesh,FATEHPUR,Uttar Pradesh,FATEHPUR,Uttar Pradesh,Fatehpur,25.83324979,80.91458187,POINT (80.91458186826674 25.833249791223412),geometry.representative_point,confirmed_exact_unique,confirmed,0,1,0,,1
DPV_50E806BFE2CDE8D5,IND_UTTAR_PRADESH_FATEHPUR,Census 2011,Census 2011,183,Uttar Pradesh,FATEHPUR,Uttar Pradesh,FATEHPUR,Uttar Pradesh,Fatehpur,25.83324979,80.91458187,POINT (80.91458186826674 25.833249791223412),geometry.representative_point,confirmed_exact_unique,confirmed,0,1,0,,1
DPV_85595FB0D7E90986,IND_UTTAR_PRADESH_FIROZABAD,Census 2001,Census 2001,197,Uttar Pradesh,FIROZABAD,Uttar Pradesh,FIROZABAD,Uttar Pradesh,Firozabad,27.19457838,78.48684902,POINT (78.48684902103207 27.194578381192667),geometry.representative_point,confirmed_exact_unique,confirmed,0,1,0,,1
DPV_E5D0A53E1C0FFF0D,IND_UTTAR_PRADESH_FIROZABAD,Census 2011,Census 2011,184,Uttar Pradesh,FIROZABAD,Uttar Pradesh,FIROZABAD,Uttar Pradesh,Firozabad,27.19457838,78.48684902,POINT (78.48684902103207 27.194578381192667),geometry.representative_point,confirmed_exact_unique,confirmed,0,1,0,,1
DPV_27611592886FA708,IND_UTTAR_PRADESH_GAUTAM_BUDDHA_NAGAR,Census 2001,Census 2001,567,Uttar Pradesh,GAUTAM BUDDHA NAGAR,Uttar Pradesh,GAUTAM BUDDHA NAGAR,Uttar Pradesh,Gautam Buddha Nagar,28.38213737,77.58387131,POINT (77.58387131310607 28.382137368875576),geometry.representative_point,confirmed_exact_unique,confirmed,0,1,0,,1
DPV_ABACECE6FE2D2AB0,IND_UTTAR_PRADESH_GAUTAM_BUDDHA_NAGAR,Census 2011,Census 2011,195,Uttar Pradesh,GAUTAM BUDDHA NAGAR,Uttar Pradesh,GAUTAM BUDDHA NAGAR,Uttar Pradesh,Gautam Buddha Nagar,28.38213737,77.58387131,POINT (77.58387131310607 28.382137368875576),geometry.representative_point,confirmed_exact_unique,confirmed,0,1,0,,1
DPV_A6DED2A8A18F215C,IND_UTTAR_PRADESH_GHAZIABAD,Census 2001,Census 2001,568,Uttar Pradesh,GHAZIABAD,Uttar Pradesh,GHAZIABAD,Uttar Pradesh,Ghaziabad,28.73540428,77.70319773,POINT (77.70319772783535 28.73540428091164),geometry.representative_point,confirmed_exact_unique,confirmed,0,1,0,,1
DPV_00569F321BB67A0E,IND_UTTAR_PRADESH_GHAZIABAD,Census 2011,Census 2011,197,Uttar Pradesh,GHAZIABAD,Uttar Pradesh,GHAZIABAD,Uttar Pradesh,Ghaziabad,28.73540428,77.70319773,POINT (77.70319772783535 28.73540428091164),geometry.representative_point,confirmed_exact_unique,confirmed,0,1,0,,1
DPV_BF10EBE2ED3913D6,IND_UTTAR_PRADESH_GHAZIPUR,Census 2001,Census 2001,175,Uttar Pradesh,GHAZIPUR,Uttar Pradesh,GHAZIPUR,Uttar Pradesh,Ghazipur,25.6012181,83.5101016,POINT (83.51010159838773 25.60121809848249),geometry.representative_point,confirmed_exact_unique,confirmed,0,1,0,,1
DPV_FF455AD9D51E0172,IND_UTTAR_PRADESH_GHAZIPUR,Census 2011,Census 2011,198,Uttar Pradesh,GHAZIPUR,Uttar Pradesh,GHAZIPUR,Uttar Pradesh,Ghazipur,25.6012181,83.5101016,POINT (83.51010159838773 25.60121809848249),geometry.representative_point,confirmed_exact_unique,confirmed,0,1,0,,1
DPV_276462B8B58EB97F,IND_UTTAR_PRADESH_GONDA,Census 2001,Census 2001,180,Uttar Pradesh,GONDA,Uttar Pradesh,GONDA,Uttar Pradesh,Gonda,27.11084139,81.92726867,POINT (81.92726866575966 27.110841386163806),geometry.representative_point,confirmed_exact_unique,confirmed,0,1,0,,1
DPV_86EBFEE9CEA2A60F,IND_UTTAR_PRADESH_GONDA,Census 2011,Census 2011,203,Uttar Pradesh,GONDA,Uttar Pradesh,GONDA,Uttar Pradesh,Gonda,27.11084139,81.92726867,POINT (81.92726866575966 27.110841386163806),geometry.representative_point,confirmed_exact_unique,confirmed,0,1,0,,1
DPV_F0BF2B335915323E,IND_UTTAR_PRADESH_GORAKHPUR,Census 2001,Census 2001,182,Uttar Pradesh,GORAKHPUR,Uttar Pradesh,GORAKHPUR,Uttar Pradesh,Gorakhpur,26.67639752,83.36909054,POINT (83.3690905412584 26.676397519613698),geometry.representative_point,confirmed_exact_unique,confirmed,0,1,0,,1
DPV_7B39A0B1848BC869,IND_UTTAR_PRADESH_GORAKHPUR,Census 2011,Census 2011,206,Uttar Pradesh,GORAKHPUR,Uttar Pradesh,GORAKHPUR,Uttar Pradesh,Gorakhpur,26.67639752,83.36909054,POINT (83.3690905412584 26.676397519613698),geometry.representative_point,confirmed_exact_unique,confirmed,0,1,0,,1
DPV_B467CEF2EE7C43D8,IND_UTTAR_PRADESH_HAMIRPUR,Census 2001,Census 2001,202,Uttar Pradesh,HAMIRPUR,Uttar Pradesh,HAMIRPUR,Uttar Pradesh,Hamirpur,25.78180531,79.83330617,POINT (79.83330616675076 25.78180530501177),geometry.representative_point,confirmed_exact_unique,confirmed,0,1,0,,1
DPV_D7485E9EA54E905B,IND_UTTAR_PRADESH_HAMIRPUR,Census 2011,Census 2011,216,Uttar Pradesh,HAMIRPUR,Uttar Pradesh,HAMIRPUR,Uttar Pradesh,Hamirpur,25.7818053,79.83330617,POINT (79.83330616647535 25.781805303631593),geometry.representative_point,confirmed_exact_unique,confirmed,0,1,0,,1
DPV_59A3D9FA896E43E0,IND_UTTAR_PRADESH_HAPUR,Census 2001,Census 2001,175,Uttar Pradesh,HAPUR,Uttar Pradesh,HAPUR,Uttar Pradesh,Ghazipur,25.6012181,83.5101016,POINT (83.51010159838773 25.60121809848249),geometry.representative_point,working_fuzzy_same_state,working_fallback,0,1,0,,1
DPV_33C4C079197C0C02,IND_UTTAR_PRADESH_HAPUR,Census 2011,Census 2011,198,Uttar Pradesh,HAPUR,Uttar Pradesh,HAPUR,Uttar Pradesh,Ghazipur,25.6012181,83.5101016,POINT (83.51010159838773 25.60121809848249),geometry.representative_point,working_fuzzy_same_state,working_fallback,0,1,0,,1
DPV_BFF4641DFA6B94CE,IND_UTTAR_PRADESH_HARDOI,Census 2001,Census 2001,205,Uttar Pradesh,HARDOI,Uttar Pradesh,HARDOI,Uttar Pradesh,Hardoi,27.33760274,80.10007773,POINT (80.10007772927837 27.33760274031758),geometry.representative_point,confirmed_exact_unique,confirmed,0,1,0,,1
DPV_8BFA112496AA2BB6,IND_UTTAR_PRADESH_HARDOI,Census 2011,Census 2011,220,Uttar Pradesh,HARDOI,Uttar Pradesh,HARDOI,Uttar Pradesh,Hardoi,27.33760274,80.10007773,POINT (80.10007772927837 27.33760274031758),geometry.representative_point,confirmed_exact_unique,confirmed,0,1,0,,1
DPV_6700E1762C232766,IND_UTTAR_PRADESH_HARIDWAR,Census 2001,Census 2001,205,Uttar Pradesh,HARIDWAR,Uttar Pradesh,HARIDWAR,Uttar Pradesh,Hardoi,27.33760274,80.10007773,POINT (80.10007772927837 27.33760274031758),geometry.representative_point,working_fuzzy_same_state,working_fallback,0,1,0,,1
DPV_AEF38B97D34CCA34,IND_UTTAR_PRADESH_HARIDWAR,Census 2011,Census 2011,220,Uttar Pradesh,HARIDWAR,Uttar Pradesh,HARIDWAR,Uttar Pradesh,Hardoi,27.33760274,80.10007773,POINT (80.10007772927837 27.33760274031758),geometry.representative_point,working_fuzzy_same_state,working_fallback,0,1,0,,1
DPV_D920C7BBCF6372FA,IND_UTTAR_PRADESH_HATHRAS,Census 2001,Census 2001,208,Uttar Pradesh,HATHRAS,Uttar Pradesh,HATHRAS,Uttar Pradesh,Hathras,27.54678227,78.08423789,POINT (78.08423789099439 27.54678226920184),geometry.representative_point,confirmed_exact_unique,confirmed,0,1,0,,1
DPV_5A060DF92DE34835,IND_UTTAR_PRADESH_HATHRAS,Census 2011,Census 2001,208,Uttar Pradesh,HATHRAS,Uttar Pradesh,HATHRAS,Uttar Pradesh,Hathras,27.54678227,78.08423789,POINT (78.08423789099439 27.54678226920184),geometry.representative_point,alternate_layer_confirmed_name,working_strong,0,1,0,,1
DPV_BF6CE70C38029068,IND_UTTAR_PRADESH_JALAUN,Census 2001,Census 2001,226,Uttar Pradesh,JALAUN,Uttar Pradesh,JALAUN,Uttar Pradesh,Jalaun,26.10628357,79.38623672,POINT (79.38623672086264 26.106283565970998),geometry.representative_point,confirmed_exact_unique,confirmed,0,1,0,,1
DPV_D7B24E919EE44096,IND_UTTAR_PRADESH_JALAUN,Census 2011,Census 2011,243,Uttar Pradesh,JALAUN,Uttar Pradesh,JALAUN,Uttar Pradesh,Jalaun,26.10628357,79.38623672,POINT (79.38623672086264 26.106283565970998),geometry.representative_point,confirmed_exact_unique,confirmed,0,1,0,,1
DPV_76368E2A977FAEB9,IND_UTTAR_PRADESH_JAUNPUR,Census 2001,Census 2001,236,Uttar Pradesh,JAUNPUR,Uttar Pradesh,JAUNPUR,Uttar Pradesh,Jaunpur,25.79440608,82.48867983,POINT (82.48867982933757 25.794406076309805),geometry.representative_point,confirmed_exact_unique,confirmed,0,1,0,,1
DPV_DE4F59DD8066BD5F,IND_UTTAR_PRADESH_JAUNPUR,Census 2011,Census 2011,254,Uttar Pradesh,JAUNPUR,Uttar Pradesh,JAUNPUR,Uttar Pradesh,Jaunpur,25.79440608,82.48867983,POINT (82.48867982933757 25.794406076309805),geometry.representative_point,confirmed_exact_unique,confirmed,0,1,0,,1
DPV_831129E47D084D1A,IND_UTTAR_PRADESH_JHANSI,Census 2001,Census 2001,239,Uttar Pradesh,JHANSI,Uttar Pradesh,JHANSI,Uttar Pradesh,Jhansi,25.52861002,78.65033899,POINT (78.65033898699222 25.52861002282871),geometry.representative_point,confirmed_exact_unique,confirmed,0,1,0,,1
DPV_6FC3BE0D2E5CCDC8,IND_UTTAR_PRADESH_JHANSI,Census 2011,Census 2011,258,Uttar Pradesh,JHANSI,Uttar Pradesh,JHANSI,Uttar Pradesh,Jhansi,25.52861002,78.65033899,POINT (78.65033898699221 25.528610022828715),geometry.representative_point,confirmed_exact_unique,confirmed,0,1,0,,1
DPV_9F3621C395CFC352,IND_UTTAR_PRADESH_KANNAUJ,Census 2001,Census 2001,248,Uttar Pradesh,KANNAUJ,Uttar Pradesh,KANNAUJ,Uttar Pradesh,Kannauj,26.99375921,79.69375219,POINT (79.69375218514162 26.99375920776646),geometry.representative_point,confirmed_exact_unique,confirmed,0,1,0,,1
DPV_29744F5CC734A777,IND_UTTAR_PRADESH_KANNAUJ,Census 2011,Census 2011,275,Uttar Pradesh,KANNAUJ,Uttar Pradesh,KANNAUJ,Uttar Pradesh,Kannauj,26.99375921,79.69375219,POINT (79.69375218514162 26.99375920776646),geometry.representative_point,confirmed_exact_unique,confirmed,0,1,0,,1
DPV_26FCB4E4ECC93BB8,IND_UTTAR_PRADESH_KANPUR_DEHAT,Census 2001,Census 2001,163,Uttar Pradesh,KANPUR DEHAT,Uttar Pradesh,KANPUR DEHAT,Uttar Pradesh,Kanpur Dehat,26.43995343,79.85379151,POINT (79.85379151108162 26.43995342984779),geometry.representative_point,confirmed_exact_unique,confirmed,0,1,0,,1
DPV_984E9CA0E8D92D8F,IND_UTTAR_PRADESH_KANPUR_DEHAT,Census 2011,Census 2011,278,Uttar Pradesh,KANPUR DEHAT,Uttar Pradesh,KANPUR DEHAT,Uttar Pradesh,Kanpur Dehat,26.47130906,79.8663634,POINT (79.86636339752627 26.471309063814196),geometry.representative_point,confirmed_exact_unique,confirmed,0,1,0,,1
DPV_B723D99D65A4A5A9,IND_UTTAR_PRADESH_KANPUR_NAGAR,Census 2001,Census 2001,250,Uttar Pradesh,KANPUR NAGAR,Uttar Pradesh,KANPUR NAGAR,Uttar Pradesh,Kanpur Nagar,26.40850085,80.29412127,POINT (80.29412126523296 26.408500854084224),geometry.representative_point,confirmed_exact_unique,confirmed,0,1,0,,1
DPV_BCD404FA448DE3B1,IND_UTTAR_PRADESH_KANPUR_NAGAR,Census 2011,Census 2011,279,Uttar Pradesh,KANPUR NAGAR,Uttar Pradesh,KANPUR NAGAR,Uttar Pradesh,Kanpur Nagar,26.43969078,80.27020712,POINT (80.27020711609411 26.43969077961026),geometry.representative_point,confirmed_exact_unique,confirmed,0,1,0,,1
DPV_DDB2BA26570153AD,IND_UTTAR_PRADESH_KASGANJ,Census 2001,Census 2001,318,Uttar Pradesh,KASGANJ,Uttar Pradesh,KASGANJ,Uttar Pradesh,Mahrajganj,27.17881753,83.49097998,POINT (83.49097997510633 27.178817526764732),geometry.representative_point,working_fuzzy_same_state,working_fallback,0,1,0,,1
DPV_3B9D8DC33199D431,IND_UTTAR_PRADESH_KASGANJ,Census 2011,Census 2011,275,Uttar Pradesh,KASGANJ,Uttar Pradesh,KASGANJ,Uttar Pradesh,Kannauj,26.99375921,79.69375219,POINT (79.69375218514162 26.99375920776646),geometry.representative_point,working_fuzzy_same_state,working_fallback,0,1,0,,1
DPV_B0CA398FB5A90CB1,IND_UTTAR_PRADESH_KAUSHAMBI,Census 2001,Census 2001,257,Uttar Pradesh,KAUSHAMBI,Uttar Pradesh,KAUSHAMBI,Uttar Pradesh,Kaushambi,25.53915993,81.45761198,POINT (81.45761198263389 25.53915992938726),geometry.representative_point,confirmed_exact_unique,confirmed,0,1,0,,1
DPV_1349448F788EEBF0,IND_UTTAR_PRADESH_KAUSHAMBI,Census 2011,Census 2011,292,Uttar Pradesh,KAUSHAMBI,Uttar Pradesh,KAUSHAMBI,Uttar Pradesh,Kaushambi,25.53915993,81.45761198,POINT (81.45761198263389 25.53915992938726),geometry.representative_point,confirmed_exact_unique,confirmed,0,1,0,,1
DPV_E6E20E2D1CA35159,IND_UTTAR_PRADESH_KHERI,Census 2001,Census 2001,259,Uttar Pradesh,KHERI,Uttar Pradesh,KHERI,Uttar Pradesh,Kheri,28.18241909,80.71695395,POINT (80.71695394963399 28.182419089292424),geometry.representative_point,confirmed_exact_unique,confirmed,0,1,0,,1
DPV_7689FA389D9B14D8,IND_UTTAR_PRADESH_KHERI,Census 2011,Census 2011,298,Uttar Pradesh,KHERI,Uttar Pradesh,KHERI,Uttar Pradesh,Kheri,28.18241909,80.71695395,POINT (80.71695394963399 28.182419089292424),geometry.representative_point,confirmed_exact_unique,confirmed,0,1,0,,1
DPV_8F966D37D4561261,IND_UTTAR_PRADESH_KUSHI_NAGAR,Census 2001,Census 2001,292,Uttar Pradesh,KUSHI NAGAR,Uttar Pradesh,KUSHI NAGAR,Uttar Pradesh,Kushinagar,26.91835632,83.83367677,POINT (83.83367677154602 26.91835632148618),geometry.representative_point,confirmed_exact_unique,confirmed,0,1,0,,1
DPV_3BE7773844C222E0,IND_UTTAR_PRADESH_KUSHI_NAGAR,Census 2011,Census 2011,330,Uttar Pradesh,KUSHI NAGAR,Uttar Pradesh,KUSHI NAGAR,Uttar Pradesh,Kushinagar,26.91835632,83.83367677,POINT (83.83367677154602 26.91835632148618),geometry.representative_point,confirmed_exact_unique,confirmed,0,1,0,,1
DPV_9FB48F582AE712F9,IND_UTTAR_PRADESH_LALITPUR,Census 2001,Census 2001,313,Uttar Pradesh,LALITPUR,Uttar Pradesh,LALITPUR,Uttar Pradesh,Lalitpur,24.69782498,78.51819988,POINT (78.51819988419636 24.69782498327219),geometry.representative_point,confirmed_exact_unique,confirmed,0,1,0,,1
DPV_BAF350E2B4FE3916,IND_UTTAR_PRADESH_LALITPUR,Census 2011,Census 2011,334,Uttar Pradesh,LALITPUR,Uttar Pradesh,LALITPUR,Uttar Pradesh,Lalitpur,24.69782498,78.51819988,POINT (78.51819988419636 24.69782498327219),geometry.representative_point,confirmed_exact_unique,confirmed,0,1,0,,1
DPV_5AE9615D4E81D96A,IND_UTTAR_PRADESH_LUCKNOW,Census 2001,Census 2001,297,Uttar Pradesh,LUCKNOW,Uttar Pradesh,LUCKNOW,Uttar Pradesh,Lucknow,26.83133191,80.91733391,POINT (80.91733391352189 26.8313319058595),geometry.representative_point,confirmed_exact_unique,confirmed,0,1,0,,1
DPV_D1387A08F67ECE0C,IND_UTTAR_PRADESH_LUCKNOW,Census 2011,Census 2011,344,Uttar Pradesh,LUCKNOW,Uttar Pradesh,LUCKNOW,Uttar Pradesh,Lucknow,26.83133191,80.91733391,POINT (80.91733391352189 26.8313319058595),geometry.representative_point,confirmed_exact_unique,confirmed,0,1,0,,1
DPV_2EF5483F71066256,IND_UTTAR_PRADESH_MAHARAJGANJ,Census 2001,Census 2011,350,Uttar Pradesh,MAHARAJGANJ,Uttar Pradesh,MAHARAJGANJ,Uttar Pradesh,Maharajganj,27.17881753,83.49097998,POINT (83.49097997510633 27.178817526764732),geometry.representative_point,alternate_layer_confirmed_name,working_strong,0,1,0,,1
DPV_00D389CDE39A5133,IND_UTTAR_PRADESH_MAHARAJGANJ,Census 2011,Census 2011,350,Uttar Pradesh,MAHARAJGANJ,Uttar Pradesh,MAHARAJGANJ,Uttar Pradesh,Maharajganj,27.17881753,83.49097998,POINT (83.49097997510633 27.178817526764732),geometry.representative_point,confirmed_exact_unique,confirmed,0,1,0,,1
DPV_28B485C4044895B6,IND_UTTAR_PRADESH_MAHOBA,Census 2001,Census 2001,321,Uttar Pradesh,MAHOBA,Uttar Pradesh,MAHOBA,Uttar Pradesh,Mahoba,25.35988201,79.70535131,POINT (79.70535131074351 25.359882013931255),geometry.representative_point,confirmed_exact_unique,confirmed,0,1,0,,1
DPV_FC6B7AEE2A40A4C6,IND_UTTAR_PRADESH_MAHOBA,Census 2011,Census 2011,356,Uttar Pradesh,MAHOBA,Uttar Pradesh,MAHOBA,Uttar Pradesh,Mahoba,25.35988201,79.70535131,POINT (79.70535131074351 25.359882013931255),geometry.representative_point,confirmed_exact_unique,confirmed,0,1,0,,1
DPV_31370385B297F773,IND_UTTAR_PRADESH_MAINPURI,Census 2001,Census 2001,323,Uttar Pradesh,MAINPURI,Uttar Pradesh,MAINPURI,Uttar Pradesh,Mainpuri,27.20047866,79.07664668,POINT (79.07664668498109 27.200478659164943),geometry.representative_point,confirmed_exact_unique,confirmed,0,1,0,,1
DPV_AE814F545C2D9098,IND_UTTAR_PRADESH_MAINPURI,Census 2011,Census 2011,357,Uttar Pradesh,MAINPURI,Uttar Pradesh,MAINPURI,Uttar Pradesh,Mainpuri,27.20047866,79.07664668,POINT (79.07664668498109 27.200478659164943),geometry.representative_point,confirmed_exact_unique,confirmed,0,1,0,,1
DPV_FB4607CBE202FCF0,IND_UTTAR_PRADESH_MATHURA,Census 2001,Census 2001,339,Uttar Pradesh,MATHURA,Uttar Pradesh,MATHURA,Uttar Pradesh,Mathura,27.59979408,77.59106401,POINT (77.59106401060103 27.59979407547271),geometry.representative_point,confirmed_exact_unique,confirmed,0,1,0,,1
DPV_4B41ACD786F361EE,IND_UTTAR_PRADESH_MATHURA,Census 2011,Census 2011,368,Uttar Pradesh,MATHURA,Uttar Pradesh,MATHURA,Uttar Pradesh,Mathura,27.59979408,77.59106401,POINT (77.59106401060103 27.59979407547271),geometry.representative_point,confirmed_exact_unique,confirmed,0,1,0,,1
DPV_448898A2A4C41932,IND_UTTAR_PRADESH_MAU,Census 2001,Census 2001,340,Uttar Pradesh,MAU,Uttar Pradesh,MAU,Uttar Pradesh,Mau,26.04113004,83.44561876,POINT (83.44561876327896 26.041130039210657),geometry.representative_point,confirmed_exact_unique,confirmed,0,1,0,,1
DPV_F1D8545B2F74E551,IND_UTTAR_PRADESH_MAU,Census 2011,Census 2011,369,Uttar Pradesh,MAU,Uttar Pradesh,MAU,Uttar Pradesh,Mau,26.03990941,83.50777784,POINT (83.50777783801051 26.039909410354294),geometry.representative_point,confirmed_exact_unique,confirmed,0,1,0,,1
DPV_798FE1239DCE95F6,IND_UTTAR_PRADESH_MEERUT,Census 2001,Census 2001,341,Uttar Pradesh,MEERUT,Uttar Pradesh,MEERUT,Uttar Pradesh,Meerut,28.99451688,77.78020786,POINT (77.78020786117048 28.994516884355185),geometry.representative_point,confirmed_exact_unique,confirmed,0,1,0,,1
DPV_35A27136DBE80C2D,IND_UTTAR_PRADESH_MEERUT,Census 2011,Census 2011,372,Uttar Pradesh,MEERUT,Uttar Pradesh,MEERUT,Uttar Pradesh,Meerut,28.99451688,77.78020786,POINT (77.78020786117048 28.994516884355185),geometry.representative_point,confirmed_exact_unique,confirmed,0,1,0,,1
DPV_5434255B4E281331,IND_UTTAR_PRADESH_MIRZAPUR,Census 2001,Census 2001,268,Uttar Pradesh,MIRZAPUR,Uttar Pradesh,MIRZAPUR,Uttar Pradesh,Mirzapur,24.93442169,82.64706842,POINT (82.64706841949976 24.93442169215667),geometry.representative_point,confirmed_exact_unique,confirmed,0,1,0,,1
DPV_6D63C88D7056D330,IND_UTTAR_PRADESH_MIRZAPUR,Census 2011,Census 2011,374,Uttar Pradesh,MIRZAPUR,Uttar Pradesh,MIRZAPUR,Uttar Pradesh,Mirzapur,24.93442169,82.64706842,POINT (82.64706841949976 24.93442169215667),geometry.representative_point,confirmed_exact_unique,confirmed,0,1,0,,1
DPV_914DE6DECDF7E3B6,IND_UTTAR_PRADESH_MORADABAD,Census 2001,Census 2001,269,Uttar Pradesh,MORADABAD,Uttar Pradesh,MORADABAD,Uttar Pradesh,Moradabad,28.80549833,78.7776163,POINT (78.77761629679124 28.805498327296938),geometry.representative_point,confirmed_exact_unique,confirmed,0,1,0,,1
DPV_B48FD300C759A892,IND_UTTAR_PRADESH_MORADABAD,Census 2011,Census 2011,378,Uttar Pradesh,MORADABAD,Uttar Pradesh,MORADABAD,Uttar Pradesh,Moradabad,28.80549833,78.7776163,POINT (78.77761629679124 28.805498327296938),geometry.representative_point,confirmed_exact_unique,confirmed,0,1,0,,1
DPV_0EFD6D4B25967E10,IND_UTTAR_PRADESH_MUZAFFARNAGAR,Census 2001,Census 2001,271,Uttar Pradesh,MUZAFFARNAGAR,Uttar Pradesh,MUZAFFARNAGAR,Uttar Pradesh,Muzaffarnagar,29.44351085,77.58954087,POINT (77.58954086675303 29.44351084907839),geometry.representative_point,confirmed_exact_unique,confirmed,0,1,0,,1
DPV_F22FFE9BFEE995C6,IND_UTTAR_PRADESH_MUZAFFARNAGAR,Census 2011,Census 2011,385,Uttar Pradesh,MUZAFFARNAGAR,Uttar Pradesh,MUZAFFARNAGAR,Uttar Pradesh,Muzaffarnagar,29.44351085,77.58954087,POINT (77.58954086675303 29.44351084907839),geometry.representative_point,confirmed_exact_unique,confirmed,0,1,0,,1
DPV_1C92D56AA78D3F90,IND_UTTAR_PRADESH_NAINITAL,Census 2001,Census 2001,323,Uttar Pradesh,NAINITAL,Uttar Pradesh,NAINITAL,Uttar Pradesh,Mainpuri,27.20047866,79.07664668,POINT (79.07664668498109 27.200478659164943),geometry.representative_point,working_fuzzy_same_state,working_fallback,0,1,0,,1
DPV_AF2C3A3C673ED65C,IND_UTTAR_PRADESH_NAINITAL,Census 2011,Census 2011,357,Uttar Pradesh,NAINITAL,Uttar Pradesh,NAINITAL,Uttar Pradesh,Mainpuri,27.20047866,79.07664668,POINT (79.07664668498109 27.200478659164943),geometry.representative_point,working_fuzzy_same_state,working_fallback,0,1,0,,1
DPV_70AFB427271DC433,IND_UTTAR_PRADESH_PAURI_GARHWAL,Census 2001,Census 2001,22,Uttar Pradesh,PAURI GARHWAL,Uttar Pradesh,PAURI GARHWAL,Uttar Pradesh,Aligarh,27.87291139,78.13922832,POINT (78.13922831885165 27.872911385456),geometry.representative_point,working_fuzzy_same_state,working_fallback,1,1,0,,1
DPV_C5CEC26546815C8D,IND_UTTAR_PRADESH_PAURI_GARHWAL,Census 2011,Census 2011,8,Uttar Pradesh,PAURI GARHWAL,Uttar Pradesh,PAURI GARHWAL,Uttar Pradesh,Aligarh,27.87291139,78.13922832,POINT (78.13922831882181 27.872911385915074),geometry.representative_point,working_fuzzy_same_state,working_fallback,1,1,0,,1
DPV_24136EA0E89390A6,IND_UTTAR_PRADESH_PILIBHIT,Census 2001,Census 2001,392,Uttar Pradesh,PILIBHIT,Uttar Pradesh,PILIBHIT,Uttar Pradesh,Pilibhit,28.50080932,80.09029695,POINT (80.0902969504879 28.50080931514068),geometry.representative_point,confirmed_exact_unique,confirmed,0,1,0,,1
DPV_9C4BC499949548AA,IND_UTTAR_PRADESH_PILIBHIT,Census 2011,Census 2011,442,Uttar Pradesh,PILIBHIT,Uttar Pradesh,PILIBHIT,Uttar Pradesh,Pilibhit,28.50080932,80.09029695,POINT (80.0902969504879 28.50080931514068),geometry.representative_point,confirmed_exact_unique,confirmed,0,1,0,,1
DPV_27B9EBD6DD3C9506,IND_UTTAR_PRADESH_PITHORAGARH,Census 2001,Census 2001,397,Uttar Pradesh,PITHORAGARH,Uttar Pradesh,PITHORAGARH,Uttar Pradesh,Pratapgarh,25.8737489,81.83344568,POINT (81.8334456836566 25.873748899400525),geometry.representative_point,working_fuzzy_same_state,working_fallback,0,1,0,,1
DPV_82AAA3A27C3EB6FF,IND_UTTAR_PRADESH_PITHORAGARH,Census 2011,Census 2011,447,Uttar Pradesh,PITHORAGARH,Uttar Pradesh,PITHORAGARH,Uttar Pradesh,Pratapgarh,25.8737489,81.83344568,POINT (81.8334456836566 25.873748899400525),geometry.representative_point,working_fuzzy_same_state,working_fallback,0,1,0,,1
DPV_21774EBAB4BEA348,IND_UTTAR_PRADESH_PRATAPGARH,Census 2001,Census 2001,397,Uttar Pradesh,PRATAPGARH,Uttar Pradesh,PRATAPGARH,Uttar Pradesh,Pratapgarh,25.8737489,81.83344568,POINT (81.8334456836566 25.873748899400525),geometry.representative_point,confirmed_exact_unique,confirmed,0,1,0,,1
DPV_A91AC3247785F7F8,IND_UTTAR_PRADESH_PRATAPGARH,Census 2011,Census 2011,447,Uttar Pradesh,PRATAPGARH,Uttar Pradesh,PRATAPGARH,Uttar Pradesh,Pratapgarh,25.8737489,81.83344568,POINT (81.8334456836566 25.873748899400525),geometry.representative_point,confirmed_exact_unique,confirmed,0,1,0,,1
DPV_AB10AA8E0F304877,IND_UTTAR_PRADESH_RAE_BARELI,Census 2001,Census 2001,281,Uttar Pradesh,RAE BARELI,Uttar Pradesh,RAE BARELI,Uttar Pradesh,Rae Bareli,26.20736522,81.22061558,POINT (81.22061558231417 26.2073652192192),geometry.representative_point,confirmed_exact_unique,confirmed,0,1,0,,1
DPV_2E1BBA76FEE80B93,IND_UTTAR_PRADESH_RAE_BARELI,Census 2011,Census 2011,458,Uttar Pradesh,RAE BARELI,Uttar Pradesh,RAE BARELI,Uttar Pradesh,Rae Bareli,26.20736522,81.22061558,POINT (81.22061558231417 26.2073652192192),geometry.representative_point,confirmed_exact_unique,confirmed,0,1,0,,1
DPV_7D41DA26614FE990,IND_UTTAR_PRADESH_RAMPUR,Census 2001,Census 2001,410,Uttar Pradesh,RAMPUR,Uttar Pradesh,RAMPUR,Uttar Pradesh,Rampur,28.77637315,79.1739705,POINT (79.17397049670456 28.776373148702067),geometry.representative_point,confirmed_exact_unique,confirmed,0,1,0,,1
DPV_3AFB31462C35ECA0,IND_UTTAR_PRADESH_RAMPUR,Census 2011,Census 2011,473,Uttar Pradesh,RAMPUR,Uttar Pradesh,RAMPUR,Uttar Pradesh,Rampur,28.77637315,79.1739705,POINT (79.17397049670456 28.776373148702067),geometry.representative_point,confirmed_exact_unique,confirmed,0,1,0,,1
DPV_ED12663B3609EB10,IND_UTTAR_PRADESH_RUDRA_PRAYAG,Census 2001,Census 2001,6,Uttar Pradesh,RUDRA PRAYAG,Uttar Pradesh,RUDRA PRAYAG,Uttar Pradesh,Auraiya,26.65614937,79.51565728,POINT (79.51565727871224 26.65614937440618),geometry.representative_point,working_fuzzy_same_state,working_fallback,0,1,0,,1
DPV_8A3905D3D95DF133,IND_UTTAR_PRADESH_RUDRA_PRAYAG,Census 2011,Census 2011,27,Uttar Pradesh,RUDRA PRAYAG,Uttar Pradesh,RUDRA PRAYAG,Uttar Pradesh,Auraiya,26.65614937,79.51565728,POINT (79.51565727871224 26.65614937440618),geometry.representative_point,working_fuzzy_same_state,working_fallback,0,1,0,,1
DPV_2FCE398C5E75F2A6,IND_UTTAR_PRADESH_SAHARANPUR,Census 2001,Census 2001,447,Uttar Pradesh,SAHARANPUR,Uttar Pradesh,SAHARANPUR,Uttar Pradesh,Saharanpur,29.98453594,77.50547685,POINT (77.50547685145577 29.984535941858628),geometry.representative_point,confirmed_exact_unique,confirmed,0,1,0,,1
DPV_7A33F170FA3DBFEA,IND_UTTAR_PRADESH_SAHARANPUR,Census 2011,Census 2011,489,Uttar Pradesh,SAHARANPUR,Uttar Pradesh,SAHARANPUR,Uttar Pradesh,Saharanpur,29.98453594,77.50547685,POINT (77.50547685145577 29.984535941858628),geometry.representative_point,confirmed_exact_unique,confirmed,0,1,0,,1
DPV_432EF25FB596EAD5,IND_UTTAR_PRADESH_SAMBHAL,Census 2001,Census 2001,257,Uttar Pradesh,SAMBHAL,Uttar Pradesh,SAMBHAL,Uttar Pradesh,Kaushambi,25.53915993,81.45761198,POINT (81.45761198263389 25.53915992938726),geometry.representative_point,working_fuzzy_same_state,working_fallback,1,1,0,,1
DPV_D41DFE22DF0CCF1E,IND_UTTAR_PRADESH_SAMBHAL,Census 2011,Census 2011,292,Uttar Pradesh,SAMBHAL,Uttar Pradesh,SAMBHAL,Uttar Pradesh,Kaushambi,25.53915993,81.45761198,POINT (81.45761198263389 25.53915992938726),geometry.representative_point,working_fuzzy_same_state,working_fallback,1,1,0,,1
DPV_FB26026939EF6769,IND_UTTAR_PRADESH_SANT_KABEER_NAGAR,Census 2001,Census 2001,420,Uttar Pradesh,SANT KABEER NAGAR,Uttar Pradesh,SANT KABEER NAGAR,Uttar Pradesh,Sant Kabir Nagar,26.7568496,83.04405115,POINT (83.04405115316092 26.756849601184832),geometry.representative_point,working_fuzzy_same_state,working_fallback,0,1,0,,1
DPV_EC6424620CAE1E36,IND_UTTAR_PRADESH_SANT_KABEER_NAGAR,Census 2011,Census 2011,500,Uttar Pradesh,SANT KABEER NAGAR,Uttar Pradesh,SANT KABEER NAGAR,Uttar Pradesh,Sant Kabir Nagar,26.7568496,83.04405115,POINT (83.04405115316092 26.756849601184832),geometry.representative_point,working_fuzzy_same_state,working_fallback,1,1,0,,1
DPV_2917659C4F004E17,IND_UTTAR_PRADESH_SANT_RAVIDAS_NAGAR,Census 2001,Census 2001,417,Uttar Pradesh,SANT RAVIDAS NAGAR,Uttar Pradesh,SANT RAVIDAS NAGAR,Uttar Pradesh,Sant Ravidas Nagar Bhadohi,25.35808763,82.50269596,POINT (82.50269596481591 25.35808763074902),geometry.representative_point,working_fuzzy_same_state,working_fallback,0,1,0,,1
DPV_C04EE4D4BAC6C0EB,IND_UTTAR_PRADESH_SANT_RAVIDAS_NAGAR,Census 2011,Census 2011,500,Uttar Pradesh,SANT RAVIDAS NAGAR,Uttar Pradesh,SANT RAVIDAS NAGAR,Uttar Pradesh,Sant Kabir Nagar,26.7568496,83.04405115,POINT (83.04405115316092 26.756849601184832),geometry.representative_point,working_fuzzy_same_state,working_fallback,1,1,0,,1
DPV_411E1F980961AC3C,IND_UTTAR_PRADESH_SHAHJAHANPUR,Census 2001,Census 2001,426,Uttar Pradesh,SHAHJAHANPUR,Uttar Pradesh,SHAHJAHANPUR,Uttar Pradesh,Shahjahanpur,27.96489098,79.78709859,POINT (79.78709858716769 27.96489098320115),geometry.representative_point,confirmed_exact_unique,confirmed,0,1,0,,1
DPV_636D6F6513F1A81D,IND_UTTAR_PRADESH_SHAHJAHANPUR,Census 2011,Census 2011,512,Uttar Pradesh,SHAHJAHANPUR,Uttar Pradesh,SHAHJAHANPUR,Uttar Pradesh,Shahjahanpur,27.96489098,79.78709859,POINT (79.78709858716769 27.96489098320115),geometry.representative_point,confirmed_exact_unique,confirmed,0,1,0,,1
DPV_E0F7A173BD557E62,IND_UTTAR_PRADESH_SHAMLI,Census 2001,Census 2001,257,Uttar Pradesh,SHAMLI,Uttar Pradesh,SHAMLI,Uttar Pradesh,Kaushambi,25.53915993,81.45761198,POINT (81.45761198263389 25.53915992938726),geometry.representative_point,working_fuzzy_same_state,working_fallback,1,1,0,,1
DPV_C84D2E9AC6FC88FA,IND_UTTAR_PRADESH_SHAMLI,Census 2011,Census 2011,292,Uttar Pradesh,SHAMLI,Uttar Pradesh,SHAMLI,Uttar Pradesh,Kaushambi,25.53915993,81.45761198,POINT (81.45761198263389 25.53915992938726),geometry.representative_point,working_fuzzy_same_state,working_fallback,1,1,0,,1
DPV_78AC7F1BC7D97CD7,IND_UTTAR_PRADESH_SHRAVASTI,Census 2001,Census 2001,433,Uttar Pradesh,SHRAVASTI,Uttar Pradesh,SHRAVASTI,Uttar Pradesh,Shrawasti,27.60715373,81.86206908,POINT (81.86206907737524 27.607153729917393),geometry.representative_point,working_fuzzy_same_state,working_fallback,1,1,0,,1
DPV_2DA8232353519ED8,IND_UTTAR_PRADESH_SHRAVASTI,Census 2011,Census 2011,520,Uttar Pradesh,SHRAVASTI,Uttar Pradesh,SHRAVASTI,Uttar Pradesh,Shrawasti,27.60715373,81.86206908,POINT (81.86206907737524 27.607153729917393),geometry.representative_point,working_fuzzy_same_state,working_fallback,1,1,0,,1
DPV_3762489FCC7EB439,IND_UTTAR_PRADESH_SIDDHARTH_NAGAR,Census 2001,Census 2001,491,Uttar Pradesh,SIDDHARTH NAGAR,Uttar Pradesh,SIDDHARTH NAGAR,Uttar Pradesh,Siddharthnagar,27.26139907,82.86966612,POINT (82.86966612167626 27.261399068717733),geometry.representative_point,confirmed_exact_unique,confirmed,0,1,0,,1
DPV_FC24AE115AE4951C,IND_UTTAR_PRADESH_SIDDHARTH_NAGAR,Census 2011,Census 2011,523,Uttar Pradesh,SIDDHARTH NAGAR,Uttar Pradesh,SIDDHARTH NAGAR,Uttar Pradesh,Siddharth Nagar,27.26139907,82.86966612,POINT (82.86966612167626 27.261399068717733),geometry.representative_point,confirmed_exact_unique,confirmed,0,1,0,,1
DPV_B47CC4CC71755C64,IND_UTTAR_PRADESH_SITAPUR,Census 2001,Census 2001,454,Uttar Pradesh,SITAPUR,Uttar Pradesh,SITAPUR,Uttar Pradesh,Sitapur,27.50287144,80.83480692,POINT (80.83480691998119 27.502871441336175),geometry.representative_point,confirmed_exact_unique,confirmed,0,1,0,,1
DPV_EC347F23560F4578,IND_UTTAR_PRADESH_SITAPUR,Census 2011,Census 2011,533,Uttar Pradesh,SITAPUR,Uttar Pradesh,SITAPUR,Uttar Pradesh,Sitapur,27.50287144,80.83480692,POINT (80.83480691998119 27.502871441336175),geometry.representative_point,confirmed_exact_unique,confirmed,0,1,0,,1
DPV_73E78CD3D4BB7952,IND_UTTAR_PRADESH_SONBHADRA,Census 2001,Census 2001,482,Uttar Pradesh,SONBHADRA,Uttar Pradesh,SONBHADRA,Uttar Pradesh,Sonbhadra,24.38874957,83.08023902,POINT (83.08023902229056 24.38874957264524),geometry.representative_point,confirmed_exact_unique,confirmed,0,1,0,,1
DPV_1E00400A9D998A2E,IND_UTTAR_PRADESH_SONBHADRA,Census 2011,Census 2011,539,Uttar Pradesh,SONBHADRA,Uttar Pradesh,SONBHADRA,Uttar Pradesh,Sonbhadra,24.38874957,83.08023902,POINT (83.08023902266297 24.38874957264524),geometry.representative_point,confirmed_exact_unique,confirmed,0,1,0,,1
DPV_5C7B925422550F9C,IND_UTTAR_PRADESH_SULTANPUR,Census 2001,Census 2001,459,Uttar Pradesh,SULTANPUR,Uttar Pradesh,SULTANPUR,Uttar Pradesh,Sultanpur,26.31491609,81.99119399,POINT (81.99119399434457 26.314916092467683),geometry.representative_point,confirmed_exact_unique,confirmed,0,1,0,,1
DPV_6991FE05C805EBEF,IND_UTTAR_PRADESH_SULTANPUR,Census 2011,Census 2011,551,Uttar Pradesh,SULTANPUR,Uttar Pradesh,SULTANPUR,Uttar Pradesh,Sultanpur,26.31491609,81.99119399,POINT (81.99119399434457 26.314916092467683),geometry.representative_point,confirmed_exact_unique,confirmed,0,1,0,,1
DPV_0A30642E0A1BC1BD,IND_UTTAR_PRADESH_TEHRI_GARHWAL,Census 2001,Census 2001,22,Uttar Pradesh,TEHRI GARHWAL,Uttar Pradesh,TEHRI GARHWAL,Uttar Pradesh,Aligarh,27.87291139,78.13922832,POINT (78.13922831885165 27.872911385456),geometry.representative_point,working_fuzzy_same_state,working_fallback,1,1,0,,1
DPV_7F064C53C2E3CE55,IND_UTTAR_PRADESH_TEHRI_GARHWAL,Census 2011,Census 2011,8,Uttar Pradesh,TEHRI GARHWAL,Uttar Pradesh,TEHRI GARHWAL,Uttar Pradesh,Aligarh,27.87291139,78.13922832,POINT (78.13922831882181 27.872911385915074),geometry.representative_point,working_fuzzy_same_state,working_fallback,1,1,0,,1
DPV_C68E3941D0C7B849,IND_UTTAR_PRADESH_UDAM_SINGH_NAGAR,Census 2001,Census 2001,26,Uttar Pradesh,UDAM SINGH NAGAR,Uttar Pradesh,UDAM SINGH NAGAR,Uttar Pradesh,Ambedkar Nagar,26.40599189,82.5686519,POINT (82.56865190433155 26.40599188897604),geometry.representative_point,working_fuzzy_same_state,working_fallback,0,1,0,,1
DPV_33B93966389D876F,IND_UTTAR_PRADESH_UDAM_SINGH_NAGAR,Census 2011,Census 2011,523,Uttar Pradesh,UDAM SINGH NAGAR,Uttar Pradesh,UDAM SINGH NAGAR,Uttar Pradesh,Siddharth Nagar,27.26139907,82.86966612,POINT (82.86966612167626 27.261399068717733),geometry.representative_point,working_fuzzy_same_state,working_fallback,0,1,0,,1
DPV_5D97DD9F7169DA83,IND_UTTAR_PRADESH_UNNAO,Census 2001,Census 2001,509,Uttar Pradesh,UNNAO,Uttar Pradesh,UNNAO,Uttar Pradesh,Unnao,26.57296671,80.61588466,POINT (80.61588466232192 26.572966713283133),geometry.representative_point,confirmed_exact_unique,confirmed,0,1,0,,1
DPV_304BE44D6A5186F8,IND_UTTAR_PRADESH_UNNAO,Census 2011,Census 2011,591,Uttar Pradesh,UNNAO,Uttar Pradesh,UNNAO,Uttar Pradesh,Unnao,26.57296671,80.61588466,POINT (80.61588466232192 26.572966713283133),geometry.representative_point,confirmed_exact_unique,confirmed,0,1,0,,1
DPV_53B79770D13644B4,IND_UTTAR_PRADESH_UTTAR_KASHI,Census 2001,Census 2001,516,Uttar Pradesh,UTTAR KASHI,Uttar Pradesh,UTTAR KASHI,Uttar Pradesh,Varanasi,25.3727812,82.94484048,POINT (82.94484048364134 25.372781200894718),geometry.representative_point,working_fuzzy_same_state,working_fallback,0,1,0,,1
DPV_D745C4553A34E610,IND_UTTAR_PRADESH_UTTAR_KASHI,Census 2011,Census 2011,600,Uttar Pradesh,UTTAR KASHI,Uttar Pradesh,UTTAR KASHI,Uttar Pradesh,Varanasi,25.3727812,82.94484048,POINT (82.94484048364134 25.372781200894718),geometry.representative_point,working_fuzzy_same_state,working_fallback,0,1,0,,1
DPV_9DF4A3C46D293DE0,IND_UTTAR_PRADESH_VARANASI,Census 2001,Census 2001,516,Uttar Pradesh,VARANASI,Uttar Pradesh,VARANASI,Uttar Pradesh,Varanasi,25.3727812,82.94484048,POINT (82.94484048364134 25.372781200894718),geometry.representative_point,confirmed_exact_unique,confirmed,0,1,0,,1
DPV_B0B111AF3E476055,IND_UTTAR_PRADESH_VARANASI,Census 2011,Census 2011,600,Uttar Pradesh,VARANASI,Uttar Pradesh,VARANASI,Uttar Pradesh,Varanasi,25.3727812,82.94484048,POINT (82.94484048364134 25.372781200894718),geometry.representative_point,confirmed_exact_unique,confirmed,0,1,0,,1
DPV_7168DC4C585BCA24,IND_UTTARAKHAND_ALMORA,Census 2001,Census 2001,24,Uttarakhand,ALMORA,Uttarakhand,ALMORA,Uttarakhand,Almora,29.70373111,79.42696182,POINT (79.42696182126699 29.703731108894335),geometry.representative_point,confirmed_exact_unique,confirmed,0,1,0,,1
DPV_63750BB8ED9F494C,IND_UTTARAKHAND_ALMORA,Census 2011,Census 2011,11,Uttarakhand,ALMORA,Uttarakhand,ALMORA,Uttarakhand,Almora,29.70373111,79.42696182,POINT (79.42696182126699 29.703731108894335),geometry.representative_point,confirmed_exact_unique,confirmed,0,1,0,,1
DPV_3C6B937F8DAD59D0,IND_UTTARAKHAND_BAGESHWAR,Census 2001,Census 2001,13,Uttarakhand,BAGESHWAR,Uttarakhand,BAGESHWAR,Uttarakhand,Bageshwar,29.9994601,79.81679317,POINT (79.81679316973702 29.999460104665644),geometry.representative_point,confirmed_exact_unique,confirmed,0,1,0,,1
DPV_45376773753799E7,IND_UTTARAKHAND_BAGESHWAR,Census 2011,Census 2011,33,Uttarakhand,BAGESHWAR,Uttarakhand,BAGESHWAR,Uttarakhand,Bageshwar,29.9994601,79.81679317,POINT (79.81679316973702 29.999460104665644),geometry.representative_point,confirmed_exact_unique,confirmed,0,1,0,,1
DPV_ADA9C09B6FB790B1,IND_UTTARAKHAND_CHAMOLI,Census 2001,Census 2001,83,Uttarakhand,CHAMOLI,Uttarakhand,CHAMOLI,Uttarakhand,Chamoli,30.50075146,79.6193996,POINT (79.61939959961722 30.500751458529635),geometry.representative_point,confirmed_exact_unique,confirmed,0,1,0,,1
DPV_2A0EEBB54DDF6939,IND_UTTARAKHAND_CHAMOLI,Census 2011,Census 2011,100,Uttarakhand,CHAMOLI,Uttarakhand,CHAMOLI,Uttarakhand,Chamoli,30.50075146,79.6193996,POINT (79.61939959961722 30.500751458529635),geometry.representative_point,confirmed_exact_unique,confirmed,0,1,0,,1
DPV_114CBD7E3BA615A1,IND_UTTARAKHAND_CHAMPAWAT,Census 2001,Census 2001,94,Uttarakhand,CHAMPAWAT,Uttarakhand,CHAMPAWAT,Uttarakhand,Champawat,29.28762783,80.06273653,POINT (80.06273652841585 29.287627828719092),geometry.representative_point,confirmed_exact_unique,confirmed,0,1,0,,1
DPV_7B4E433FAEEB73E6,IND_UTTARAKHAND_CHAMPAWAT,Census 2011,Census 2011,101,Uttarakhand,CHAMPAWAT,Uttarakhand,CHAMPAWAT,Uttarakhand,Champawat,29.28762783,80.06273653,POINT (80.06273652841585 29.287627828719092),geometry.representative_point,confirmed_exact_unique,confirmed,0,1,0,,1
DPV_D8597DF659E7CCAE,IND_UTTARAKHAND_DEHRADUN,Census 2001,Census 2001,104,Uttarakhand,DEHRADUN,Uttarakhand,DEHRADUN,Uttarakhand,Dehradun,30.45943342,77.9297903,POINT (77.92979029871128 30.459433416433647),geometry.representative_point,confirmed_exact_unique,confirmed,0,1,0,,1
DPV_7AA467E0D51C2C02,IND_UTTARAKHAND_DEHRADUN,Census 2011,Census 2011,139,Uttarakhand,DEHRADUN,Uttarakhand,DEHRADUN,Uttarakhand,Dehradun,30.45943342,77.9297903,POINT (77.92979029871128 30.459433416433647),geometry.representative_point,confirmed_exact_unique,confirmed,0,1,0,,1
DPV_64D12D3C826A4D9B,IND_UTTARAKHAND_HARIDWAR,Census 2001,Census 2001,206,Uttarakhand,HARIDWAR,Uttarakhand,HARIDWAR,Uttarakhand,Hardwar,29.89216611,78.00122398,POINT (78.00122398304629 29.89216610551025),geometry.representative_point,working_fuzzy_same_state,working_fallback,0,1,0,,1
DPV_761CDE3C8960A5F9,IND_UTTARAKHAND_HARIDWAR,Census 2011,Census 2011,221,Uttarakhand,HARIDWAR,Uttarakhand,HARIDWAR,Uttarakhand,Hardwar,29.89216611,78.00122398,POINT (78.00122398304629 29.89216610551025),geometry.representative_point,working_fuzzy_same_state,working_fallback,0,1,0,,1
DPV_B8F5BA769CFE9C97,IND_UTTARAKHAND_NAINITAL,Census 2001,Census 2001,336,Uttarakhand,NAINITAL,Uttarakhand,NAINITAL,Uttarakhand,Nainital,29.29386731,79.41607,POINT (79.4160700028495 29.293867314541863),geometry.representative_point,confirmed_exact_unique,confirmed,0,1,0,,1
DPV_0C79D15792ACA232,IND_UTTARAKHAND_NAINITAL,Census 2011,Census 2011,393,Uttarakhand,NAINITAL,Uttarakhand,NAINITAL,Uttarakhand,Nainital,29.29386731,79.41607,POINT (79.4160700028495 29.293867314541863),geometry.representative_point,confirmed_exact_unique,confirmed,0,1,0,,1
DPV_E60371D0884158D7,IND_UTTARAKHAND_PAURI_GARHWAL,Census 2001,Census 2001,174,Uttarakhand,PAURI GARHWAL,Uttarakhand,PAURI GARHWAL,Uttarakhand,Garhwal,29.88235011,78.68295038,POINT (78.68295038237176 29.882350110644445),geometry.representative_point,working_fuzzy_same_state,working_fallback,0,1,0,,1
DPV_713D136243A3325A,IND_UTTARAKHAND_PAURI_GARHWAL,Census 2011,Census 2011,194,Uttarakhand,PAURI GARHWAL,Uttarakhand,PAURI GARHWAL,Uttarakhand,Garhwal,29.88235011,78.68295038,POINT (78.68295038237176 29.882350110644445),geometry.representative_point,working_fuzzy_same_state,working_fallback,0,1,0,,1
DPV_B905B599BAB0F8FB,IND_UTTARAKHAND_PITHORAGARH,Census 2001,Census 2001,393,Uttarakhand,PITHORAGARH,Uttarakhand,PITHORAGARH,Uttarakhand,Pithoragarh,30.12447176,80.47918929,POINT (80.47918929128394 30.12447175753322),geometry.representative_point,confirmed_exact_unique,confirmed,0,1,0,,1
DPV_D8F0F65F38B08C25,IND_UTTARAKHAND_PITHORAGARH,Census 2011,Census 2011,443,Uttarakhand,PITHORAGARH,Uttarakhand,PITHORAGARH,Uttarakhand,Pithoragarh,30.12447176,80.47918929,POINT (80.47918929128394 30.12447175753322),geometry.representative_point,confirmed_exact_unique,confirmed,0,1,0,,1
DPV_91E84371F94F3104,IND_UTTARAKHAND_RUDRA_PRAYAG,Census 2001,Census 2001,443,Uttarakhand,RUDRA PRAYAG,Uttarakhand,RUDRA PRAYAG,Uttarakhand,Rudraprayag,30.51235903,79.04737693,POINT (79.04737693277082 30.512359029720425),geometry.representative_point,confirmed_exact_unique,confirmed,0,1,0,,1
DPV_A57F65E097FDA53D,IND_UTTARAKHAND_RUDRA_PRAYAG,Census 2011,Census 2011,485,Uttarakhand,RUDRA PRAYAG,Uttarakhand,RUDRA PRAYAG,Uttarakhand,Rudraprayag,30.51235903,79.04737693,POINT (79.04737693277082 30.512359029720425),geometry.representative_point,confirmed_exact_unique,confirmed,0,1,0,,1
DPV_3C7B264B98B40E2F,IND_UTTARAKHAND_TEHRI_GARHWAL,Census 2001,Census 2001,466,Uttarakhand,TEHRI GARHWAL,Uttarakhand,TEHRI GARHWAL,Uttarakhand,Tehri Garhwal,30.46609776,78.48927856,POINT (78.48927856462655 30.46609775821644),geometry.representative_point,confirmed_exact_unique,confirmed,0,1,0,,1
DPV_0AC9115D5D9993BE,IND_UTTARAKHAND_TEHRI_GARHWAL,Census 2011,Census 2011,560,Uttarakhand,TEHRI GARHWAL,Uttarakhand,TEHRI GARHWAL,Uttarakhand,Tehri Garhwal,30.46609776,78.48927856,POINT (78.48927856462655 30.46609775821644),geometry.representative_point,confirmed_exact_unique,confirmed,0,1,0,,1
DPV_0D673832806EFE7A,IND_UTTARAKHAND_UDAM_SINGH_NAGAR,Census 2001,Census 2001,476,Uttarakhand,UDAM SINGH NAGAR,Uttarakhand,UDAM SINGH NAGAR,Uttarakhand,Udham Singh Nagar,29.04451331,79.43667719,POINT (79.43667719230987 29.044513307245584),geometry.representative_point,working_fuzzy_same_state,working_fallback,0,1,0,,1
DPV_8BEF92788C95B3CE,IND_UTTARAKHAND_UDAM_SINGH_NAGAR,Census 2011,Census 2011,585,Uttarakhand,UDAM SINGH NAGAR,Uttarakhand,UDAM SINGH NAGAR,Uttarakhand,Udham Singh Nagar,29.04451331,79.43667719,POINT (79.43667719230987 29.044513307245584),geometry.representative_point,working_fuzzy_same_state,working_fallback,0,1,0,,1
DPV_BAC31543BB3E2251,IND_UTTARAKHAND_UTTAR_KASHI,Census 2001,Census 2001,513,Uttarakhand,UTTAR KASHI,Uttarakhand,UTTAR KASHI,Uttarakhand,Uttarkashi,30.96787511,78.63394275,POINT (78.63394275476938 30.967875114540377),geometry.representative_point,confirmed_exact_unique,confirmed,0,1,0,,1
DPV_F37958237FC9817A,IND_UTTARAKHAND_UTTAR_KASHI,Census 2011,Census 2011,596,Uttarakhand,UTTAR KASHI,Uttarakhand,UTTAR KASHI,Uttarakhand,Uttarkashi,30.96787511,78.63394275,POINT (78.63394275476941 30.96787511454042),geometry.representative_point,confirmed_exact_unique,confirmed,0,1,0,,1
DPV_7F79C3341AD8436F,IND_WEST_BENGAL_24_PARAGANAS_NORTH,Census 2001,Census 2001,361,West Bengal,24 PARAGANAS NORTH,West Bengal,24 PARAGANAS NORTH,West Bengal,North Twenty Four Parganas,22.80629809,88.66042493,POINT (88.66042492681638 22.806298086422508),geometry.representative_point,working_fuzzy_same_state,working_fallback,0,1,0,,1
DPV_AC6874AAE1FF5CDA,IND_WEST_BENGAL_24_PARAGANAS_NORTH,Census 2011,Census 2011,413,West Bengal,24 PARAGANAS NORTH,West Bengal,24 PARAGANAS NORTH,West Bengal,North 24 Parganas,22.80629809,88.66042493,POINT (88.66042492681638 22.806298086422508),geometry.representative_point,working_fuzzy_same_state,working_fallback,0,1,0,,1
DPV_51C4A7D0B77B4F9B,IND_WEST_BENGAL_24_PARAGANAS_SOUTH,Census 2001,Census 2001,486,West Bengal,24 PARAGANAS SOUTH,West Bengal,24 PARAGANAS SOUTH,West Bengal,South  Twenty Four Parganas,22.177779,88.38815296,POINT (88.38815296138196 22.1777790005334),geometry.representative_point,working_fuzzy_same_state,working_fallback,0,1,0,,1
DPV_06E92CD2E1AF453F,IND_WEST_BENGAL_24_PARAGANAS_SOUTH,Census 2011,Census 2011,544,West Bengal,24 PARAGANAS SOUTH,West Bengal,24 PARAGANAS SOUTH,West Bengal,South 24 Parganas,22.177779,88.38815296,POINT (88.38815296138196 22.1777790005334),geometry.representative_point,working_fuzzy_same_state,working_fallback,0,1,0,,1
DPV_324FBD5A5BC6F473,IND_WEST_BENGAL_ALIPURDUAR,Census 2001,Census 2001,280,West Bengal,ALIPURDUAR,West Bengal,ALIPURDUAR,West Bengal,Puruliya,23.20209523,86.30092764,POINT (86.30092763816128 23.202095234554953),geometry.representative_point,working_fuzzy_same_state,working_fallback,1,1,0,,1
DPV_28AA091AD41457B5,IND_WEST_BENGAL_ALIPURDUAR,Census 2011,Census 2011,457,West Bengal,ALIPURDUAR,West Bengal,ALIPURDUAR,West Bengal,Puruliya,23.20209523,86.30092764,POINT (86.30092763822213 23.202095234554953),geometry.representative_point,working_fuzzy_same_state,working_fallback,1,1,0,,1
DPV_42D5964B2A9C3095,IND_WEST_BENGAL_BANKURA,Census 2001,Census 2001,75,West Bengal,BANKURA,West Bengal,BANKURA,West Bengal,Bankura,23.13349235,87.20649381,POINT (87.20649380823357 23.13349234514214),geometry.representative_point,confirmed_exact_unique,confirmed,0,1,0,,1
DPV_FFDE4D90FC1E32A9,IND_WEST_BENGAL_BANKURA,Census 2011,Census 2011,48,West Bengal,BANKURA,West Bengal,BANKURA,West Bengal,Bankura,23.13349235,87.20649381,POINT (87.20649380823357 23.13349234514214),geometry.representative_point,confirmed_exact_unique,confirmed,0,1,0,,1
DPV_EF6EEF32B7E7CCAC,IND_WEST_BENGAL_BARDHAMAN,Census 2001,Census 2001,34,West Bengal,BARDHAMAN,West Bengal,BARDHAMAN,West Bengal,Barddhaman,23.40808257,87.89987069,POINT (87.89987069247404 23.40808257243552),geometry.representative_point,working_fuzzy_same_state,working_fallback,1,1,0,,1
DPV_EFB6CAE298E61A11,IND_WEST_BENGAL_BARDHAMAN,Census 2011,Census 2011,54,West Bengal,BARDHAMAN,West Bengal,BARDHAMAN,West Bengal,Barddhaman,23.40808257,87.89987069,POINT (87.89987069247404 23.40808257243552),geometry.representative_point,working_fuzzy_same_state,working_fallback,0,1,0,,1
DPV_BDD8AF1B71D8BECD,IND_WEST_BENGAL_BIRBHUM,Census 2001,Census 2001,50,West Bengal,BIRBHUM,West Bengal,BIRBHUM,West Bengal,Birbhum,24.06244859,87.69794411,POINT (87.69794411448711 24.062448590765825),geometry.representative_point,confirmed_exact_unique,confirmed,0,1,0,,1
DPV_C7B248C2DF717BF9,IND_WEST_BENGAL_BIRBHUM,Census 2011,Census 2011,87,West Bengal,BIRBHUM,West Bengal,BIRBHUM,West Bengal,Birbhum,24.06244859,87.69794411,POINT (87.69794411448711 24.062448590765825),geometry.representative_point,confirmed_exact_unique,confirmed,0,1,0,,1
DPV_5717E00BF7DF8CBB,IND_WEST_BENGAL_COOCHBEHAR,Census 2001,Census 2001,263,West Bengal,COOCHBEHAR,West Bengal,COOCHBEHAR,West Bengal,Koch Bihar,26.25598297,89.42403132,POINT (89.42403132431016 26.255982973356407),geometry.representative_point,working_fuzzy_same_state,working_fallback,0,1,0,,1
DPV_7D7D7208FCB85749,IND_WEST_BENGAL_COOCHBEHAR,Census 2011,Census 2011,305,West Bengal,COOCHBEHAR,West Bengal,COOCHBEHAR,West Bengal,Koch Bihar,26.25598297,89.42403132,POINT (89.42403132431016 26.255982973356407),geometry.representative_point,working_fuzzy_same_state,working_fallback,0,1,0,,1
DPV_D81B760795832884,IND_WEST_BENGAL_DARJEELING,Census 2001,Census 2001,125,West Bengal,DARJEELING,West Bengal,DARJEELING,West Bengal,Darjiling,26.83249952,88.30980082,POINT (88.30980082456945 26.83249952189064),geometry.representative_point,working_fuzzy_same_state,working_fallback,0,1,0,,1
DPV_EEF7533BFA4F4998,IND_WEST_BENGAL_DARJEELING,Census 2011,Census 2011,133,West Bengal,DARJEELING,West Bengal,DARJEELING,West Bengal,Darjiling,26.83249952,88.30980082,POINT (88.30980082456945 26.83249952189064),geometry.representative_point,working_fuzzy_same_state,working_fallback,0,1,0,,1
DPV_76AB6E45B2B84B6A,IND_WEST_BENGAL_DINAJPUR_DAKSHIN,Census 2001,Census 2001,119,West Bengal,DINAJPUR DAKSHIN,West Bengal,DINAJPUR DAKSHIN,West Bengal,Dakshin Dinajpur,25.38249556,88.54532742,POINT (88.545327415544 25.382495555464395),geometry.representative_point,working_fuzzy_same_state,working_fallback,0,1,0,,1
DPV_E281A6B572BC05C6,IND_WEST_BENGAL_DINAJPUR_DAKSHIN,Census 2011,Census 2011,128,West Bengal,DINAJPUR DAKSHIN,West Bengal,DINAJPUR DAKSHIN,West Bengal,Dakshin Dinajpur,25.38249556,88.54532742,POINT (88.545327415544 25.382495555464395),geometry.representative_point,working_fuzzy_same_state,working_fallback,0,1,0,,1
DPV_5F39FBB0C26CDFDD,IND_WEST_BENGAL_DINAJPUR_UTTAR,Census 2001,Census 2001,529,West Bengal,DINAJPUR UTTAR,West Bengal,DINAJPUR UTTAR,West Bengal,Uttar Dinajpur,25.87022591,87.96743925,POINT (87.96743925343881 25.87022591454162),geometry.representative_point,working_fuzzy_same_state,working_fallback,0,1,0,,1
DPV_FF212B03FBEE66D4,IND_WEST_BENGAL_DINAJPUR_UTTAR,Census 2011,Census 2011,594,West Bengal,DINAJPUR UTTAR,West Bengal,DINAJPUR UTTAR,West Bengal,Uttar Dinajpur,25.87022591,87.96743925,POINT (87.96743925343881 25.87022591454162),geometry.representative_point,working_fuzzy_same_state,working_fallback,0,1,0,,1
DPV_A134ADC1DCA9C950,IND_WEST_BENGAL_HOOGHLY,Census 2001,Census 2001,212,West Bengal,HOOGHLY,West Bengal,HOOGHLY,West Bengal,Hugli,22.91320402,88.01658812,POINT (88.01658812176873 22.913204019865443),geometry.representative_point,working_fuzzy_same_state,working_fallback,0,1,0,,1
DPV_8F12B4501CAB9FE1,IND_WEST_BENGAL_HOOGHLY,Census 2011,Census 2011,230,West Bengal,HOOGHLY,West Bengal,HOOGHLY,West Bengal,Hugli,22.91320402,88.01658812,POINT (88.01658812176873 22.913204019865443),geometry.representative_point,working_fuzzy_same_state,working_fallback,0,1,0,,1
DPV_B1F300141AE34384,IND_WEST_BENGAL_HOWRAH,Census 2001,Census 2001,203,West Bengal,HOWRAH,West Bengal,HOWRAH,West Bengal,Haora,22.49949292,88.03561374,POINT (88.03561374002868 22.499492924654017),geometry.representative_point,working_fuzzy_same_state,working_fallback,0,1,0,,1
DPV_F397C31924DFBF1A,IND_WEST_BENGAL_HOWRAH,Census 2011,Census 2011,218,West Bengal,HOWRAH,West Bengal,HOWRAH,West Bengal,Haora,22.49949292,88.03561374,POINT (88.03561374002868 22.499492924654017),geometry.representative_point,working_fuzzy_same_state,working_fallback,0,1,0,,1
DPV_88B27E0BD4241A4C,IND_WEST_BENGAL_JALPAIGURI,Census 2001,Census 2001,230,West Bengal,JALPAIGURI,West Bengal,JALPAIGURI,West Bengal,Jalpaiguri,26.6284492,89.14119926,POINT (89.14119926422671 26.62844919503883),geometry.representative_point,confirmed_exact_unique,confirmed,0,1,0,,1
DPV_4260201B3C52528D,IND_WEST_BENGAL_JALPAIGURI,Census 2011,Census 2011,247,West Bengal,JALPAIGURI,West Bengal,JALPAIGURI,West Bengal,Jalpaiguri,26.6284492,89.14119926,POINT (89.14119926452983 26.62844919503883),geometry.representative_point,confirmed_exact_unique,confirmed,0,1,0,,1
DPV_7131907E38BDB87A,IND_WEST_BENGAL_MALDAH,Census 2001,Census 2001,322,West Bengal,MALDAH,West Bengal,MALDAH,West Bengal,Maldah,25.09773387,88.11555105,POINT (88.11555105392782 25.097733870298327),geometry.representative_point,confirmed_exact_unique,confirmed,0,1,0,,1
DPV_9D134E1B9E111087,IND_WEST_BENGAL_MALDAH,Census 2011,Census 2011,359,West Bengal,MALDAH,West Bengal,MALDAH,West Bengal,Maldah,25.09773387,88.11555105,POINT (88.11555105392782 25.097733870298327),geometry.representative_point,confirmed_exact_unique,confirmed,0,1,0,,1
DPV_66C10CE4150A3007,IND_WEST_BENGAL_MEDINIPUR_EAST,Census 2001,Census 2001,382,West Bengal,MEDINIPUR EAST,West Bengal,MEDINIPUR EAST,West Bengal,Medinipur,22.2769435,87.41468998,POINT (87.41468997904198 22.276943500925803),geometry.representative_point,working_fuzzy_same_state,working_fallback,1,1,0,,1
DPV_BC2D01318799686C,IND_WEST_BENGAL_MEDINIPUR_EAST,Census 2011,Census 2011,453,West Bengal,MEDINIPUR EAST,West Bengal,MEDINIPUR EAST,West Bengal,Purba Medinipur,22.058472,87.74863262,POINT (87.74863262063042 22.058472000183208),geometry.representative_point,working_fuzzy_same_state,working_fallback,1,1,0,,1
DPV_95ADD3B33A008AAF,IND_WEST_BENGAL_MEDINIPUR_WEST,Census 2001,Census 2001,382,West Bengal,MEDINIPUR WEST,West Bengal,MEDINIPUR WEST,West Bengal,Medinipur,22.2769435,87.41468998,POINT (87.41468997904198 22.276943500925803),geometry.representative_point,working_fuzzy_same_state,working_fallback,1,1,0,,1
DPV_80B19D546356D641,IND_WEST_BENGAL_MEDINIPUR_WEST,Census 2011,Census 2011,453,West Bengal,MEDINIPUR WEST,West Bengal,MEDINIPUR WEST,West Bengal,Purba Medinipur,22.058472,87.74863262,POINT (87.74863262063042 22.058472000183208),geometry.representative_point,working_fuzzy_same_state,working_fallback,1,1,0,,1
DPV_3567DE3489EC019A,IND_WEST_BENGAL_MURSHIDABAD,Census 2001,Census 2001,270,West Bengal,MURSHIDABAD,West Bengal,MURSHIDABAD,West Bengal,Murshidabad,24.28758717,88.37513518,POINT (88.37513518332955 24.287587173613726),geometry.representative_point,confirmed_exact_unique,confirmed,0,1,0,,1
DPV_BE345F0D428DF84F,IND_WEST_BENGAL_MURSHIDABAD,Census 2011,Census 2011,384,West Bengal,MURSHIDABAD,West Bengal,MURSHIDABAD,West Bengal,Murshidabad,24.28758717,88.37513518,POINT (88.37513518332955 24.287587173613726),geometry.representative_point,confirmed_exact_unique,confirmed,0,1,0,,1
DPV_4103339E1B362AB2,IND_WEST_BENGAL_NADIA,Census 2001,Census 2001,332,West Bengal,NADIA,West Bengal,NADIA,West Bengal,Nadia,23.48754398,88.56320019,POINT (88.56320019464316 23.48754397918492),geometry.representative_point,confirmed_exact_unique,confirmed,0,1,0,,1
DPV_AAB9E97FA7049C81,IND_WEST_BENGAL_NADIA,Census 2011,Census 2011,389,West Bengal,NADIA,West Bengal,NADIA,West Bengal,Nadia,23.48754398,88.56320019,POINT (88.56320019464316 23.48754397918492),geometry.representative_point,confirmed_exact_unique,confirmed,0,1,0,,1
DPV_D289BE14C62EAF49,IND_WEST_BENGAL_PURBA_BARDHAMAN,Census 2001,Census 2001,34,West Bengal,PURBA BARDHAMAN,West Bengal,PURBA BARDHAMAN,West Bengal,Barddhaman,23.40808257,87.89987069,POINT (87.89987069247404 23.40808257243552),geometry.representative_point,working_fuzzy_same_state,working_fallback,1,1,0,,1
DPV_B6E10F92BB7AFD53,IND_WEST_BENGAL_PURBA_BARDHAMAN,Census 2011,Census 2011,453,West Bengal,PURBA BARDHAMAN,West Bengal,PURBA BARDHAMAN,West Bengal,Purba Medinipur,22.058472,87.74863262,POINT (87.74863262063042 22.058472000183208),geometry.representative_point,working_fuzzy_same_state,working_fallback,1,1,0,,1
DPV_D202F5B0CA404CBB,IND_WEST_BENGAL_PURULIA,Census 2001,Census 2001,280,West Bengal,PURULIA,West Bengal,PURULIA,West Bengal,Puruliya,23.20209523,86.30092764,POINT (86.30092763816128 23.202095234554953),geometry.representative_point,working_fuzzy_same_state,working_fallback,1,1,0,,1
DPV_3CD6D1D1BD3DE651,IND_WEST_BENGAL_PURULIA,Census 2011,Census 2011,457,West Bengal,PURULIA,West Bengal,PURULIA,West Bengal,Puruliya,23.20209523,86.30092764,POINT (86.30092763822213 23.202095234554953),geometry.representative_point,working_fuzzy_same_state,working_fallback,1,1,0,,1
