district_id,raw_state_name,raw_district_name,canonical_state_name,canonical_district_name,requested_census_version,geometry_census_version,boundary_feature_index,boundary_state_name,boundary_district_name,boundary_state_code,boundary_district_code,assignment_method,assignment_confidence,candidate_rank,string_similarity,edit_similarity,manual_override_used,cross_state_used,alternate_layer_used,shared_parent_boundary,requires_future_manual_review,notes
IND_ANDAMAN_AND_NICOBAR_ISLANDS_ANDAMAN_AND_NICOBAR_ISLANDS,Andaman and Nicobar Islands,Andaman and Nicobar Islands,Andaman and Nicobar Islands,Andaman and Nicobar Islands,Census 2001,Census 2001,592,Andaman & Nicobar Island,Andamans,35,1,working_fuzzy_same_state,working_fallback,1,0.0,0.5,0,0,0,1,1,Best ranked same-state fuzzy candidate; not historically confirmed
IND_ANDAMAN_AND_NICOBAR_ISLANDS_ANDAMAN_AND_NICOBAR_ISLANDS,Andaman and Nicobar Islands,Andaman and Nicobar Islands,Andaman and Nicobar Islands,Andaman and Nicobar Islands,Census 2011,Census 2011,637,Andaman & Nicobar Island,Nicobar,35,1,working_fuzzy_same_state,working_fallback,1,0.25,0.451613,0,0,0,0,1,Best ranked same-state fuzzy candidate; not historically confirmed
IND_ANDAMAN_AND_NICOBAR_ISLANDS_NICOBARS,Andaman and Nicobar Islands,NICOBARS,Andaman and Nicobar Islands,NICOBARS,Census 2001,Census 2001,591,Andaman & Nicobar Island,Nicobars,35,2,confirmed_exact_unique,confirmed,1,1.0,1.0,0,0,0,0,0,Unique exact normalized district key within confirmed boundary state
IND_ANDAMAN_AND_NICOBAR_ISLANDS_NICOBARS,Andaman and Nicobar Islands,NICOBARS,Andaman and Nicobar Islands,NICOBARS,Census 2011,Census 2001,591,Andaman & Nicobar Island,Nicobars,35,2,alternate_layer_confirmed_name,working_strong,1,1.0,1.0,0,0,1,0,1,Requested Census 2011 used confirmed name match from Census 2001
IND_ANDAMAN_AND_NICOBAR_ISLANDS_NORTH_AND_MIDDLE_ANDAMAN,Andaman and Nicobar Islands,NORTH AND MIDDLE ANDAMAN,Andaman and Nicobar Islands,NORTH AND MIDDLE ANDAMAN,Census 2001,Census 2011,639,Andaman & Nicobar Island,North & Middle Andaman,35,2,alternate_layer_confirmed_name,working_strong,1,1.0,1.0,0,0,1,0,1,Requested Census 2001 used confirmed name match from Census 2011
IND_ANDAMAN_AND_NICOBAR_ISLANDS_NORTH_AND_MIDDLE_ANDAMAN,Andaman and Nicobar Islands,NORTH AND MIDDLE ANDAMAN,Andaman and Nicobar Islands,NORTH AND MIDDLE ANDAMAN,Census 2011,Census 2011,639,Andaman & Nicobar Island,North & Middle Andaman,35,2,confirmed_exact_unique,confirmed,1,1.0,1.0,0,0,0,0,0,Unique exact normalized district key within confirmed boundary state
IND_ANDAMAN_AND_NICOBAR_ISLANDS_SOUTH_ANDAMANS,Andaman and Nicobar Islands,SOUTH ANDAMANS,Andaman and Nicobar Islands,SOUTH ANDAMANS,Census 2001,Census 2001,592,Andaman & Nicobar Island,Andamans,35,1,working_fuzzy_same_state,working_fallback,1,0.5,0.761905,0,0,0,1,1,Best ranked same-state fuzzy candidate; not historically confirmed
IND_ANDAMAN_AND_NICOBAR_ISLANDS_SOUTH_ANDAMANS,Andaman and Nicobar Islands,SOUTH ANDAMANS,Andaman and Nicobar Islands,SOUTH ANDAMANS,Census 2011,Census 2011,638,Andaman & Nicobar Island,South Andaman,35,3,working_fuzzy_same_state,working_fallback,1,0.333333,0.96,0,0,0,0,1,Best ranked same-state fuzzy candidate; not historically confirmed
IND_ANDHRA_PRADESH_ADILABAD,Andhra Pradesh,ADILABAD,Andhra Pradesh,ADILABAD,Census 2001,Census 2001,14,Andhra Pradesh,Adilabad,28,1,confirmed_exact_unique,confirmed,1,1.0,1.0,0,0,0,0,0,Unique exact normalized district key within confirmed boundary state
IND_ANDHRA_PRADESH_ADILABAD,Andhra Pradesh,ADILABAD,Andhra Pradesh,ADILABAD,Census 2011,Census 2011,0,Andhra Pradesh,Adilabad,28,1,confirmed_exact_unique,confirmed,1,1.0,1.0,0,0,0,0,0,Unique exact normalized district key within confirmed boundary state
IND_ANDHRA_PRADESH_ANANTAPUR,Andhra Pradesh,ANANTAPUR,Andhra Pradesh,ANANTAPUR,Census 2001,Census 2001,1,Andhra Pradesh,Anantapur,28,22,confirmed_exact_unique,confirmed,1,1.0,1.0,0,0,0,0,0,Unique exact normalized district key within confirmed boundary state
IND_ANDHRA_PRADESH_ANANTAPUR,Andhra Pradesh,ANANTAPUR,Andhra Pradesh,ANANTAPUR,Census 2011,Census 2011,19,Andhra Pradesh,Anantapur,28,22,confirmed_exact_unique,confirmed,1,1.0,1.0,0,0,0,0,0,Unique exact normalized district key within confirmed boundary state
IND_ANDHRA_PRADESH_CHITTOOR,Andhra Pradesh,CHITTOOR,Andhra Pradesh,CHITTOOR,Census 2001,Census 2001,93,Andhra Pradesh,Chittoor,28,23,confirmed_exact_unique,confirmed,1,1.0,1.0,0,0,0,0,0,Unique exact normalized district key within confirmed boundary state
IND_ANDHRA_PRADESH_CHITTOOR,Andhra Pradesh,CHITTOOR,Andhra Pradesh,CHITTOOR,Census 2011,Census 2011,119,Andhra Pradesh,Chittoor,28,23,confirmed_exact_unique,confirmed,1,1.0,1.0,0,0,0,0,0,Unique exact normalized district key within confirmed boundary state
IND_ANDHRA_PRADESH_EAST_GODAVARI,Andhra Pradesh,EAST GODAVARI,Andhra Pradesh,EAST GODAVARI,Census 2001,Census 2001,151,Andhra Pradesh,East Godavari,28,14,confirmed_exact_unique,confirmed,1,1.0,1.0,0,0,0,0,0,Unique exact normalized district key within confirmed boundary state
IND_ANDHRA_PRADESH_EAST_GODAVARI,Andhra Pradesh,EAST GODAVARI,Andhra Pradesh,EAST GODAVARI,Census 2011,Census 2011,168,Andhra Pradesh,East Godavari,28,14,confirmed_exact_unique,confirmed,1,1.0,1.0,0,0,0,0,0,Unique exact normalized district key within confirmed boundary state
IND_ANDHRA_PRADESH_GUNTUR,Andhra Pradesh,GUNTUR,Andhra Pradesh,GUNTUR,Census 2001,Census 2001,186,Andhra Pradesh,Guntur,28,17,confirmed_exact_unique,confirmed,1,1.0,1.0,0,0,0,0,0,Unique exact normalized district key within confirmed boundary state
IND_ANDHRA_PRADESH_GUNTUR,Andhra Pradesh,GUNTUR,Andhra Pradesh,GUNTUR,Census 2011,Census 2011,210,Andhra Pradesh,Guntur,28,17,confirmed_exact_unique,confirmed,1,1.0,1.0,0,0,0,0,0,Unique exact normalized district key within confirmed boundary state
IND_ANDHRA_PRADESH_HYDERABAD,Andhra Pradesh,HYDERABAD,Andhra Pradesh,HYDERABAD,Census 2001,Census 2001,215,Andhra Pradesh,Hyderabad,28,5,confirmed_exact_unique,confirmed,1,1.0,1.0,0,0,0,0,0,Unique exact normalized district key within confirmed boundary state
IND_ANDHRA_PRADESH_HYDERABAD,Andhra Pradesh,HYDERABAD,Andhra Pradesh,HYDERABAD,Census 2011,Census 2011,231,Andhra Pradesh,Hyderabad,28,5,confirmed_exact_unique,confirmed,1,1.0,1.0,0,0,0,0,0,Unique exact normalized district key within confirmed boundary state
IND_ANDHRA_PRADESH_KADAPA,Andhra Pradesh,KADAPA,Andhra Pradesh,KADAPA,Census 2001,Census 2001,14,Andhra Pradesh,Adilabad,28,1,working_fuzzy_same_state,working_fallback,1,0.0,0.571429,0,0,0,1,1,Best ranked same-state fuzzy candidate; not historically confirmed
IND_ANDHRA_PRADESH_KADAPA,Andhra Pradesh,KADAPA,Andhra Pradesh,KADAPA,Census 2011,Census 2011,0,Andhra Pradesh,Adilabad,28,1,working_fuzzy_same_state,working_fallback,1,0.0,0.571429,0,0,0,1,1,Best ranked same-state fuzzy candidate; not historically confirmed
IND_ANDHRA_PRADESH_KARIMNAGAR,Andhra Pradesh,KARIMNAGAR,Andhra Pradesh,KARIMNAGAR,Census 2001,Census 2001,166,Andhra Pradesh,Karimnagar,28,3,confirmed_exact_unique,confirmed,1,1.0,1.0,0,0,0,0,0,Unique exact normalized district key within confirmed boundary state
IND_ANDHRA_PRADESH_KARIMNAGAR,Andhra Pradesh,KARIMNAGAR,Andhra Pradesh,KARIMNAGAR,Census 2011,Census 2011,285,Andhra Pradesh,Karimnagar,28,3,confirmed_exact_unique,confirmed,1,1.0,1.0,0,0,0,0,0,Unique exact normalized district key within confirmed boundary state
IND_ANDHRA_PRADESH_KHAMMAM,Andhra Pradesh,KHAMMAM,Andhra Pradesh,KHAMMAM,Census 2001,Census 2001,258,Andhra Pradesh,Khammam,28,10,confirmed_exact_unique,confirmed,1,1.0,1.0,0,0,0,0,0,Unique exact normalized district key within confirmed boundary state
IND_ANDHRA_PRADESH_KHAMMAM,Andhra Pradesh,KHAMMAM,Andhra Pradesh,KHAMMAM,Census 2011,Census 2011,296,Andhra Pradesh,Khammam,28,10,confirmed_exact_unique,confirmed,1,1.0,1.0,0,0,0,0,0,Unique exact normalized district key within confirmed boundary state
IND_ANDHRA_PRADESH_KRISHNA,Andhra Pradesh,KRISHNA,Andhra Pradesh,KRISHNA,Census 2001,Census 2001,290,Andhra Pradesh,Krishna,28,16,confirmed_exact_unique,confirmed,1,1.0,1.0,0,0,0,0,0,Unique exact normalized district key within confirmed boundary state
IND_ANDHRA_PRADESH_KRISHNA,Andhra Pradesh,KRISHNA,Andhra Pradesh,KRISHNA,Census 2011,Census 2011,322,Andhra Pradesh,Krishna,28,16,confirmed_exact_unique,confirmed,1,1.0,1.0,0,0,0,0,0,Unique exact normalized district key within confirmed boundary state
IND_ANDHRA_PRADESH_KURNOOL,Andhra Pradesh,KURNOOL,Andhra Pradesh,KURNOOL,Census 2001,Census 2001,291,Andhra Pradesh,Kurnool,28,21,confirmed_exact_unique,confirmed,1,1.0,1.0,0,0,0,0,0,Unique exact normalized district key within confirmed boundary state
IND_ANDHRA_PRADESH_KURNOOL,Andhra Pradesh,KURNOOL,Andhra Pradesh,KURNOOL,Census 2011,Census 2011,327,Andhra Pradesh,Kurnool,28,21,confirmed_exact_unique,confirmed,1,1.0,1.0,0,0,0,0,0,Unique exact normalized district key within confirmed boundary state
IND_ANDHRA_PRADESH_MAHBUBNAGAR,Andhra Pradesh,MAHBUBNAGAR,Andhra Pradesh,MAHBUBNAGAR,Census 2001,Census 2001,319,Andhra Pradesh,Mahbubnagar,28,7,confirmed_exact_unique,confirmed,1,1.0,1.0,0,0,0,0,0,Unique exact normalized district key within confirmed boundary state
IND_ANDHRA_PRADESH_MAHBUBNAGAR,Andhra Pradesh,MAHBUBNAGAR,Andhra Pradesh,MAHBUBNAGAR,Census 2011,Census 2011,352,Andhra Pradesh,Mahbubnagar,28,7,confirmed_exact_unique,confirmed,1,1.0,1.0,0,0,0,0,0,Unique exact normalized district key within confirmed boundary state
IND_ANDHRA_PRADESH_MEDAK,Andhra Pradesh,MEDAK,Andhra Pradesh,MEDAK,Census 2001,Census 2001,267,Andhra Pradesh,Medak,28,4,confirmed_exact_unique,confirmed,1,1.0,1.0,0,0,0,0,0,Unique exact normalized district key within confirmed boundary state
IND_ANDHRA_PRADESH_MEDAK,Andhra Pradesh,MEDAK,Andhra Pradesh,MEDAK,Census 2011,Census 2011,371,Andhra Pradesh,Medak,28,4,confirmed_exact_unique,confirmed,1,1.0,1.0,0,0,0,0,0,Unique exact normalized district key within confirmed boundary state
IND_ANDHRA_PRADESH_NALGONDA,Andhra Pradesh,NALGONDA,Andhra Pradesh,NALGONDA,Census 2001,Census 2001,351,Andhra Pradesh,Nalgonda,28,8,confirmed_exact_unique,confirmed,1,1.0,1.0,0,0,0,0,0,Unique exact normalized district key within confirmed boundary state
IND_ANDHRA_PRADESH_NALGONDA,Andhra Pradesh,NALGONDA,Andhra Pradesh,NALGONDA,Census 2011,Census 2011,396,Andhra Pradesh,Nalgonda,28,8,confirmed_exact_unique,confirmed,1,1.0,1.0,0,0,0,0,0,Unique exact normalized district key within confirmed boundary state
IND_ANDHRA_PRADESH_NIZAMABAD,Andhra Pradesh,NIZAMABAD,Andhra Pradesh,NIZAMABAD,Census 2001,Census 2001,368,Andhra Pradesh,Nizamabad,28,2,confirmed_exact_unique,confirmed,1,1.0,1.0,0,0,0,0,0,Unique exact normalized district key within confirmed boundary state
IND_ANDHRA_PRADESH_NIZAMABAD,Andhra Pradesh,NIZAMABAD,Andhra Pradesh,NIZAMABAD,Census 2011,Census 2011,410,Andhra Pradesh,Nizamabad,28,2,confirmed_exact_unique,confirmed,1,1.0,1.0,0,0,0,0,0,Unique exact normalized district key within confirmed boundary state
IND_ANDHRA_PRADESH_PRAKASAM,Andhra Pradesh,PRAKASAM,Andhra Pradesh,PRAKASAM,Census 2001,Census 2001,396,Andhra Pradesh,Prakasam,28,18,confirmed_exact_unique,confirmed,1,1.0,1.0,0,0,0,0,0,Unique exact normalized district key within confirmed boundary state
IND_ANDHRA_PRADESH_PRAKASAM,Andhra Pradesh,PRAKASAM,Andhra Pradesh,PRAKASAM,Census 2011,Census 2011,445,Andhra Pradesh,Prakasam,28,18,confirmed_exact_unique,confirmed,1,1.0,1.0,0,0,0,0,0,Unique exact normalized district key within confirmed boundary state
IND_ANDHRA_PRADESH_RANGAREDDI,Andhra Pradesh,RANGAREDDI,Andhra Pradesh,RANGAREDDI,Census 2001,Census 2001,435,Andhra Pradesh,Rangareddi,28,6,confirmed_exact_unique,confirmed,1,1.0,1.0,0,0,0,0,0,Unique exact normalized district key within confirmed boundary state
IND_ANDHRA_PRADESH_RANGAREDDI,Andhra Pradesh,RANGAREDDI,Andhra Pradesh,RANGAREDDI,Census 2011,Census 2001,435,Andhra Pradesh,Rangareddi,28,6,alternate_layer_confirmed_name,working_strong,1,1.0,1.0,0,0,1,0,1,Requested Census 2011 used confirmed name match from Census 2001
IND_ANDHRA_PRADESH_SPSR_NELLORE,Andhra Pradesh,SPSR NELLORE,Andhra Pradesh,SPSR NELLORE,Census 2001,Census 2001,358,Andhra Pradesh,Nellore,28,19,working_fuzzy_same_state,working_fallback,1,0.5,0.777778,0,0,0,0,1,Best ranked same-state fuzzy candidate; not historically confirmed
IND_ANDHRA_PRADESH_SPSR_NELLORE,Andhra Pradesh,SPSR NELLORE,Andhra Pradesh,SPSR NELLORE,Census 2011,Census 2011,408,Andhra Pradesh,Sri Potti Sriramulu Nellore,28,19,working_fuzzy_same_state,working_fallback,1,0.2,0.514286,0,0,0,0,1,Best ranked same-state fuzzy candidate; not historically confirmed
IND_ANDHRA_PRADESH_SRIKAKULAM,Andhra Pradesh,SRIKAKULAM,Andhra Pradesh,SRIKAKULAM,Census 2001,Census 2001,489,Andhra Pradesh,Srikakulam,28,11,confirmed_exact_unique,confirmed,1,1.0,1.0,0,0,0,0,0,Unique exact normalized district key within confirmed boundary state
IND_ANDHRA_PRADESH_SRIKAKULAM,Andhra Pradesh,SRIKAKULAM,Andhra Pradesh,SRIKAKULAM,Census 2011,Census 2011,549,Andhra Pradesh,Srikakulam,28,11,confirmed_exact_unique,confirmed,1,1.0,1.0,0,0,0,0,0,Unique exact normalized district key within confirmed boundary state
IND_ANDHRA_PRADESH_VISAKHAPATANAM,Andhra Pradesh,VISAKHAPATANAM,Andhra Pradesh,VISAKHAPATANAM,Census 2001,Census 2001,522,Andhra Pradesh,Visakhapatnam,28,13,working_fuzzy_same_state,working_fallback,1,0.0,0.962963,0,0,0,0,1,Best ranked same-state fuzzy candidate; not historically confirmed
IND_ANDHRA_PRADESH_VISAKHAPATANAM,Andhra Pradesh,VISAKHAPATANAM,Andhra Pradesh,VISAKHAPATANAM,Census 2011,Census 2011,605,Andhra Pradesh,Visakhapatnam,28,13,working_fuzzy_same_state,working_fallback,1,0.0,0.962963,0,0,0,0,1,Best ranked same-state fuzzy candidate; not historically confirmed
IND_ANDHRA_PRADESH_VIZIANAGARAM,Andhra Pradesh,VIZIANAGARAM,Andhra Pradesh,VIZIANAGARAM,Census 2001,Census 2001,523,Andhra Pradesh,Vizianagaram,28,12,confirmed_exact_unique,confirmed,1,1.0,1.0,0,0,0,0,0,Unique exact normalized district key within confirmed boundary state
IND_ANDHRA_PRADESH_VIZIANAGARAM,Andhra Pradesh,VIZIANAGARAM,Andhra Pradesh,VIZIANAGARAM,Census 2011,Census 2011,606,Andhra Pradesh,Vizianagaram,28,12,confirmed_exact_unique,confirmed,1,1.0,1.0,0,0,0,0,0,Unique exact normalized district key within confirmed boundary state
IND_ANDHRA_PRADESH_WARANGAL,Andhra Pradesh,WARANGAL,Andhra Pradesh,WARANGAL,Census 2001,Census 2001,524,Andhra Pradesh,Warangal,28,9,confirmed_exact_unique,confirmed,1,1.0,1.0,0,0,0,0,0,Unique exact normalized district key within confirmed boundary state
IND_ANDHRA_PRADESH_WARANGAL,Andhra Pradesh,WARANGAL,Andhra Pradesh,WARANGAL,Census 2011,Census 2011,607,Andhra Pradesh,Warangal,28,9,confirmed_exact_unique,confirmed,1,1.0,1.0,0,0,0,0,0,Unique exact normalized district key within confirmed boundary state
IND_ANDHRA_PRADESH_WEST_GODAVARI,Andhra Pradesh,WEST GODAVARI,Andhra Pradesh,WEST GODAVARI,Census 2001,Census 2001,500,Andhra Pradesh,West Godavari,28,15,confirmed_exact_unique,confirmed,1,1.0,1.0,0,0,0,0,0,Unique exact normalized district key within confirmed boundary state
IND_ANDHRA_PRADESH_WEST_GODAVARI,Andhra Pradesh,WEST GODAVARI,Andhra Pradesh,WEST GODAVARI,Census 2011,Census 2011,614,Andhra Pradesh,West Godavari,28,15,confirmed_exact_unique,confirmed,1,1.0,1.0,0,0,0,0,0,Unique exact normalized district key within confirmed boundary state
IND_ARUNACHAL_PRADESH_ANJAW,Arunachal Pradesh,ANJAW,Arunachal Pradesh,ANJAW,Census 2001,Census 2011,21,Arunanchal Pradesh,Anjaw,12,16,alternate_layer_confirmed_name,working_strong,1,1.0,1.0,0,0,1,0,1,Requested Census 2001 used confirmed name match from Census 2011
IND_ARUNACHAL_PRADESH_ANJAW,Arunachal Pradesh,ANJAW,Arunachal Pradesh,ANJAW,Census 2011,Census 2011,21,Arunanchal Pradesh,Anjaw,12,16,confirmed_exact_unique,confirmed,1,1.0,1.0,0,0,0,0,0,Unique exact normalized district key within confirmed boundary state
IND_ARUNACHAL_PRADESH_CHANGLANG,Arunachal Pradesh,CHANGLANG,Arunachal Pradesh,CHANGLANG,Census 2001,Census 2001,86,Arunanchal Pradesh,Changlang,12,12,confirmed_exact_unique,confirmed,1,1.0,1.0,0,0,0,0,0,Unique exact normalized district key within confirmed boundary state
IND_ARUNACHAL_PRADESH_CHANGLANG,Arunachal Pradesh,CHANGLANG,Arunachal Pradesh,CHANGLANG,Census 2011,Census 2011,108,Arunanchal Pradesh,Changlang,12,9,confirmed_exact_unique,confirmed,1,1.0,1.0,0,0,0,0,0,Unique exact normalized district key within confirmed boundary state
IND_ARUNACHAL_PRADESH_DIBANG_VALLEY,Arunachal Pradesh,DIBANG VALLEY,Arunachal Pradesh,DIBANG VALLEY,Census 2001,Census 2001,141,Arunanchal Pradesh,Dibang Valley,12,10,confirmed_exact_unique,confirmed,1,1.0,1.0,0,0,0,0,0,Unique exact normalized district key within confirmed boundary state
IND_ARUNACHAL_PRADESH_DIBANG_VALLEY,Arunachal Pradesh,DIBANG VALLEY,Arunachal Pradesh,DIBANG VALLEY,Census 2011,Census 2011,154,Arunanchal Pradesh,Dibang Valley,12,13,confirmed_exact_unique,confirmed,1,1.0,1.0,0,0,0,0,0,Unique exact normalized district key within confirmed boundary state
IND_ARUNACHAL_PRADESH_EAST_KAMENG,Arunachal Pradesh,EAST KAMENG,Arunachal Pradesh,EAST KAMENG,Census 2001,Census 2001,155,Arunanchal Pradesh,East Kameng,12,3,confirmed_exact_unique,confirmed,1,1.0,1.0,0,0,0,0,0,Unique exact normalized district key within confirmed boundary state
IND_ARUNACHAL_PRADESH_EAST_KAMENG,Arunachal Pradesh,EAST KAMENG,Arunachal Pradesh,EAST KAMENG,Census 2011,Census 2011,169,Arunanchal Pradesh,East Kameng,12,3,confirmed_exact_unique,confirmed,1,1.0,1.0,0,0,0,0,0,Unique exact normalized district key within confirmed boundary state
IND_ARUNACHAL_PRADESH_EAST_SIANG,Arunachal Pradesh,EAST SIANG,Arunachal Pradesh,EAST SIANG,Census 2001,Census 2001,167,Arunanchal Pradesh,East Siang,12,8,confirmed_exact_unique,confirmed,1,1.0,1.0,0,0,0,0,0,Unique exact normalized district key within confirmed boundary state
IND_ARUNACHAL_PRADESH_EAST_SIANG,Arunachal Pradesh,EAST SIANG,Arunachal Pradesh,EAST SIANG,Census 2011,Census 2011,172,Arunanchal Pradesh,East Siang,12,7,confirmed_exact_unique,confirmed,1,1.0,1.0,0,0,0,0,0,Unique exact normalized district key within confirmed boundary state
IND_ARUNACHAL_PRADESH_KURUNG_KUMEY,Arunachal Pradesh,KURUNG KUMEY,Arunachal Pradesh,KURUNG KUMEY,Census 2001,Census 2011,329,Arunanchal Pradesh,Kurung Kumey,12,12,alternate_layer_confirmed_name,working_strong,1,1.0,1.0,0,0,1,0,1,Requested Census 2001 used confirmed name match from Census 2011
IND_ARUNACHAL_PRADESH_KURUNG_KUMEY,Arunachal Pradesh,KURUNG KUMEY,Arunachal Pradesh,KURUNG KUMEY,Census 2011,Census 2011,329,Arunanchal Pradesh,Kurung Kumey,12,12,confirmed_exact_unique,confirmed,1,1.0,1.0,0,0,0,0,0,Unique exact normalized district key within confirmed boundary state
IND_ARUNACHAL_PRADESH_LOHIT,Arunachal Pradesh,LOHIT,Arunachal Pradesh,LOHIT,Census 2001,Census 2001,296,Arunanchal Pradesh,Lohit,12,11,confirmed_exact_unique,confirmed,1,1.0,1.0,0,0,0,0,0,Unique exact normalized district key within confirmed boundary state
IND_ARUNACHAL_PRADESH_LOHIT,Arunachal Pradesh,LOHIT,Arunachal Pradesh,LOHIT,Census 2011,Census 2011,340,Arunanchal Pradesh,Lohit,12,15,confirmed_exact_unique,confirmed,1,1.0,1.0,0,0,0,0,0,Unique exact normalized district key within confirmed boundary state
IND_ARUNACHAL_PRADESH_LONGDING,Arunachal Pradesh,LONGDING,Arunachal Pradesh,LONGDING,Census 2001,Census 2001,86,Arunanchal Pradesh,Changlang,12,12,working_fuzzy_same_state,working_fallback,1,0.0,0.470588,0,0,0,0,1,Best ranked same-state fuzzy candidate; not historically confirmed
IND_ARUNACHAL_PRADESH_LONGDING,Arunachal Pradesh,LONGDING,Arunachal Pradesh,LONGDING,Census 2011,Census 2011,108,Arunanchal Pradesh,Changlang,12,9,working_fuzzy_same_state,working_fallback,1,0.0,0.470588,0,0,0,0,1,Best ranked same-state fuzzy candidate; not historically confirmed
IND_ARUNACHAL_PRADESH_LOWER_DIBANG_VALLEY,Arunachal Pradesh,LOWER DIBANG VALLEY,Arunachal Pradesh,LOWER DIBANG VALLEY,Census 2001,Census 2011,342,Arunanchal Pradesh,Lower Dibang Valley,12,14,alternate_layer_confirmed_name,working_strong,1,1.0,1.0,0,0,1,0,1,Requested Census 2001 used confirmed name match from Census 2011
IND_ARUNACHAL_PRADESH_LOWER_DIBANG_VALLEY,Arunachal Pradesh,LOWER DIBANG VALLEY,Arunachal Pradesh,LOWER DIBANG VALLEY,Census 2011,Census 2011,342,Arunanchal Pradesh,Lower Dibang Valley,12,14,confirmed_exact_unique,confirmed,1,1.0,1.0,0,0,0,0,0,Unique exact normalized district key within confirmed boundary state
IND_ARUNACHAL_PRADESH_LOWER_SUBANSIRI,Arunachal Pradesh,LOWER SUBANSIRI,Arunachal Pradesh,LOWER SUBANSIRI,Census 2001,Census 2001,316,Arunanchal Pradesh,Lower Subansiri,12,5,confirmed_exact_unique,confirmed,1,1.0,1.0,0,0,0,0,0,Unique exact normalized district key within confirmed boundary state
IND_ARUNACHAL_PRADESH_LOWER_SUBANSIRI,Arunachal Pradesh,LOWER SUBANSIRI,Arunachal Pradesh,LOWER SUBANSIRI,Census 2011,Census 2011,343,Arunanchal Pradesh,Lower Subansiri,12,11,confirmed_exact_unique,confirmed,1,1.0,1.0,0,0,0,0,0,Unique exact normalized district key within confirmed boundary state
IND_ARUNACHAL_PRADESH_NAMSAI,Arunachal Pradesh,NAMSAI,Arunachal Pradesh,NAMSAI,Census 2001,Census 2001,386,Arunanchal Pradesh,Papum Pare,12,4,working_fuzzy_same_state,working_fallback,1,0.0,0.4,0,0,0,0,1,Best ranked same-state fuzzy candidate; not historically confirmed
IND_ARUNACHAL_PRADESH_NAMSAI,Arunachal Pradesh,NAMSAI,Arunachal Pradesh,NAMSAI,Census 2011,Census 2011,430,Arunanchal Pradesh,Papum Pare,12,4,working_fuzzy_same_state,working_fallback,1,0.0,0.4,0,0,0,0,1,Best ranked same-state fuzzy candidate; not historically confirmed
IND_ARUNACHAL_PRADESH_PAPUM_PARE,Arunachal Pradesh,PAPUM PARE,Arunachal Pradesh,PAPUM PARE,Census 2001,Census 2001,386,Arunanchal Pradesh,Papum Pare,12,4,confirmed_exact_unique,confirmed,1,1.0,1.0,0,0,0,0,0,Unique exact normalized district key within confirmed boundary state
IND_ARUNACHAL_PRADESH_PAPUM_PARE,Arunachal Pradesh,PAPUM PARE,Arunachal Pradesh,PAPUM PARE,Census 2011,Census 2011,430,Arunanchal Pradesh,Papum Pare,12,4,confirmed_exact_unique,confirmed,1,1.0,1.0,0,0,0,0,0,Unique exact normalized district key within confirmed boundary state
IND_ARUNACHAL_PRADESH_TAWANG,Arunachal Pradesh,TAWANG,Arunachal Pradesh,TAWANG,Census 2001,Census 2001,465,Arunanchal Pradesh,Tawang,12,1,confirmed_exact_unique,confirmed,1,1.0,1.0,0,0,0,0,0,Unique exact normalized district key within confirmed boundary state
IND_ARUNACHAL_PRADESH_TAWANG,Arunachal Pradesh,TAWANG,Arunachal Pradesh,TAWANG,Census 2011,Census 2011,559,Arunanchal Pradesh,Tawang,12,1,confirmed_exact_unique,confirmed,1,1.0,1.0,0,0,0,0,0,Unique exact normalized district key within confirmed boundary state
IND_ARUNACHAL_PRADESH_TIRAP,Arunachal Pradesh,TIRAP,Arunachal Pradesh,TIRAP,Census 2001,Census 2001,498,Arunanchal Pradesh,Tirap,12,13,confirmed_exact_unique,confirmed,1,1.0,1.0,0,0,0,0,0,Unique exact normalized district key within confirmed boundary state
IND_ARUNACHAL_PRADESH_TIRAP,Arunachal Pradesh,TIRAP,Arunachal Pradesh,TIRAP,Census 2011,Census 2011,574,Arunanchal Pradesh,Tirap,12,10,confirmed_exact_unique,confirmed,1,1.0,1.0,0,0,0,0,0,Unique exact normalized district key within confirmed boundary state
IND_ARUNACHAL_PRADESH_UPPER_SIANG,Arunachal Pradesh,UPPER SIANG,Arunachal Pradesh,UPPER SIANG,Census 2001,Census 2001,511,Arunanchal Pradesh,Upper Siang,12,9,confirmed_exact_unique,confirmed,1,1.0,1.0,0,0,0,0,0,Unique exact normalized district key within confirmed boundary state
IND_ARUNACHAL_PRADESH_UPPER_SIANG,Arunachal Pradesh,UPPER SIANG,Arunachal Pradesh,UPPER SIANG,Census 2011,Census 2011,592,Arunanchal Pradesh,Upper Siang,12,8,confirmed_exact_unique,confirmed,1,1.0,1.0,0,0,0,0,0,Unique exact normalized district key within confirmed boundary state
IND_ARUNACHAL_PRADESH_UPPER_SUBANSIRI,Arunachal Pradesh,UPPER SUBANSIRI,Arunachal Pradesh,UPPER SUBANSIRI,Census 2001,Census 2001,512,Arunanchal Pradesh,Upper Subansiri,12,6,confirmed_exact_unique,confirmed,1,1.0,1.0,0,0,0,0,0,Unique exact normalized district key within confirmed boundary state
IND_ARUNACHAL_PRADESH_UPPER_SUBANSIRI,Arunachal Pradesh,UPPER SUBANSIRI,Arunachal Pradesh,UPPER SUBANSIRI,Census 2011,Census 2011,593,Arunanchal Pradesh,Upper Subansiri,12,5,confirmed_exact_unique,confirmed,1,1.0,1.0,0,0,0,0,0,Unique exact normalized district key within confirmed boundary state
IND_ARUNACHAL_PRADESH_WEST_KAMENG,Arunachal Pradesh,WEST KAMENG,Arunachal Pradesh,WEST KAMENG,Census 2001,Census 2001,501,Arunanchal Pradesh,West Kameng,12,2,confirmed_exact_unique,confirmed,1,1.0,1.0,0,0,0,0,0,Unique exact normalized district key within confirmed boundary state
IND_ARUNACHAL_PRADESH_WEST_KAMENG,Arunachal Pradesh,WEST KAMENG,Arunachal Pradesh,WEST KAMENG,Census 2011,Census 2011,615,Arunanchal Pradesh,West Kameng,12,2,confirmed_exact_unique,confirmed,1,1.0,1.0,0,0,0,0,0,Unique exact normalized district key within confirmed boundary state
IND_ARUNACHAL_PRADESH_WEST_SIANG,Arunachal Pradesh,WEST SIANG,Arunachal Pradesh,WEST SIANG,Census 2001,Census 2001,503,Arunanchal Pradesh,West Siang,12,7,confirmed_exact_unique,confirmed,1,1.0,1.0,0,0,0,0,0,Unique exact normalized district key within confirmed boundary state
IND_ARUNACHAL_PRADESH_WEST_SIANG,Arunachal Pradesh,WEST SIANG,Arunachal Pradesh,WEST SIANG,Census 2011,Census 2011,618,Arunanchal Pradesh,West Siang,12,6,confirmed_exact_unique,confirmed,1,1.0,1.0,0,0,0,0,0,Unique exact normalized district key within confirmed boundary state
IND_ASSAM_BAKSA,Assam,BAKSA,Assam,BAKSA,Census 2001,Census 2011,36,Assam,Baksa,18,25,alternate_layer_confirmed_name,working_strong,1,1.0,1.0,0,0,1,0,1,Requested Census 2001 used confirmed name match from Census 2011
IND_ASSAM_BAKSA,Assam,BAKSA,Assam,BAKSA,Census 2011,Census 2011,36,Assam,Baksa,18,25,confirmed_exact_unique,confirmed,1,1.0,1.0,0,0,0,0,0,Unique exact normalized district key within confirmed boundary state
IND_ASSAM_BARPETA,Assam,BARPETA,Assam,BARPETA,Census 2001,Census 2001,37,Assam,Barpeta,18,5,confirmed_exact_unique,confirmed,1,1.0,1.0,0,0,0,0,0,Unique exact normalized district key within confirmed boundary state
IND_ASSAM_BARPETA,Assam,BARPETA,Assam,BARPETA,Census 2011,Census 2011,58,Assam,Barpeta,18,4,confirmed_exact_unique,confirmed,1,1.0,1.0,0,0,0,0,0,Unique exact normalized district key within confirmed boundary state
IND_ASSAM_BONGAIGAON,Assam,BONGAIGAON,Assam,BONGAIGAON,Census 2001,Census 2001,78,Assam,Bongaigaon,18,4,confirmed_exact_unique,confirmed,1,1.0,1.0,0,0,0,0,0,Unique exact normalized district key within confirmed boundary state
IND_ASSAM_BONGAIGAON,Assam,BONGAIGAON,Assam,BONGAIGAON,Census 2011,Census 2011,90,Assam,Bongaigaon,18,20,confirmed_exact_unique,confirmed,1,1.0,1.0,0,0,0,0,0,Unique exact normalized district key within confirmed boundary state
IND_ASSAM_CACHAR,Assam,CACHAR,Assam,CACHAR,Census 2001,Census 2001,81,Assam,Cachar,18,21,confirmed_exact_unique,confirmed,1,1.0,1.0,0,0,0,0,0,Unique exact normalized district key within confirmed boundary state
IND_ASSAM_CACHAR,Assam,CACHAR,Assam,CACHAR,Census 2011,Census 2011,97,Assam,Cachar,18,17,confirmed_exact_unique,confirmed,1,1.0,1.0,0,0,0,0,0,Unique exact normalized district key within confirmed boundary state
IND_ASSAM_CHIRANG,Assam,CHIRANG,Assam,CHIRANG,Census 2001,Census 2011,115,Assam,Chirang,18,21,alternate_layer_confirmed_name,working_strong,1,1.0,1.0,0,0,1,0,1,Requested Census 2001 used confirmed name match from Census 2011
IND_ASSAM_CHIRANG,Assam,CHIRANG,Assam,CHIRANG,Census 2011,Census 2011,115,Assam,Chirang,18,21,confirmed_exact_unique,confirmed,1,1.0,1.0,0,0,0,0,0,Unique exact normalized district key within confirmed boundary state
IND_ASSAM_DARRANG,Assam,DARRANG,Assam,DARRANG,Census 2001,Census 2001,126,Assam,Darrang,18,8,confirmed_exact_unique,confirmed,1,1.0,1.0,0,0,0,0,0,Unique exact normalized district key within confirmed boundary state
IND_ASSAM_DARRANG,Assam,DARRANG,Assam,DARRANG,Census 2011,Census 2011,134,Assam,Darrang,18,26,confirmed_exact_unique,confirmed,1,1.0,1.0,0,0,0,0,0,Unique exact normalized district key within confirmed boundary state
IND_ASSAM_DHEMAJI,Assam,DHEMAJI,Assam,DHEMAJI,Census 2001,Census 2001,137,Assam,Dhemaji,18,13,confirmed_exact_unique,confirmed,1,1.0,1.0,0,0,0,0,0,Unique exact normalized district key within confirmed boundary state
IND_ASSAM_DHEMAJI,Assam,DHEMAJI,Assam,DHEMAJI,Census 2011,Census 2011,150,Assam,Dhemaji,18,9,confirmed_exact_unique,confirmed,1,1.0,1.0,0,0,0,0,0,Unique exact normalized district key within confirmed boundary state
IND_ASSAM_DHUBRI,Assam,DHUBRI,Assam,DHUBRI,Census 2001,Census 2001,139,Assam,Dhubri,18,2,confirmed_exact_unique,confirmed,1,1.0,1.0,0,0,0,0,0,Unique exact normalized district key within confirmed boundary state
IND_ASSAM_DHUBRI,Assam,DHUBRI,Assam,DHUBRI,Census 2011,Census 2011,152,Assam,Dhubri,18,2,confirmed_exact_unique,confirmed,1,1.0,1.0,0,0,0,0,0,Unique exact normalized district key within confirmed boundary state
IND_ASSAM_DIBRUGARH,Assam,DIBRUGARH,Assam,DIBRUGARH,Census 2001,Census 2001,142,Assam,Dibrugarh,18,15,confirmed_exact_unique,confirmed,1,1.0,1.0,0,0,0,0,0,Unique exact normalized district key within confirmed boundary state
IND_ASSAM_DIBRUGARH,Assam,DIBRUGARH,Assam,DIBRUGARH,Census 2011,Census 2011,155,Assam,Dibrugarh,18,11,confirmed_exact_unique,confirmed,1,1.0,1.0,0,0,0,0,0,Unique exact normalized district key within confirmed boundary state
IND_ASSAM_DIMA_HASAO,Assam,DIMA HASAO,Assam,DIMA HASAO,Census 2001,Census 2011,414,Assam,Dima Hasao,18,16,alternate_layer_confirmed_name,working_strong,1,1.0,1.0,0,0,1,0,1,Requested Census 2001 used confirmed name match from Census 2011
IND_ASSAM_DIMA_HASAO,Assam,DIMA HASAO,Assam,DIMA HASAO,Census 2011,Census 2011,414,Assam,Dima Hasao,18,16,confirmed_exact_unique,confirmed,1,1.0,1.0,0,0,0,0,0,Unique exact normalized district key within confirmed boundary state
IND_ASSAM_GOALPARA,Assam,GOALPARA,Assam,GOALPARA,Census 2001,Census 2001,177,Assam,Goalpara,18,3,confirmed_exact_unique,confirmed,1,1.0,1.0,0,0,0,0,0,Unique exact normalized district key within confirmed boundary state
IND_ASSAM_GOALPARA,Assam,GOALPARA,Assam,GOALPARA,Census 2011,Census 2011,200,Assam,Goalpara,18,3,confirmed_exact_unique,confirmed,1,1.0,1.0,0,0,0,0,0,Unique exact normalized district key within confirmed boundary state
IND_ASSAM_GOLAGHAT,Assam,GOLAGHAT,Assam,GOLAGHAT,Census 2001,Census 2001,179,Assam,Golaghat,18,18,confirmed_exact_unique,confirmed,1,1.0,1.0,0,0,0,0,0,Unique exact normalized district key within confirmed boundary state
IND_ASSAM_GOLAGHAT,Assam,GOLAGHAT,Assam,GOLAGHAT,Census 2011,Census 2011,202,Assam,Golaghat,18,14,confirmed_exact_unique,confirmed,1,1.0,1.0,0,0,0,0,0,Unique exact normalized district key within confirmed boundary state
IND_ASSAM_HAILAKANDI,Assam,HAILAKANDI,Assam,HAILAKANDI,Census 2001,Census 2001,200,Assam,Hailakandi,18,23,confirmed_exact_unique,confirmed,1,1.0,1.0,0,0,0,0,0,Unique exact normalized district key within confirmed boundary state
IND_ASSAM_HAILAKANDI,Assam,HAILAKANDI,Assam,HAILAKANDI,Census 2011,Census 2011,214,Assam,Hailakandi,18,19,confirmed_exact_unique,confirmed,1,1.0,1.0,0,0,0,0,0,Unique exact normalized district key within confirmed boundary state
IND_ASSAM_JORHAT,Assam,JORHAT,Assam,JORHAT,Census 2001,Census 2001,244,Assam,Jorhat,18,17,confirmed_exact_unique,confirmed,1,1.0,1.0,0,0,0,0,0,Unique exact normalized district key within confirmed boundary state
IND_ASSAM_JORHAT,Assam,JORHAT,Assam,JORHAT,Census 2011,Census 2011,262,Assam,Jorhat,18,13,confirmed_exact_unique,confirmed,1,1.0,1.0,0,0,0,0,0,Unique exact normalized district key within confirmed boundary state
IND_ASSAM_KAMRUP,Assam,KAMRUP,Assam,KAMRUP,Census 2001,Census 2001,160,Assam,Kamrup,18,6,confirmed_exact_unique,confirmed,1,1.0,1.0,0,0,0,0,0,Unique exact normalized district key within confirmed boundary state
IND_ASSAM_KAMRUP,Assam,KAMRUP,Assam,KAMRUP,Census 2011,Census 2011,269,Assam,Kamrup,18,22,confirmed_exact_unique,confirmed,1,1.0,1.0,0,0,0,0,0,Unique exact normalized district key within confirmed boundary state
IND_ASSAM_KAMRUP_METRO,Assam,KAMRUP METRO,Assam,KAMRUP METRO,Census 2001,Census 2001,160,Assam,Kamrup,18,6,working_fuzzy_same_state,working_fallback,1,0.5,0.705882,0,0,0,0,1,Best ranked same-state fuzzy candidate; not historically confirmed
IND_ASSAM_KAMRUP_METRO,Assam,KAMRUP METRO,Assam,KAMRUP METRO,Census 2011,Census 2011,269,Assam,Kamrup,18,22,working_fuzzy_same_state,working_fallback,1,0.5,0.705882,0,0,0,0,1,Best ranked same-state fuzzy candidate; not historically confirmed
IND_ASSAM_KARBI_ANGLONG,Assam,KARBI ANGLONG,Assam,KARBI ANGLONG,Census 2001,Census 2001,165,Assam,Karbi Anglong,18,19,confirmed_exact_unique,confirmed,1,1.0,1.0,0,0,0,0,0,Unique exact normalized district key within confirmed boundary state
IND_ASSAM_KARBI_ANGLONG,Assam,KARBI ANGLONG,Assam,KARBI ANGLONG,Census 2011,Census 2011,282,Assam,Karbi Anglong,18,15,confirmed_exact_unique,confirmed,1,1.0,1.0,0,0,0,0,0,Unique exact normalized district key within confirmed boundary state
IND_ASSAM_KARIMGANJ,Assam,KARIMGANJ,Assam,KARIMGANJ,Census 2001,Census 2001,253,Assam,Karimganj,18,22,confirmed_exact_unique,confirmed,1,1.0,1.0,0,0,0,0,0,Unique exact normalized district key within confirmed boundary state
IND_ASSAM_KARIMGANJ,Assam,KARIMGANJ,Assam,KARIMGANJ,Census 2011,Census 2011,284,Assam,Karimganj,18,18,confirmed_exact_unique,confirmed,1,1.0,1.0,0,0,0,0,0,Unique exact normalized district key within confirmed boundary state
IND_ASSAM_KOKRAJHAR,Assam,KOKRAJHAR,Assam,KOKRAJHAR,Census 2001,Census 2001,299,Assam,Kokrajhar,18,1,confirmed_exact_unique,confirmed,1,1.0,1.0,0,0,0,0,0,Unique exact normalized district key within confirmed boundary state
IND_ASSAM_KOKRAJHAR,Assam,KOKRAJHAR,Assam,KOKRAJHAR,Census 2011,Census 2011,309,Assam,Kokrajhar,18,1,confirmed_exact_unique,confirmed,1,1.0,1.0,0,0,0,0,0,Unique exact normalized district key within confirmed boundary state
IND_ASSAM_LAKHIMPUR,Assam,LAKHIMPUR,Assam,LAKHIMPUR,Census 2001,Census 2001,311,Assam,Lakhimpur,18,12,confirmed_exact_unique,confirmed,1,1.0,1.0,0,0,0,0,0,Unique exact normalized district key within confirmed boundary state
IND_ASSAM_LAKHIMPUR,Assam,LAKHIMPUR,Assam,LAKHIMPUR,Census 2011,Census 2011,332,Assam,Lakhimpur,18,8,confirmed_exact_unique,confirmed,1,1.0,1.0,0,0,0,0,0,Unique exact normalized district key within confirmed boundary state
IND_ASSAM_MARIGAON,Assam,MARIGAON,Assam,MARIGAON,Census 2001,Census 2001,338,Assam,Marigaon,18,9,confirmed_exact_unique,confirmed,1,1.0,1.0,0,0,0,0,0,Unique exact normalized district key within confirmed boundary state
IND_ASSAM_MARIGAON,Assam,MARIGAON,Assam,MARIGAON,Census 2011,Census 2011,367,Assam,Marigaon,18,5,confirmed_exact_unique,confirmed,1,1.0,1.0,0,0,0,0,0,Unique exact normalized district key within confirmed boundary state
IND_ASSAM_NAGAON,Assam,NAGAON,Assam,NAGAON,Census 2001,Census 2001,333,Assam,Nagaon,18,10,confirmed_exact_unique,confirmed,1,1.0,1.0,0,0,0,0,0,Unique exact normalized district key within confirmed boundary state
IND_ASSAM_NAGAON,Assam,NAGAON,Assam,NAGAON,Census 2011,Census 2011,390,Assam,Nagaon,18,6,confirmed_exact_unique,confirmed,1,1.0,1.0,0,0,0,0,0,Unique exact normalized district key within confirmed boundary state
IND_ASSAM_NALBARI,Assam,NALBARI,Assam,NALBARI,Census 2001,Census 2001,350,Assam,Nalbari,18,7,confirmed_exact_unique,confirmed,1,1.0,1.0,0,0,0,0,0,Unique exact normalized district key within confirmed boundary state
IND_ASSAM_NALBARI,Assam,NALBARI,Assam,NALBARI,Census 2011,Census 2011,395,Assam,Nalbari,18,24,confirmed_exact_unique,confirmed,1,1.0,1.0,0,0,0,0,0,Unique exact normalized district key within confirmed boundary state
IND_ASSAM_SIVASAGAR,Assam,SIVASAGAR,Assam,SIVASAGAR,Census 2001,Census 2011,522,Assam,Sivasagar,18,12,alternate_layer_confirmed_name,working_strong,1,1.0,1.0,0,0,1,0,1,Requested Census 2001 used confirmed name match from Census 2011
IND_ASSAM_SIVASAGAR,Assam,SIVASAGAR,Assam,SIVASAGAR,Census 2011,Census 2011,522,Assam,Sivasagar,18,12,confirmed_exact_unique,confirmed,1,1.0,1.0,0,0,0,0,0,Unique exact normalized district key within confirmed boundary state
IND_ASSAM_SONITPUR,Assam,SONITPUR,Assam,SONITPUR,Census 2001,Census 2001,484,Assam,Sonitpur,18,11,confirmed_exact_unique,confirmed,1,1.0,1.0,0,0,0,0,0,Unique exact normalized district key within confirmed boundary state
IND_ASSAM_SONITPUR,Assam,SONITPUR,Assam,SONITPUR,Census 2011,Census 2011,541,Assam,Sonitpur,18,7,confirmed_exact_unique,confirmed,1,1.0,1.0,0,0,0,0,0,Unique exact normalized district key within confirmed boundary state
IND_ASSAM_TINSUKIA,Assam,TINSUKIA,Assam,TINSUKIA,Census 2001,Census 2001,497,Assam,Tinsukia,18,14,confirmed_exact_unique,confirmed,1,1.0,1.0,0,0,0,0,0,Unique exact normalized district key within confirmed boundary state
IND_ASSAM_TINSUKIA,Assam,TINSUKIA,Assam,TINSUKIA,Census 2011,Census 2011,573,Assam,Tinsukia,18,10,confirmed_exact_unique,confirmed,1,1.0,1.0,0,0,0,0,0,Unique exact normalized district key within confirmed boundary state
IND_ASSAM_UDALGURI,Assam,UDALGURI,Assam,UDALGURI,Census 2001,Census 2011,583,Assam,Udalguri,18,27,alternate_layer_confirmed_name,working_strong,1,1.0,1.0,0,0,1,0,1,Requested Census 2001 used confirmed name match from Census 2011
IND_ASSAM_UDALGURI,Assam,UDALGURI,Assam,UDALGURI,Census 2011,Census 2011,583,Assam,Udalguri,18,27,confirmed_exact_unique,confirmed,1,1.0,1.0,0,0,0,0,0,Unique exact normalized district key within confirmed boundary state
IND_BIHAR_ARARIA,Bihar,ARARIA,Bihar,ARARIA,Census 2001,Census 2001,4,Bihar,Araria,10,7,confirmed_exact_unique,confirmed,1,1.0,1.0,0,0,0,0,0,Unique exact normalized district key within confirmed boundary state
IND_BIHAR_ARARIA,Bihar,ARARIA,Bihar,ARARIA,Census 2011,Census 2011,24,Bihar,Araria,10,7,confirmed_exact_unique,confirmed,1,1.0,1.0,0,0,0,0,0,Unique exact normalized district key within confirmed boundary state
IND_BIHAR_ARWAL,Bihar,ARWAL,Bihar,ARWAL,Census 2001,Census 2011,630,Bihar,Arwal,10,38,alternate_layer_confirmed_name,working_strong,1,1.0,1.0,0,0,1,0,1,Requested Census 2001 used confirmed name match from Census 2011
IND_BIHAR_ARWAL,Bihar,ARWAL,Bihar,ARWAL,Census 2011,Census 2011,630,Bihar,Arwal,10,38,confirmed_exact_unique,confirmed,1,1.0,1.0,0,0,0,0,0,Unique exact normalized district key within confirmed boundary state
IND_BIHAR_AURANGABAD,Bihar,AURANGABAD,Bihar,AURANGABAD,Census 2001,Census 2001,7,Bihar,Aurangabad,10,34,confirmed_exact_unique,confirmed,1,1.0,1.0,0,0,0,0,0,Unique exact normalized district key within confirmed boundary state
IND_BIHAR_AURANGABAD,Bihar,AURANGABAD,Bihar,AURANGABAD,Census 2011,Census 2011,28,Bihar,Aurangabad,10,33,confirmed_exact_unique,confirmed,1,1.0,1.0,0,0,0,0,0,Unique exact normalized district key within confirmed boundary state
IND_BIHAR_BANKA,Bihar,BANKA,Bihar,BANKA,Census 2001,Census 2001,31,Bihar,Banka,10,23,confirmed_exact_unique,confirmed,1,1.0,1.0,0,0,0,0,0,Unique exact normalized district key within confirmed boundary state
IND_BIHAR_BANKA,Bihar,BANKA,Bihar,BANKA,Census 2011,Census 2011,47,Bihar,Banka,10,23,confirmed_exact_unique,confirmed,1,1.0,1.0,0,0,0,0,0,Unique exact normalized district key within confirmed boundary state
IND_BIHAR_BEGUSARAI,Bihar,BEGUSARAI,Bihar,BEGUSARAI,Census 2001,Census 2001,59,Bihar,Begusarai,10,20,confirmed_exact_unique,confirmed,1,1.0,1.0,0,0,0,0,0,Unique exact normalized district key within confirmed boundary state
IND_BIHAR_BEGUSARAI,Bihar,BEGUSARAI,Bihar,BEGUSARAI,Census 2011,Census 2011,64,Bihar,Begusarai,10,20,confirmed_exact_unique,confirmed,1,1.0,1.0,0,0,0,0,0,Unique exact normalized district key within confirmed boundary state
IND_BIHAR_BHAGALPUR,Bihar,BHAGALPUR,Bihar,BHAGALPUR,Census 2001,Census 2001,39,Bihar,Bhagalpur,10,22,confirmed_exact_unique,confirmed,1,1.0,1.0,0,0,0,0,0,Unique exact normalized district key within confirmed boundary state
IND_BIHAR_BHAGALPUR,Bihar,BHAGALPUR,Bihar,BHAGALPUR,Census 2011,Census 2011,69,Bihar,Bhagalpur,10,22,confirmed_exact_unique,confirmed,1,1.0,1.0,0,0,0,0,0,Unique exact normalized district key within confirmed boundary state
IND_BIHAR_BHOJPUR,Bihar,BHOJPUR,Bihar,BHOJPUR,Census 2001,Census 2001,556,Bihar,Bhojpur,10,29,confirmed_exact_unique,confirmed,1,1.0,1.0,0,0,0,0,0,Unique exact normalized district key within confirmed boundary state
IND_BIHAR_BHOJPUR,Bihar,BHOJPUR,Bihar,BHOJPUR,Census 2011,Census 2011,77,Bihar,Bhojpur,10,29,confirmed_exact_unique,confirmed,1,1.0,1.0,0,0,0,0,0,Unique exact normalized district key within confirmed boundary state
IND_BIHAR_BOKARO,Bihar,BOKARO,Bihar,BOKARO,Census 2001,Census 2001,31,Bihar,Banka,10,23,working_fuzzy_same_state,working_fallback,1,0.0,0.545455,0,0,0,0,1,Best ranked same-state fuzzy candidate; not historically confirmed
IND_BIHAR_BOKARO,Bihar,BOKARO,Bihar,BOKARO,Census 2011,Census 2011,47,Bihar,Banka,10,23,working_fuzzy_same_state,working_fallback,1,0.0,0.545455,0,0,0,0,1,Best ranked same-state fuzzy candidate; not historically confirmed
IND_BIHAR_BUXAR,Bihar,BUXAR,Bihar,BUXAR,Census 2001,Census 2001,557,Bihar,Buxar,10,30,confirmed_exact_unique,confirmed,1,1.0,1.0,0,0,0,0,0,Unique exact normalized district key within confirmed boundary state
IND_BIHAR_BUXAR,Bihar,BUXAR,Bihar,BUXAR,Census 2011,Census 2011,96,Bihar,Buxar,10,30,confirmed_exact_unique,confirmed,1,1.0,1.0,0,0,0,0,0,Unique exact normalized district key within confirmed boundary state
IND_BIHAR_CHATRA,Bihar,CHATRA,Bihar,CHATRA,Census 2001,Census 2001,448,Bihar,Saharsa,10,12,working_fuzzy_same_state,working_fallback,1,0.0,0.615385,0,0,0,0,1,Best ranked same-state fuzzy candidate; not historically confirmed
IND_BIHAR_CHATRA,Bihar,CHATRA,Bihar,CHATRA,Census 2011,Census 2011,490,Bihar,Saharsa,10,12,working_fuzzy_same_state,working_fallback,1,0.0,0.615385,0,0,0,0,1,Best ranked same-state fuzzy candidate; not historically confirmed
IND_BIHAR_DARBHANGA,Bihar,DARBHANGA,Bihar,DARBHANGA,Census 2001,Census 2001,124,Bihar,Darbhanga,10,13,confirmed_exact_unique,confirmed,1,1.0,1.0,0,0,0,0,0,Unique exact normalized district key within confirmed boundary state
IND_BIHAR_DARBHANGA,Bihar,DARBHANGA,Bihar,DARBHANGA,Census 2011,Census 2011,132,Bihar,Darbhanga,10,13,confirmed_exact_unique,confirmed,1,1.0,1.0,0,0,0,0,0,Unique exact normalized district key within confirmed boundary state
IND_BIHAR_DEOGHAR,Bihar,DEOGHAR,Bihar,DEOGHAR,Census 2001,Census 2001,429,Bihar,Sheohar,10,3,working_fuzzy_same_state,working_fallback,1,0.0,0.714286,0,0,0,0,1,Best ranked same-state fuzzy candidate; not historically confirmed
IND_BIHAR_DEOGHAR,Bihar,DEOGHAR,Bihar,DEOGHAR,Census 2011,Census 2011,515,Bihar,Sheohar,10,3,working_fuzzy_same_state,working_fallback,1,0.0,0.714286,0,0,0,0,1,Best ranked same-state fuzzy candidate; not historically confirmed
IND_BIHAR_DHANBAD,Bihar,DHANBAD,Bihar,DHANBAD,Census 2001,Census 2001,564,Bihar,Jehanabad,10,33,working_fuzzy_same_state,working_fallback,1,0.0,0.75,0,0,0,0,1,Best ranked same-state fuzzy candidate; not historically confirmed
IND_BIHAR_DHANBAD,Bihar,DHANBAD,Bihar,DHANBAD,Census 2011,Census 2011,631,Bihar,Jehanabad,10,37,working_fuzzy_same_state,working_fallback,1,0.0,0.75,0,0,0,0,1,Best ranked same-state fuzzy candidate; not historically confirmed
IND_BIHAR_DUMKA,Bihar,DUMKA,Bihar,DUMKA,Census 2001,Census 2001,317,Bihar,Madhepura,10,11,working_fuzzy_same_state,working_fallback,1,0.0,0.428571,0,0,0,0,1,Best ranked same-state fuzzy candidate; not historically confirmed
IND_BIHAR_DUMKA,Bihar,DUMKA,Bihar,DUMKA,Census 2011,Census 2011,347,Bihar,Madhepura,10,11,working_fuzzy_same_state,working_fallback,1,0.0,0.428571,0,0,0,0,1,Best ranked same-state fuzzy candidate; not historically confirmed
IND_BIHAR_EAST_SINGHBUM,Bihar,EAST SINGHBUM,Bihar,EAST SINGHBUM,Census 2001,Census 2001,413,Bihar,Samastipur,10,19,working_fuzzy_same_state,working_fallback,1,0.0,0.454545,0,0,0,1,1,Best ranked same-state fuzzy candidate; not historically confirmed
IND_BIHAR_EAST_SINGHBUM,Bihar,EAST SINGHBUM,Bihar,EAST SINGHBUM,Census 2011,Census 2011,495,Bihar,Samastipur,10,19,working_fuzzy_same_state,working_fallback,1,0.0,0.454545,0,0,0,1,1,Best ranked same-state fuzzy candidate; not historically confirmed
IND_BIHAR_GARHWA,Bihar,GARHWA,Bihar,GARHWA,Census 2001,Census 2001,555,Bihar,Gaya,10,35,working_fuzzy_same_state,working_fallback,1,0.0,0.6,0,0,0,1,1,Best ranked same-state fuzzy candidate; not historically confirmed
IND_BIHAR_GARHWA,Bihar,GARHWA,Bihar,GARHWA,Census 2011,Census 2011,630,Bihar,Arwal,10,38,working_fuzzy_same_state,working_fallback,1,0.0,0.727273,0,0,0,0,1,Best ranked same-state fuzzy candidate; not historically confirmed
IND_BIHAR_GAYA,Bihar,GAYA,Bihar,GAYA,Census 2001,Census 2001,555,Bihar,Gaya,10,35,confirmed_exact_unique,confirmed,1,1.0,1.0,0,0,0,0,0,Unique exact normalized district key within confirmed boundary state
IND_BIHAR_GAYA,Bihar,GAYA,Bihar,GAYA,Census 2011,Census 2011,196,Bihar,Gaya,10,34,confirmed_exact_unique,confirmed,1,1.0,1.0,0,0,0,0,0,Unique exact normalized district key within confirmed boundary state
IND_BIHAR_GIRIDIH,Bihar,GIRIDIH,Bihar,GIRIDIH,Census 2001,Census 2001,285,Bihar,Khagaria,10,21,working_fuzzy_same_state,working_fallback,1,0.0,0.4,0,0,0,1,1,Best ranked same-state fuzzy candidate; not historically confirmed
IND_BIHAR_GIRIDIH,Bihar,GIRIDIH,Bihar,GIRIDIH,Census 2011,Census 2011,295,Bihar,Khagaria,10,21,working_fuzzy_same_state,working_fallback,1,0.0,0.4,0,0,0,1,1,Best ranked same-state fuzzy candidate; not historically confirmed
IND_BIHAR_GODDA,Bihar,GODDA,Bihar,GODDA,Census 2001,Census 2001,555,Bihar,Gaya,10,35,working_fuzzy_same_state,working_fallback,1,0.0,0.444444,0,0,0,1,1,Best ranked same-state fuzzy candidate; not historically confirmed
IND_BIHAR_GODDA,Bihar,GODDA,Bihar,GODDA,Census 2011,Census 2011,196,Bihar,Gaya,10,34,working_fuzzy_same_state,working_fallback,1,0.0,0.444444,0,0,0,1,1,Best ranked same-state fuzzy candidate; not historically confirmed
IND_BIHAR_GOPALGANJ,Bihar,GOPALGANJ,Bihar,GOPALGANJ,Census 2001,Census 2001,187,Bihar,Gopalganj,10,15,confirmed_exact_unique,confirmed,1,1.0,1.0,0,0,0,0,0,Unique exact normalized district key within confirmed boundary state
IND_BIHAR_GOPALGANJ,Bihar,GOPALGANJ,Bihar,GOPALGANJ,Census 2011,Census 2011,205,Bihar,Gopalganj,10,15,confirmed_exact_unique,confirmed,1,1.0,1.0,0,0,0,0,0,Unique exact normalized district key within confirmed boundary state
IND_BIHAR_GUMLA,Bihar,GUMLA,Bihar,GUMLA,Census 2001,Census 2001,555,Bihar,Gaya,10,35,working_fuzzy_same_state,working_fallback,1,0.0,0.444444,0,0,0,1,1,Best ranked same-state fuzzy candidate; not historically confirmed
IND_BIHAR_GUMLA,Bihar,GUMLA,Bihar,GUMLA,Census 2011,Census 2011,196,Bihar,Gaya,10,34,working_fuzzy_same_state,working_fallback,1,0.0,0.444444,0,0,0,1,1,Best ranked same-state fuzzy candidate; not historically confirmed
IND_BIHAR_HAZARIBAGH,Bihar,HAZARIBAGH,Bihar,HAZARIBAGH,Census 2001,Census 2001,285,Bihar,Khagaria,10,21,working_fuzzy_same_state,working_fallback,1,0.0,0.666667,0,0,0,1,1,Best ranked same-state fuzzy candidate; not historically confirmed
IND_BIHAR_HAZARIBAGH,Bihar,HAZARIBAGH,Bihar,HAZARIBAGH,Census 2011,Census 2011,295,Bihar,Khagaria,10,21,working_fuzzy_same_state,working_fallback,1,0.0,0.666667,0,0,0,1,1,Best ranked same-state fuzzy candidate; not historically confirmed
IND_BIHAR_JAMUI,Bihar,JAMUI,Bihar,JAMUI,Census 2001,Census 2001,235,Bihar,Jamui,10,37,confirmed_exact_unique,confirmed,1,1.0,1.0,0,0,0,0,0,Unique exact normalized district key within confirmed boundary state
IND_BIHAR_JAMUI,Bihar,JAMUI,Bihar,JAMUI,Census 2011,Census 2011,251,Bihar,Jamui,10,36,confirmed_exact_unique,confirmed,1,1.0,1.0,0,0,0,0,0,Unique exact normalized district key within confirmed boundary state
IND_BIHAR_JEHANABAD,Bihar,JEHANABAD,Bihar,JEHANABAD,Census 2001,Census 2001,564,Bihar,Jehanabad,10,33,confirmed_exact_unique,confirmed,1,1.0,1.0,0,0,0,0,0,Unique exact normalized district key within confirmed boundary state
IND_BIHAR_JEHANABAD,Bihar,JEHANABAD,Bihar,JEHANABAD,Census 2011,Census 2011,631,Bihar,Jehanabad,10,37,confirmed_exact_unique,confirmed,1,1.0,1.0,0,0,0,0,0,Unique exact normalized district key within confirmed boundary state
IND_BIHAR_KAIMUR_BHABUA,Bihar,KAIMUR (BHABUA),Bihar,KAIMUR (BHABUA),Census 2001,Census 2001,553,Bihar,Kaimur (Bhabua),10,31,confirmed_exact_unique,confirmed,1,1.0,1.0,0,0,0,0,0,Unique exact normalized district key within confirmed boundary state
IND_BIHAR_KAIMUR_BHABUA,Bihar,KAIMUR (BHABUA),Bihar,KAIMUR (BHABUA),Census 2011,Census 2011,266,Bihar,Kaimur (bhabua),10,31,confirmed_exact_unique,confirmed,1,1.0,1.0,0,0,0,0,0,Unique exact normalized district key within confirmed boundary state
IND_BIHAR_KATIHAR,Bihar,KATIHAR,Bihar,KATIHAR,Census 2001,Census 2001,107,Bihar,Katihar,10,10,confirmed_exact_unique,confirmed,1,1.0,1.0,0,0,0,0,0,Unique exact normalized district key within confirmed boundary state
IND_BIHAR_KATIHAR,Bihar,KATIHAR,Bihar,KATIHAR,Census 2011,Census 2011,290,Bihar,Katihar,10,10,confirmed_exact_unique,confirmed,1,1.0,1.0,0,0,0,0,0,Unique exact normalized district key within confirmed boundary state
IND_BIHAR_KHAGARIA,Bihar,KHAGARIA,Bihar,KHAGARIA,Census 2001,Census 2001,285,Bihar,Khagaria,10,21,confirmed_exact_unique,confirmed,1,1.0,1.0,0,0,0,0,0,Unique exact normalized district key within confirmed boundary state
IND_BIHAR_KHAGARIA,Bihar,KHAGARIA,Bihar,KHAGARIA,Census 2011,Census 2011,295,Bihar,Khagaria,10,21,confirmed_exact_unique,confirmed,1,1.0,1.0,0,0,0,0,0,Unique exact normalized district key within confirmed boundary state
IND_BIHAR_KISHANGANJ,Bihar,KISHANGANJ,Bihar,KISHANGANJ,Census 2001,Census 2001,262,Bihar,Kishanganj,10,8,confirmed_exact_unique,confirmed,1,1.0,1.0,0,0,0,0,0,Unique exact normalized district key within confirmed boundary state
IND_BIHAR_KISHANGANJ,Bihar,KISHANGANJ,Bihar,KISHANGANJ,Census 2011,Census 2011,303,Bihar,Kishanganj,10,8,confirmed_exact_unique,confirmed,1,1.0,1.0,0,0,0,0,0,Unique exact normalized district key within confirmed boundary state
IND_BIHAR_KODERMA,Bihar,KODERMA,Bihar,KODERMA,Census 2001,Census 2001,285,Bihar,Khagaria,10,21,working_fuzzy_same_state,working_fallback,1,0.0,0.4,0,0,0,1,1,Best ranked same-state fuzzy candidate; not historically confirmed
IND_BIHAR_KODERMA,Bihar,KODERMA,Bihar,KODERMA,Census 2011,Census 2011,295,Bihar,Khagaria,10,21,working_fuzzy_same_state,working_fallback,1,0.0,0.4,0,0,0,1,1,Best ranked same-state fuzzy candidate; not historically confirmed
IND_BIHAR_LAKHISARAI,Bihar,LAKHISARAI,Bihar,LAKHISARAI,Census 2001,Census 2001,312,Bihar,Lakhisarai,10,25,confirmed_exact_unique,confirmed,1,1.0,1.0,0,0,0,0,0,Unique exact normalized district key within confirmed boundary state
IND_BIHAR_LAKHISARAI,Bihar,LAKHISARAI,Bihar,LAKHISARAI,Census 2011,Census 2011,333,Bihar,Lakhisarai,10,25,confirmed_exact_unique,confirmed,1,1.0,1.0,0,0,0,0,0,Unique exact normalized district key within confirmed boundary state
IND_BIHAR_LOHARDAGA,Bihar,LOHARDAGA,Bihar,LOHARDAGA,Census 2001,Census 2001,4,Bihar,Araria,10,7,working_fuzzy_same_state,working_fallback,1,0.0,0.533333,0,0,0,0,1,Best ranked same-state fuzzy candidate; not historically confirmed
IND_BIHAR_LOHARDAGA,Bihar,LOHARDAGA,Bihar,LOHARDAGA,Census 2011,Census 2011,24,Bihar,Araria,10,7,working_fuzzy_same_state,working_fallback,1,0.0,0.533333,0,0,0,0,1,Best ranked same-state fuzzy candidate; not historically confirmed
IND_BIHAR_MADHEPURA,Bihar,MADHEPURA,Bihar,MADHEPURA,Census 2001,Census 2001,317,Bihar,Madhepura,10,11,confirmed_exact_unique,confirmed,1,1.0,1.0,0,0,0,0,0,Unique exact normalized district key within confirmed boundary state
IND_BIHAR_MADHEPURA,Bihar,MADHEPURA,Bihar,MADHEPURA,Census 2011,Census 2011,347,Bihar,Madhepura,10,11,confirmed_exact_unique,confirmed,1,1.0,1.0,0,0,0,0,0,Unique exact normalized district key within confirmed boundary state
IND_BIHAR_MADHUBANI,Bihar,MADHUBANI,Bihar,MADHUBANI,Census 2001,Census 2001,307,Bihar,Madhubani,10,5,confirmed_exact_unique,confirmed,1,1.0,1.0,0,0,0,0,0,Unique exact normalized district key within confirmed boundary state
IND_BIHAR_MADHUBANI,Bihar,MADHUBANI,Bihar,MADHUBANI,Census 2011,Census 2011,348,Bihar,Madhubani,10,5,confirmed_exact_unique,confirmed,1,1.0,1.0,0,0,0,0,0,Unique exact normalized district key within confirmed boundary state
IND_BIHAR_MUNGER,Bihar,MUNGER,Bihar,MUNGER,Census 2001,Census 2001,348,Bihar,Munger,10,24,confirmed_exact_unique,confirmed,1,1.0,1.0,0,0,0,0,0,Unique exact normalized district key within confirmed boundary state
IND_BIHAR_MUNGER,Bihar,MUNGER,Bihar,MUNGER,Census 2011,Census 2011,383,Bihar,Munger,10,24,confirmed_exact_unique,confirmed,1,1.0,1.0,0,0,0,0,0,Unique exact normalized district key within confirmed boundary state
IND_BIHAR_MUZAFFARPUR,Bihar,MUZAFFARPUR,Bihar,MUZAFFARPUR,Census 2001,Census 2001,272,Bihar,Muzaffarpur,10,14,confirmed_exact_unique,confirmed,1,1.0,1.0,0,0,0,0,0,Unique exact normalized district key within confirmed boundary state
IND_BIHAR_MUZAFFARPUR,Bihar,MUZAFFARPUR,Bihar,MUZAFFARPUR,Census 2011,Census 2011,386,Bihar,Muzaffarpur,10,14,confirmed_exact_unique,confirmed,1,1.0,1.0,0,0,0,0,0,Unique exact normalized district key within confirmed boundary state
IND_BIHAR_NALANDA,Bihar,NALANDA,Bihar,NALANDA,Census 2001,Census 2001,349,Bihar,Nalanda,10,27,confirmed_exact_unique,confirmed,1,1.0,1.0,0,0,0,0,0,Unique exact normalized district key within confirmed boundary state
IND_BIHAR_NALANDA,Bihar,NALANDA,Bihar,NALANDA,Census 2011,Census 2011,394,Bihar,Nalanda,10,27,confirmed_exact_unique,confirmed,1,1.0,1.0,0,0,0,0,0,Unique exact normalized district key within confirmed boundary state
IND_BIHAR_NAWADA,Bihar,NAWADA,Bihar,NAWADA,Census 2001,Census 2001,364,Bihar,Nawada,10,36,confirmed_exact_unique,confirmed,1,1.0,1.0,0,0,0,0,0,Unique exact normalized district key within confirmed boundary state
IND_BIHAR_NAWADA,Bihar,NAWADA,Bihar,NAWADA,Census 2011,Census 2011,405,Bihar,Nawada,10,35,confirmed_exact_unique,confirmed,1,1.0,1.0,0,0,0,0,0,Unique exact normalized district key within confirmed boundary state
IND_BIHAR_PAKUR,Bihar,PAKUR,Bihar,PAKUR,Census 2001,Census 2001,279,Bihar,Purnia,10,9,working_fuzzy_same_state,working_fallback,1,0.0,0.545455,0,0,0,0,1,Best ranked same-state fuzzy candidate; not historically confirmed
IND_BIHAR_PAKUR,Bihar,PAKUR,Bihar,PAKUR,Census 2011,Census 2011,456,Bihar,Purnia,10,9,working_fuzzy_same_state,working_fallback,1,0.0,0.545455,0,0,0,0,1,Best ranked same-state fuzzy candidate; not historically confirmed
IND_BIHAR_PALAMU,Bihar,PALAMU,Bihar,PALAMU,Census 2001,Census 2001,235,Bihar,Jamui,10,37,working_fuzzy_same_state,working_fallback,1,0.0,0.545455,0,0,0,0,1,Best ranked same-state fuzzy candidate; not historically confirmed
IND_BIHAR_PALAMU,Bihar,PALAMU,Bihar,PALAMU,Census 2011,Census 2011,251,Bihar,Jamui,10,36,working_fuzzy_same_state,working_fallback,1,0.0,0.545455,0,0,0,0,1,Best ranked same-state fuzzy candidate; not historically confirmed
IND_BIHAR_PASHCHIM_CHAMPARAN,Bihar,PASHCHIM CHAMPARAN,Bihar,PASHCHIM CHAMPARAN,Census 2001,Census 2001,381,Bihar,Pashchim Champaran,10,1,confirmed_exact_unique,confirmed,1,1.0,1.0,0,0,0,0,0,Unique exact normalized district key within confirmed boundary state
IND_BIHAR_PASHCHIM_CHAMPARAN,Bihar,PASHCHIM CHAMPARAN,Bihar,PASHCHIM CHAMPARAN,Census 2011,Census 2011,432,Bihar,Pashchim Champaran,10,1,confirmed_exact_unique,confirmed,1,1.0,1.0,0,0,0,0,0,Unique exact normalized district key within confirmed boundary state
IND_BIHAR_PATNA,Bihar,PATNA,Bihar,PATNA,Census 2001,Census 2001,387,Bihar,Patna,10,28,confirmed_exact_unique,confirmed,1,1.0,1.0,0,0,0,0,0,Unique exact normalized district key within confirmed boundary state
IND_BIHAR_PATNA,Bihar,PATNA,Bihar,PATNA,Census 2011,Census 2011,438,Bihar,Patna,10,28,confirmed_exact_unique,confirmed,1,1.0,1.0,0,0,0,0,0,Unique exact normalized district key within confirmed boundary state
IND_BIHAR_PURBI_CHAMPARAN,Bihar,PURBI CHAMPARAN,Bihar,PURBI CHAMPARAN,Census 2001,Census 2001,327,Bihar,Purba Champaran,10,2,working_fuzzy_same_state,working_fallback,1,0.333333,0.928571,0,0,0,0,1,Best ranked same-state fuzzy candidate; not historically confirmed
IND_BIHAR_PURBI_CHAMPARAN,Bihar,PURBI CHAMPARAN,Bihar,PURBI CHAMPARAN,Census 2011,Census 2011,452,Bihar,Purba Champaran,10,2,working_fuzzy_same_state,working_fallback,1,0.333333,0.928571,0,0,0,0,1,Best ranked same-state fuzzy candidate; not historically confirmed
IND_BIHAR_PURNIA,Bihar,PURNIA,Bihar,PURNIA,Census 2001,Census 2001,279,Bihar,Purnia,10,9,confirmed_exact_unique,confirmed,1,1.0,1.0,0,0,0,0,0,Unique exact normalized district key within confirmed boundary state
IND_BIHAR_PURNIA,Bihar,PURNIA,Bihar,PURNIA,Census 2011,Census 2011,456,Bihar,Purnia,10,9,confirmed_exact_unique,confirmed,1,1.0,1.0,0,0,0,0,0,Unique exact normalized district key within confirmed boundary state
IND_BIHAR_RANCHI,Bihar,RANCHI,Bihar,RANCHI,Census 2001,Census 2001,102,Bihar,Saran,10,17,working_fuzzy_same_state,working_fallback,1,0.0,0.545455,0,0,0,0,1,Best ranked same-state fuzzy candidate; not historically confirmed
IND_BIHAR_RANCHI,Bihar,RANCHI,Bihar,RANCHI,Census 2011,Census 2011,503,Bihar,Saran (chhapra),10,17,working_fuzzy_same_state,working_fallback,1,0.0,0.555556,0,0,0,0,1,Best ranked same-state fuzzy candidate; not historically confirmed
IND_BIHAR_ROHTAS,Bihar,ROHTAS,Bihar,ROHTAS,Census 2001,Census 2001,570,Bihar,Rohtas,10,32,confirmed_exact_unique,confirmed,1,1.0,1.0,0,0,0,0,0,Unique exact normalized district key within confirmed boundary state
IND_BIHAR_ROHTAS,Bihar,ROHTAS,Bihar,ROHTAS,Census 2011,Census 2011,484,Bihar,Rohtas,10,32,confirmed_exact_unique,confirmed,1,1.0,1.0,0,0,0,0,0,Unique exact normalized district key within confirmed boundary state
IND_BIHAR_SAHARSA,Bihar,SAHARSA,Bihar,SAHARSA,Census 2001,Census 2001,448,Bihar,Saharsa,10,12,confirmed_exact_unique,confirmed,1,1.0,1.0,0,0,0,0,0,Unique exact normalized district key within confirmed boundary state
IND_BIHAR_SAHARSA,Bihar,SAHARSA,Bihar,SAHARSA,Census 2011,Census 2011,490,Bihar,Saharsa,10,12,confirmed_exact_unique,confirmed,1,1.0,1.0,0,0,0,0,0,Unique exact normalized district key within confirmed boundary state
IND_BIHAR_SAHEBGANJ,Bihar,SAHEBGANJ,Bihar,SAHEBGANJ,Census 2001,Census 2001,262,Bihar,Kishanganj,10,8,working_fuzzy_same_state,working_fallback,1,0.0,0.631579,0,0,0,0,1,Best ranked same-state fuzzy candidate; not historically confirmed
IND_BIHAR_SAHEBGANJ,Bihar,SAHEBGANJ,Bihar,SAHEBGANJ,Census 2011,Census 2011,303,Bihar,Kishanganj,10,8,working_fuzzy_same_state,working_fallback,1,0.0,0.631579,0,0,0,0,1,Best ranked same-state fuzzy candidate; not historically confirmed
IND_BIHAR_SAMASTIPUR,Bihar,SAMASTIPUR,Bihar,SAMASTIPUR,Census 2001,Census 2001,413,Bihar,Samastipur,10,19,confirmed_exact_unique,confirmed,1,1.0,1.0,0,0,0,0,0,Unique exact normalized district key within confirmed boundary state
IND_BIHAR_SAMASTIPUR,Bihar,SAMASTIPUR,Bihar,SAMASTIPUR,Census 2011,Census 2011,495,Bihar,Samastipur,10,19,confirmed_exact_unique,confirmed,1,1.0,1.0,0,0,0,0,0,Unique exact normalized district key within confirmed boundary state
IND_BIHAR_SARAN,Bihar,SARAN,Bihar,SARAN,Census 2001,Census 2001,102,Bihar,Saran,10,17,confirmed_exact_unique,confirmed,1,1.0,1.0,0,0,0,0,0,Unique exact normalized district key within confirmed boundary state
IND_BIHAR_SARAN,Bihar,SARAN,Bihar,SARAN,Census 2011,Census 2001,102,Bihar,Saran,10,17,alternate_layer_confirmed_name,working_strong,1,1.0,1.0,0,0,1,0,1,Requested Census 2011 used confirmed name match from Census 2001
IND_BIHAR_SHEIKHPURA,Bihar,SHEIKHPURA,Bihar,SHEIKHPURA,Census 2001,Census 2001,428,Bihar,Sheikhpura,10,26,confirmed_exact_unique,confirmed,1,1.0,1.0,0,0,0,0,0,Unique exact normalized district key within confirmed boundary state
IND_BIHAR_SHEIKHPURA,Bihar,SHEIKHPURA,Bihar,SHEIKHPURA,Census 2011,Census 2011,514,Bihar,Sheikhpura,10,26,confirmed_exact_unique,confirmed,1,1.0,1.0,0,0,0,0,0,Unique exact normalized district key within confirmed boundary state
IND_BIHAR_SHEOHAR,Bihar,SHEOHAR,Bihar,SHEOHAR,Census 2001,Census 2001,429,Bihar,Sheohar,10,3,confirmed_exact_unique,confirmed,1,1.0,1.0,0,0,0,0,0,Unique exact normalized district key within confirmed boundary state
IND_BIHAR_SHEOHAR,Bihar,SHEOHAR,Bihar,SHEOHAR,Census 2011,Census 2011,515,Bihar,Sheohar,10,3,confirmed_exact_unique,confirmed,1,1.0,1.0,0,0,0,0,0,Unique exact normalized district key within confirmed boundary state
IND_BIHAR_SITAMARHI,Bihar,SITAMARHI,Bihar,SITAMARHI,Census 2001,Census 2001,453,Bihar,Sitamarhi,10,4,confirmed_exact_unique,confirmed,1,1.0,1.0,0,0,0,0,0,Unique exact normalized district key within confirmed boundary state
IND_BIHAR_SITAMARHI,Bihar,SITAMARHI,Bihar,SITAMARHI,Census 2011,Census 2011,532,Bihar,Sitamarhi,10,4,confirmed_exact_unique,confirmed,1,1.0,1.0,0,0,0,0,0,Unique exact normalized district key within confirmed boundary state
IND_BIHAR_SIWAN,Bihar,SIWAN,Bihar,SIWAN,Census 2001,Census 2001,456,Bihar,Siwan,10,16,confirmed_exact_unique,confirmed,1,1.0,1.0,0,0,0,0,0,Unique exact normalized district key within confirmed boundary state
IND_BIHAR_SIWAN,Bihar,SIWAN,Bihar,SIWAN,Census 2011,Census 2011,535,Bihar,Siwan,10,16,confirmed_exact_unique,confirmed,1,1.0,1.0,0,0,0,0,0,Unique exact normalized district key within confirmed boundary state
IND_BIHAR_SUPAUL,Bihar,SUPAUL,Bihar,SUPAUL,Census 2001,Census 2001,461,Bihar,Supaul,10,6,confirmed_exact_unique,confirmed,1,1.0,1.0,0,0,0,0,0,Unique exact normalized district key within confirmed boundary state
IND_BIHAR_SUPAUL,Bihar,SUPAUL,Bihar,SUPAUL,Census 2011,Census 2011,553,Bihar,Supaul,10,6,confirmed_exact_unique,confirmed,1,1.0,1.0,0,0,0,0,0,Unique exact normalized district key within confirmed boundary state
IND_BIHAR_VAISHALI,Bihar,VAISHALI,Bihar,VAISHALI,Census 2001,Census 2001,521,Bihar,Vaishali,10,18,confirmed_exact_unique,confirmed,1,1.0,1.0,0,0,0,0,0,Unique exact normalized district key within confirmed boundary state
IND_BIHAR_VAISHALI,Bihar,VAISHALI,Bihar,VAISHALI,Census 2011,Census 2011,598,Bihar,Vaishali,10,18,confirmed_exact_unique,confirmed,1,1.0,1.0,0,0,0,0,0,Unique exact normalized district key within confirmed boundary state
IND_BIHAR_WEST_SINGHBHUM,Bihar,WEST SINGHBHUM,Bihar,WEST SINGHBHUM,Census 2001,Census 2001,413,Bihar,Samastipur,10,19,working_fuzzy_same_state,working_fallback,1,0.0,0.347826,0,0,0,1,1,Best ranked same-state fuzzy candidate; not historically confirmed
IND_BIHAR_WEST_SINGHBHUM,Bihar,WEST SINGHBHUM,Bihar,WEST SINGHBHUM,Census 2011,Census 2011,495,Bihar,Samastipur,10,19,working_fuzzy_same_state,working_fallback,1,0.0,0.347826,0,0,0,1,1,Best ranked same-state fuzzy candidate; not historically confirmed
IND_CHANDIGARH_CHANDIGARH,Chandigarh,CHANDIGARH,Chandigarh,CHANDIGARH,Census 2001,Census 2001,98,Chandigarh,Chandigarh,4,1,confirmed_exact_unique,confirmed,1,1.0,1.0,0,0,0,0,0,Unique exact normalized district key within confirmed boundary state
IND_CHANDIGARH_CHANDIGARH,Chandigarh,CHANDIGARH,Chandigarh,CHANDIGARH,Census 2011,Census 2011,106,Chandigarh,Chandigarh,4,1,confirmed_exact_unique,confirmed,1,1.0,1.0,0,0,0,0,0,Unique exact normalized district key within confirmed boundary state
IND_CHHATTISGARH_BALOD,Chhattisgarh,BALOD,Chhattisgarh,BALOD,Census 2001,Census 2001,572,Chhattisgarh,Korba,22,5,working_fuzzy_same_state,working_fallback,1,0.0,0.4,0,0,0,1,1,Best ranked same-state fuzzy candidate; not historically confirmed
IND_CHHATTISGARH_BALOD,Chhattisgarh,BALOD,Chhattisgarh,BALOD,Census 2011,Census 2011,317,Chhattisgarh,Korba,22,5,working_fuzzy_same_state,working_fallback,1,0.0,0.4,0,0,0,1,1,Best ranked same-state fuzzy candidate; not historically confirmed
IND_CHHATTISGARH_BALODA_BAZAR,Chhattisgarh,BALODA BAZAR,Chhattisgarh,BALODA BAZAR,Census 2001,Census 2001,55,Chhattisgarh,Bastar,22,15,working_fuzzy_same_state,working_fallback,1,0.0,0.470588,0,0,0,1,1,Best ranked same-state fuzzy candidate; not historically confirmed
IND_CHHATTISGARH_BALODA_BAZAR,Chhattisgarh,BALODA BAZAR,Chhattisgarh,BALODA BAZAR,Census 2011,Census 2011,60,Chhattisgarh,Bastar,22,15,working_fuzzy_same_state,working_fallback,1,0.0,0.470588,0,0,0,1,1,Best ranked same-state fuzzy candidate; not historically confirmed
IND_CHHATTISGARH_BALRAMPUR,Chhattisgarh,BALRAMPUR,Chhattisgarh,BALRAMPUR,Census 2001,Census 2001,402,Chhattisgarh,Raipur,22,11,working_fuzzy_same_state,working_fallback,1,0.0,0.666667,0,0,0,1,1,Best ranked same-state fuzzy candidate; not historically confirmed
IND_CHHATTISGARH_BALRAMPUR,Chhattisgarh,BALRAMPUR,Chhattisgarh,BALRAMPUR,Census 2011,Census 2011,462,Chhattisgarh,Raipur,22,11,working_fuzzy_same_state,working_fallback,1,0.0,0.666667,0,0,0,1,1,Best ranked same-state fuzzy candidate; not historically confirmed
IND_CHHATTISGARH_BASTAR,Chhattisgarh,BASTAR,Chhattisgarh,BASTAR,Census 2001,Census 2001,55,Chhattisgarh,Bastar,22,15,confirmed_exact_unique,confirmed,1,1.0,1.0,0,0,0,0,0,Unique exact normalized district key within confirmed boundary state
IND_CHHATTISGARH_BASTAR,Chhattisgarh,BASTAR,Chhattisgarh,BASTAR,Census 2011,Census 2011,60,Chhattisgarh,Bastar,22,15,confirmed_exact_unique,confirmed,1,1.0,1.0,0,0,0,0,0,Unique exact normalized district key within confirmed boundary state
IND_CHHATTISGARH_BEMETARA,Chhattisgarh,BEMETARA,Chhattisgarh,BEMETARA,Census 2001,Census 2001,55,Chhattisgarh,Bastar,22,15,working_fuzzy_same_state,working_fallback,1,0.0,0.571429,0,0,0,1,1,Best ranked same-state fuzzy candidate; not historically confirmed
IND_CHHATTISGARH_BEMETARA,Chhattisgarh,BEMETARA,Chhattisgarh,BEMETARA,Census 2011,Census 2011,60,Chhattisgarh,Bastar,22,15,working_fuzzy_same_state,working_fallback,1,0.0,0.571429,0,0,0,1,1,Best ranked same-state fuzzy candidate; not historically confirmed
IND_CHHATTISGARH_BIJAPUR,Chhattisgarh,BIJAPUR,Chhattisgarh,BIJAPUR,Census 2001,Census 2011,81,Chhattisgarh,Bijapur,22,18,alternate_layer_confirmed_name,working_strong,1,1.0,1.0,0,0,1,0,1,Requested Census 2001 used confirmed name match from Census 2011
IND_CHHATTISGARH_BIJAPUR,Chhattisgarh,BIJAPUR,Chhattisgarh,BIJAPUR,Census 2011,Census 2011,81,Chhattisgarh,Bijapur,22,18,confirmed_exact_unique,confirmed,1,1.0,1.0,0,0,0,0,0,Unique exact normalized district key within confirmed boundary state
IND_CHHATTISGARH_BILASPUR,Chhattisgarh,BILASPUR,Chhattisgarh,BILASPUR,Census 2001,Census 2001,565,Chhattisgarh,Bilaspur,22,7,confirmed_exact_unique,confirmed,1,1.0,1.0,0,0,0,0,0,Unique exact normalized district key within confirmed boundary state
IND_CHHATTISGARH_BILASPUR,Chhattisgarh,BILASPUR,Chhattisgarh,BILASPUR,Census 2011,Census 2011,85,Chhattisgarh,Bilaspur,22,7,confirmed_exact_unique,confirmed,1,1.0,1.0,0,0,0,0,0,Unique exact normalized district key within confirmed boundary state
IND_CHHATTISGARH_DANTEWADA,Chhattisgarh,DANTEWADA,Chhattisgarh,DANTEWADA,Census 2001,Census 2001,123,Chhattisgarh,Dantewada,22,16,confirmed_exact_unique,confirmed,1,1.0,1.0,0,0,0,0,0,Unique exact normalized district key within confirmed boundary state
IND_CHHATTISGARH_DANTEWADA,Chhattisgarh,DANTEWADA,Chhattisgarh,DANTEWADA,Census 2011,Census 2001,123,Chhattisgarh,Dantewada,22,16,alternate_layer_confirmed_name,working_strong,1,1.0,1.0,0,0,1,0,1,Requested Census 2011 used confirmed name match from Census 2001
IND_CHHATTISGARH_DHAMTARI,Chhattisgarh,DHAMTARI,Chhattisgarh,DHAMTARI,Census 2001,Census 2001,131,Chhattisgarh,Dhamtari,22,13,confirmed_exact_unique,confirmed,1,1.0,1.0,0,0,0,0,0,Unique exact normalized district key within confirmed boundary state
IND_CHHATTISGARH_DHAMTARI,Chhattisgarh,DHAMTARI,Chhattisgarh,DHAMTARI,Census 2011,Census 2011,144,Chhattisgarh,Dhamtari,22,13,confirmed_exact_unique,confirmed,1,1.0,1.0,0,0,0,0,0,Unique exact normalized district key within confirmed boundary state
IND_CHHATTISGARH_DURG,Chhattisgarh,DURG,Chhattisgarh,DURG,Census 2001,Census 2001,147,Chhattisgarh,Durg,22,10,confirmed_exact_unique,confirmed,1,1.0,1.0,0,0,0,0,0,Unique exact normalized district key within confirmed boundary state
IND_CHHATTISGARH_DURG,Chhattisgarh,DURG,Chhattisgarh,DURG,Census 2011,Census 2011,163,Chhattisgarh,Durg,22,10,confirmed_exact_unique,confirmed,1,1.0,1.0,0,0,0,0,0,Unique exact normalized district key within confirmed boundary state
IND_CHHATTISGARH_GARIYABAND,Chhattisgarh,GARIYABAND,Chhattisgarh,GARIYABAND,Census 2001,Census 2001,288,Chhattisgarh,Koriya,22,1,working_fuzzy_same_state,working_fallback,1,0.0,0.5,0,0,0,0,1,Best ranked same-state fuzzy candidate; not historically confirmed
IND_CHHATTISGARH_GARIYABAND,Chhattisgarh,GARIYABAND,Chhattisgarh,GARIYABAND,Census 2011,Census 2011,318,Chhattisgarh,Koriya,22,1,working_fuzzy_same_state,working_fallback,1,0.0,0.5,0,0,0,0,1,Best ranked same-state fuzzy candidate; not historically confirmed
IND_CHHATTISGARH_JANJGIR_CHAMPA,Chhattisgarh,JANJGIR-CHAMPA,Chhattisgarh,JANJGIR-CHAMPA,Census 2001,Census 2001,571,Chhattisgarh,Janjgir - Champa,22,6,confirmed_exact_unique,confirmed,1,1.0,1.0,0,0,0,0,0,Unique exact normalized district key within confirmed boundary state
IND_CHHATTISGARH_JANJGIR_CHAMPA,Chhattisgarh,JANJGIR-CHAMPA,Chhattisgarh,JANJGIR-CHAMPA,Census 2011,Census 2011,252,Chhattisgarh,Janjgir-champa,22,6,confirmed_exact_unique,confirmed,1,1.0,1.0,0,0,0,0,0,Unique exact normalized district key within confirmed boundary state
IND_CHHATTISGARH_JASHPUR,Chhattisgarh,JASHPUR,Chhattisgarh,JASHPUR,Census 2001,Census 2001,234,Chhattisgarh,Jashpur,22,3,confirmed_exact_unique,confirmed,1,1.0,1.0,0,0,0,0,0,Unique exact normalized district key within confirmed boundary state
IND_CHHATTISGARH_JASHPUR,Chhattisgarh,JASHPUR,Chhattisgarh,JASHPUR,Census 2011,Census 2011,253,Chhattisgarh,Jashpur,22,3,confirmed_exact_unique,confirmed,1,1.0,1.0,0,0,0,0,0,Unique exact normalized district key within confirmed boundary state
IND_CHHATTISGARH_KABIRDHAM,Chhattisgarh,KABIRDHAM,Chhattisgarh,KABIRDHAM,Census 2001,Census 2001,577,Chhattisgarh,Kawardha,22,8,working_fuzzy_same_state,working_fallback,1,0.0,0.705882,0,0,0,0,1,Best ranked same-state fuzzy candidate; not historically confirmed
IND_CHHATTISGARH_KABIRDHAM,Chhattisgarh,KABIRDHAM,Chhattisgarh,KABIRDHAM,Census 2011,Census 2011,624,Chhattisgarh,Kabeerdham,22,8,working_fuzzy_same_state,working_fallback,1,0.0,0.842105,0,0,0,0,1,Best ranked same-state fuzzy candidate; not historically confirmed
IND_CHHATTISGARH_KANKER,Chhattisgarh,KANKER,Chhattisgarh,KANKER,Census 2001,Census 2001,161,Chhattisgarh,Kanker,22,14,confirmed_exact_unique,confirmed,1,1.0,1.0,0,0,0,0,0,Unique exact normalized district key within confirmed boundary state
IND_CHHATTISGARH_KANKER,Chhattisgarh,KANKER,Chhattisgarh,KANKER,Census 2011,Census 2001,161,Chhattisgarh,Kanker,22,14,alternate_layer_confirmed_name,working_strong,1,1.0,1.0,0,0,1,0,1,Requested Census 2011 used confirmed name match from Census 2001
IND_CHHATTISGARH_KONDAGAON,Chhattisgarh,KONDAGAON,Chhattisgarh,KONDAGAON,Census 2001,Census 2001,404,Chhattisgarh,Rajnandgaon,22,9,working_fuzzy_same_state,working_fallback,1,0.0,0.6,0,0,0,0,1,Best ranked same-state fuzzy candidate; not historically confirmed
IND_CHHATTISGARH_KONDAGAON,Chhattisgarh,KONDAGAON,Chhattisgarh,KONDAGAON,Census 2011,Census 2011,467,Chhattisgarh,Rajnandgaon,22,9,working_fuzzy_same_state,working_fallback,1,0.0,0.6,0,0,0,0,1,Best ranked same-state fuzzy candidate; not historically confirmed
IND_CHHATTISGARH_KORBA,Chhattisgarh,KORBA,Chhattisgarh,KORBA,Census 2001,Census 2001,572,Chhattisgarh,Korba,22,5,confirmed_exact_unique,confirmed,1,1.0,1.0,0,0,0,0,0,Unique exact normalized district key within confirmed boundary state
IND_CHHATTISGARH_KORBA,Chhattisgarh,KORBA,Chhattisgarh,KORBA,Census 2011,Census 2011,317,Chhattisgarh,Korba,22,5,confirmed_exact_unique,confirmed,1,1.0,1.0,0,0,0,0,0,Unique exact normalized district key within confirmed boundary state
IND_CHHATTISGARH_KOREA,Chhattisgarh,KOREA,Chhattisgarh,KOREA,Census 2001,Census 2001,572,Chhattisgarh,Korba,22,5,working_fuzzy_same_state,working_fallback,1,0.0,0.8,0,0,0,1,1,Best ranked same-state fuzzy candidate; not historically confirmed
IND_CHHATTISGARH_KOREA,Chhattisgarh,KOREA,Chhattisgarh,KOREA,Census 2011,Census 2011,317,Chhattisgarh,Korba,22,5,working_fuzzy_same_state,working_fallback,1,0.0,0.8,0,0,0,1,1,Best ranked same-state fuzzy candidate; not historically confirmed
IND_CHHATTISGARH_MAHASAMUND,Chhattisgarh,MAHASAMUND,Chhattisgarh,MAHASAMUND,Census 2001,Census 2001,309,Chhattisgarh,Mahasamund,22,12,confirmed_exact_unique,confirmed,1,1.0,1.0,0,0,0,0,0,Unique exact normalized district key within confirmed boundary state
IND_CHHATTISGARH_MAHASAMUND,Chhattisgarh,MAHASAMUND,Chhattisgarh,MAHASAMUND,Census 2011,Census 2011,351,Chhattisgarh,Mahasamund,22,12,confirmed_exact_unique,confirmed,1,1.0,1.0,0,0,0,0,0,Unique exact normalized district key within confirmed boundary state
IND_CHHATTISGARH_MUNGELI,Chhattisgarh,MUNGELI,Chhattisgarh,MUNGELI,Census 2001,Census 2001,147,Chhattisgarh,Durg,22,10,working_fuzzy_same_state,working_fallback,1,0.0,0.363636,0,0,0,0,1,Best ranked same-state fuzzy candidate; not historically confirmed
IND_CHHATTISGARH_MUNGELI,Chhattisgarh,MUNGELI,Chhattisgarh,MUNGELI,Census 2011,Census 2011,163,Chhattisgarh,Durg,22,10,working_fuzzy_same_state,working_fallback,1,0.0,0.363636,0,0,0,0,1,Best ranked same-state fuzzy candidate; not historically confirmed
IND_CHHATTISGARH_NARAYANPUR,Chhattisgarh,NARAYANPUR,Chhattisgarh,NARAYANPUR,Census 2001,Census 2011,400,Chhattisgarh,Narayanpur,22,16,alternate_layer_confirmed_name,working_strong,1,1.0,1.0,0,0,1,0,1,Requested Census 2001 used confirmed name match from Census 2011
IND_CHHATTISGARH_NARAYANPUR,Chhattisgarh,NARAYANPUR,Chhattisgarh,NARAYANPUR,Census 2011,Census 2011,400,Chhattisgarh,Narayanpur,22,16,confirmed_exact_unique,confirmed,1,1.0,1.0,0,0,0,0,0,Unique exact normalized district key within confirmed boundary state
IND_CHHATTISGARH_RAIGARH,Chhattisgarh,RAIGARH,Chhattisgarh,RAIGARH,Census 2001,Census 2001,401,Chhattisgarh,Raigarh,22,4,confirmed_exact_unique,confirmed,1,1.0,1.0,0,0,0,0,0,Unique exact normalized district key within confirmed boundary state
IND_CHHATTISGARH_RAIGARH,Chhattisgarh,RAIGARH,Chhattisgarh,RAIGARH,Census 2011,Census 2011,460,Chhattisgarh,Raigarh,22,4,confirmed_exact_unique,confirmed,1,1.0,1.0,0,0,0,0,0,Unique exact normalized district key within confirmed boundary state
IND_CHHATTISGARH_RAIPUR,Chhattisgarh,RAIPUR,Chhattisgarh,RAIPUR,Census 2001,Census 2001,402,Chhattisgarh,Raipur,22,11,confirmed_exact_unique,confirmed,1,1.0,1.0,0,0,0,0,0,Unique exact normalized district key within confirmed boundary state
IND_CHHATTISGARH_RAIPUR,Chhattisgarh,RAIPUR,Chhattisgarh,RAIPUR,Census 2011,Census 2011,462,Chhattisgarh,Raipur,22,11,confirmed_exact_unique,confirmed,1,1.0,1.0,0,0,0,0,0,Unique exact normalized district key within confirmed boundary state
IND_CHHATTISGARH_RAJNANDGAON,Chhattisgarh,RAJNANDGAON,Chhattisgarh,RAJNANDGAON,Census 2001,Census 2001,404,Chhattisgarh,Rajnandgaon,22,9,confirmed_exact_unique,confirmed,1,1.0,1.0,0,0,0,0,0,Unique exact normalized district key within confirmed boundary state
IND_CHHATTISGARH_RAJNANDGAON,Chhattisgarh,RAJNANDGAON,Chhattisgarh,RAJNANDGAON,Census 2011,Census 2011,467,Chhattisgarh,Rajnandgaon,22,9,confirmed_exact_unique,confirmed,1,1.0,1.0,0,0,0,0,0,Unique exact normalized district key within confirmed boundary state
IND_CHHATTISGARH_SUKMA,Chhattisgarh,SUKMA,Chhattisgarh,SUKMA,Census 2001,Census 2001,463,Chhattisgarh,Surguja,22,2,working_fuzzy_same_state,working_fallback,1,0.0,0.5,0,0,0,0,1,Best ranked same-state fuzzy candidate; not historically confirmed
IND_CHHATTISGARH_SUKMA,Chhattisgarh,SUKMA,Chhattisgarh,SUKMA,Census 2011,Census 2011,556,Chhattisgarh,Surguja,22,2,working_fuzzy_same_state,working_fallback,1,0.0,0.5,0,0,0,0,1,Best ranked same-state fuzzy candidate; not historically confirmed
IND_CHHATTISGARH_SURAJPUR,Chhattisgarh,SURAJPUR,Chhattisgarh,SURAJPUR,Census 2001,Census 2001,402,Chhattisgarh,Raipur,22,11,working_fuzzy_same_state,working_fallback,1,0.0,0.714286,0,0,0,1,1,Best ranked same-state fuzzy candidate; not historically confirmed
IND_CHHATTISGARH_SURAJPUR,Chhattisgarh,SURAJPUR,Chhattisgarh,SURAJPUR,Census 2011,Census 2011,462,Chhattisgarh,Raipur,22,11,working_fuzzy_same_state,working_fallback,1,0.0,0.714286,0,0,0,1,1,Best ranked same-state fuzzy candidate; not historically confirmed
IND_CHHATTISGARH_SURGUJA,Chhattisgarh,SURGUJA,Chhattisgarh,SURGUJA,Census 2001,Census 2001,463,Chhattisgarh,Surguja,22,2,confirmed_exact_unique,confirmed,1,1.0,1.0,0,0,0,0,0,Unique exact normalized district key within confirmed boundary state
IND_CHHATTISGARH_SURGUJA,Chhattisgarh,SURGUJA,Chhattisgarh,SURGUJA,Census 2011,Census 2011,556,Chhattisgarh,Surguja,22,2,confirmed_exact_unique,confirmed,1,1.0,1.0,0,0,0,0,0,Unique exact normalized district key within confirmed boundary state
IND_DADRA_AND_NAGAR_HAVELI_DADRA_AND_NAGAR_HAVELI,Dadra and Nagar Haveli,DADRA AND NAGAR HAVELI,Dadra and Nagar Haveli,DADRA AND NAGAR HAVELI,Census 2001,Census 2001,117,Dadara & Nagar Havelli,Dadra & Nagar Haveli,26,1,confirmed_exact_unique,confirmed,1,1.0,1.0,0,0,0,0,0,Unique exact normalized district key within confirmed boundary state
IND_DADRA_AND_NAGAR_HAVELI_DADRA_AND_NAGAR_HAVELI,Dadra and Nagar Haveli,DADRA AND NAGAR HAVELI,Dadra and Nagar Haveli,DADRA AND NAGAR HAVELI,Census 2011,Census 2011,126,Dadara & Nagar Havelli,Dadra & Nagar Haveli,26,1,confirmed_exact_unique,confirmed,1,1.0,1.0,0,0,0,0,0,Unique exact normalized district key within confirmed boundary state
IND_DAMAN_AND_DIU_DAMAN,Daman and Diu,DAMAN,Daman and Diu,DAMAN,Census 2001,Census 2001,121,Daman & Diu,Daman,25,2,confirmed_exact_unique,confirmed,1,1.0,1.0,0,0,0,0,0,Unique exact normalized district key within confirmed boundary state
IND_DAMAN_AND_DIU_DAMAN,Daman and Diu,DAMAN,Daman and Diu,DAMAN,Census 2011,Census 2011,130,Daman & Diu,Daman,25,2,confirmed_exact_unique,confirmed,1,1.0,1.0,0,0,0,0,0,Unique exact normalized district key within confirmed boundary state
IND_DAMAN_AND_DIU_DIU,Daman and Diu,DIU,Daman and Diu,DIU,Census 2001,Census 2001,144,Daman & Diu,Diu,25,1,confirmed_exact_unique,confirmed,1,1.0,1.0,0,0,0,0,0,Unique exact normalized district key within confirmed boundary state
IND_DAMAN_AND_DIU_DIU,Daman and Diu,DIU,Daman and Diu,DIU,Census 2011,Census 2011,158,Daman & Diu,Diu,25,1,confirmed_exact_unique,confirmed,1,1.0,1.0,0,0,0,0,0,Unique exact normalized district key within confirmed boundary state
IND_DAMAN_AND_DIU_DAMAN_AND_DIU,Daman and Diu,Daman and Diu,Daman and Diu,Daman and Diu,Census 2001,Census 2001,121,Daman & Diu,Daman,25,2,working_fuzzy_same_state,working_fallback,1,0.333333,0.625,0,0,0,0,1,Best ranked same-state fuzzy candidate; not historically confirmed
IND_DAMAN_AND_DIU_DAMAN_AND_DIU,Daman and Diu,Daman and Diu,Daman and Diu,Daman and Diu,Census 2011,Census 2011,130,Daman & Diu,Daman,25,2,working_fuzzy_same_state,working_fallback,1,0.333333,0.625,0,0,0,0,1,Best ranked same-state fuzzy candidate; not historically confirmed
IND_DELHI_DELHI_TOTAL,Delhi,DELHI_TOTAL,Delhi,DELHI_TOTAL,Census 2001,Census 2001,539,Delhi  & NCR,New Delhi,7,5,working_fuzzy_same_state,working_fallback,1,0.333333,0.555556,0,0,0,1,1,Best ranked same-state fuzzy candidate; not historically confirmed
IND_DELHI_DELHI_TOTAL,Delhi,DELHI_TOTAL,Delhi,DELHI_TOTAL,Census 2011,Census 2011,409,NCT of Delhi,New Delhi,7,5,working_fuzzy_same_state,working_fallback,1,0.333333,0.555556,0,0,0,1,1,Best ranked same-state fuzzy candidate; not historically confirmed
IND_DELHI_DELHI,Delhi,Delhi,Delhi,Delhi,Census 2001,Census 2001,539,Delhi  & NCR,New Delhi,7,5,working_fuzzy_same_state,working_fallback,1,0.5,0.769231,0,0,0,1,1,Best ranked same-state fuzzy candidate; not historically confirmed
IND_DELHI_DELHI,Delhi,Delhi,Delhi,Delhi,Census 2011,Census 2011,409,NCT of Delhi,New Delhi,7,5,working_fuzzy_same_state,working_fallback,1,0.5,0.769231,0,0,0,1,1,Best ranked same-state fuzzy candidate; not historically confirmed
IND_GOA_GOA,Goa,Goa,Goa,Goa,Census 2001,Census 2001,373,Goa,North Goa,30,1,working_fuzzy_same_state,working_fallback,1,0.5,0.545455,0,0,0,0,1,Best ranked same-state fuzzy candidate; not historically confirmed
IND_GOA_GOA,Goa,Goa,Goa,Goa,Census 2011,Census 2011,416,Goa,North Goa,30,1,working_fuzzy_same_state,working_fallback,1,0.5,0.545455,0,0,0,0,1,Best ranked same-state fuzzy candidate; not historically confirmed
IND_GOA_NORTH_GOA,Goa,NORTH GOA,Goa,NORTH GOA,Census 2001,Census 2001,373,Goa,North Goa,30,1,confirmed_exact_unique,confirmed,1,1.0,1.0,0,0,0,0,0,Unique exact normalized district key within confirmed boundary state
IND_GOA_NORTH_GOA,Goa,NORTH GOA,Goa,NORTH GOA,Census 2011,Census 2011,416,Goa,North Goa,30,1,confirmed_exact_unique,confirmed,1,1.0,1.0,0,0,0,0,0,Unique exact normalized district key within confirmed boundary state
IND_GOA_SOUTH_GOA,Goa,SOUTH GOA,Goa,SOUTH GOA,Census 2001,Census 2001,488,Goa,South Goa,30,2,confirmed_exact_unique,confirmed,1,1.0,1.0,0,0,0,0,0,Unique exact normalized district key within confirmed boundary state
IND_GOA_SOUTH_GOA,Goa,SOUTH GOA,Goa,SOUTH GOA,Census 2011,Census 2011,546,Goa,South Goa,30,2,confirmed_exact_unique,confirmed,1,1.0,1.0,0,0,0,0,0,Unique exact normalized district key within confirmed boundary state
IND_GUJARAT_AHMADABAD,Gujarat,AHMADABAD,Gujarat,AHMADABAD,Census 2001,Census 2001,16,Gujarat,Ahmadabad,24,7,confirmed_exact_unique,confirmed,1,1.0,1.0,0,0,0,0,0,Unique exact normalized district key within confirmed boundary state
IND_GUJARAT_AHMADABAD,Gujarat,AHMADABAD,Gujarat,AHMADABAD,Census 2011,Census 2011,2,Gujarat,Ahmadabad,24,7,confirmed_exact_unique,confirmed,1,1.0,1.0,0,0,0,0,0,Unique exact normalized district key within confirmed boundary state
IND_GUJARAT_AMRELI,Gujarat,AMRELI,Gujarat,AMRELI,Census 2001,Census 2001,28,Gujarat,Amreli,24,13,confirmed_exact_unique,confirmed,1,1.0,1.0,0,0,0,0,0,Unique exact normalized district key within confirmed boundary state
IND_GUJARAT_AMRELI,Gujarat,AMRELI,Gujarat,AMRELI,Census 2011,Census 2011,16,Gujarat,Amreli,24,13,confirmed_exact_unique,confirmed,1,1.0,1.0,0,0,0,0,0,Unique exact normalized district key within confirmed boundary state
IND_GUJARAT_ANAND,Gujarat,ANAND,Gujarat,ANAND,Census 2001,Census 2001,0,Gujarat,Anand,24,15,confirmed_exact_unique,confirmed,1,1.0,1.0,0,0,0,0,0,Unique exact normalized district key within confirmed boundary state
IND_GUJARAT_ANAND,Gujarat,ANAND,Gujarat,ANAND,Census 2011,Census 2011,18,Gujarat,Anand,24,15,confirmed_exact_unique,confirmed,1,1.0,1.0,0,0,0,0,0,Unique exact normalized district key within confirmed boundary state
IND_GUJARAT_ARAVALLI,Gujarat,ARAVALLI,Gujarat,ARAVALLI,Census 2001,Census 2001,28,Gujarat,Amreli,24,13,working_fuzzy_same_state,working_fallback,1,0.0,0.571429,0,0,0,1,1,Best ranked same-state fuzzy candidate; not historically confirmed
IND_GUJARAT_ARAVALLI,Gujarat,ARAVALLI,Gujarat,ARAVALLI,Census 2011,Census 2011,16,Gujarat,Amreli,24,13,working_fuzzy_same_state,working_fallback,1,0.0,0.571429,0,0,0,1,1,Best ranked same-state fuzzy candidate; not historically confirmed
IND_GUJARAT_BANAS_KANTHA,Gujarat,BANAS KANTHA,Gujarat,BANAS KANTHA,Census 2001,Census 2001,72,Gujarat,Banas Kantha,24,2,confirmed_exact_unique,confirmed,1,1.0,1.0,0,0,0,0,0,Unique exact normalized district key within confirmed boundary state
IND_GUJARAT_BANAS_KANTHA,Gujarat,BANAS KANTHA,Gujarat,BANAS KANTHA,Census 2011,Census 2011,42,Gujarat,Banas Kantha,24,2,confirmed_exact_unique,confirmed,1,1.0,1.0,0,0,0,0,0,Unique exact normalized district key within confirmed boundary state
IND_GUJARAT_BHARUCH,Gujarat,BHARUCH,Gujarat,BHARUCH,Census 2001,Census 2001,589,Gujarat,Bharuch,24,21,confirmed_exact_unique,confirmed,1,1.0,1.0,0,0,0,0,0,Unique exact normalized district key within confirmed boundary state
IND_GUJARAT_BHARUCH,Gujarat,BHARUCH,Gujarat,BHARUCH,Census 2011,Census 2011,72,Gujarat,Bharuch,24,21,confirmed_exact_unique,confirmed,1,1.0,1.0,0,0,0,0,0,Unique exact normalized district key within confirmed boundary state
IND_GUJARAT_BHAVNAGAR,Gujarat,BHAVNAGAR,Gujarat,BHAVNAGAR,Census 2001,Census 2001,40,Gujarat,Bhavnagar,24,14,confirmed_exact_unique,confirmed,1,1.0,1.0,0,0,0,0,0,Unique exact normalized district key within confirmed boundary state
IND_GUJARAT_BHAVNAGAR,Gujarat,BHAVNAGAR,Gujarat,BHAVNAGAR,Census 2011,Census 2011,73,Gujarat,Bhavnagar,24,14,confirmed_exact_unique,confirmed,1,1.0,1.0,0,0,0,0,0,Unique exact normalized district key within confirmed boundary state
IND_GUJARAT_BOTAD,Gujarat,BOTAD,Gujarat,BOTAD,Census 2001,Census 2001,118,Gujarat,Dohad,24,18,working_fuzzy_same_state,working_fallback,1,0.0,0.6,0,0,0,0,1,Best ranked same-state fuzzy candidate; not historically confirmed
IND_GUJARAT_BOTAD,Gujarat,BOTAD,Gujarat,BOTAD,Census 2011,Census 2011,160,Gujarat,Dohad,24,18,working_fuzzy_same_state,working_fallback,1,0.0,0.6,0,0,0,0,1,Best ranked same-state fuzzy candidate; not historically confirmed
IND_GUJARAT_CHHOTAUDEPUR,Gujarat,CHHOTAUDEPUR,Gujarat,CHHOTAUDEPUR,Census 2001,Census 2001,395,Gujarat,Porbandar,24,11,working_fuzzy_same_state,working_fallback,1,0.0,0.380952,0,0,0,0,1,Best ranked same-state fuzzy candidate; not historically confirmed
IND_GUJARAT_CHHOTAUDEPUR,Gujarat,CHHOTAUDEPUR,Gujarat,CHHOTAUDEPUR,Census 2011,Census 2011,444,Gujarat,Porbandar,24,11,working_fuzzy_same_state,working_fallback,1,0.0,0.380952,0,0,0,0,1,Best ranked same-state fuzzy candidate; not historically confirmed
IND_GUJARAT_DANG,Gujarat,DANG,Gujarat,DANG,Census 2001,Census 2001,478,Gujarat,The Dangs,24,23,working_fuzzy_same_state,working_fallback,1,0.0,0.666667,0,0,0,0,1,Best ranked same-state fuzzy candidate; not historically confirmed
IND_GUJARAT_DANG,Gujarat,DANG,Gujarat,DANG,Census 2011,Census 2011,563,Gujarat,The Dangs,24,22,working_fuzzy_same_state,working_fallback,1,0.0,0.666667,0,0,0,0,1,Best ranked same-state fuzzy candidate; not historically confirmed
IND_GUJARAT_DEVBHUMI_DWARKA,Gujarat,DEVBHUMI DWARKA,Gujarat,DEVBHUMI DWARKA,Census 2001,Census 2001,514,Gujarat,Vadodara,24,19,working_fuzzy_same_state,working_fallback,1,0.0,0.454545,0,0,0,0,1,Best ranked same-state fuzzy candidate; not historically confirmed
IND_GUJARAT_DEVBHUMI_DWARKA,Gujarat,DEVBHUMI DWARKA,Gujarat,DEVBHUMI DWARKA,Census 2011,Census 2011,597,Gujarat,Vadodara,24,19,working_fuzzy_same_state,working_fallback,1,0.0,0.454545,0,0,0,0,1,Best ranked same-state fuzzy candidate; not historically confirmed
IND_GUJARAT_DOHAD,Gujarat,DOHAD,Gujarat,DOHAD,Census 2001,Census 2001,118,Gujarat,Dohad,24,18,confirmed_exact_unique,confirmed,1,1.0,1.0,0,0,0,0,0,Unique exact normalized district key within confirmed boundary state
IND_GUJARAT_DOHAD,Gujarat,DOHAD,Gujarat,DOHAD,Census 2011,Census 2011,160,Gujarat,Dohad,24,18,confirmed_exact_unique,confirmed,1,1.0,1.0,0,0,0,0,0,Unique exact normalized district key within confirmed boundary state
IND_GUJARAT_GANDHINAGAR,Gujarat,GANDHINAGAR,Gujarat,GANDHINAGAR,Census 2001,Census 2001,171,Gujarat,Gandhinagar,24,6,confirmed_exact_unique,confirmed,1,1.0,1.0,0,0,0,0,0,Unique exact normalized district key within confirmed boundary state
IND_GUJARAT_GANDHINAGAR,Gujarat,GANDHINAGAR,Gujarat,GANDHINAGAR,Census 2011,Census 2011,189,Gujarat,Gandhinagar,24,6,confirmed_exact_unique,confirmed,1,1.0,1.0,0,0,0,0,0,Unique exact normalized district key within confirmed boundary state
IND_GUJARAT_GIR_SOMNATH,Gujarat,GIR SOMNATH,Gujarat,GIR SOMNATH,Census 2001,Census 2001,590,Gujarat,Surat,24,22,working_fuzzy_same_state,working_fallback,1,0.0,0.4,0,0,0,0,1,Best ranked same-state fuzzy candidate; not historically confirmed
IND_GUJARAT_GIR_SOMNATH,Gujarat,GIR SOMNATH,Gujarat,GIR SOMNATH,Census 2011,Census 2011,554,Gujarat,Surat,24,25,working_fuzzy_same_state,working_fallback,1,0.0,0.4,0,0,0,0,1,Best ranked same-state fuzzy candidate; not historically confirmed
IND_GUJARAT_JAMNAGAR,Gujarat,JAMNAGAR,Gujarat,JAMNAGAR,Census 2001,Census 2001,231,Gujarat,Jamnagar,24,10,confirmed_exact_unique,confirmed,1,1.0,1.0,0,0,0,0,0,Unique exact normalized district key within confirmed boundary state
IND_GUJARAT_JAMNAGAR,Gujarat,JAMNAGAR,Gujarat,JAMNAGAR,Census 2011,Census 2011,249,Gujarat,Jamnagar,24,10,confirmed_exact_unique,confirmed,1,1.0,1.0,0,0,0,0,0,Unique exact normalized district key within confirmed boundary state
IND_GUJARAT_JUNAGADH,Gujarat,JUNAGADH,Gujarat,JUNAGADH,Census 2001,Census 2001,157,Gujarat,Junagadh,24,12,confirmed_exact_unique,confirmed,1,1.0,1.0,0,0,0,0,0,Unique exact normalized district key within confirmed boundary state
IND_GUJARAT_JUNAGADH,Gujarat,JUNAGADH,Gujarat,JUNAGADH,Census 2011,Census 2011,263,Gujarat,Junagadh,24,12,confirmed_exact_unique,confirmed,1,1.0,1.0,0,0,0,0,0,Unique exact normalized district key within confirmed boundary state
IND_GUJARAT_KACHCHH,Gujarat,KACHCHH,Gujarat,KACHCHH,Census 2001,Census 2001,158,Gujarat,Kachchh,24,1,confirmed_exact_unique,confirmed,1,1.0,1.0,0,0,0,0,0,Unique exact normalized district key within confirmed boundary state
IND_GUJARAT_KACHCHH,Gujarat,KACHCHH,Gujarat,KACHCHH,Census 2011,Census 2011,265,Gujarat,Kachchh,24,1,confirmed_exact_unique,confirmed,1,1.0,1.0,0,0,0,0,0,Unique exact normalized district key within confirmed boundary state
IND_GUJARAT_KHEDA,Gujarat,KHEDA,Gujarat,KHEDA,Census 2001,Census 2001,298,Gujarat,Kheda,24,16,confirmed_exact_unique,confirmed,1,1.0,1.0,0,0,0,0,0,Unique exact normalized district key within confirmed boundary state
IND_GUJARAT_KHEDA,Gujarat,KHEDA,Gujarat,KHEDA,Census 2011,Census 2011,297,Gujarat,Kheda,24,16,confirmed_exact_unique,confirmed,1,1.0,1.0,0,0,0,0,0,Unique exact normalized district key within confirmed boundary state
IND_GUJARAT_MAHESANA,Gujarat,MAHESANA,Gujarat,MAHESANA,Census 2001,Census 2001,320,Gujarat,Mahesana,24,4,confirmed_exact_unique,confirmed,1,1.0,1.0,0,0,0,0,0,Unique exact normalized district key within confirmed boundary state
IND_GUJARAT_MAHESANA,Gujarat,MAHESANA,Gujarat,MAHESANA,Census 2011,Census 2011,355,Gujarat,Mahesana,24,4,confirmed_exact_unique,confirmed,1,1.0,1.0,0,0,0,0,0,Unique exact normalized district key within confirmed boundary state
IND_GUJARAT_MAHISAGAR,Gujarat,MAHISAGAR,Gujarat,MAHISAGAR,Census 2001,Census 2001,320,Gujarat,Mahesana,24,4,working_fuzzy_same_state,working_fallback,1,0.0,0.705882,0,0,0,0,1,Best ranked same-state fuzzy candidate; not historically confirmed
IND_GUJARAT_MAHISAGAR,Gujarat,MAHISAGAR,Gujarat,MAHISAGAR,Census 2011,Census 2011,355,Gujarat,Mahesana,24,4,working_fuzzy_same_state,working_fallback,1,0.0,0.705882,0,0,0,0,1,Best ranked same-state fuzzy candidate; not historically confirmed
IND_GUJARAT_MORBI,Gujarat,MORBI,Gujarat,MORBI,Census 2001,Census 2001,28,Gujarat,Amreli,24,13,working_fuzzy_same_state,working_fallback,1,0.0,0.545455,0,0,0,1,1,Best ranked same-state fuzzy candidate; not historically confirmed
IND_GUJARAT_MORBI,Gujarat,MORBI,Gujarat,MORBI,Census 2011,Census 2011,16,Gujarat,Amreli,24,13,working_fuzzy_same_state,working_fallback,1,0.0,0.545455,0,0,0,1,1,Best ranked same-state fuzzy candidate; not historically confirmed
IND_GUJARAT_NARMADA,Gujarat,NARMADA,Gujarat,NARMADA,Census 2001,Census 2001,355,Gujarat,Narmada,24,20,confirmed_exact_unique,confirmed,1,1.0,1.0,0,0,0,0,0,Unique exact normalized district key within confirmed boundary state
IND_GUJARAT_NARMADA,Gujarat,NARMADA,Gujarat,NARMADA,Census 2011,Census 2011,401,Gujarat,Narmada,24,20,confirmed_exact_unique,confirmed,1,1.0,1.0,0,0,0,0,0,Unique exact normalized district key within confirmed boundary state
IND_GUJARAT_NAVSARI,Gujarat,NAVSARI,Gujarat,NAVSARI,Census 2001,Census 2001,363,Gujarat,Navsari,24,24,confirmed_exact_unique,confirmed,1,1.0,1.0,0,0,0,0,0,Unique exact normalized district key within confirmed boundary state
IND_GUJARAT_NAVSARI,Gujarat,NAVSARI,Gujarat,NAVSARI,Census 2011,Census 2011,404,Gujarat,Navsari,24,23,confirmed_exact_unique,confirmed,1,1.0,1.0,0,0,0,0,0,Unique exact normalized district key within confirmed boundary state
IND_GUJARAT_PANCH_MAHALS,Gujarat,PANCH MAHALS,Gujarat,PANCH MAHALS,Census 2001,Census 2001,377,Gujarat,Panch Mahals,24,17,confirmed_exact_unique,confirmed,1,1.0,1.0,0,0,0,0,0,Unique exact normalized district key within confirmed boundary state
IND_GUJARAT_PANCH_MAHALS,Gujarat,PANCH MAHALS,Gujarat,PANCH MAHALS,Census 2011,Census 2011,426,Gujarat,Panch Mahals,24,17,confirmed_exact_unique,confirmed,1,1.0,1.0,0,0,0,0,0,Unique exact normalized district key within confirmed boundary state
IND_GUJARAT_PATAN,Gujarat,PATAN,Gujarat,PATAN,Census 2001,Census 2001,384,Gujarat,Patan,24,3,confirmed_exact_unique,confirmed,1,1.0,1.0,0,0,0,0,0,Unique exact normalized district key within confirmed boundary state
IND_GUJARAT_PATAN,Gujarat,PATAN,Gujarat,PATAN,Census 2011,Census 2011,435,Gujarat,Patan,24,3,confirmed_exact_unique,confirmed,1,1.0,1.0,0,0,0,0,0,Unique exact normalized district key within confirmed boundary state
IND_GUJARAT_PORBANDAR,Gujarat,PORBANDAR,Gujarat,PORBANDAR,Census 2001,Census 2001,395,Gujarat,Porbandar,24,11,confirmed_exact_unique,confirmed,1,1.0,1.0,0,0,0,0,0,Unique exact normalized district key within confirmed boundary state
IND_GUJARAT_PORBANDAR,Gujarat,PORBANDAR,Gujarat,PORBANDAR,Census 2011,Census 2011,444,Gujarat,Porbandar,24,11,confirmed_exact_unique,confirmed,1,1.0,1.0,0,0,0,0,0,Unique exact normalized district key within confirmed boundary state
IND_GUJARAT_RAJKOT,Gujarat,RAJKOT,Gujarat,RAJKOT,Census 2001,Census 2001,408,Gujarat,Rajkot,24,9,confirmed_exact_unique,confirmed,1,1.0,1.0,0,0,0,0,0,Unique exact normalized district key within confirmed boundary state
IND_GUJARAT_RAJKOT,Gujarat,RAJKOT,Gujarat,RAJKOT,Census 2011,Census 2011,466,Gujarat,Rajkot,24,9,confirmed_exact_unique,confirmed,1,1.0,1.0,0,0,0,0,0,Unique exact normalized district key within confirmed boundary state
IND_GUJARAT_SABAR_KANTHA,Gujarat,SABAR KANTHA,Gujarat,SABAR KANTHA,Census 2001,Census 2001,445,Gujarat,Sabar Kantha,24,5,confirmed_exact_unique,confirmed,1,1.0,1.0,0,0,0,0,0,Unique exact normalized district key within confirmed boundary state
IND_GUJARAT_SABAR_KANTHA,Gujarat,SABAR KANTHA,Gujarat,SABAR KANTHA,Census 2011,Census 2011,487,Gujarat,Sabar Kantha,24,5,confirmed_exact_unique,confirmed,1,1.0,1.0,0,0,0,0,0,Unique exact normalized district key within confirmed boundary state
IND_GUJARAT_SURAT,Gujarat,SURAT,Gujarat,SURAT,Census 2001,Census 2001,590,Gujarat,Surat,24,22,confirmed_exact_unique,confirmed,1,1.0,1.0,0,0,0,0,0,Unique exact normalized district key within confirmed boundary state
IND_GUJARAT_SURAT,Gujarat,SURAT,Gujarat,SURAT,Census 2011,Census 2011,554,Gujarat,Surat,24,25,confirmed_exact_unique,confirmed,1,1.0,1.0,0,0,0,0,0,Unique exact normalized district key within confirmed boundary state
IND_GUJARAT_SURENDRANAGAR,Gujarat,SURENDRANAGAR,Gujarat,SURENDRANAGAR,Census 2001,Census 2001,462,Gujarat,Surendranagar,24,8,confirmed_exact_unique,confirmed,1,1.0,1.0,0,0,0,0,0,Unique exact normalized district key within confirmed boundary state
IND_GUJARAT_SURENDRANAGAR,Gujarat,SURENDRANAGAR,Gujarat,SURENDRANAGAR,Census 2011,Census 2011,555,Gujarat,Surendranagar,24,8,confirmed_exact_unique,confirmed,1,1.0,1.0,0,0,0,0,0,Unique exact normalized district key within confirmed boundary state
IND_GUJARAT_TAPI,Gujarat,TAPI,Gujarat,TAPI,Census 2001,Census 2011,636,Gujarat,Tapi,24,26,alternate_layer_confirmed_name,working_strong,1,1.0,1.0,0,0,1,0,1,Requested Census 2001 used confirmed name match from Census 2011
IND_GUJARAT_TAPI,Gujarat,TAPI,Gujarat,TAPI,Census 2011,Census 2011,636,Gujarat,Tapi,24,26,confirmed_exact_unique,confirmed,1,1.0,1.0,0,0,0,0,0,Unique exact normalized district key within confirmed boundary state
IND_GUJARAT_VADODARA,Gujarat,VADODARA,Gujarat,VADODARA,Census 2001,Census 2001,514,Gujarat,Vadodara,24,19,confirmed_exact_unique,confirmed,1,1.0,1.0,0,0,0,0,0,Unique exact normalized district key within confirmed boundary state
IND_GUJARAT_VADODARA,Gujarat,VADODARA,Gujarat,VADODARA,Census 2011,Census 2011,597,Gujarat,Vadodara,24,19,confirmed_exact_unique,confirmed,1,1.0,1.0,0,0,0,0,0,Unique exact normalized district key within confirmed boundary state
IND_GUJARAT_VALSAD,Gujarat,VALSAD,Gujarat,VALSAD,Census 2001,Census 2001,515,Gujarat,Valsad,24,25,confirmed_exact_unique,confirmed,1,1.0,1.0,0,0,0,0,0,Unique exact normalized district key within confirmed boundary state
IND_GUJARAT_VALSAD,Gujarat,VALSAD,Gujarat,VALSAD,Census 2011,Census 2011,599,Gujarat,Valsad,24,24,confirmed_exact_unique,confirmed,1,1.0,1.0,0,0,0,0,0,Unique exact normalized district key within confirmed boundary state
IND_HARYANA_AMBALA,Haryana,AMBALA,Haryana,AMBALA,Census 2001,Census 2001,25,Haryana,Ambala,6,2,confirmed_exact_unique,confirmed,1,1.0,1.0,0,0,0,0,0,Unique exact normalized district key within confirmed boundary state
IND_HARYANA_AMBALA,Haryana,AMBALA,Haryana,AMBALA,Census 2011,Census 2011,13,Haryana,Ambala,6,2,confirmed_exact_unique,confirmed,1,1.0,1.0,0,0,0,0,0,Unique exact normalized district key within confirmed boundary state
IND_HARYANA_BHIWANI,Haryana,BHIWANI,Haryana,BHIWANI,Census 2001,Census 2001,569,Haryana,Bhiwani,6,13,confirmed_exact_unique,confirmed,1,1.0,1.0,0,0,0,0,0,Unique exact normalized district key within confirmed boundary state
IND_HARYANA_BHIWANI,Haryana,BHIWANI,Haryana,BHIWANI,Census 2011,Census 2011,76,Haryana,Bhiwani,6,13,confirmed_exact_unique,confirmed,1,1.0,1.0,0,0,0,0,0,Unique exact normalized district key within confirmed boundary state
IND_HARYANA_CHARKI_DADRI,Haryana,CHARKI DADRI,Haryana,CHARKI DADRI,Census 2001,Census 2001,191,Haryana,Faridabad,6,19,working_fuzzy_same_state,working_fallback,1,0.0,0.6,0,0,0,0,1,Best ranked same-state fuzzy candidate; not historically confirmed
IND_HARYANA_CHARKI_DADRI,Haryana,CHARKI DADRI,Haryana,CHARKI DADRI,Census 2011,Census 2011,178,Haryana,Faridabad,6,20,working_fuzzy_same_state,working_fallback,1,0.0,0.6,0,0,0,0,1,Best ranked same-state fuzzy candidate; not historically confirmed
IND_HARYANA_FARIDABAD,Haryana,FARIDABAD,Haryana,FARIDABAD,Census 2001,Census 2001,191,Haryana,Faridabad,6,19,confirmed_exact_unique,confirmed,1,1.0,1.0,0,0,0,0,0,Unique exact normalized district key within confirmed boundary state
IND_HARYANA_FARIDABAD,Haryana,FARIDABAD,Haryana,FARIDABAD,Census 2011,Census 2011,178,Haryana,Faridabad,6,20,confirmed_exact_unique,confirmed,1,1.0,1.0,0,0,0,0,0,Unique exact normalized district key within confirmed boundary state
IND_HARYANA_FATEHABAD,Haryana,FATEHABAD,Haryana,FATEHABAD,Census 2001,Census 2001,194,Haryana,Fatehabad,6,10,confirmed_exact_unique,confirmed,1,1.0,1.0,0,0,0,0,0,Unique exact normalized district key within confirmed boundary state
IND_HARYANA_FATEHABAD,Haryana,FATEHABAD,Haryana,FATEHABAD,Census 2011,Census 2011,181,Haryana,Fatehabad,6,10,confirmed_exact_unique,confirmed,1,1.0,1.0,0,0,0,0,0,Unique exact normalized district key within confirmed boundary state
IND_HARYANA_GURGAON,Haryana,GURGAON,Haryana,GURGAON,Census 2001,Census 2001,189,Haryana,Gurgaon,6,18,confirmed_exact_unique,confirmed,1,1.0,1.0,0,0,0,0,0,Unique exact normalized district key within confirmed boundary state
IND_HARYANA_GURGAON,Haryana,GURGAON,Haryana,GURGAON,Census 2011,Census 2011,212,Haryana,Gurgaon,6,18,confirmed_exact_unique,confirmed,1,1.0,1.0,0,0,0,0,0,Unique exact normalized district key within confirmed boundary state
IND_HARYANA_HISAR,Haryana,HISAR,Haryana,HISAR,Census 2001,Census 2001,213,Haryana,Hisar,6,12,confirmed_exact_unique,confirmed,1,1.0,1.0,0,0,0,0,0,Unique exact normalized district key within confirmed boundary state
IND_HARYANA_HISAR,Haryana,HISAR,Haryana,HISAR,Census 2011,Census 2011,227,Haryana,Hisar,6,12,confirmed_exact_unique,confirmed,1,1.0,1.0,0,0,0,0,0,Unique exact normalized district key within confirmed boundary state
IND_HARYANA_JHAJJAR,Haryana,JHAJJAR,Haryana,JHAJJAR,Census 2001,Census 2001,542,Haryana,Jhajjar,6,15,confirmed_exact_unique,confirmed,1,1.0,1.0,0,0,0,0,0,Unique exact normalized district key within confirmed boundary state
IND_HARYANA_JHAJJAR,Haryana,JHAJJAR,Haryana,JHAJJAR,Census 2011,Census 2011,256,Haryana,Jhajjar,6,15,confirmed_exact_unique,confirmed,1,1.0,1.0,0,0,0,0,0,Unique exact normalized district key within confirmed boundary state
IND_HARYANA_JIND,Haryana,JIND,Haryana,JIND,Census 2001,Census 2001,242,Haryana,Jind,6,9,confirmed_exact_unique,confirmed,1,1.0,1.0,0,0,0,0,0,Unique exact normalized district key within confirmed boundary state
IND_HARYANA_JIND,Haryana,JIND,Haryana,JIND,Census 2011,Census 2011,626,Haryana,Jind,6,9,confirmed_exact_unique,confirmed,1,1.0,1.0,0,0,0,0,0,Unique exact normalized district key within confirmed boundary state
IND_HARYANA_KAITHAL,Haryana,KAITHAL,Haryana,KAITHAL,Census 2001,Census 2001,246,Haryana,Kaithal,6,5,confirmed_exact_unique,confirmed,1,1.0,1.0,0,0,0,0,0,Unique exact normalized district key within confirmed boundary state
IND_HARYANA_KAITHAL,Haryana,KAITHAL,Haryana,KAITHAL,Census 2011,Census 2011,267,Haryana,Kaithal,6,5,confirmed_exact_unique,confirmed,1,1.0,1.0,0,0,0,0,0,Unique exact normalized district key within confirmed boundary state
IND_HARYANA_KARNAL,Haryana,KARNAL,Haryana,KARNAL,Census 2001,Census 2001,254,Haryana,Karnal,6,6,confirmed_exact_unique,confirmed,1,1.0,1.0,0,0,0,0,0,Unique exact normalized district key within confirmed boundary state
IND_HARYANA_KARNAL,Haryana,KARNAL,Haryana,KARNAL,Census 2011,Census 2011,286,Haryana,Karnal,6,6,confirmed_exact_unique,confirmed,1,1.0,1.0,0,0,0,0,0,Unique exact normalized district key within confirmed boundary state
IND_HARYANA_KURUKSHETRA,Haryana,KURUKSHETRA,Haryana,KURUKSHETRA,Census 2001,Census 2001,310,Haryana,Kurukshetra,6,4,confirmed_exact_unique,confirmed,1,1.0,1.0,0,0,0,0,0,Unique exact normalized district key within confirmed boundary state
IND_HARYANA_KURUKSHETRA,Haryana,KURUKSHETRA,Haryana,KURUKSHETRA,Census 2011,Census 2011,328,Haryana,Kurukshetra,6,4,confirmed_exact_unique,confirmed,1,1.0,1.0,0,0,0,0,0,Unique exact normalized district key within confirmed boundary state
IND_HARYANA_MAHENDRAGARH,Haryana,MAHENDRAGARH,Haryana,MAHENDRAGARH,Census 2001,Census 2001,543,Haryana,Mahendragarh,6,16,confirmed_exact_unique,confirmed,1,1.0,1.0,0,0,0,0,0,Unique exact normalized district key within confirmed boundary state
IND_HARYANA_MAHENDRAGARH,Haryana,MAHENDRAGARH,Haryana,MAHENDRAGARH,Census 2011,Census 2011,354,Haryana,Mahendragarh,6,16,confirmed_exact_unique,confirmed,1,1.0,1.0,0,0,0,0,0,Unique exact normalized district key within confirmed boundary state
IND_HARYANA_MEWAT,Haryana,MEWAT,Haryana,MEWAT,Census 2001,Census 2011,373,Haryana,Mewat,6,19,alternate_layer_confirmed_name,working_strong,1,1.0,1.0,0,0,1,0,1,Requested Census 2001 used confirmed name match from Census 2011
IND_HARYANA_MEWAT,Haryana,MEWAT,Haryana,MEWAT,Census 2011,Census 2011,373,Haryana,Mewat,6,19,confirmed_exact_unique,confirmed,1,1.0,1.0,0,0,0,0,0,Unique exact normalized district key within confirmed boundary state
IND_HARYANA_PALWAL,Haryana,PALWAL,Haryana,PALWAL,Census 2001,Census 2011,425,Haryana,Palwal,6,21,alternate_layer_confirmed_name,working_strong,1,1.0,1.0,0,0,1,0,1,Requested Census 2001 used confirmed name match from Census 2011
IND_HARYANA_PALWAL,Haryana,PALWAL,Haryana,PALWAL,Census 2011,Census 2011,425,Haryana,Palwal,6,21,confirmed_exact_unique,confirmed,1,1.0,1.0,0,0,0,0,0,Unique exact normalized district key within confirmed boundary state
IND_HARYANA_PANCHKULA,Haryana,PANCHKULA,Haryana,PANCHKULA,Census 2001,Census 2001,376,Haryana,Panchkula,6,1,confirmed_exact_unique,confirmed,1,1.0,1.0,0,0,0,0,0,Unique exact normalized district key within confirmed boundary state
IND_HARYANA_PANCHKULA,Haryana,PANCHKULA,Haryana,PANCHKULA,Census 2011,Census 2011,427,Haryana,Panchkula,6,1,confirmed_exact_unique,confirmed,1,1.0,1.0,0,0,0,0,0,Unique exact normalized district key within confirmed boundary state
IND_HARYANA_PANIPAT,Haryana,PANIPAT,Haryana,PANIPAT,Census 2001,Census 2001,378,Haryana,Panipat,6,7,confirmed_exact_unique,confirmed,1,1.0,1.0,0,0,0,0,0,Unique exact normalized district key within confirmed boundary state
IND_HARYANA_PANIPAT,Haryana,PANIPAT,Haryana,PANIPAT,Census 2011,Census 2011,428,Haryana,Panipat,6,7,confirmed_exact_unique,confirmed,1,1.0,1.0,0,0,0,0,0,Unique exact normalized district key within confirmed boundary state
IND_HARYANA_REWARI,Haryana,REWARI,Haryana,REWARI,Census 2001,Census 2001,544,Haryana,Rewari,6,17,confirmed_exact_unique,confirmed,1,1.0,1.0,0,0,0,0,0,Unique exact normalized district key within confirmed boundary state
IND_HARYANA_REWARI,Haryana,REWARI,Haryana,REWARI,Census 2011,Census 2011,481,Haryana,Rewari,6,17,confirmed_exact_unique,confirmed,1,1.0,1.0,0,0,0,0,0,Unique exact normalized district key within confirmed boundary state
IND_HARYANA_ROHTAK,Haryana,ROHTAK,Haryana,ROHTAK,Census 2001,Census 2001,442,Haryana,Rohtak,6,14,confirmed_exact_unique,confirmed,1,1.0,1.0,0,0,0,0,0,Unique exact normalized district key within confirmed boundary state
IND_HARYANA_ROHTAK,Haryana,ROHTAK,Haryana,ROHTAK,Census 2011,Census 2011,483,Haryana,Rohtak,6,14,confirmed_exact_unique,confirmed,1,1.0,1.0,0,0,0,0,0,Unique exact normalized district key within confirmed boundary state
IND_HARYANA_SIRSA,Haryana,SIRSA,Haryana,SIRSA,Census 2001,Census 2001,452,Haryana,Sirsa,6,11,confirmed_exact_unique,confirmed,1,1.0,1.0,0,0,0,0,0,Unique exact normalized district key within confirmed boundary state
IND_HARYANA_SIRSA,Haryana,SIRSA,Haryana,SIRSA,Census 2011,Census 2011,531,Haryana,Sirsa,6,11,confirmed_exact_unique,confirmed,1,1.0,1.0,0,0,0,0,0,Unique exact normalized district key within confirmed boundary state
IND_HARYANA_SONIPAT,Haryana,SONIPAT,Haryana,SONIPAT,Census 2001,Census 2001,483,Haryana,Sonipat,6,8,confirmed_exact_unique,confirmed,1,1.0,1.0,0,0,0,0,0,Unique exact normalized district key within confirmed boundary state
IND_HARYANA_SONIPAT,Haryana,SONIPAT,Haryana,SONIPAT,Census 2011,Census 2011,540,Haryana,Sonipat,6,8,confirmed_exact_unique,confirmed,1,1.0,1.0,0,0,0,0,0,Unique exact normalized district key within confirmed boundary state
IND_HARYANA_YAMUNANAGAR,Haryana,YAMUNANAGAR,Haryana,YAMUNANAGAR,Census 2001,Census 2001,533,Haryana,Yamunanagar,6,3,confirmed_exact_unique,confirmed,1,1.0,1.0,0,0,0,0,0,Unique exact normalized district key within confirmed boundary state
IND_HARYANA_YAMUNANAGAR,Haryana,YAMUNANAGAR,Haryana,YAMUNANAGAR,Census 2011,Census 2011,625,Haryana,Yamunanagar,6,3,confirmed_exact_unique,confirmed,1,1.0,1.0,0,0,0,0,0,Unique exact normalized district key within confirmed boundary state
IND_HIMACHAL_PRADESH_BILASPUR,Himachal Pradesh,BILASPUR,Himachal Pradesh,BILASPUR,Census 2001,Census 2001,49,Himachal Pradesh,Bilaspur,2,8,confirmed_exact_unique,confirmed,1,1.0,1.0,0,0,0,0,0,Unique exact normalized district key within confirmed boundary state
IND_HIMACHAL_PRADESH_BILASPUR,Himachal Pradesh,BILASPUR,Himachal Pradesh,BILASPUR,Census 2011,Census 2011,86,Himachal Pradesh,Bilaspur,2,8,confirmed_exact_unique,confirmed,1,1.0,1.0,0,0,0,0,0,Unique exact normalized district key within confirmed boundary state
IND_HIMACHAL_PRADESH_CHAMBA,Himachal Pradesh,CHAMBA,Himachal Pradesh,CHAMBA,Census 2001,Census 2001,82,Himachal Pradesh,Chamba,2,1,confirmed_exact_unique,confirmed,1,1.0,1.0,0,0,0,0,0,Unique exact normalized district key within confirmed boundary state
IND_HIMACHAL_PRADESH_CHAMBA,Himachal Pradesh,CHAMBA,Himachal Pradesh,CHAMBA,Census 2011,Census 2011,99,Himachal Pradesh,Chamba,2,1,confirmed_exact_unique,confirmed,1,1.0,1.0,0,0,0,0,0,Unique exact normalized district key within confirmed boundary state
IND_HIMACHAL_PRADESH_HAMIRPUR,Himachal Pradesh,HAMIRPUR,Himachal Pradesh,HAMIRPUR,Census 2001,Census 2001,201,Himachal Pradesh,Hamirpur,2,6,confirmed_exact_unique,confirmed,1,1.0,1.0,0,0,0,0,0,Unique exact normalized district key within confirmed boundary state
IND_HIMACHAL_PRADESH_HAMIRPUR,Himachal Pradesh,HAMIRPUR,Himachal Pradesh,HAMIRPUR,Census 2011,Census 2011,215,Himachal Pradesh,Hamirpur,2,6,confirmed_exact_unique,confirmed,1,1.0,1.0,0,0,0,0,0,Unique exact normalized district key within confirmed boundary state
IND_HIMACHAL_PRADESH_KANGRA,Himachal Pradesh,KANGRA,Himachal Pradesh,KANGRA,Census 2001,Census 2001,247,Himachal Pradesh,Kangra,2,2,confirmed_exact_unique,confirmed,1,1.0,1.0,0,0,0,0,0,Unique exact normalized district key within confirmed boundary state
IND_HIMACHAL_PRADESH_KANGRA,Himachal Pradesh,KANGRA,Himachal Pradesh,KANGRA,Census 2011,Census 2011,273,Himachal Pradesh,Kangra,2,2,confirmed_exact_unique,confirmed,1,1.0,1.0,0,0,0,0,0,Unique exact normalized district key within confirmed boundary state
IND_HIMACHAL_PRADESH_KINNAUR,Himachal Pradesh,KINNAUR,Himachal Pradesh,KINNAUR,Census 2001,Census 2001,261,Himachal Pradesh,Kinnaur,2,12,confirmed_exact_unique,confirmed,1,1.0,1.0,0,0,0,0,0,Unique exact normalized district key within confirmed boundary state
IND_HIMACHAL_PRADESH_KINNAUR,Himachal Pradesh,KINNAUR,Himachal Pradesh,KINNAUR,Census 2011,Census 2011,301,Himachal Pradesh,Kinnaur,2,12,confirmed_exact_unique,confirmed,1,1.0,1.0,0,0,0,0,0,Unique exact normalized district key within confirmed boundary state
IND_HIMACHAL_PRADESH_KULLU,Himachal Pradesh,KULLU,Himachal Pradesh,KULLU,Census 2001,Census 2001,304,Himachal Pradesh,Kullu,2,4,confirmed_exact_unique,confirmed,1,1.0,1.0,0,0,0,0,0,Unique exact normalized district key within confirmed boundary state
IND_HIMACHAL_PRADESH_KULLU,Himachal Pradesh,KULLU,Himachal Pradesh,KULLU,Census 2011,Census 2011,325,Himachal Pradesh,Kullu,2,4,confirmed_exact_unique,confirmed,1,1.0,1.0,0,0,0,0,0,Unique exact normalized district key within confirmed boundary state
IND_HIMACHAL_PRADESH_LAHUL_AND_SPITI,Himachal Pradesh,LAHUL AND SPITI,Himachal Pradesh,LAHUL AND SPITI,Census 2001,Census 2001,294,Himachal Pradesh,Lahul & Spiti,2,3,confirmed_exact_unique,confirmed,1,1.0,1.0,0,0,0,0,0,Unique exact normalized district key within confirmed boundary state
IND_HIMACHAL_PRADESH_LAHUL_AND_SPITI,Himachal Pradesh,LAHUL AND SPITI,Himachal Pradesh,LAHUL AND SPITI,Census 2011,Census 2011,331,Himachal Pradesh,Lahul & Spiti,2,3,confirmed_exact_unique,confirmed,1,1.0,1.0,0,0,0,0,0,Unique exact normalized district key within confirmed boundary state
IND_HIMACHAL_PRADESH_MANDI,Himachal Pradesh,MANDI,Himachal Pradesh,MANDI,Census 2001,Census 2001,329,Himachal Pradesh,Mandi,2,5,confirmed_exact_unique,confirmed,1,1.0,1.0,0,0,0,0,0,Unique exact normalized district key within confirmed boundary state
IND_HIMACHAL_PRADESH_MANDI,Himachal Pradesh,MANDI,Himachal Pradesh,MANDI,Census 2011,Census 2011,362,Himachal Pradesh,Mandi,2,5,confirmed_exact_unique,confirmed,1,1.0,1.0,0,0,0,0,0,Unique exact normalized district key within confirmed boundary state
IND_HIMACHAL_PRADESH_SHIMLA,Himachal Pradesh,SHIMLA,Himachal Pradesh,SHIMLA,Census 2001,Census 2001,430,Himachal Pradesh,Shimla,2,11,confirmed_exact_unique,confirmed,1,1.0,1.0,0,0,0,0,0,Unique exact normalized district key within confirmed boundary state
IND_HIMACHAL_PRADESH_SHIMLA,Himachal Pradesh,SHIMLA,Himachal Pradesh,SHIMLA,Census 2011,Census 2011,517,Himachal Pradesh,Shimla,2,11,confirmed_exact_unique,confirmed,1,1.0,1.0,0,0,0,0,0,Unique exact normalized district key within confirmed boundary state
IND_HIMACHAL_PRADESH_SIRMAUR,Himachal Pradesh,SIRMAUR,Himachal Pradesh,SIRMAUR,Census 2001,Census 2001,450,Himachal Pradesh,Sirmaur,2,10,confirmed_exact_unique,confirmed,1,1.0,1.0,0,0,0,0,0,Unique exact normalized district key within confirmed boundary state
IND_HIMACHAL_PRADESH_SIRMAUR,Himachal Pradesh,SIRMAUR,Himachal Pradesh,SIRMAUR,Census 2011,Census 2011,529,Himachal Pradesh,Sirmaur,2,10,confirmed_exact_unique,confirmed,1,1.0,1.0,0,0,0,0,0,Unique exact normalized district key within confirmed boundary state
IND_HIMACHAL_PRADESH_SOLAN,Himachal Pradesh,SOLAN,Himachal Pradesh,SOLAN,Census 2001,Census 2001,479,Himachal Pradesh,Solan,2,9,confirmed_exact_unique,confirmed,1,1.0,1.0,0,0,0,0,0,Unique exact normalized district key within confirmed boundary state
IND_HIMACHAL_PRADESH_SOLAN,Himachal Pradesh,SOLAN,Himachal Pradesh,SOLAN,Census 2011,Census 2011,536,Himachal Pradesh,Solan,2,9,confirmed_exact_unique,confirmed,1,1.0,1.0,0,0,0,0,0,Unique exact normalized district key within confirmed boundary state
IND_HIMACHAL_PRADESH_UNA,Himachal Pradesh,UNA,Himachal Pradesh,UNA,Census 2001,Census 2001,508,Himachal Pradesh,Una,2,7,confirmed_exact_unique,confirmed,1,1.0,1.0,0,0,0,0,0,Unique exact normalized district key within confirmed boundary state
IND_HIMACHAL_PRADESH_UNA,Himachal Pradesh,UNA,Himachal Pradesh,UNA,Census 2011,Census 2011,590,Himachal Pradesh,Una,2,7,confirmed_exact_unique,confirmed,1,1.0,1.0,0,0,0,0,0,Unique exact normalized district key within confirmed boundary state
IND_JAMMU_AND_KASHMIR_ANANTNAG,Jammu and Kashmir,ANANTNAG,Jammu and Kashmir,ANANTNAG,Census 2001,Census 2001,2,Jammu and Kashmir,Anantnag,1,6,confirmed_exact_unique,confirmed,1,1.0,1.0,0,0,0,0,0,Unique exact normalized district key within confirmed boundary state
IND_JAMMU_AND_KASHMIR_ANANTNAG,Jammu and Kashmir,ANANTNAG,Jammu and Kashmir,ANANTNAG,Census 2011,Census 2011,20,Jammu & Kashmir,Anantnag,1,14,confirmed_exact_unique,confirmed,1,1.0,1.0,0,0,0,0,0,Unique exact normalized district key within confirmed boundary state
IND_JAMMU_AND_KASHMIR_BADGAM,Jammu and Kashmir,BADGAM,Jammu and Kashmir,BADGAM,Census 2001,Census 2001,11,Jammu and Kashmir,Badgam,1,4,confirmed_exact_unique,confirmed,1,1.0,1.0,0,0,0,0,0,Unique exact normalized district key within confirmed boundary state
IND_JAMMU_AND_KASHMIR_BADGAM,Jammu and Kashmir,BADGAM,Jammu and Kashmir,BADGAM,Census 2011,Census 2011,31,Jammu & Kashmir,Badgam,1,2,confirmed_exact_unique,confirmed,1,1.0,1.0,0,0,0,0,0,Unique exact normalized district key within confirmed boundary state
IND_JAMMU_AND_KASHMIR_BANDIPORA,Jammu and Kashmir,BANDIPORA,Jammu and Kashmir,BANDIPORA,Census 2001,Census 2001,11,Jammu and Kashmir,Badgam,1,4,working_fuzzy_same_state,working_fallback,1,0.0,0.533333,0,0,0,0,1,Best ranked same-state fuzzy candidate; not historically confirmed
IND_JAMMU_AND_KASHMIR_BANDIPORA,Jammu and Kashmir,BANDIPORA,Jammu and Kashmir,BANDIPORA,Census 2011,Census 2011,44,Jammu & Kashmir,Bandipore,1,9,working_fuzzy_same_state,working_fallback,1,0.0,0.888889,0,0,0,0,1,Best ranked same-state fuzzy candidate; not historically confirmed
IND_JAMMU_AND_KASHMIR_BARAMULLA,Jammu and Kashmir,BARAMULLA,Jammu and Kashmir,BARAMULLA,Census 2001,Census 2001,33,Jammu and Kashmir,Baramula,1,2,working_fuzzy_same_state,working_fallback,1,0.0,0.941176,0,0,0,0,1,Best ranked same-state fuzzy candidate; not historically confirmed
IND_JAMMU_AND_KASHMIR_BARAMULLA,Jammu and Kashmir,BARAMULLA,Jammu and Kashmir,BARAMULLA,Census 2011,Census 2011,52,Jammu & Kashmir,Baramula,1,8,working_fuzzy_same_state,working_fallback,1,0.0,0.941176,0,0,0,0,1,Best ranked same-state fuzzy candidate; not historically confirmed
IND_JAMMU_AND_KASHMIR_DODA,Jammu and Kashmir,DODA,Jammu and Kashmir,DODA,Census 2001,Census 2001,145,Jammu and Kashmir,Doda,1,9,confirmed_exact_unique,confirmed,1,1.0,1.0,0,0,0,0,0,Unique exact normalized district key within confirmed boundary state
IND_JAMMU_AND_KASHMIR_DODA,Jammu and Kashmir,DODA,Jammu and Kashmir,DODA,Census 2011,Census 2011,159,Jammu & Kashmir,Doda,1,16,confirmed_exact_unique,confirmed,1,1.0,1.0,0,0,0,0,0,Unique exact normalized district key within confirmed boundary state
IND_JAMMU_AND_KASHMIR_GANDERBAL,Jammu and Kashmir,GANDERBAL,Jammu and Kashmir,GANDERBAL,Census 2001,Census 2011,188,Jammu & Kashmir,Ganderbal,1,11,alternate_layer_confirmed_name,working_strong,1,1.0,1.0,0,0,1,0,1,Requested Census 2001 used confirmed name match from Census 2011
IND_JAMMU_AND_KASHMIR_GANDERBAL,Jammu and Kashmir,GANDERBAL,Jammu and Kashmir,GANDERBAL,Census 2011,Census 2011,188,Jammu & Kashmir,Ganderbal,1,11,confirmed_exact_unique,confirmed,1,1.0,1.0,0,0,0,0,0,Unique exact normalized district key within confirmed boundary state
IND_JAMMU_AND_KASHMIR_JAMMU,Jammu and Kashmir,JAMMU,Jammu and Kashmir,JAMMU,Census 2001,Census 2001,233,Jammu and Kashmir,Jammu,1,13,confirmed_exact_unique,confirmed,1,1.0,1.0,0,0,0,0,0,Unique exact normalized district key within confirmed boundary state
IND_JAMMU_AND_KASHMIR_JAMMU,Jammu and Kashmir,JAMMU,Jammu and Kashmir,JAMMU,Census 2011,Census 2011,248,Jammu & Kashmir,Jammu,1,21,confirmed_exact_unique,confirmed,1,1.0,1.0,0,0,0,0,0,Unique exact normalized district key within confirmed boundary state
IND_JAMMU_AND_KASHMIR_KARGIL,Jammu and Kashmir,KARGIL,Jammu and Kashmir,KARGIL,Census 2001,Census 2001,252,Jammu and Kashmir,Kargil,1,8,confirmed_exact_unique,confirmed,1,1.0,1.0,0,0,0,0,0,Unique exact normalized district key within confirmed boundary state
IND_JAMMU_AND_KASHMIR_KARGIL,Jammu and Kashmir,KARGIL,Jammu and Kashmir,KARGIL,Census 2011,Census 2011,283,Jammu & Kashmir,Kargil,1,4,confirmed_exact_unique,confirmed,1,1.0,1.0,0,0,0,0,0,Unique exact normalized district key within confirmed boundary state
IND_JAMMU_AND_KASHMIR_KATHUA,Jammu and Kashmir,KATHUA,Jammu and Kashmir,KATHUA,Census 2001,Census 2001,256,Jammu and Kashmir,Kathua,1,14,confirmed_exact_unique,confirmed,1,1.0,1.0,0,0,0,0,0,Unique exact normalized district key within confirmed boundary state
IND_JAMMU_AND_KASHMIR_KATHUA,Jammu and Kashmir,KATHUA,Jammu and Kashmir,KATHUA,Census 2011,Census 2011,289,Jammu & Kashmir,Kathua,1,7,confirmed_exact_unique,confirmed,1,1.0,1.0,0,0,0,0,0,Unique exact normalized district key within confirmed boundary state
IND_JAMMU_AND_KASHMIR_KISHTWAR,Jammu and Kashmir,KISHTWAR,Jammu and Kashmir,KISHTWAR,Census 2001,Census 2011,304,Jammu & Kashmir,Kishtwar,1,18,alternate_layer_confirmed_name,working_strong,1,1.0,1.0,0,0,1,0,1,Requested Census 2001 used confirmed name match from Census 2011
IND_JAMMU_AND_KASHMIR_KISHTWAR,Jammu and Kashmir,KISHTWAR,Jammu and Kashmir,KISHTWAR,Census 2011,Census 2011,304,Jammu & Kashmir,Kishtwar,1,18,confirmed_exact_unique,confirmed,1,1.0,1.0,0,0,0,0,0,Unique exact normalized district key within confirmed boundary state
IND_JAMMU_AND_KASHMIR_KULGAM,Jammu and Kashmir,KULGAM,Jammu and Kashmir,KULGAM,Census 2001,Census 2011,324,Jammu & Kashmir,Kulgam,1,15,alternate_layer_confirmed_name,working_strong,1,1.0,1.0,0,0,1,0,1,Requested Census 2001 used confirmed name match from Census 2011
IND_JAMMU_AND_KASHMIR_KULGAM,Jammu and Kashmir,KULGAM,Jammu and Kashmir,KULGAM,Census 2011,Census 2011,324,Jammu & Kashmir,Kulgam,1,15,confirmed_exact_unique,confirmed,1,1.0,1.0,0,0,0,0,0,Unique exact normalized district key within confirmed boundary state
IND_JAMMU_AND_KASHMIR_KUPWARA,Jammu and Kashmir,KUPWARA,Jammu and Kashmir,KUPWARA,Census 2001,Census 2001,305,Jammu and Kashmir,Kupwara,1,1,confirmed_exact_unique,confirmed,1,1.0,1.0,0,0,0,0,0,Unique exact normalized district key within confirmed boundary state
IND_JAMMU_AND_KASHMIR_KUPWARA,Jammu and Kashmir,KUPWARA,Jammu and Kashmir,KUPWARA,Census 2011,Census 2011,326,Jammu & Kashmir,Kupwara,1,1,confirmed_exact_unique,confirmed,1,1.0,1.0,0,0,0,0,0,Unique exact normalized district key within confirmed boundary state
IND_JAMMU_AND_KASHMIR_LEH_LADAKH,Jammu and Kashmir,LEH LADAKH,Jammu and Kashmir,LEH LADAKH,Census 2001,Census 2001,293,Jammu and Kashmir,Leh (Ladakh),1,7,confirmed_exact_unique,confirmed,1,1.0,1.0,0,0,0,0,0,Unique exact normalized district key within confirmed boundary state
IND_JAMMU_AND_KASHMIR_LEH_LADAKH,Jammu and Kashmir,LEH LADAKH,Jammu and Kashmir,LEH LADAKH,Census 2011,Census 2011,338,Jammu & Kashmir,Leh (ladakh),1,3,confirmed_exact_unique,confirmed,1,1.0,1.0,0,0,0,0,0,Unique exact normalized district key within confirmed boundary state
IND_JAMMU_AND_KASHMIR_POONCH,Jammu and Kashmir,POONCH,Jammu and Kashmir,POONCH,Census 2001,Census 2001,325,Jammu and Kashmir,Punch,1,11,working_fuzzy_same_state,working_fallback,1,0.0,0.727273,0,0,0,0,1,Best ranked same-state fuzzy candidate; not historically confirmed
IND_JAMMU_AND_KASHMIR_POONCH,Jammu and Kashmir,POONCH,Jammu and Kashmir,POONCH,Census 2011,Census 2011,450,Jammu & Kashmir,Punch,1,5,working_fuzzy_same_state,working_fallback,1,0.0,0.727273,0,0,0,0,1,Best ranked same-state fuzzy candidate; not historically confirmed
IND_JAMMU_AND_KASHMIR_PULWAMA,Jammu and Kashmir,PULWAMA,Jammu and Kashmir,PULWAMA,Census 2001,Census 2001,399,Jammu and Kashmir,Pulwama,1,5,confirmed_exact_unique,confirmed,1,1.0,1.0,0,0,0,0,0,Unique exact normalized district key within confirmed boundary state
IND_JAMMU_AND_KASHMIR_PULWAMA,Jammu and Kashmir,PULWAMA,Jammu and Kashmir,PULWAMA,Census 2011,Census 2011,449,Jammu & Kashmir,Pulwama,1,12,confirmed_exact_unique,confirmed,1,1.0,1.0,0,0,0,0,0,Unique exact normalized district key within confirmed boundary state
IND_JAMMU_AND_KASHMIR_RAJAURI,Jammu and Kashmir,RAJAURI,Jammu and Kashmir,RAJAURI,Census 2001,Census 2001,406,Jammu and Kashmir,Rajauri,1,12,confirmed_exact_unique,confirmed,1,1.0,1.0,0,0,0,0,0,Unique exact normalized district key within confirmed boundary state
IND_JAMMU_AND_KASHMIR_RAJAURI,Jammu and Kashmir,RAJAURI,Jammu and Kashmir,RAJAURI,Census 2011,Census 2001,406,Jammu and Kashmir,Rajauri,1,12,alternate_layer_confirmed_name,working_strong,1,1.0,1.0,0,0,1,0,1,Requested Census 2011 used confirmed name match from Census 2001
IND_JAMMU_AND_KASHMIR_RAMBAN,Jammu and Kashmir,RAMBAN,Jammu and Kashmir,RAMBAN,Census 2001,Census 2011,471,Jammu & Kashmir,Ramban,1,17,alternate_layer_confirmed_name,working_strong,1,1.0,1.0,0,0,1,0,1,Requested Census 2001 used confirmed name match from Census 2011
IND_JAMMU_AND_KASHMIR_RAMBAN,Jammu and Kashmir,RAMBAN,Jammu and Kashmir,RAMBAN,Census 2011,Census 2011,471,Jammu & Kashmir,Ramban,1,17,confirmed_exact_unique,confirmed,1,1.0,1.0,0,0,0,0,0,Unique exact normalized district key within confirmed boundary state
IND_JAMMU_AND_KASHMIR_REASI,Jammu and Kashmir,REASI,Jammu and Kashmir,REASI,Census 2001,Census 2011,479,Jammu & Kashmir,Reasi,1,20,alternate_layer_confirmed_name,working_strong,1,1.0,1.0,0,0,1,0,1,Requested Census 2001 used confirmed name match from Census 2011
IND_JAMMU_AND_KASHMIR_REASI,Jammu and Kashmir,REASI,Jammu and Kashmir,REASI,Census 2011,Census 2011,479,Jammu & Kashmir,Reasi,1,20,confirmed_exact_unique,confirmed,1,1.0,1.0,0,0,0,0,0,Unique exact normalized district key within confirmed boundary state
IND_JAMMU_AND_KASHMIR_SAMBA,Jammu and Kashmir,SAMBA,Jammu and Kashmir,SAMBA,Census 2001,Census 2011,496,Jammu & Kashmir,Samba,1,22,alternate_layer_confirmed_name,working_strong,1,1.0,1.0,0,0,1,0,1,Requested Census 2001 used confirmed name match from Census 2011
IND_JAMMU_AND_KASHMIR_SAMBA,Jammu and Kashmir,SAMBA,Jammu and Kashmir,SAMBA,Census 2011,Census 2011,496,Jammu & Kashmir,Samba,1,22,confirmed_exact_unique,confirmed,1,1.0,1.0,0,0,0,0,0,Unique exact normalized district key within confirmed boundary state
IND_JAMMU_AND_KASHMIR_SHOPIAN,Jammu and Kashmir,SHOPIAN,Jammu and Kashmir,SHOPIAN,Census 2001,Census 2001,458,Jammu and Kashmir,Srinagar,1,3,working_fuzzy_same_state,working_fallback,1,0.0,0.4,0,0,0,0,1,Best ranked same-state fuzzy candidate; not historically confirmed
IND_JAMMU_AND_KASHMIR_SHOPIAN,Jammu and Kashmir,SHOPIAN,Jammu and Kashmir,SHOPIAN,Census 2011,Census 2011,521,Jammu & Kashmir,Shupiyan,1,13,working_fuzzy_same_state,working_fallback,1,0.0,0.8,0,0,0,0,1,Best ranked same-state fuzzy candidate; not historically confirmed
IND_JAMMU_AND_KASHMIR_SRINAGAR,Jammu and Kashmir,SRINAGAR,Jammu and Kashmir,SRINAGAR,Census 2001,Census 2001,458,Jammu and Kashmir,Srinagar,1,3,confirmed_exact_unique,confirmed,1,1.0,1.0,0,0,0,0,0,Unique exact normalized district key within confirmed boundary state
IND_JAMMU_AND_KASHMIR_SRINAGAR,Jammu and Kashmir,SRINAGAR,Jammu and Kashmir,SRINAGAR,Census 2011,Census 2011,550,Jammu & Kashmir,Srinagar,1,10,confirmed_exact_unique,confirmed,1,1.0,1.0,0,0,0,0,0,Unique exact normalized district key within confirmed boundary state
IND_JAMMU_AND_KASHMIR_UDHAMPUR,Jammu and Kashmir,UDHAMPUR,Jammu and Kashmir,UDHAMPUR,Census 2001,Census 2001,504,Jammu and Kashmir,Udhampur,1,10,confirmed_exact_unique,confirmed,1,1.0,1.0,0,0,0,0,0,Unique exact normalized district key within confirmed boundary state
IND_JAMMU_AND_KASHMIR_UDHAMPUR,Jammu and Kashmir,UDHAMPUR,Jammu and Kashmir,UDHAMPUR,Census 2011,Census 2011,584,Jammu & Kashmir,Udhampur,1,19,confirmed_exact_unique,confirmed,1,1.0,1.0,0,0,0,0,0,Unique exact normalized district key within confirmed boundary state
IND_JHARKHAND_BOKARO,Jharkhand,BOKARO,Jharkhand,BOKARO,Census 2001,Census 2001,52,Jharkhand,Bokaro,20,13,confirmed_exact_unique,confirmed,1,1.0,1.0,0,0,0,0,0,Unique exact normalized district key within confirmed boundary state
IND_JHARKHAND_BOKARO,Jharkhand,BOKARO,Jharkhand,BOKARO,Census 2011,Census 2011,89,Jharkhand,Bokaro,20,10,confirmed_exact_unique,confirmed,1,1.0,1.0,0,0,0,0,0,Unique exact normalized district key within confirmed boundary state
IND_JHARKHAND_CHATRA,Jharkhand,CHATRA,Jharkhand,CHATRA,Census 2001,Census 2001,550,Jharkhand,Chatra,20,3,confirmed_exact_unique,confirmed,1,1.0,1.0,0,0,0,0,0,Unique exact normalized district key within confirmed boundary state
IND_JHARKHAND_CHATRA,Jharkhand,CHATRA,Jharkhand,CHATRA,Census 2011,Census 2011,109,Jharkhand,Chatra,20,2,confirmed_exact_unique,confirmed,1,1.0,1.0,0,0,0,0,0,Unique exact normalized district key within confirmed boundary state
IND_JHARKHAND_DEOGHAR,Jharkhand,DEOGHAR,Jharkhand,DEOGHAR,Census 2001,Census 2001,114,Jharkhand,Deoghar,20,7,confirmed_exact_unique,confirmed,1,1.0,1.0,0,0,0,0,0,Unique exact normalized district key within confirmed boundary state
IND_JHARKHAND_DEOGHAR,Jharkhand,DEOGHAR,Jharkhand,DEOGHAR,Census 2011,Census 2011,140,Jharkhand,Deoghar,20,5,confirmed_exact_unique,confirmed,1,1.0,1.0,0,0,0,0,0,Unique exact normalized district key within confirmed boundary state
IND_JHARKHAND_DHANBAD,Jharkhand,DHANBAD,Jharkhand,DHANBAD,Census 2001,Census 2001,132,Jharkhand,Dhanbad,20,12,confirmed_exact_unique,confirmed,1,1.0,1.0,0,0,0,0,0,Unique exact normalized district key within confirmed boundary state
IND_JHARKHAND_DHANBAD,Jharkhand,DHANBAD,Jharkhand,DHANBAD,Census 2011,Census 2011,145,Jharkhand,Dhanbad,20,9,confirmed_exact_unique,confirmed,1,1.0,1.0,0,0,0,0,0,Unique exact normalized district key within confirmed boundary state
IND_JHARKHAND_DUMKA,Jharkhand,DUMKA,Jharkhand,DUMKA,Census 2001,Census 2001,146,Jharkhand,Dumka,20,11,confirmed_exact_unique,confirmed,1,1.0,1.0,0,0,0,0,0,Unique exact normalized district key within confirmed boundary state
IND_JHARKHAND_DUMKA,Jharkhand,DUMKA,Jharkhand,DUMKA,Census 2011,Census 2011,161,Jharkhand,Dumka,20,17,confirmed_exact_unique,confirmed,1,1.0,1.0,0,0,0,0,0,Unique exact normalized district key within confirmed boundary state
IND_JHARKHAND_EAST_SINGHBUM,Jharkhand,EAST SINGHBUM,Jharkhand,EAST SINGHBUM,Census 2001,Census 2001,383,Jharkhand,Pashchimi Singhbhum,20,17,working_fuzzy_same_state,working_fallback,1,0.0,0.666667,0,0,0,0,1,Best ranked same-state fuzzy candidate; not historically confirmed
IND_JHARKHAND_EAST_SINGHBUM,Jharkhand,EAST SINGHBUM,Jharkhand,EAST SINGHBUM,Census 2011,Census 2011,434,Jharkhand,Pashchimi Singhbhum,20,23,working_fuzzy_same_state,working_fallback,1,0.0,0.666667,0,0,0,0,1,Best ranked same-state fuzzy candidate; not historically confirmed
IND_JHARKHAND_GARHWA,Jharkhand,GARHWA,Jharkhand,GARHWA,Census 2001,Census 2001,548,Jharkhand,Garhwa,20,1,confirmed_exact_unique,confirmed,1,1.0,1.0,0,0,0,0,0,Unique exact normalized district key within confirmed boundary state
IND_JHARKHAND_GARHWA,Jharkhand,GARHWA,Jharkhand,GARHWA,Census 2011,Census 2011,193,Jharkhand,Garhwa,20,1,confirmed_exact_unique,confirmed,1,1.0,1.0,0,0,0,0,0,Unique exact normalized district key within confirmed boundary state
IND_JHARKHAND_GIRIDIH,Jharkhand,GIRIDIH,Jharkhand,GIRIDIH,Census 2001,Census 2001,176,Jharkhand,Giridih,20,6,confirmed_exact_unique,confirmed,1,1.0,1.0,0,0,0,0,0,Unique exact normalized district key within confirmed boundary state
IND_JHARKHAND_GIRIDIH,Jharkhand,GIRIDIH,Jharkhand,GIRIDIH,Census 2011,Census 2011,199,Jharkhand,Giridih,20,4,confirmed_exact_unique,confirmed,1,1.0,1.0,0,0,0,0,0,Unique exact normalized district key within confirmed boundary state
IND_JHARKHAND_GODDA,Jharkhand,GODDA,Jharkhand,GODDA,Census 2001,Census 2001,178,Jharkhand,Godda,20,8,confirmed_exact_unique,confirmed,1,1.0,1.0,0,0,0,0,0,Unique exact normalized district key within confirmed boundary state
IND_JHARKHAND_GODDA,Jharkhand,GODDA,Jharkhand,GODDA,Census 2011,Census 2011,201,Jharkhand,Godda,20,6,confirmed_exact_unique,confirmed,1,1.0,1.0,0,0,0,0,0,Unique exact normalized district key within confirmed boundary state
IND_JHARKHAND_GUMLA,Jharkhand,GUMLA,Jharkhand,GUMLA,Census 2001,Census 2001,184,Jharkhand,Gumla,20,16,confirmed_exact_unique,confirmed,1,1.0,1.0,0,0,0,0,0,Unique exact normalized district key within confirmed boundary state
IND_JHARKHAND_GUMLA,Jharkhand,GUMLA,Jharkhand,GUMLA,Census 2011,Census 2011,208,Jharkhand,Gumla,20,21,confirmed_exact_unique,confirmed,1,1.0,1.0,0,0,0,0,0,Unique exact normalized district key within confirmed boundary state
IND_JHARKHAND_HAZARIBAGH,Jharkhand,HAZARIBAGH,Jharkhand,HAZARIBAGH,Census 2001,Census 2001,551,Jharkhand,Hazaribagh,20,4,confirmed_exact_unique,confirmed,1,1.0,1.0,0,0,0,0,0,Unique exact normalized district key within confirmed boundary state
IND_JHARKHAND_HAZARIBAGH,Jharkhand,HAZARIBAGH,Jharkhand,HAZARIBAGH,Census 2011,Census 2011,225,Jharkhand,Hazaribagh,20,15,confirmed_exact_unique,confirmed,1,1.0,1.0,0,0,0,0,0,Unique exact normalized district key within confirmed boundary state
IND_JHARKHAND_JAMTARA,Jharkhand,JAMTARA,Jharkhand,JAMTARA,Census 2001,Census 2011,250,Jharkhand,Jamtara,20,18,alternate_layer_confirmed_name,working_strong,1,1.0,1.0,0,0,1,0,1,Requested Census 2001 used confirmed name match from Census 2011
IND_JHARKHAND_JAMTARA,Jharkhand,JAMTARA,Jharkhand,JAMTARA,Census 2011,Census 2011,250,Jharkhand,Jamtara,20,18,confirmed_exact_unique,confirmed,1,1.0,1.0,0,0,0,0,0,Unique exact normalized district key within confirmed boundary state
IND_JHARKHAND_KHUNTI,Jharkhand,KHUNTI,Jharkhand,KHUNTI,Census 2001,Census 2011,300,Jharkhand,Khunti,20,20,alternate_layer_confirmed_name,working_strong,1,1.0,1.0,0,0,1,0,1,Requested Census 2001 used confirmed name match from Census 2011
IND_JHARKHAND_KHUNTI,Jharkhand,KHUNTI,Jharkhand,KHUNTI,Census 2011,Census 2011,300,Jharkhand,Khunti,20,20,confirmed_exact_unique,confirmed,1,1.0,1.0,0,0,0,0,0,Unique exact normalized district key within confirmed boundary state
IND_JHARKHAND_KODERMA,Jharkhand,KODERMA,Jharkhand,KODERMA,Census 2001,Census 2001,552,Jharkhand,Kodarma,20,5,working_fuzzy_same_state,working_fallback,1,0.0,0.857143,0,0,0,0,1,Best ranked same-state fuzzy candidate; not historically confirmed
IND_JHARKHAND_KODERMA,Jharkhand,KODERMA,Jharkhand,KODERMA,Census 2011,Census 2011,307,Jharkhand,Kodarma,20,3,working_fuzzy_same_state,working_fallback,1,0.0,0.857143,0,0,0,0,1,Best ranked same-state fuzzy candidate; not historically confirmed
IND_JHARKHAND_LATEHAR,Jharkhand,LATEHAR,Jharkhand,LATEHAR,Census 2001,Census 2011,335,Jharkhand,Latehar,20,14,alternate_layer_confirmed_name,working_strong,1,1.0,1.0,0,0,1,0,1,Requested Census 2001 used confirmed name match from Census 2011
IND_JHARKHAND_LATEHAR,Jharkhand,LATEHAR,Jharkhand,LATEHAR,Census 2011,Census 2011,335,Jharkhand,Latehar,20,14,confirmed_exact_unique,confirmed,1,1.0,1.0,0,0,0,0,0,Unique exact normalized district key within confirmed boundary state
IND_JHARKHAND_LOHARDAGA,Jharkhand,LOHARDAGA,Jharkhand,LOHARDAGA,Census 2001,Census 2001,315,Jharkhand,Lohardaga,20,15,confirmed_exact_unique,confirmed,1,1.0,1.0,0,0,0,0,0,Unique exact normalized district key within confirmed boundary state
IND_JHARKHAND_LOHARDAGA,Jharkhand,LOHARDAGA,Jharkhand,LOHARDAGA,Census 2011,Census 2011,339,Jharkhand,Lohardaga,20,11,confirmed_exact_unique,confirmed,1,1.0,1.0,0,0,0,0,0,Unique exact normalized district key within confirmed boundary state
IND_JHARKHAND_PAKUR,Jharkhand,PAKUR,Jharkhand,PAKUR,Census 2001,Census 2011,421,Jharkhand,Pakur,20,8,alternate_layer_confirmed_name,working_strong,1,1.0,1.0,0,0,1,0,1,Requested Census 2001 used confirmed name match from Census 2011
IND_JHARKHAND_PAKUR,Jharkhand,PAKUR,Jharkhand,PAKUR,Census 2011,Census 2011,421,Jharkhand,Pakur,20,8,confirmed_exact_unique,confirmed,1,1.0,1.0,0,0,0,0,0,Unique exact normalized district key within confirmed boundary state
IND_JHARKHAND_PALAMU,Jharkhand,PALAMU,Jharkhand,PALAMU,Census 2001,Census 2001,549,Jharkhand,Palamu,20,2,confirmed_exact_unique,confirmed,1,1.0,1.0,0,0,0,0,0,Unique exact normalized district key within confirmed boundary state
IND_JHARKHAND_PALAMU,Jharkhand,PALAMU,Jharkhand,PALAMU,Census 2011,Census 2011,423,Jharkhand,Palamu,20,13,confirmed_exact_unique,confirmed,1,1.0,1.0,0,0,0,0,0,Unique exact normalized district key within confirmed boundary state
IND_JHARKHAND_RAMGARH,Jharkhand,RAMGARH,Jharkhand,RAMGARH,Census 2001,Census 2011,472,Jharkhand,Ramgarh,20,16,alternate_layer_confirmed_name,working_strong,1,1.0,1.0,0,0,1,0,1,Requested Census 2001 used confirmed name match from Census 2011
IND_JHARKHAND_RAMGARH,Jharkhand,RAMGARH,Jharkhand,RAMGARH,Census 2011,Census 2011,472,Jharkhand,Ramgarh,20,16,confirmed_exact_unique,confirmed,1,1.0,1.0,0,0,0,0,0,Unique exact normalized district key within confirmed boundary state
IND_JHARKHAND_RANCHI,Jharkhand,RANCHI,Jharkhand,RANCHI,Census 2001,Census 2001,434,Jharkhand,Ranchi,20,14,confirmed_exact_unique,confirmed,1,1.0,1.0,0,0,0,0,0,Unique exact normalized district key within confirmed boundary state
IND_JHARKHAND_RANCHI,Jharkhand,RANCHI,Jharkhand,RANCHI,Census 2011,Census 2011,474,Jharkhand,Ranchi,20,19,confirmed_exact_unique,confirmed,1,1.0,1.0,0,0,0,0,0,Unique exact normalized district key within confirmed boundary state
IND_JHARKHAND_SAHEBGANJ,Jharkhand,SAHEBGANJ,Jharkhand,SAHEBGANJ,Census 2001,Census 2001,449,Jharkhand,Sahibganj,20,9,working_fuzzy_same_state,working_fallback,1,0.0,0.888889,0,0,0,0,1,Best ranked same-state fuzzy candidate; not historically confirmed
IND_JHARKHAND_SAHEBGANJ,Jharkhand,SAHEBGANJ,Jharkhand,SAHEBGANJ,Census 2011,Census 2011,491,Jharkhand,Sahibganj,20,7,working_fuzzy_same_state,working_fallback,1,0.0,0.888889,0,0,0,0,1,Best ranked same-state fuzzy candidate; not historically confirmed
IND_JHARKHAND_SARAIKELA_KHARSAWAN,Jharkhand,SARAIKELA KHARSAWAN,Jharkhand,SARAIKELA KHARSAWAN,Census 2001,Census 2011,502,Jharkhand,Saraikela-kharsawan,20,24,alternate_layer_confirmed_name,working_strong,1,1.0,1.0,0,0,1,0,1,Requested Census 2001 used confirmed name match from Census 2011
IND_JHARKHAND_SARAIKELA_KHARSAWAN,Jharkhand,SARAIKELA KHARSAWAN,Jharkhand,SARAIKELA KHARSAWAN,Census 2011,Census 2011,502,Jharkhand,Saraikela-kharsawan,20,24,confirmed_exact_unique,confirmed,1,1.0,1.0,0,0,0,0,0,Unique exact normalized district key within confirmed boundary state
IND_JHARKHAND_SIMDEGA,Jharkhand,SIMDEGA,Jharkhand,SIMDEGA,Census 2001,Census 2011,526,Jharkhand,Simdega,20,22,alternate_layer_confirmed_name,working_strong,1,1.0,1.0,0,0,1,0,1,Requested Census 2001 used confirmed name match from Census 2011
IND_JHARKHAND_SIMDEGA,Jharkhand,SIMDEGA,Jharkhand,SIMDEGA,Census 2011,Census 2011,526,Jharkhand,Simdega,20,22,confirmed_exact_unique,confirmed,1,1.0,1.0,0,0,0,0,0,Unique exact normalized district key within confirmed boundary state
IND_JHARKHAND_WEST_SINGHBHUM,Jharkhand,WEST SINGHBHUM,Jharkhand,WEST SINGHBHUM,Census 2001,Census 2001,277,Jharkhand,Purbi Singhbhum,20,18,working_fuzzy_same_state,working_fallback,1,0.333333,0.666667,0,0,0,0,1,Best ranked same-state fuzzy candidate; not historically confirmed
IND_JHARKHAND_WEST_SINGHBHUM,Jharkhand,WEST SINGHBHUM,Jharkhand,WEST SINGHBHUM,Census 2011,Census 2011,454,Jharkhand,Purbi Singhbhum,20,12,working_fuzzy_same_state,working_fallback,1,0.333333,0.666667,0,0,0,0,1,Best ranked same-state fuzzy candidate; not historically confirmed
IND_KARNATAKA_BAGALKOT,Karnataka,BAGALKOT,Karnataka,BAGALKOT,Census 2001,Census 2001,12,Karnataka,Bagalkot,29,2,confirmed_exact_unique,confirmed,1,1.0,1.0,0,0,0,0,0,Unique exact normalized district key within confirmed boundary state
IND_KARNATAKA_BAGALKOT,Karnataka,BAGALKOT,Karnataka,BAGALKOT,Census 2011,Census 2011,32,Karnataka,Bagalkot,29,2,confirmed_exact_unique,confirmed,1,1.0,1.0,0,0,0,0,0,Unique exact normalized district key within confirmed boundary state
IND_KARNATAKA_BANGALORE_RURAL,Karnataka,BANGALORE RURAL,Karnataka,BANGALORE RURAL,Census 2001,Census 2001,74,Karnataka,Bangalore Rural,29,21,confirmed_exact_unique,confirmed,1,1.0,1.0,0,0,0,0,0,Unique exact normalized district key within confirmed boundary state
IND_KARNATAKA_BANGALORE_RURAL,Karnataka,BANGALORE RURAL,Karnataka,BANGALORE RURAL,Census 2011,Census 2011,45,Karnataka,Bangalore Rural,29,29,confirmed_exact_unique,confirmed,1,1.0,1.0,0,0,0,0,0,Unique exact normalized district key within confirmed boundary state
IND_KARNATAKA_BELGAUM,Karnataka,BELGAUM,Karnataka,BELGAUM,Census 2001,Census 2001,60,Karnataka,Belgaum,29,1,confirmed_exact_unique,confirmed,1,1.0,1.0,0,0,0,0,0,Unique exact normalized district key within confirmed boundary state
IND_KARNATAKA_BELGAUM,Karnataka,BELGAUM,Karnataka,BELGAUM,Census 2011,Census 2011,65,Karnataka,Belgaum,29,1,confirmed_exact_unique,confirmed,1,1.0,1.0,0,0,0,0,0,Unique exact normalized district key within confirmed boundary state
IND_KARNATAKA_BELLARY,Karnataka,BELLARY,Karnataka,BELLARY,Census 2001,Census 2001,61,Karnataka,Bellary,29,12,confirmed_exact_unique,confirmed,1,1.0,1.0,0,0,0,0,0,Unique exact normalized district key within confirmed boundary state
IND_KARNATAKA_BELLARY,Karnataka,BELLARY,Karnataka,BELLARY,Census 2011,Census 2011,66,Karnataka,Bellary,29,11,confirmed_exact_unique,confirmed,1,1.0,1.0,0,0,0,0,0,Unique exact normalized district key within confirmed boundary state
IND_KARNATAKA_BENGALURU_URBAN,Karnataka,BENGALURU URBAN,Karnataka,BENGALURU URBAN,Census 2001,Census 2001,74,Karnataka,Bangalore Rural,29,21,working_fuzzy_same_state,working_fallback,1,0.0,0.571429,0,0,0,0,1,Best ranked same-state fuzzy candidate; not historically confirmed
IND_KARNATAKA_BENGALURU_URBAN,Karnataka,BENGALURU URBAN,Karnataka,BENGALURU URBAN,Census 2011,Census 2011,45,Karnataka,Bangalore Rural,29,29,working_fuzzy_same_state,working_fallback,1,0.0,0.571429,0,0,0,0,1,Best ranked same-state fuzzy candidate; not historically confirmed
IND_KARNATAKA_BIDAR,Karnataka,BIDAR,Karnataka,BIDAR,Census 2001,Census 2001,45,Karnataka,Bidar,29,5,confirmed_exact_unique,confirmed,1,1.0,1.0,0,0,0,0,0,Unique exact normalized district key within confirmed boundary state
IND_KARNATAKA_BIDAR,Karnataka,BIDAR,Karnataka,BIDAR,Census 2011,Census 2011,80,Karnataka,Bidar,29,4,confirmed_exact_unique,confirmed,1,1.0,1.0,0,0,0,0,0,Unique exact normalized district key within confirmed boundary state
IND_KARNATAKA_BIJAPUR,Karnataka,BIJAPUR,Karnataka,BIJAPUR,Census 2001,Census 2001,46,Karnataka,Bijapur,29,3,confirmed_exact_unique,confirmed,1,1.0,1.0,0,0,0,0,0,Unique exact normalized district key within confirmed boundary state
IND_KARNATAKA_BIJAPUR,Karnataka,BIJAPUR,Karnataka,BIJAPUR,Census 2011,Census 2011,82,Karnataka,Bijapur,29,3,confirmed_exact_unique,confirmed,1,1.0,1.0,0,0,0,0,0,Unique exact normalized district key within confirmed boundary state
IND_KARNATAKA_CHAMARAJANAGAR,Karnataka,CHAMARAJANAGAR,Karnataka,CHAMARAJANAGAR,Census 2001,Census 2001,84,Karnataka,Chamarajanagar,29,27,confirmed_exact_unique,confirmed,1,1.0,1.0,0,0,0,0,0,Unique exact normalized district key within confirmed boundary state
IND_KARNATAKA_CHAMARAJANAGAR,Karnataka,CHAMARAJANAGAR,Karnataka,CHAMARAJANAGAR,Census 2011,Census 2001,84,Karnataka,Chamarajanagar,29,27,alternate_layer_confirmed_name,working_strong,1,1.0,1.0,0,0,1,0,1,Requested Census 2011 used confirmed name match from Census 2001
IND_KARNATAKA_CHIKBALLAPUR,Karnataka,CHIKBALLAPUR,Karnataka,CHIKBALLAPUR,Census 2001,Census 2001,89,Karnataka,Chikmagalur,29,17,working_fuzzy_same_state,working_fallback,1,0.0,0.695652,0,0,0,0,1,Best ranked same-state fuzzy candidate; not historically confirmed
IND_KARNATAKA_CHIKBALLAPUR,Karnataka,CHIKBALLAPUR,Karnataka,CHIKBALLAPUR,Census 2011,Census 2011,113,Karnataka,Chikkaballapura,29,28,working_fuzzy_same_state,working_fallback,1,0.0,0.888889,0,0,0,0,1,Best ranked same-state fuzzy candidate; not historically confirmed
IND_KARNATAKA_CHIKMAGALUR,Karnataka,CHIKMAGALUR,Karnataka,CHIKMAGALUR,Census 2001,Census 2001,89,Karnataka,Chikmagalur,29,17,confirmed_exact_unique,confirmed,1,1.0,1.0,0,0,0,0,0,Unique exact normalized district key within confirmed boundary state
IND_KARNATAKA_CHIKMAGALUR,Karnataka,CHIKMAGALUR,Karnataka,CHIKMAGALUR,Census 2011,Census 2011,114,Karnataka,Chikmagalur,29,16,confirmed_exact_unique,confirmed,1,1.0,1.0,0,0,0,0,0,Unique exact normalized district key within confirmed boundary state
IND_KARNATAKA_CHITRADURGA,Karnataka,CHITRADURGA,Karnataka,CHITRADURGA,Census 2001,Census 2001,90,Karnataka,Chitradurga,29,13,confirmed_exact_unique,confirmed,1,1.0,1.0,0,0,0,0,0,Unique exact normalized district key within confirmed boundary state
IND_KARNATAKA_CHITRADURGA,Karnataka,CHITRADURGA,Karnataka,CHITRADURGA,Census 2011,Census 2011,116,Karnataka,Chitradurga,29,12,confirmed_exact_unique,confirmed,1,1.0,1.0,0,0,0,0,0,Unique exact normalized district key within confirmed boundary state
IND_KARNATAKA_DAKSHIN_KANNAD,Karnataka,DAKSHIN KANNAD,Karnataka,DAKSHIN KANNAD,Census 2001,Census 2001,120,Karnataka,Dakshina Kannada,29,24,working_fuzzy_same_state,working_fallback,1,0.0,0.928571,0,0,0,0,1,Best ranked same-state fuzzy candidate; not historically confirmed
IND_KARNATAKA_DAKSHIN_KANNAD,Karnataka,DAKSHIN KANNAD,Karnataka,DAKSHIN KANNAD,Census 2011,Census 2011,129,Karnataka,Dakshina Kannada,29,21,working_fuzzy_same_state,working_fallback,1,0.0,0.928571,0,0,0,0,1,Best ranked same-state fuzzy candidate; not historically confirmed
IND_KARNATAKA_DAVANGERE,Karnataka,DAVANGERE,Karnataka,DAVANGERE,Census 2001,Census 2001,129,Karnataka,Davanagere,29,14,working_fuzzy_same_state,working_fallback,1,0.0,0.947368,0,0,0,0,1,Best ranked same-state fuzzy candidate; not historically confirmed
IND_KARNATAKA_DAVANGERE,Karnataka,DAVANGERE,Karnataka,DAVANGERE,Census 2011,Census 2011,137,Karnataka,Davanagere,29,13,working_fuzzy_same_state,working_fallback,1,0.0,0.947368,0,0,0,0,1,Best ranked same-state fuzzy candidate; not historically confirmed
IND_KARNATAKA_DHARWAD,Karnataka,DHARWAD,Karnataka,DHARWAD,Census 2001,Census 2001,135,Karnataka,Dharwad,29,9,confirmed_exact_unique,confirmed,1,1.0,1.0,0,0,0,0,0,Unique exact normalized district key within confirmed boundary state
IND_KARNATAKA_DHARWAD,Karnataka,DHARWAD,Karnataka,DHARWAD,Census 2011,Census 2011,148,Karnataka,Dharwad,29,8,confirmed_exact_unique,confirmed,1,1.0,1.0,0,0,0,0,0,Unique exact normalized district key within confirmed boundary state
IND_KARNATAKA_GADAG,Karnataka,GADAG,Karnataka,GADAG,Census 2001,Census 2001,198,Karnataka,Gadag,29,8,confirmed_exact_unique,confirmed,1,1.0,1.0,0,0,0,0,0,Unique exact normalized district key within confirmed boundary state
IND_KARNATAKA_GADAG,Karnataka,GADAG,Karnataka,GADAG,Census 2011,Census 2011,186,Karnataka,Gadag,29,7,confirmed_exact_unique,confirmed,1,1.0,1.0,0,0,0,0,0,Unique exact normalized district key within confirmed boundary state
IND_KARNATAKA_GULBARGA,Karnataka,GULBARGA,Karnataka,GULBARGA,Census 2001,Census 2001,183,Karnataka,Gulbarga,29,4,confirmed_exact_unique,confirmed,1,1.0,1.0,0,0,0,0,0,Unique exact normalized district key within confirmed boundary state
IND_KARNATAKA_GULBARGA,Karnataka,GULBARGA,Karnataka,GULBARGA,Census 2011,Census 2011,207,Karnataka,Gulbarga,29,25,confirmed_exact_unique,confirmed,1,1.0,1.0,0,0,0,0,0,Unique exact normalized district key within confirmed boundary state
IND_KARNATAKA_HASSAN,Karnataka,HASSAN,Karnataka,HASSAN,Census 2001,Census 2001,207,Karnataka,Hassan,29,23,confirmed_exact_unique,confirmed,1,1.0,1.0,0,0,0,0,0,Unique exact normalized district key within confirmed boundary state
IND_KARNATAKA_HASSAN,Karnataka,HASSAN,Karnataka,HASSAN,Census 2011,Census 2011,222,Karnataka,Hassan,29,20,confirmed_exact_unique,confirmed,1,1.0,1.0,0,0,0,0,0,Unique exact normalized district key within confirmed boundary state
IND_KARNATAKA_HAVERI,Karnataka,HAVERI,Karnataka,HAVERI,Census 2001,Census 2001,209,Karnataka,Haveri,29,11,confirmed_exact_unique,confirmed,1,1.0,1.0,0,0,0,0,0,Unique exact normalized district key within confirmed boundary state
IND_KARNATAKA_HAVERI,Karnataka,HAVERI,Karnataka,HAVERI,Census 2011,Census 2011,224,Karnataka,Haveri,29,10,confirmed_exact_unique,confirmed,1,1.0,1.0,0,0,0,0,0,Unique exact normalized district key within confirmed boundary state
IND_KARNATAKA_KODAGU,Karnataka,KODAGU,Karnataka,KODAGU,Census 2001,Census 2001,264,Karnataka,Kodagu,29,25,confirmed_exact_unique,confirmed,1,1.0,1.0,0,0,0,0,0,Unique exact normalized district key within confirmed boundary state
IND_KARNATAKA_KODAGU,Karnataka,KODAGU,Karnataka,KODAGU,Census 2011,Census 2011,306,Karnataka,Kodagu,29,22,confirmed_exact_unique,confirmed,1,1.0,1.0,0,0,0,0,0,Unique exact normalized district key within confirmed boundary state
IND_KARNATAKA_KOLAR,Karnataka,KOLAR,Karnataka,KOLAR,Census 2001,Census 2001,265,Karnataka,Kolar,29,19,confirmed_exact_unique,confirmed,1,1.0,1.0,0,0,0,0,0,Unique exact normalized district key within confirmed boundary state
IND_KARNATAKA_KOLAR,Karnataka,KOLAR,Karnataka,KOLAR,Census 2011,Census 2011,310,Karnataka,Kolar,29,27,confirmed_exact_unique,confirmed,1,1.0,1.0,0,0,0,0,0,Unique exact normalized district key within confirmed boundary state
IND_KARNATAKA_KOPPAL,Karnataka,KOPPAL,Karnataka,KOPPAL,Census 2001,Census 2001,286,Karnataka,Koppal,29,7,confirmed_exact_unique,confirmed,1,1.0,1.0,0,0,0,0,0,Unique exact normalized district key within confirmed boundary state
IND_KARNATAKA_KOPPAL,Karnataka,KOPPAL,Karnataka,KOPPAL,Census 2011,Census 2011,315,Karnataka,Koppal,29,6,confirmed_exact_unique,confirmed,1,1.0,1.0,0,0,0,0,0,Unique exact normalized district key within confirmed boundary state
IND_KARNATAKA_MANDYA,Karnataka,MANDYA,Karnataka,MANDYA,Census 2001,Census 2001,275,Karnataka,Mandya,29,22,confirmed_exact_unique,confirmed,1,1.0,1.0,0,0,0,0,0,Unique exact normalized district key within confirmed boundary state
IND_KARNATAKA_MANDYA,Karnataka,MANDYA,Karnataka,MANDYA,Census 2011,Census 2011,365,Karnataka,Mandya,29,19,confirmed_exact_unique,confirmed,1,1.0,1.0,0,0,0,0,0,Unique exact normalized district key within confirmed boundary state
IND_KARNATAKA_MYSORE,Karnataka,MYSORE,Karnataka,MYSORE,Census 2001,Census 2001,330,Karnataka,Mysore,29,26,confirmed_exact_unique,confirmed,1,1.0,1.0,0,0,0,0,0,Unique exact normalized district key within confirmed boundary state
IND_KARNATAKA_MYSORE,Karnataka,MYSORE,Karnataka,MYSORE,Census 2011,Census 2011,387,Karnataka,Mysore,29,23,confirmed_exact_unique,confirmed,1,1.0,1.0,0,0,0,0,0,Unique exact normalized district key within confirmed boundary state
IND_KARNATAKA_RAICHUR,Karnataka,RAICHUR,Karnataka,RAICHUR,Census 2001,Census 2001,400,Karnataka,Raichur,29,6,confirmed_exact_unique,confirmed,1,1.0,1.0,0,0,0,0,0,Unique exact normalized district key within confirmed boundary state
IND_KARNATAKA_RAICHUR,Karnataka,RAICHUR,Karnataka,RAICHUR,Census 2011,Census 2011,459,Karnataka,Raichur,29,5,confirmed_exact_unique,confirmed,1,1.0,1.0,0,0,0,0,0,Unique exact normalized district key within confirmed boundary state
IND_KARNATAKA_RAMANAGARA,Karnataka,RAMANAGARA,Karnataka,RAMANAGARA,Census 2001,Census 2011,469,Karnataka,Ramanagara,29,30,alternate_layer_confirmed_name,working_strong,1,1.0,1.0,0,0,1,0,1,Requested Census 2001 used confirmed name match from Census 2011
IND_KARNATAKA_RAMANAGARA,Karnataka,RAMANAGARA,Karnataka,RAMANAGARA,Census 2011,Census 2011,469,Karnataka,Ramanagara,29,30,confirmed_exact_unique,confirmed,1,1.0,1.0,0,0,0,0,0,Unique exact normalized district key within confirmed boundary state
IND_KARNATAKA_SHIMOGA,Karnataka,SHIMOGA,Karnataka,SHIMOGA,Census 2001,Census 2001,431,Karnataka,Shimoga,29,15,confirmed_exact_unique,confirmed,1,1.0,1.0,0,0,0,0,0,Unique exact normalized district key within confirmed boundary state
IND_KARNATAKA_SHIMOGA,Karnataka,SHIMOGA,Karnataka,SHIMOGA,Census 2011,Census 2011,518,Karnataka,Shimoga,29,14,confirmed_exact_unique,confirmed,1,1.0,1.0,0,0,0,0,0,Unique exact normalized district key within confirmed boundary state
IND_KARNATAKA_TUMKUR,Karnataka,TUMKUR,Karnataka,TUMKUR,Census 2001,Census 2001,474,Karnataka,Tumkur,29,18,confirmed_exact_unique,confirmed,1,1.0,1.0,0,0,0,0,0,Unique exact normalized district key within confirmed boundary state
IND_KARNATAKA_TUMKUR,Karnataka,TUMKUR,Karnataka,TUMKUR,Census 2011,Census 2011,581,Karnataka,Tumkur,29,17,confirmed_exact_unique,confirmed,1,1.0,1.0,0,0,0,0,0,Unique exact normalized district key within confirmed boundary state
IND_KARNATAKA_UDUPI,Karnataka,UDUPI,Karnataka,UDUPI,Census 2001,Census 2001,505,Karnataka,Udupi,29,16,confirmed_exact_unique,confirmed,1,1.0,1.0,0,0,0,0,0,Unique exact normalized district key within confirmed boundary state
IND_KARNATAKA_UDUPI,Karnataka,UDUPI,Karnataka,UDUPI,Census 2011,Census 2011,586,Karnataka,Udupi,29,15,confirmed_exact_unique,confirmed,1,1.0,1.0,0,0,0,0,0,Unique exact normalized district key within confirmed boundary state
IND_KARNATAKA_UTTAR_KANNAD,Karnataka,UTTAR KANNAD,Karnataka,UTTAR KANNAD,Census 2001,Census 2001,510,Karnataka,Uttara Kannada,29,10,working_fuzzy_same_state,working_fallback,1,0.0,0.916667,0,0,0,0,1,Best ranked same-state fuzzy candidate; not historically confirmed
IND_KARNATAKA_UTTAR_KANNAD,Karnataka,UTTAR KANNAD,Karnataka,UTTAR KANNAD,Census 2011,Census 2011,595,Karnataka,Uttara Kannada,29,9,working_fuzzy_same_state,working_fallback,1,0.0,0.916667,0,0,0,0,1,Best ranked same-state fuzzy candidate; not historically confirmed
IND_KARNATAKA_YADGIR,Karnataka,YADGIR,Karnataka,YADGIR,Census 2001,Census 2011,621,Karnataka,Yadgir,29,26,alternate_layer_confirmed_name,working_strong,1,1.0,1.0,0,0,1,0,1,Requested Census 2001 used confirmed name match from Census 2011
IND_KARNATAKA_YADGIR,Karnataka,YADGIR,Karnataka,YADGIR,Census 2011,Census 2011,621,Karnataka,Yadgir,29,26,confirmed_exact_unique,confirmed,1,1.0,1.0,0,0,0,0,0,Unique exact normalized district key within confirmed boundary state
IND_KERALA_ALAPPUZHA,Kerala,ALAPPUZHA,Kerala,ALAPPUZHA,Census 2001,Census 2001,21,Kerala,Alappuzha,32,11,confirmed_exact_unique,confirmed,1,1.0,1.0,0,0,0,0,0,Unique exact normalized district key within confirmed boundary state
IND_KERALA_ALAPPUZHA,Kerala,ALAPPUZHA,Kerala,ALAPPUZHA,Census 2011,Census 2011,7,Kerala,Alappuzha,32,11,confirmed_exact_unique,confirmed,1,1.0,1.0,0,0,0,0,0,Unique exact normalized district key within confirmed boundary state
IND_KERALA_ERNAKULAM,Kerala,ERNAKULAM,Kerala,ERNAKULAM,Census 2001,Census 2001,168,Kerala,Ernakulam,32,8,confirmed_exact_unique,confirmed,1,1.0,1.0,0,0,0,0,0,Unique exact normalized district key within confirmed boundary state
IND_KERALA_ERNAKULAM,Kerala,ERNAKULAM,Kerala,ERNAKULAM,Census 2011,Census 2011,173,Kerala,Ernakulam,32,8,confirmed_exact_unique,confirmed,1,1.0,1.0,0,0,0,0,0,Unique exact normalized district key within confirmed boundary state
IND_KERALA_IDUKKI,Kerala,IDUKKI,Kerala,IDUKKI,Census 2001,Census 2001,216,Kerala,Idukki,32,9,confirmed_exact_unique,confirmed,1,1.0,1.0,0,0,0,0,0,Unique exact normalized district key within confirmed boundary state
IND_KERALA_IDUKKI,Kerala,IDUKKI,Kerala,IDUKKI,Census 2011,Census 2011,232,Kerala,Idukki,32,9,confirmed_exact_unique,confirmed,1,1.0,1.0,0,0,0,0,0,Unique exact normalized district key within confirmed boundary state
IND_KERALA_KANNUR,Kerala,KANNUR,Kerala,KANNUR,Census 2001,Census 2001,162,Kerala,Kannur,32,2,confirmed_exact_unique,confirmed,1,1.0,1.0,0,0,0,0,0,Unique exact normalized district key within confirmed boundary state
IND_KERALA_KANNUR,Kerala,KANNUR,Kerala,KANNUR,Census 2011,Census 2011,277,Kerala,Kannur,32,2,confirmed_exact_unique,confirmed,1,1.0,1.0,0,0,0,0,0,Unique exact normalized district key within confirmed boundary state
IND_KERALA_KASARAGOD,Kerala,KASARAGOD,Kerala,KASARAGOD,Census 2001,Census 2001,106,Kerala,Kasaragod,32,1,confirmed_exact_unique,confirmed,1,1.0,1.0,0,0,0,0,0,Unique exact normalized district key within confirmed boundary state
IND_KERALA_KASARAGOD,Kerala,KASARAGOD,Kerala,KASARAGOD,Census 2011,Census 2011,288,Kerala,Kasaragod,32,1,confirmed_exact_unique,confirmed,1,1.0,1.0,0,0,0,0,0,Unique exact normalized district key within confirmed boundary state
IND_KERALA_KOLLAM,Kerala,KOLLAM,Kerala,KOLLAM,Census 2001,Census 2001,301,Kerala,Kollam,32,13,confirmed_exact_unique,confirmed,1,1.0,1.0,0,0,0,0,0,Unique exact normalized district key within confirmed boundary state
IND_KERALA_KOLLAM,Kerala,KOLLAM,Kerala,KOLLAM,Census 2011,Census 2011,314,Kerala,Kollam,32,13,confirmed_exact_unique,confirmed,1,1.0,1.0,0,0,0,0,0,Unique exact normalized district key within confirmed boundary state
IND_KERALA_KOTTAYAM,Kerala,KOTTAYAM,Kerala,KOTTAYAM,Census 2001,Census 2001,302,Kerala,Kottayam,32,10,confirmed_exact_unique,confirmed,1,1.0,1.0,0,0,0,0,0,Unique exact normalized district key within confirmed boundary state
IND_KERALA_KOTTAYAM,Kerala,KOTTAYAM,Kerala,KOTTAYAM,Census 2011,Census 2011,320,Kerala,Kottayam,32,10,confirmed_exact_unique,confirmed,1,1.0,1.0,0,0,0,0,0,Unique exact normalized district key within confirmed boundary state
IND_KERALA_KOZHIKODE,Kerala,KOZHIKODE,Kerala,KOZHIKODE,Census 2001,Census 2001,303,Kerala,Kozhikode,32,4,confirmed_exact_unique,confirmed,1,1.0,1.0,0,0,0,0,0,Unique exact normalized district key within confirmed boundary state
IND_KERALA_KOZHIKODE,Kerala,KOZHIKODE,Kerala,KOZHIKODE,Census 2011,Census 2011,321,Kerala,Kozhikode,32,4,confirmed_exact_unique,confirmed,1,1.0,1.0,0,0,0,0,0,Unique exact normalized district key within confirmed boundary state
IND_KERALA_MALAPPURAM,Kerala,MALAPPURAM,Kerala,MALAPPURAM,Census 2001,Census 2001,324,Kerala,Malappuram,32,5,confirmed_exact_unique,confirmed,1,1.0,1.0,0,0,0,0,0,Unique exact normalized district key within confirmed boundary state
IND_KERALA_MALAPPURAM,Kerala,MALAPPURAM,Kerala,MALAPPURAM,Census 2011,Census 2011,358,Kerala,Malappuram,32,5,confirmed_exact_unique,confirmed,1,1.0,1.0,0,0,0,0,0,Unique exact normalized district key within confirmed boundary state
IND_KERALA_PALAKKAD,Kerala,PALAKKAD,Kerala,PALAKKAD,Census 2001,Census 2001,371,Kerala,Palakkad,32,6,confirmed_exact_unique,confirmed,1,1.0,1.0,0,0,0,0,0,Unique exact normalized district key within confirmed boundary state
IND_KERALA_PALAKKAD,Kerala,PALAKKAD,Kerala,PALAKKAD,Census 2011,Census 2011,422,Kerala,Palakkad,32,6,confirmed_exact_unique,confirmed,1,1.0,1.0,0,0,0,0,0,Unique exact normalized district key within confirmed boundary state
IND_KERALA_PATHANAMTHITTA,Kerala,PATHANAMTHITTA,Kerala,PATHANAMTHITTA,Census 2001,Census 2001,388,Kerala,Pathanamthitta,32,12,confirmed_exact_unique,confirmed,1,1.0,1.0,0,0,0,0,0,Unique exact normalized district key within confirmed boundary state
IND_KERALA_PATHANAMTHITTA,Kerala,PATHANAMTHITTA,Kerala,PATHANAMTHITTA,Census 2011,Census 2011,436,Kerala,Pathanamthitta,32,12,confirmed_exact_unique,confirmed,1,1.0,1.0,0,0,0,0,0,Unique exact normalized district key within confirmed boundary state
IND_KERALA_THIRUVANANTHAPURAM,Kerala,THIRUVANANTHAPURAM,Kerala,THIRUVANANTHAPURAM,Census 2001,Census 2001,495,Kerala,Thiruvananthapuram,32,14,confirmed_exact_unique,confirmed,1,1.0,1.0,0,0,0,0,0,Unique exact normalized district key within confirmed boundary state
IND_KERALA_THIRUVANANTHAPURAM,Kerala,THIRUVANANTHAPURAM,Kerala,THIRUVANANTHAPURAM,Census 2011,Census 2011,567,Kerala,Thiruvananthapuram,32,14,confirmed_exact_unique,confirmed,1,1.0,1.0,0,0,0,0,0,Unique exact normalized district key within confirmed boundary state
IND_KERALA_THRISSUR,Kerala,THRISSUR,Kerala,THRISSUR,Census 2001,Census 2001,472,Kerala,Thrissur,32,7,confirmed_exact_unique,confirmed,1,1.0,1.0,0,0,0,0,0,Unique exact normalized district key within confirmed boundary state
IND_KERALA_THRISSUR,Kerala,THRISSUR,Kerala,THRISSUR,Census 2011,Census 2011,571,Kerala,Thrissur,32,7,confirmed_exact_unique,confirmed,1,1.0,1.0,0,0,0,0,0,Unique exact normalized district key within confirmed boundary state
IND_KERALA_WAYANAD,Kerala,WAYANAD,Kerala,WAYANAD,Census 2001,Census 2001,527,Kerala,Wayanad,32,3,confirmed_exact_unique,confirmed,1,1.0,1.0,0,0,0,0,0,Unique exact normalized district key within confirmed boundary state
IND_KERALA_WAYANAD,Kerala,WAYANAD,Kerala,WAYANAD,Census 2011,Census 2011,610,Kerala,Wayanad,32,3,confirmed_exact_unique,confirmed,1,1.0,1.0,0,0,0,0,0,Unique exact normalized district key within confirmed boundary state
IND_MADHYA_PRADESH_AGAR_MALWA,Madhya Pradesh,AGAR MALWA,Madhya Pradesh,AGAR MALWA,Census 2001,Census 2001,446,Madhya Pradesh,Sagar,23,11,working_fuzzy_same_state,working_fallback,1,0.0,0.571429,0,0,0,0,1,Best ranked same-state fuzzy candidate; not historically confirmed
IND_MADHYA_PRADESH_AGAR_MALWA,Madhya Pradesh,AGAR MALWA,Madhya Pradesh,AGAR MALWA,Census 2011,Census 2011,488,Madhya Pradesh,Sagar,23,10,working_fuzzy_same_state,working_fallback,1,0.0,0.571429,0,0,0,0,1,Best ranked same-state fuzzy candidate; not historically confirmed
IND_MADHYA_PRADESH_ALIRAJPUR,Madhya Pradesh,ALIRAJPUR,Madhya Pradesh,ALIRAJPUR,Census 2001,Census 2011,9,Madhya Pradesh,Alirajpur,23,48,alternate_layer_confirmed_name,working_strong,1,1.0,1.0,0,0,1,0,1,Requested Census 2001 used confirmed name match from Census 2011
IND_MADHYA_PRADESH_ALIRAJPUR,Madhya Pradesh,ALIRAJPUR,Madhya Pradesh,ALIRAJPUR,Census 2011,Census 2011,9,Madhya Pradesh,Alirajpur,23,48,confirmed_exact_unique,confirmed,1,1.0,1.0,0,0,0,0,0,Unique exact normalized district key within confirmed boundary state
IND_MADHYA_PRADESH_ANUPPUR,Madhya Pradesh,ANUPPUR,Madhya Pradesh,ANUPPUR,Census 2001,Census 2011,23,Madhya Pradesh,Anuppur,23,44,alternate_layer_confirmed_name,working_strong,1,1.0,1.0,0,0,1,0,1,Requested Census 2001 used confirmed name match from Census 2011
IND_MADHYA_PRADESH_ANUPPUR,Madhya Pradesh,ANUPPUR,Madhya Pradesh,ANUPPUR,Census 2011,Census 2011,23,Madhya Pradesh,Anuppur,23,44,confirmed_exact_unique,confirmed,1,1.0,1.0,0,0,0,0,0,Unique exact normalized district key within confirmed boundary state
IND_MADHYA_PRADESH_ASHOKNAGAR,Madhya Pradesh,ASHOKNAGAR,Madhya Pradesh,ASHOKNAGAR,Census 2001,Census 2011,26,Madhya Pradesh,Ashoknagar,23,42,alternate_layer_confirmed_name,working_strong,1,1.0,1.0,0,0,1,0,1,Requested Census 2001 used confirmed name match from Census 2011
IND_MADHYA_PRADESH_ASHOKNAGAR,Madhya Pradesh,ASHOKNAGAR,Madhya Pradesh,ASHOKNAGAR,Census 2011,Census 2011,26,Madhya Pradesh,Ashoknagar,23,42,confirmed_exact_unique,confirmed,1,1.0,1.0,0,0,0,0,0,Unique exact normalized district key within confirmed boundary state
IND_MADHYA_PRADESH_BALAGHAT,Madhya Pradesh,BALAGHAT,Madhya Pradesh,BALAGHAT,Census 2001,Census 2001,67,Madhya Pradesh,Balaghat,23,45,confirmed_exact_unique,confirmed,1,1.0,1.0,0,0,0,0,0,Unique exact normalized district key within confirmed boundary state
IND_MADHYA_PRADESH_BALAGHAT,Madhya Pradesh,BALAGHAT,Madhya Pradesh,BALAGHAT,Census 2011,Census 2011,37,Madhya Pradesh,Balaghat,23,40,confirmed_exact_unique,confirmed,1,1.0,1.0,0,0,0,0,0,Unique exact normalized district key within confirmed boundary state
IND_MADHYA_PRADESH_BARWANI,Madhya Pradesh,BARWANI,Madhya Pradesh,BARWANI,Census 2001,Census 2001,54,Madhya Pradesh,Barwani,23,28,confirmed_exact_unique,confirmed,1,1.0,1.0,0,0,0,0,0,Unique exact normalized district key within confirmed boundary state
IND_MADHYA_PRADESH_BARWANI,Madhya Pradesh,BARWANI,Madhya Pradesh,BARWANI,Census 2011,Census 2011,59,Madhya Pradesh,Barwani,23,24,confirmed_exact_unique,confirmed,1,1.0,1.0,0,0,0,0,0,Unique exact normalized district key within confirmed boundary state
IND_MADHYA_PRADESH_BASTAR,Madhya Pradesh,BASTAR,Madhya Pradesh,BASTAR,Census 2001,Census 2001,152,Madhya Pradesh,East Nimar,23,29,working_fuzzy_same_state,working_fallback,1,0.0,0.666667,0,0,0,0,1,Best ranked same-state fuzzy candidate; not historically confirmed
IND_MADHYA_PRADESH_BASTAR,Madhya Pradesh,BASTAR,Madhya Pradesh,BASTAR,Census 2011,Census 2011,171,Madhya Pradesh,East Nimar,23,49,working_fuzzy_same_state,working_fallback,1,0.0,0.666667,0,0,0,0,1,Best ranked same-state fuzzy candidate; not historically confirmed
IND_MADHYA_PRADESH_BETUL,Madhya Pradesh,BETUL,Madhya Pradesh,BETUL,Census 2001,Census 2001,62,Madhya Pradesh,Betul,23,35,confirmed_exact_unique,confirmed,1,1.0,1.0,0,0,0,0,0,Unique exact normalized district key within confirmed boundary state
IND_MADHYA_PRADESH_BETUL,Madhya Pradesh,BETUL,Madhya Pradesh,BETUL,Census 2011,Census 2011,67,Madhya Pradesh,Betul,23,30,confirmed_exact_unique,confirmed,1,1.0,1.0,0,0,0,0,0,Unique exact normalized district key within confirmed boundary state
IND_MADHYA_PRADESH_BHIND,Madhya Pradesh,BHIND,Madhya Pradesh,BHIND,Census 2001,Census 2001,42,Madhya Pradesh,Bhind,23,3,confirmed_exact_unique,confirmed,1,1.0,1.0,0,0,0,0,0,Unique exact normalized district key within confirmed boundary state
IND_MADHYA_PRADESH_BHIND,Madhya Pradesh,BHIND,Madhya Pradesh,BHIND,Census 2011,Census 2011,75,Madhya Pradesh,Bhind,23,3,confirmed_exact_unique,confirmed,1,1.0,1.0,0,0,0,0,0,Unique exact normalized district key within confirmed boundary state
IND_MADHYA_PRADESH_BHOPAL,Madhya Pradesh,BHOPAL,Madhya Pradesh,BHOPAL,Census 2001,Census 2001,43,Madhya Pradesh,Bhopal,23,32,confirmed_exact_unique,confirmed,1,1.0,1.0,0,0,0,0,0,Unique exact normalized district key within confirmed boundary state
IND_MADHYA_PRADESH_BHOPAL,Madhya Pradesh,BHOPAL,Madhya Pradesh,BHOPAL,Census 2011,Census 2011,78,Madhya Pradesh,Bhopal,23,27,confirmed_exact_unique,confirmed,1,1.0,1.0,0,0,0,0,0,Unique exact normalized district key within confirmed boundary state
IND_MADHYA_PRADESH_BILASPUR,Madhya Pradesh,BILASPUR,Madhya Pradesh,BILASPUR,Census 2001,Census 2001,218,Madhya Pradesh,Jabalpur,23,39,working_fuzzy_same_state,working_fallback,1,0.0,0.625,0,0,0,0,1,Best ranked same-state fuzzy candidate; not historically confirmed
IND_MADHYA_PRADESH_BILASPUR,Madhya Pradesh,BILASPUR,Madhya Pradesh,BILASPUR,Census 2011,Census 2011,236,Madhya Pradesh,Jabalpur,23,34,working_fuzzy_same_state,working_fallback,1,0.0,0.625,0,0,0,0,1,Best ranked same-state fuzzy candidate; not historically confirmed
IND_MADHYA_PRADESH_BURHANPUR,Madhya Pradesh,BURHANPUR,Madhya Pradesh,BURHANPUR,Census 2001,Census 2011,95,Madhya Pradesh,Burhanpur,23,50,alternate_layer_confirmed_name,working_strong,1,1.0,1.0,0,0,1,0,1,Requested Census 2001 used confirmed name match from Census 2011
IND_MADHYA_PRADESH_BURHANPUR,Madhya Pradesh,BURHANPUR,Madhya Pradesh,BURHANPUR,Census 2011,Census 2011,95,Madhya Pradesh,Burhanpur,23,50,confirmed_exact_unique,confirmed,1,1.0,1.0,0,0,0,0,0,Unique exact normalized district key within confirmed boundary state
IND_MADHYA_PRADESH_CHHATARPUR,Madhya Pradesh,CHHATARPUR,Madhya Pradesh,CHHATARPUR,Census 2001,Census 2001,87,Madhya Pradesh,Chhatarpur,23,9,confirmed_exact_unique,confirmed,1,1.0,1.0,0,0,0,0,0,Unique exact normalized district key within confirmed boundary state
IND_MADHYA_PRADESH_CHHATARPUR,Madhya Pradesh,CHHATARPUR,Madhya Pradesh,CHHATARPUR,Census 2011,Census 2011,111,Madhya Pradesh,Chhatarpur,23,8,confirmed_exact_unique,confirmed,1,1.0,1.0,0,0,0,0,0,Unique exact normalized district key within confirmed boundary state
IND_MADHYA_PRADESH_CHHINDWARA,Madhya Pradesh,CHHINDWARA,Madhya Pradesh,CHHINDWARA,Census 2001,Census 2001,88,Madhya Pradesh,Chhindwara,23,43,confirmed_exact_unique,confirmed,1,1.0,1.0,0,0,0,0,0,Unique exact normalized district key within confirmed boundary state
IND_MADHYA_PRADESH_CHHINDWARA,Madhya Pradesh,CHHINDWARA,Madhya Pradesh,CHHINDWARA,Census 2011,Census 2011,112,Madhya Pradesh,Chhindwara,23,38,confirmed_exact_unique,confirmed,1,1.0,1.0,0,0,0,0,0,Unique exact normalized district key within confirmed boundary state
IND_MADHYA_PRADESH_DAMOH,Madhya Pradesh,DAMOH,Madhya Pradesh,DAMOH,Census 2001,Census 2001,122,Madhya Pradesh,Damoh,23,12,confirmed_exact_unique,confirmed,1,1.0,1.0,0,0,0,0,0,Unique exact normalized district key within confirmed boundary state
IND_MADHYA_PRADESH_DAMOH,Madhya Pradesh,DAMOH,Madhya Pradesh,DAMOH,Census 2011,Census 2011,131,Madhya Pradesh,Damoh,23,11,confirmed_exact_unique,confirmed,1,1.0,1.0,0,0,0,0,0,Unique exact normalized district key within confirmed boundary state
IND_MADHYA_PRADESH_DANTEWADA,Madhya Pradesh,DANTEWADA,Madhya Pradesh,DANTEWADA,Census 2001,Census 2001,111,Madhya Pradesh,Datia,23,5,working_fuzzy_same_state,working_fallback,1,0.0,0.571429,0,0,0,0,1,Best ranked same-state fuzzy candidate; not historically confirmed
IND_MADHYA_PRADESH_DANTEWADA,Madhya Pradesh,DANTEWADA,Madhya Pradesh,DANTEWADA,Census 2011,Census 2011,136,Madhya Pradesh,Datia,23,5,working_fuzzy_same_state,working_fallback,1,0.0,0.571429,0,0,0,0,1,Best ranked same-state fuzzy candidate; not historically confirmed
IND_MADHYA_PRADESH_DATIA,Madhya Pradesh,DATIA,Madhya Pradesh,DATIA,Census 2001,Census 2001,111,Madhya Pradesh,Datia,23,5,confirmed_exact_unique,confirmed,1,1.0,1.0,0,0,0,0,0,Unique exact normalized district key within confirmed boundary state
IND_MADHYA_PRADESH_DATIA,Madhya Pradesh,DATIA,Madhya Pradesh,DATIA,Census 2011,Census 2011,136,Madhya Pradesh,Datia,23,5,confirmed_exact_unique,confirmed,1,1.0,1.0,0,0,0,0,0,Unique exact normalized district key within confirmed boundary state
IND_MADHYA_PRADESH_DEWAS,Madhya Pradesh,DEWAS,Madhya Pradesh,DEWAS,Census 2001,Census 2001,105,Madhya Pradesh,Dewas,23,23,confirmed_exact_unique,confirmed,1,1.0,1.0,0,0,0,0,0,Unique exact normalized district key within confirmed boundary state
IND_MADHYA_PRADESH_DEWAS,Madhya Pradesh,DEWAS,Madhya Pradesh,DEWAS,Census 2011,Census 2011,142,Madhya Pradesh,Dewas,23,20,confirmed_exact_unique,confirmed,1,1.0,1.0,0,0,0,0,0,Unique exact normalized district key within confirmed boundary state
IND_MADHYA_PRADESH_DHAMTARI,Madhya Pradesh,DHAMTARI,Madhya Pradesh,DHAMTARI,Census 2001,Census 2001,133,Madhya Pradesh,Dhar,23,25,working_fuzzy_same_state,working_fallback,1,0.0,0.666667,0,0,0,1,1,Best ranked same-state fuzzy candidate; not historically confirmed
IND_MADHYA_PRADESH_DHAMTARI,Madhya Pradesh,DHAMTARI,Madhya Pradesh,DHAMTARI,Census 2011,Census 2011,146,Madhya Pradesh,Dhar,23,21,working_fuzzy_same_state,working_fallback,1,0.0,0.666667,0,0,0,1,1,Best ranked same-state fuzzy candidate; not historically confirmed
IND_MADHYA_PRADESH_DHAR,Madhya Pradesh,DHAR,Madhya Pradesh,DHAR,Census 2001,Census 2001,133,Madhya Pradesh,Dhar,23,25,confirmed_exact_unique,confirmed,1,1.0,1.0,0,0,0,0,0,Unique exact normalized district key within confirmed boundary state
IND_MADHYA_PRADESH_DHAR,Madhya Pradesh,DHAR,Madhya Pradesh,DHAR,Census 2011,Census 2011,146,Madhya Pradesh,Dhar,23,21,confirmed_exact_unique,confirmed,1,1.0,1.0,0,0,0,0,0,Unique exact normalized district key within confirmed boundary state
IND_MADHYA_PRADESH_DINDORI,Madhya Pradesh,DINDORI,Madhya Pradesh,DINDORI,Census 2001,Census 2001,573,Madhya Pradesh,Dindori,23,41,confirmed_exact_unique,confirmed,1,1.0,1.0,0,0,0,0,0,Unique exact normalized district key within confirmed boundary state
IND_MADHYA_PRADESH_DINDORI,Madhya Pradesh,DINDORI,Madhya Pradesh,DINDORI,Census 2011,Census 2011,157,Madhya Pradesh,Dindori,23,36,confirmed_exact_unique,confirmed,1,1.0,1.0,0,0,0,0,0,Unique exact normalized district key within confirmed boundary state
IND_MADHYA_PRADESH_DURG,Madhya Pradesh,DURG,Madhya Pradesh,DURG,Census 2001,Census 2001,133,Madhya Pradesh,Dhar,23,25,working_fuzzy_same_state,working_fallback,1,0.0,0.5,0,0,0,1,1,Best ranked same-state fuzzy candidate; not historically confirmed
IND_MADHYA_PRADESH_DURG,Madhya Pradesh,DURG,Madhya Pradesh,DURG,Census 2011,Census 2011,146,Madhya Pradesh,Dhar,23,21,working_fuzzy_same_state,working_fallback,1,0.0,0.5,0,0,0,1,1,Best ranked same-state fuzzy candidate; not historically confirmed
IND_MADHYA_PRADESH_GUNA,Madhya Pradesh,GUNA,Madhya Pradesh,GUNA,Census 2001,Census 2001,185,Madhya Pradesh,Guna,23,7,confirmed_exact_unique,confirmed,1,1.0,1.0,0,0,0,0,0,Unique exact normalized district key within confirmed boundary state
IND_MADHYA_PRADESH_GUNA,Madhya Pradesh,GUNA,Madhya Pradesh,GUNA,Census 2011,Census 2011,209,Madhya Pradesh,Guna,23,41,confirmed_exact_unique,confirmed,1,1.0,1.0,0,0,0,0,0,Unique exact normalized district key within confirmed boundary state
IND_MADHYA_PRADESH_GWALIOR,Madhya Pradesh,GWALIOR,Madhya Pradesh,GWALIOR,Census 2001,Census 2001,190,Madhya Pradesh,Gwalior,23,4,confirmed_exact_unique,confirmed,1,1.0,1.0,0,0,0,0,0,Unique exact normalized district key within confirmed boundary state
IND_MADHYA_PRADESH_GWALIOR,Madhya Pradesh,GWALIOR,Madhya Pradesh,GWALIOR,Census 2011,Census 2011,213,Madhya Pradesh,Gwalior,23,4,confirmed_exact_unique,confirmed,1,1.0,1.0,0,0,0,0,0,Unique exact normalized district key within confirmed boundary state
IND_MADHYA_PRADESH_HARDA,Madhya Pradesh,HARDA,Madhya Pradesh,HARDA,Census 2001,Census 2001,204,Madhya Pradesh,Harda,23,36,confirmed_exact_unique,confirmed,1,1.0,1.0,0,0,0,0,0,Unique exact normalized district key within confirmed boundary state
IND_MADHYA_PRADESH_HARDA,Madhya Pradesh,HARDA,Madhya Pradesh,HARDA,Census 2011,Census 2011,219,Madhya Pradesh,Harda,23,31,confirmed_exact_unique,confirmed,1,1.0,1.0,0,0,0,0,0,Unique exact normalized district key within confirmed boundary state
IND_MADHYA_PRADESH_HOSHANGABAD,Madhya Pradesh,HOSHANGABAD,Madhya Pradesh,HOSHANGABAD,Census 2001,Census 2001,211,Madhya Pradesh,Hoshangabad,23,37,confirmed_exact_unique,confirmed,1,1.0,1.0,0,0,0,0,0,Unique exact normalized district key within confirmed boundary state
IND_MADHYA_PRADESH_HOSHANGABAD,Madhya Pradesh,HOSHANGABAD,Madhya Pradesh,HOSHANGABAD,Census 2011,Census 2011,228,Madhya Pradesh,Hoshangabad,23,32,confirmed_exact_unique,confirmed,1,1.0,1.0,0,0,0,0,0,Unique exact normalized district key within confirmed boundary state
IND_MADHYA_PRADESH_INDORE,Madhya Pradesh,INDORE,Madhya Pradesh,INDORE,Census 2001,Census 2001,217,Madhya Pradesh,Indore,23,26,confirmed_exact_unique,confirmed,1,1.0,1.0,0,0,0,0,0,Unique exact normalized district key within confirmed boundary state
IND_MADHYA_PRADESH_INDORE,Madhya Pradesh,INDORE,Madhya Pradesh,INDORE,Census 2011,Census 2011,235,Madhya Pradesh,Indore,23,22,confirmed_exact_unique,confirmed,1,1.0,1.0,0,0,0,0,0,Unique exact normalized district key within confirmed boundary state
IND_MADHYA_PRADESH_JABALPUR,Madhya Pradesh,JABALPUR,Madhya Pradesh,JABALPUR,Census 2001,Census 2001,218,Madhya Pradesh,Jabalpur,23,39,confirmed_exact_unique,confirmed,1,1.0,1.0,0,0,0,0,0,Unique exact normalized district key within confirmed boundary state
IND_MADHYA_PRADESH_JABALPUR,Madhya Pradesh,JABALPUR,Madhya Pradesh,JABALPUR,Census 2011,Census 2011,236,Madhya Pradesh,Jabalpur,23,34,confirmed_exact_unique,confirmed,1,1.0,1.0,0,0,0,0,0,Unique exact normalized district key within confirmed boundary state
IND_MADHYA_PRADESH_JANJGIR_CHAMPA,Madhya Pradesh,JANJGIR-CHAMPA,Madhya Pradesh,JANJGIR-CHAMPA,Census 2001,Census 2001,407,Madhya Pradesh,Rajgarh,23,30,working_fuzzy_same_state,working_fallback,1,0.0,0.5,0,0,0,1,1,Best ranked same-state fuzzy candidate; not historically confirmed
IND_MADHYA_PRADESH_JANJGIR_CHAMPA,Madhya Pradesh,JANJGIR-CHAMPA,Madhya Pradesh,JANJGIR-CHAMPA,Census 2011,Census 2011,465,Madhya Pradesh,Rajgarh,23,25,working_fuzzy_same_state,working_fallback,1,0.0,0.5,0,0,0,1,1,Best ranked same-state fuzzy candidate; not historically confirmed
IND_MADHYA_PRADESH_JASHPUR,Madhya Pradesh,JASHPUR,Madhya Pradesh,JASHPUR,Census 2001,Census 2001,546,Madhya Pradesh,Sheopur,23,1,working_fuzzy_same_state,working_fallback,1,0.0,0.714286,0,0,0,0,1,Best ranked same-state fuzzy candidate; not historically confirmed
IND_MADHYA_PRADESH_JASHPUR,Madhya Pradesh,JASHPUR,Madhya Pradesh,JASHPUR,Census 2011,Census 2011,516,Madhya Pradesh,Sheopur,23,1,working_fuzzy_same_state,working_fallback,1,0.0,0.714286,0,0,0,0,1,Best ranked same-state fuzzy candidate; not historically confirmed
IND_MADHYA_PRADESH_JHABUA,Madhya Pradesh,JHABUA,Madhya Pradesh,JHABUA,Census 2001,Census 2001,237,Madhya Pradesh,Jhabua,23,24,confirmed_exact_unique,confirmed,1,1.0,1.0,0,0,0,0,0,Unique exact normalized district key within confirmed boundary state
IND_MADHYA_PRADESH_JHABUA,Madhya Pradesh,JHABUA,Madhya Pradesh,JHABUA,Census 2011,Census 2011,255,Madhya Pradesh,Jhabua,23,47,confirmed_exact_unique,confirmed,1,1.0,1.0,0,0,0,0,0,Unique exact normalized district key within confirmed boundary state
IND_MADHYA_PRADESH_KABIRDHAM,Madhya Pradesh,KABIRDHAM,Madhya Pradesh,KABIRDHAM,Census 2001,Census 2001,204,Madhya Pradesh,Harda,23,36,working_fuzzy_same_state,working_fallback,1,0.0,0.571429,0,0,0,1,1,Best ranked same-state fuzzy candidate; not historically confirmed
IND_MADHYA_PRADESH_KABIRDHAM,Madhya Pradesh,KABIRDHAM,Madhya Pradesh,KABIRDHAM,Census 2011,Census 2011,219,Madhya Pradesh,Harda,23,31,working_fuzzy_same_state,working_fallback,1,0.0,0.571429,0,0,0,1,1,Best ranked same-state fuzzy candidate; not historically confirmed
IND_MADHYA_PRADESH_KANKER,Madhya Pradesh,KANKER,Madhya Pradesh,KANKER,Census 2001,Census 2001,108,Madhya Pradesh,Katni,23,38,working_fuzzy_same_state,working_fallback,1,0.0,0.545455,0,0,0,0,1,Best ranked same-state fuzzy candidate; not historically confirmed
IND_MADHYA_PRADESH_KANKER,Madhya Pradesh,KANKER,Madhya Pradesh,KANKER,Census 2011,Census 2011,291,Madhya Pradesh,Katni,23,33,working_fuzzy_same_state,working_fallback,1,0.0,0.545455,0,0,0,0,1,Best ranked same-state fuzzy candidate; not historically confirmed
IND_MADHYA_PRADESH_KATNI,Madhya Pradesh,KATNI,Madhya Pradesh,KATNI,Census 2001,Census 2001,108,Madhya Pradesh,Katni,23,38,confirmed_exact_unique,confirmed,1,1.0,1.0,0,0,0,0,0,Unique exact normalized district key within confirmed boundary state
IND_MADHYA_PRADESH_KATNI,Madhya Pradesh,KATNI,Madhya Pradesh,KATNI,Census 2011,Census 2011,291,Madhya Pradesh,Katni,23,33,confirmed_exact_unique,confirmed,1,1.0,1.0,0,0,0,0,0,Unique exact normalized district key within confirmed boundary state
IND_MADHYA_PRADESH_KHANDWA,Madhya Pradesh,KHANDWA,Madhya Pradesh,KHANDWA,Census 2001,Census 2001,204,Madhya Pradesh,Harda,23,36,working_fuzzy_same_state,working_fallback,1,0.0,0.666667,0,0,0,1,1,Best ranked same-state fuzzy candidate; not historically confirmed
IND_MADHYA_PRADESH_KHANDWA,Madhya Pradesh,KHANDWA,Madhya Pradesh,KHANDWA,Census 2011,Census 2011,219,Madhya Pradesh,Harda,23,31,working_fuzzy_same_state,working_fallback,1,0.0,0.666667,0,0,0,1,1,Best ranked same-state fuzzy candidate; not historically confirmed
IND_MADHYA_PRADESH_KHARGONE,Madhya Pradesh,KHARGONE,Madhya Pradesh,KHARGONE,Census 2001,Census 2001,133,Madhya Pradesh,Dhar,23,25,working_fuzzy_same_state,working_fallback,1,0.0,0.5,0,0,0,1,1,Best ranked same-state fuzzy candidate; not historically confirmed
IND_MADHYA_PRADESH_KHARGONE,Madhya Pradesh,KHARGONE,Madhya Pradesh,KHARGONE,Census 2011,Census 2011,146,Madhya Pradesh,Dhar,23,21,working_fuzzy_same_state,working_fallback,1,0.0,0.5,0,0,0,1,1,Best ranked same-state fuzzy candidate; not historically confirmed
IND_MADHYA_PRADESH_KORBA,Madhya Pradesh,KORBA,Madhya Pradesh,KORBA,Census 2001,Census 2001,545,Madhya Pradesh,Morena,23,2,working_fuzzy_same_state,working_fallback,1,0.0,0.545455,0,0,0,1,1,Best ranked same-state fuzzy candidate; not historically confirmed
IND_MADHYA_PRADESH_KORBA,Madhya Pradesh,KORBA,Madhya Pradesh,KORBA,Census 2011,Census 2011,379,Madhya Pradesh,Morena,23,2,working_fuzzy_same_state,working_fallback,1,0.0,0.545455,0,0,0,1,1,Best ranked same-state fuzzy candidate; not historically confirmed
IND_MADHYA_PRADESH_KOREA,Madhya Pradesh,KOREA,Madhya Pradesh,KOREA,Census 2001,Census 2001,545,Madhya Pradesh,Morena,23,2,working_fuzzy_same_state,working_fallback,1,0.0,0.727273,0,0,0,1,1,Best ranked same-state fuzzy candidate; not historically confirmed
IND_MADHYA_PRADESH_KOREA,Madhya Pradesh,KOREA,Madhya Pradesh,KOREA,Census 2011,Census 2011,379,Madhya Pradesh,Morena,23,2,working_fuzzy_same_state,working_fallback,1,0.0,0.727273,0,0,0,1,1,Best ranked same-state fuzzy candidate; not historically confirmed
IND_MADHYA_PRADESH_MAHASAMUND,Madhya Pradesh,MAHASAMUND,Madhya Pradesh,MAHASAMUND,Census 2001,Census 2001,274,Madhya Pradesh,Mandsaur,23,19,working_fuzzy_same_state,working_fallback,1,0.0,0.555556,0,0,0,0,1,Best ranked same-state fuzzy candidate; not historically confirmed
IND_MADHYA_PRADESH_MAHASAMUND,Madhya Pradesh,MAHASAMUND,Madhya Pradesh,MAHASAMUND,Census 2011,Census 2011,364,Madhya Pradesh,Mandsaur,23,16,working_fuzzy_same_state,working_fallback,1,0.0,0.555556,0,0,0,0,1,Best ranked same-state fuzzy candidate; not historically confirmed
IND_MADHYA_PRADESH_MANDLA,Madhya Pradesh,MANDLA,Madhya Pradesh,MANDLA,Census 2001,Census 2001,574,Madhya Pradesh,Mandla,23,42,confirmed_exact_unique,confirmed,1,1.0,1.0,0,0,0,0,0,Unique exact normalized district key within confirmed boundary state
IND_MADHYA_PRADESH_MANDLA,Madhya Pradesh,MANDLA,Madhya Pradesh,MANDLA,Census 2011,Census 2011,363,Madhya Pradesh,Mandla,23,37,confirmed_exact_unique,confirmed,1,1.0,1.0,0,0,0,0,0,Unique exact normalized district key within confirmed boundary state
IND_MADHYA_PRADESH_MANDSAUR,Madhya Pradesh,MANDSAUR,Madhya Pradesh,MANDSAUR,Census 2001,Census 2001,274,Madhya Pradesh,Mandsaur,23,19,confirmed_exact_unique,confirmed,1,1.0,1.0,0,0,0,0,0,Unique exact normalized district key within confirmed boundary state
IND_MADHYA_PRADESH_MANDSAUR,Madhya Pradesh,MANDSAUR,Madhya Pradesh,MANDSAUR,Census 2011,Census 2011,364,Madhya Pradesh,Mandsaur,23,16,confirmed_exact_unique,confirmed,1,1.0,1.0,0,0,0,0,0,Unique exact normalized district key within confirmed boundary state
IND_MADHYA_PRADESH_MORENA,Madhya Pradesh,MORENA,Madhya Pradesh,MORENA,Census 2001,Census 2001,545,Madhya Pradesh,Morena,23,2,confirmed_exact_unique,confirmed,1,1.0,1.0,0,0,0,0,0,Unique exact normalized district key within confirmed boundary state
IND_MADHYA_PRADESH_MORENA,Madhya Pradesh,MORENA,Madhya Pradesh,MORENA,Census 2011,Census 2011,379,Madhya Pradesh,Morena,23,2,confirmed_exact_unique,confirmed,1,1.0,1.0,0,0,0,0,0,Unique exact normalized district key within confirmed boundary state
IND_MADHYA_PRADESH_NARSINGHPUR,Madhya Pradesh,NARSINGHPUR,Madhya Pradesh,NARSINGHPUR,Census 2001,Census 2001,356,Madhya Pradesh,Narsimhapur,23,40,working_fuzzy_same_state,working_fallback,1,0.0,0.818182,0,0,0,1,1,Best ranked same-state fuzzy candidate; not historically confirmed
IND_MADHYA_PRADESH_NARSINGHPUR,Madhya Pradesh,NARSINGHPUR,Madhya Pradesh,NARSINGHPUR,Census 2011,Census 2011,402,Madhya Pradesh,Narsimhapur,23,35,working_fuzzy_same_state,working_fallback,1,0.0,0.818182,0,0,0,0,1,Best ranked same-state fuzzy candidate; not historically confirmed
IND_MADHYA_PRADESH_NEEMUCH,Madhya Pradesh,NEEMUCH,Madhya Pradesh,NEEMUCH,Census 2001,Census 2001,359,Madhya Pradesh,Neemuch,23,18,confirmed_exact_unique,confirmed,1,1.0,1.0,0,0,0,0,0,Unique exact normalized district key within confirmed boundary state
IND_MADHYA_PRADESH_NEEMUCH,Madhya Pradesh,NEEMUCH,Madhya Pradesh,NEEMUCH,Census 2011,Census 2011,407,Madhya Pradesh,Neemuch,23,15,confirmed_exact_unique,confirmed,1,1.0,1.0,0,0,0,0,0,Unique exact normalized district key within confirmed boundary state
IND_MADHYA_PRADESH_PANNA,Madhya Pradesh,PANNA,Madhya Pradesh,PANNA,Census 2001,Census 2001,379,Madhya Pradesh,Panna,23,10,confirmed_exact_unique,confirmed,1,1.0,1.0,0,0,0,0,0,Unique exact normalized district key within confirmed boundary state
IND_MADHYA_PRADESH_PANNA,Madhya Pradesh,PANNA,Madhya Pradesh,PANNA,Census 2011,Census 2011,429,Madhya Pradesh,Panna,23,9,confirmed_exact_unique,confirmed,1,1.0,1.0,0,0,0,0,0,Unique exact normalized district key within confirmed boundary state
IND_MADHYA_PRADESH_RAIPUR,Madhya Pradesh,RAIPUR,Madhya Pradesh,RAIPUR,Census 2001,Census 2001,356,Madhya Pradesh,Narsimhapur,23,40,working_fuzzy_same_state,working_fallback,1,0.0,0.588235,0,0,0,1,1,Best ranked same-state fuzzy candidate; not historically confirmed
IND_MADHYA_PRADESH_RAIPUR,Madhya Pradesh,RAIPUR,Madhya Pradesh,RAIPUR,Census 2011,Census 2011,9,Madhya Pradesh,Alirajpur,23,48,working_fuzzy_same_state,working_fallback,1,0.0,0.666667,0,0,0,0,1,Best ranked same-state fuzzy candidate; not historically confirmed
IND_MADHYA_PRADESH_RAISEN,Madhya Pradesh,RAISEN,Madhya Pradesh,RAISEN,Census 2001,Census 2001,403,Madhya Pradesh,Raisen,23,34,confirmed_exact_unique,confirmed,1,1.0,1.0,0,0,0,0,0,Unique exact normalized district key within confirmed boundary state
IND_MADHYA_PRADESH_RAISEN,Madhya Pradesh,RAISEN,Madhya Pradesh,RAISEN,Census 2011,Census 2011,463,Madhya Pradesh,Raisen,23,29,confirmed_exact_unique,confirmed,1,1.0,1.0,0,0,0,0,0,Unique exact normalized district key within confirmed boundary state
IND_MADHYA_PRADESH_RAJGARH,Madhya Pradesh,RAJGARH,Madhya Pradesh,RAJGARH,Census 2001,Census 2001,407,Madhya Pradesh,Rajgarh,23,30,confirmed_exact_unique,confirmed,1,1.0,1.0,0,0,0,0,0,Unique exact normalized district key within confirmed boundary state
IND_MADHYA_PRADESH_RAJGARH,Madhya Pradesh,RAJGARH,Madhya Pradesh,RAJGARH,Census 2011,Census 2011,465,Madhya Pradesh,Rajgarh,23,25,confirmed_exact_unique,confirmed,1,1.0,1.0,0,0,0,0,0,Unique exact normalized district key within confirmed boundary state
IND_MADHYA_PRADESH_RAJNANDGAON,Madhya Pradesh,RAJNANDGAON,Madhya Pradesh,RAJNANDGAON,Census 2001,Census 2001,407,Madhya Pradesh,Rajgarh,23,30,working_fuzzy_same_state,working_fallback,1,0.0,0.555556,0,0,0,1,1,Best ranked same-state fuzzy candidate; not historically confirmed
IND_MADHYA_PRADESH_RAJNANDGAON,Madhya Pradesh,RAJNANDGAON,Madhya Pradesh,RAJNANDGAON,Census 2011,Census 2011,465,Madhya Pradesh,Rajgarh,23,25,working_fuzzy_same_state,working_fallback,1,0.0,0.555556,0,0,0,1,1,Best ranked same-state fuzzy candidate; not historically confirmed
IND_MADHYA_PRADESH_RATLAM,Madhya Pradesh,RATLAM,Madhya Pradesh,RATLAM,Census 2001,Census 2001,436,Madhya Pradesh,Ratlam,23,20,confirmed_exact_unique,confirmed,1,1.0,1.0,0,0,0,0,0,Unique exact normalized district key within confirmed boundary state
IND_MADHYA_PRADESH_RATLAM,Madhya Pradesh,RATLAM,Madhya Pradesh,RATLAM,Census 2011,Census 2011,476,Madhya Pradesh,Ratlam,23,17,confirmed_exact_unique,confirmed,1,1.0,1.0,0,0,0,0,0,Unique exact normalized district key within confirmed boundary state
IND_MADHYA_PRADESH_REWA,Madhya Pradesh,REWA,Madhya Pradesh,REWA,Census 2001,Census 2001,440,Madhya Pradesh,Rewa,23,14,confirmed_exact_unique,confirmed,1,1.0,1.0,0,0,0,0,0,Unique exact normalized district key within confirmed boundary state
IND_MADHYA_PRADESH_REWA,Madhya Pradesh,REWA,Madhya Pradesh,REWA,Census 2011,Census 2011,480,Madhya Pradesh,Rewa,23,13,confirmed_exact_unique,confirmed,1,1.0,1.0,0,0,0,0,0,Unique exact normalized district key within confirmed boundary state
IND_MADHYA_PRADESH_SAGAR,Madhya Pradesh,SAGAR,Madhya Pradesh,SAGAR,Census 2001,Census 2001,446,Madhya Pradesh,Sagar,23,11,confirmed_exact_unique,confirmed,1,1.0,1.0,0,0,0,0,0,Unique exact normalized district key within confirmed boundary state
IND_MADHYA_PRADESH_SAGAR,Madhya Pradesh,SAGAR,Madhya Pradesh,SAGAR,Census 2011,Census 2011,488,Madhya Pradesh,Sagar,23,10,confirmed_exact_unique,confirmed,1,1.0,1.0,0,0,0,0,0,Unique exact normalized district key within confirmed boundary state
IND_MADHYA_PRADESH_SATNA,Madhya Pradesh,SATNA,Madhya Pradesh,SATNA,Census 2001,Census 2001,419,Madhya Pradesh,Satna,23,13,confirmed_exact_unique,confirmed,1,1.0,1.0,0,0,0,0,0,Unique exact normalized district key within confirmed boundary state
IND_MADHYA_PRADESH_SATNA,Madhya Pradesh,SATNA,Madhya Pradesh,SATNA,Census 2011,Census 2011,505,Madhya Pradesh,Satna,23,12,confirmed_exact_unique,confirmed,1,1.0,1.0,0,0,0,0,0,Unique exact normalized district key within confirmed boundary state
IND_MADHYA_PRADESH_SEHORE,Madhya Pradesh,SEHORE,Madhya Pradesh,SEHORE,Census 2001,Census 2001,422,Madhya Pradesh,Sehore,23,33,confirmed_exact_unique,confirmed,1,1.0,1.0,0,0,0,0,0,Unique exact normalized district key within confirmed boundary state
IND_MADHYA_PRADESH_SEHORE,Madhya Pradesh,SEHORE,Madhya Pradesh,SEHORE,Census 2011,Census 2011,506,Madhya Pradesh,Sehore,23,28,confirmed_exact_unique,confirmed,1,1.0,1.0,0,0,0,0,0,Unique exact normalized district key within confirmed boundary state
IND_MADHYA_PRADESH_SEONI,Madhya Pradesh,SEONI,Madhya Pradesh,SEONI,Census 2001,Census 2001,424,Madhya Pradesh,Seoni,23,44,confirmed_exact_unique,confirmed,1,1.0,1.0,0,0,0,0,0,Unique exact normalized district key within confirmed boundary state
IND_MADHYA_PRADESH_SEONI,Madhya Pradesh,SEONI,Madhya Pradesh,SEONI,Census 2011,Census 2011,508,Madhya Pradesh,Seoni,23,39,confirmed_exact_unique,confirmed,1,1.0,1.0,0,0,0,0,0,Unique exact normalized district key within confirmed boundary state
IND_MADHYA_PRADESH_SHAHDOL,Madhya Pradesh,SHAHDOL,Madhya Pradesh,SHAHDOL,Census 2001,Census 2001,575,Madhya Pradesh,Shahdol,23,16,confirmed_exact_unique,confirmed,1,1.0,1.0,0,0,0,0,0,Unique exact normalized district key within confirmed boundary state
IND_MADHYA_PRADESH_SHAHDOL,Madhya Pradesh,SHAHDOL,Madhya Pradesh,SHAHDOL,Census 2011,Census 2011,510,Madhya Pradesh,Shahdol,23,43,confirmed_exact_unique,confirmed,1,1.0,1.0,0,0,0,0,0,Unique exact normalized district key within confirmed boundary state
IND_MADHYA_PRADESH_SHAJAPUR,Madhya Pradesh,SHAJAPUR,Madhya Pradesh,SHAJAPUR,Census 2001,Census 2001,427,Madhya Pradesh,Shajapur,23,22,confirmed_exact_unique,confirmed,1,1.0,1.0,0,0,0,0,0,Unique exact normalized district key within confirmed boundary state
IND_MADHYA_PRADESH_SHAJAPUR,Madhya Pradesh,SHAJAPUR,Madhya Pradesh,SHAJAPUR,Census 2011,Census 2011,513,Madhya Pradesh,Shajapur,23,19,confirmed_exact_unique,confirmed,1,1.0,1.0,0,0,0,0,0,Unique exact normalized district key within confirmed boundary state
IND_MADHYA_PRADESH_SHEOPUR,Madhya Pradesh,SHEOPUR,Madhya Pradesh,SHEOPUR,Census 2001,Census 2001,546,Madhya Pradesh,Sheopur,23,1,confirmed_exact_unique,confirmed,1,1.0,1.0,0,0,0,0,0,Unique exact normalized district key within confirmed boundary state
IND_MADHYA_PRADESH_SHEOPUR,Madhya Pradesh,SHEOPUR,Madhya Pradesh,SHEOPUR,Census 2011,Census 2011,516,Madhya Pradesh,Sheopur,23,1,confirmed_exact_unique,confirmed,1,1.0,1.0,0,0,0,0,0,Unique exact normalized district key within confirmed boundary state
IND_MADHYA_PRADESH_SHIVPURI,Madhya Pradesh,SHIVPURI,Madhya Pradesh,SHIVPURI,Census 2001,Census 2001,432,Madhya Pradesh,Shivpuri,23,6,confirmed_exact_unique,confirmed,1,1.0,1.0,0,0,0,0,0,Unique exact normalized district key within confirmed boundary state
IND_MADHYA_PRADESH_SHIVPURI,Madhya Pradesh,SHIVPURI,Madhya Pradesh,SHIVPURI,Census 2011,Census 2011,519,Madhya Pradesh,Shivpuri,23,6,confirmed_exact_unique,confirmed,1,1.0,1.0,0,0,0,0,0,Unique exact normalized district key within confirmed boundary state
IND_MADHYA_PRADESH_SIDHI,Madhya Pradesh,SIDHI,Madhya Pradesh,SIDHI,Census 2001,Census 2001,492,Madhya Pradesh,Sidhi,23,17,confirmed_exact_unique,confirmed,1,1.0,1.0,0,0,0,0,0,Unique exact normalized district key within confirmed boundary state
IND_MADHYA_PRADESH_SIDHI,Madhya Pradesh,SIDHI,Madhya Pradesh,SIDHI,Census 2011,Census 2011,524,Madhya Pradesh,Sidhi,23,45,confirmed_exact_unique,confirmed,1,1.0,1.0,0,0,0,0,0,Unique exact normalized district key within confirmed boundary state
IND_MADHYA_PRADESH_SINGRAULI,Madhya Pradesh,SINGRAULI,Madhya Pradesh,SINGRAULI,Census 2001,Census 2011,528,Madhya Pradesh,Singrauli,23,46,alternate_layer_confirmed_name,working_strong,1,1.0,1.0,0,0,1,0,1,Requested Census 2001 used confirmed name match from Census 2011
IND_MADHYA_PRADESH_SINGRAULI,Madhya Pradesh,SINGRAULI,Madhya Pradesh,SINGRAULI,Census 2011,Census 2011,528,Madhya Pradesh,Singrauli,23,46,confirmed_exact_unique,confirmed,1,1.0,1.0,0,0,0,0,0,Unique exact normalized district key within confirmed boundary state
IND_MADHYA_PRADESH_SURGUJA,Madhya Pradesh,SURGUJA,Madhya Pradesh,SURGUJA,Census 2001,Census 2001,185,Madhya Pradesh,Guna,23,7,working_fuzzy_same_state,working_fallback,1,0.0,0.545455,0,0,0,0,1,Best ranked same-state fuzzy candidate; not historically confirmed
IND_MADHYA_PRADESH_SURGUJA,Madhya Pradesh,SURGUJA,Madhya Pradesh,SURGUJA,Census 2011,Census 2011,209,Madhya Pradesh,Guna,23,41,working_fuzzy_same_state,working_fallback,1,0.0,0.545455,0,0,0,0,1,Best ranked same-state fuzzy candidate; not historically confirmed
IND_MADHYA_PRADESH_TIKAMGARH,Madhya Pradesh,TIKAMGARH,Madhya Pradesh,TIKAMGARH,Census 2001,Census 2001,282,Madhya Pradesh,Tikamgarh,23,8,confirmed_exact_unique,confirmed,1,1.0,1.0,0,0,0,0,0,Unique exact normalized district key within confirmed boundary state
IND_MADHYA_PRADESH_TIKAMGARH,Madhya Pradesh,TIKAMGARH,Madhya Pradesh,TIKAMGARH,Census 2011,Census 2011,572,Madhya Pradesh,Tikamgarh,23,7,confirmed_exact_unique,confirmed,1,1.0,1.0,0,0,0,0,0,Unique exact normalized district key within confirmed boundary state
IND_MADHYA_PRADESH_UJJAIN,Madhya Pradesh,UJJAIN,Madhya Pradesh,UJJAIN,Census 2001,Census 2001,506,Madhya Pradesh,Ujjain,23,21,confirmed_exact_unique,confirmed,1,1.0,1.0,0,0,0,0,0,Unique exact normalized district key within confirmed boundary state
IND_MADHYA_PRADESH_UJJAIN,Madhya Pradesh,UJJAIN,Madhya Pradesh,UJJAIN,Census 2011,Census 2011,587,Madhya Pradesh,Ujjain,23,18,confirmed_exact_unique,confirmed,1,1.0,1.0,0,0,0,0,0,Unique exact normalized district key within confirmed boundary state
IND_MADHYA_PRADESH_UMARIA,Madhya Pradesh,UMARIA,Madhya Pradesh,UMARIA,Census 2001,Census 2001,576,Madhya Pradesh,Umaria,23,15,confirmed_exact_unique,confirmed,1,1.0,1.0,0,0,0,0,0,Unique exact normalized district key within confirmed boundary state
IND_MADHYA_PRADESH_UMARIA,Madhya Pradesh,UMARIA,Madhya Pradesh,UMARIA,Census 2011,Census 2011,589,Madhya Pradesh,Umaria,23,14,confirmed_exact_unique,confirmed,1,1.0,1.0,0,0,0,0,0,Unique exact normalized district key within confirmed boundary state
IND_MADHYA_PRADESH_VIDISHA,Madhya Pradesh,VIDISHA,Madhya Pradesh,VIDISHA,Census 2001,Census 2001,518,Madhya Pradesh,Vidisha,23,31,confirmed_exact_unique,confirmed,1,1.0,1.0,0,0,0,0,0,Unique exact normalized district key within confirmed boundary state
IND_MADHYA_PRADESH_VIDISHA,Madhya Pradesh,VIDISHA,Madhya Pradesh,VIDISHA,Census 2011,Census 2011,602,Madhya Pradesh,Vidisha,23,26,confirmed_exact_unique,confirmed,1,1.0,1.0,0,0,0,0,0,Unique exact normalized district key within confirmed boundary state
IND_MAHARASHTRA_AHMEDNAGAR,Maharashtra,AHMEDNAGAR,Maharashtra,AHMEDNAGAR,Census 2001,Census 2001,17,Maharashtra,Ahmadnagar,27,26,working_fuzzy_same_state,working_fallback,1,0.0,0.9,0,0,0,0,1,Best ranked same-state fuzzy candidate; not historically confirmed
IND_MAHARASHTRA_AHMEDNAGAR,Maharashtra,AHMEDNAGAR,Maharashtra,AHMEDNAGAR,Census 2011,Census 2011,3,Maharashtra,Ahmadnagar,27,26,working_fuzzy_same_state,working_fallback,1,0.0,0.9,0,0,0,0,1,Best ranked same-state fuzzy candidate; not historically confirmed
IND_MAHARASHTRA_AKOLA,Maharashtra,AKOLA,Maharashtra,AKOLA,Census 2001,Census 2001,20,Maharashtra,Akola,27,5,confirmed_exact_unique,confirmed,1,1.0,1.0,0,0,0,0,0,Unique exact normalized district key within confirmed boundary state
IND_MAHARASHTRA_AKOLA,Maharashtra,AKOLA,Maharashtra,AKOLA,Census 2011,Census 2011,6,Maharashtra,Akola,27,5,confirmed_exact_unique,confirmed,1,1.0,1.0,0,0,0,0,0,Unique exact normalized district key within confirmed boundary state
IND_MAHARASHTRA_AMRAVATI,Maharashtra,AMRAVATI,Maharashtra,AMRAVATI,Census 2001,Census 2001,27,Maharashtra,Amravati,27,7,confirmed_exact_unique,confirmed,1,1.0,1.0,0,0,0,0,0,Unique exact normalized district key within confirmed boundary state
IND_MAHARASHTRA_AMRAVATI,Maharashtra,AMRAVATI,Maharashtra,AMRAVATI,Census 2011,Census 2011,15,Maharashtra,Amravati,27,7,confirmed_exact_unique,confirmed,1,1.0,1.0,0,0,0,0,0,Unique exact normalized district key within confirmed boundary state
IND_MAHARASHTRA_AURANGABAD,Maharashtra,AURANGABAD,Maharashtra,AURANGABAD,Census 2001,Census 2001,8,Maharashtra,Aurangabad,27,19,confirmed_exact_unique,confirmed,1,1.0,1.0,0,0,0,0,0,Unique exact normalized district key within confirmed boundary state
IND_MAHARASHTRA_AURANGABAD,Maharashtra,AURANGABAD,Maharashtra,AURANGABAD,Census 2011,Census 2011,29,Maharashtra,Aurangabad,27,19,confirmed_exact_unique,confirmed,1,1.0,1.0,0,0,0,0,0,Unique exact normalized district key within confirmed boundary state
IND_MAHARASHTRA_BEED,Maharashtra,BEED,Maharashtra,BEED,Census 2001,Census 2001,44,Maharashtra,Bid,27,27,working_fuzzy_same_state,working_fallback,1,0.0,0.571429,0,0,0,0,1,Best ranked same-state fuzzy candidate; not historically confirmed
IND_MAHARASHTRA_BEED,Maharashtra,BEED,Maharashtra,BEED,Census 2011,Census 2011,79,Maharashtra,Bid,27,27,working_fuzzy_same_state,working_fallback,1,0.0,0.571429,0,0,0,0,1,Best ranked same-state fuzzy candidate; not historically confirmed
IND_MAHARASHTRA_BHANDARA,Maharashtra,BHANDARA,Maharashtra,BHANDARA,Census 2001,Census 2001,63,Maharashtra,Bhandara,27,10,confirmed_exact_unique,confirmed,1,1.0,1.0,0,0,0,0,0,Unique exact normalized district key within confirmed boundary state
IND_MAHARASHTRA_BHANDARA,Maharashtra,BHANDARA,Maharashtra,BHANDARA,Census 2011,Census 2011,70,Maharashtra,Bhandara,27,10,confirmed_exact_unique,confirmed,1,1.0,1.0,0,0,0,0,0,Unique exact normalized district key within confirmed boundary state
IND_MAHARASHTRA_BULDHANA,Maharashtra,BULDHANA,Maharashtra,BULDHANA,Census 2001,Census 2001,79,Maharashtra,Buldana,27,4,working_fuzzy_same_state,working_fallback,1,0.0,0.933333,0,0,0,0,1,Best ranked same-state fuzzy candidate; not historically confirmed
IND_MAHARASHTRA_BULDHANA,Maharashtra,BULDHANA,Maharashtra,BULDHANA,Census 2011,Census 2011,93,Maharashtra,Buldana,27,4,working_fuzzy_same_state,working_fallback,1,0.0,0.933333,0,0,0,0,1,Best ranked same-state fuzzy candidate; not historically confirmed
IND_MAHARASHTRA_CHANDRAPUR,Maharashtra,CHANDRAPUR,Maharashtra,CHANDRAPUR,Census 2001,Census 2001,85,Maharashtra,Chandrapur,27,13,confirmed_exact_unique,confirmed,1,1.0,1.0,0,0,0,0,0,Unique exact normalized district key within confirmed boundary state
IND_MAHARASHTRA_CHANDRAPUR,Maharashtra,CHANDRAPUR,Maharashtra,CHANDRAPUR,Census 2011,Census 2011,107,Maharashtra,Chandrapur,27,13,confirmed_exact_unique,confirmed,1,1.0,1.0,0,0,0,0,0,Unique exact normalized district key within confirmed boundary state
IND_MAHARASHTRA_DHULE,Maharashtra,DHULE,Maharashtra,DHULE,Census 2001,Census 2001,140,Maharashtra,Dhule,27,2,confirmed_exact_unique,confirmed,1,1.0,1.0,0,0,0,0,0,Unique exact normalized district key within confirmed boundary state
IND_MAHARASHTRA_DHULE,Maharashtra,DHULE,Maharashtra,DHULE,Census 2011,Census 2011,153,Maharashtra,Dhule,27,2,confirmed_exact_unique,confirmed,1,1.0,1.0,0,0,0,0,0,Unique exact normalized district key within confirmed boundary state
IND_MAHARASHTRA_GADCHIROLI,Maharashtra,GADCHIROLI,Maharashtra,GADCHIROLI,Census 2001,Census 2001,173,Maharashtra,Gadchiroli,27,12,confirmed_exact_unique,confirmed,1,1.0,1.0,0,0,0,0,0,Unique exact normalized district key within confirmed boundary state
IND_MAHARASHTRA_GADCHIROLI,Maharashtra,GADCHIROLI,Maharashtra,GADCHIROLI,Census 2011,Census 2001,173,Maharashtra,Gadchiroli,27,12,alternate_layer_confirmed_name,working_strong,1,1.0,1.0,0,0,1,0,1,Requested Census 2011 used confirmed name match from Census 2001
IND_MAHARASHTRA_GONDIA,Maharashtra,GONDIA,Maharashtra,GONDIA,Census 2001,Census 2001,181,Maharashtra,Gondiya,27,11,working_fuzzy_same_state,working_fallback,1,0.0,0.923077,0,0,0,0,1,Best ranked same-state fuzzy candidate; not historically confirmed
IND_MAHARASHTRA_GONDIA,Maharashtra,GONDIA,Maharashtra,GONDIA,Census 2011,Census 2011,204,Maharashtra,Gondiya,27,11,working_fuzzy_same_state,working_fallback,1,0.0,0.923077,0,0,0,0,1,Best ranked same-state fuzzy candidate; not historically confirmed
IND_MAHARASHTRA_HINGOLI,Maharashtra,HINGOLI,Maharashtra,HINGOLI,Census 2001,Census 2001,210,Maharashtra,Hingoli,27,16,confirmed_exact_unique,confirmed,1,1.0,1.0,0,0,0,0,0,Unique exact normalized district key within confirmed boundary state
IND_MAHARASHTRA_HINGOLI,Maharashtra,HINGOLI,Maharashtra,HINGOLI,Census 2011,Census 2011,226,Maharashtra,Hingoli,27,16,confirmed_exact_unique,confirmed,1,1.0,1.0,0,0,0,0,0,Unique exact normalized district key within confirmed boundary state
IND_MAHARASHTRA_JALGAON,Maharashtra,JALGAON,Maharashtra,JALGAON,Census 2001,Census 2001,227,Maharashtra,Jalgaon,27,3,confirmed_exact_unique,confirmed,1,1.0,1.0,0,0,0,0,0,Unique exact normalized district key within confirmed boundary state
IND_MAHARASHTRA_JALGAON,Maharashtra,JALGAON,Maharashtra,JALGAON,Census 2011,Census 2011,244,Maharashtra,Jalgaon,27,3,confirmed_exact_unique,confirmed,1,1.0,1.0,0,0,0,0,0,Unique exact normalized district key within confirmed boundary state
IND_MAHARASHTRA_JALNA,Maharashtra,JALNA,Maharashtra,JALNA,Census 2001,Census 2001,228,Maharashtra,Jalna,27,18,confirmed_exact_unique,confirmed,1,1.0,1.0,0,0,0,0,0,Unique exact normalized district key within confirmed boundary state
IND_MAHARASHTRA_JALNA,Maharashtra,JALNA,Maharashtra,JALNA,Census 2011,Census 2011,245,Maharashtra,Jalna,27,18,confirmed_exact_unique,confirmed,1,1.0,1.0,0,0,0,0,0,Unique exact normalized district key within confirmed boundary state
IND_MAHARASHTRA_KOLHAPUR,Maharashtra,KOLHAPUR,Maharashtra,KOLHAPUR,Census 2001,Census 2001,283,Maharashtra,Kolhapur,27,34,confirmed_exact_unique,confirmed,1,1.0,1.0,0,0,0,0,0,Unique exact normalized district key within confirmed boundary state
IND_MAHARASHTRA_KOLHAPUR,Maharashtra,KOLHAPUR,Maharashtra,KOLHAPUR,Census 2011,Census 2011,312,Maharashtra,Kolhapur,27,34,confirmed_exact_unique,confirmed,1,1.0,1.0,0,0,0,0,0,Unique exact normalized district key within confirmed boundary state
IND_MAHARASHTRA_LATUR,Maharashtra,LATUR,Maharashtra,LATUR,Census 2001,Census 2001,295,Maharashtra,Latur,27,28,confirmed_exact_unique,confirmed,1,1.0,1.0,0,0,0,0,0,Unique exact normalized district key within confirmed boundary state
IND_MAHARASHTRA_LATUR,Maharashtra,LATUR,Maharashtra,LATUR,Census 2011,Census 2011,336,Maharashtra,Latur,27,28,confirmed_exact_unique,confirmed,1,1.0,1.0,0,0,0,0,0,Unique exact normalized district key within confirmed boundary state
IND_MAHARASHTRA_MUMBAI,Maharashtra,MUMBAI,Maharashtra,MUMBAI,Census 2001,Census 2001,346,Maharashtra,Mumbai,27,23,confirmed_exact_unique,confirmed,1,1.0,1.0,0,0,0,0,0,Unique exact normalized district key within confirmed boundary state
IND_MAHARASHTRA_MUMBAI,Maharashtra,MUMBAI,Maharashtra,MUMBAI,Census 2011,Census 2011,381,Maharashtra,Mumbai,27,23,confirmed_exact_unique,confirmed,1,1.0,1.0,0,0,0,0,0,Unique exact normalized district key within confirmed boundary state
IND_MAHARASHTRA_NAGPUR,Maharashtra,NAGPUR,Maharashtra,NAGPUR,Census 2001,Census 2001,335,Maharashtra,Nagpur,27,9,confirmed_exact_unique,confirmed,1,1.0,1.0,0,0,0,0,0,Unique exact normalized district key within confirmed boundary state
IND_MAHARASHTRA_NAGPUR,Maharashtra,NAGPUR,Maharashtra,NAGPUR,Census 2011,Census 2011,392,Maharashtra,Nagpur,27,9,confirmed_exact_unique,confirmed,1,1.0,1.0,0,0,0,0,0,Unique exact normalized district key within confirmed boundary state
IND_MAHARASHTRA_NANDED,Maharashtra,NANDED,Maharashtra,NANDED,Census 2001,Census 2001,353,Maharashtra,Nanded,27,15,confirmed_exact_unique,confirmed,1,1.0,1.0,0,0,0,0,0,Unique exact normalized district key within confirmed boundary state
IND_MAHARASHTRA_NANDED,Maharashtra,NANDED,Maharashtra,NANDED,Census 2011,Census 2011,398,Maharashtra,Nanded,27,15,confirmed_exact_unique,confirmed,1,1.0,1.0,0,0,0,0,0,Unique exact normalized district key within confirmed boundary state
IND_MAHARASHTRA_NANDURBAR,Maharashtra,NANDURBAR,Maharashtra,NANDURBAR,Census 2001,Census 2001,354,Maharashtra,Nandurbar,27,1,confirmed_exact_unique,confirmed,1,1.0,1.0,0,0,0,0,0,Unique exact normalized district key within confirmed boundary state
IND_MAHARASHTRA_NANDURBAR,Maharashtra,NANDURBAR,Maharashtra,NANDURBAR,Census 2011,Census 2011,399,Maharashtra,Nandurbar,27,1,confirmed_exact_unique,confirmed,1,1.0,1.0,0,0,0,0,0,Unique exact normalized district key within confirmed boundary state
IND_MAHARASHTRA_NASHIK,Maharashtra,NASHIK,Maharashtra,NASHIK,Census 2001,Census 2001,357,Maharashtra,Nashik,27,20,confirmed_exact_unique,confirmed,1,1.0,1.0,0,0,0,0,0,Unique exact normalized district key within confirmed boundary state
IND_MAHARASHTRA_NASHIK,Maharashtra,NASHIK,Maharashtra,NASHIK,Census 2011,Census 2011,403,Maharashtra,Nashik,27,20,confirmed_exact_unique,confirmed,1,1.0,1.0,0,0,0,0,0,Unique exact normalized district key within confirmed boundary state
IND_MAHARASHTRA_OSMANABAD,Maharashtra,OSMANABAD,Maharashtra,OSMANABAD,Census 2001,Census 2001,369,Maharashtra,Osmanabad,27,29,confirmed_exact_unique,confirmed,1,1.0,1.0,0,0,0,0,0,Unique exact normalized district key within confirmed boundary state
IND_MAHARASHTRA_OSMANABAD,Maharashtra,OSMANABAD,Maharashtra,OSMANABAD,Census 2011,Census 2011,420,Maharashtra,Osmanabad,27,29,confirmed_exact_unique,confirmed,1,1.0,1.0,0,0,0,0,0,Unique exact normalized district key within confirmed boundary state
IND_MAHARASHTRA_PALGHAR,Maharashtra,PALGHAR,Maharashtra,PALGHAR,Census 2001,Census 2001,227,Maharashtra,Jalgaon,27,3,working_fuzzy_same_state,working_fallback,1,0.0,0.571429,0,0,0,0,1,Best ranked same-state fuzzy candidate; not historically confirmed
IND_MAHARASHTRA_PALGHAR,Maharashtra,PALGHAR,Maharashtra,PALGHAR,Census 2011,Census 2011,244,Maharashtra,Jalgaon,27,3,working_fuzzy_same_state,working_fallback,1,0.0,0.571429,0,0,0,0,1,Best ranked same-state fuzzy candidate; not historically confirmed
IND_MAHARASHTRA_PARBHANI,Maharashtra,PARBHANI,Maharashtra,PARBHANI,Census 2001,Census 2001,380,Maharashtra,Parbhani,27,17,confirmed_exact_unique,confirmed,1,1.0,1.0,0,0,0,0,0,Unique exact normalized district key within confirmed boundary state
IND_MAHARASHTRA_PARBHANI,Maharashtra,PARBHANI,Maharashtra,PARBHANI,Census 2011,Census 2011,431,Maharashtra,Parbhani,27,17,confirmed_exact_unique,confirmed,1,1.0,1.0,0,0,0,0,0,Unique exact normalized district key within confirmed boundary state
IND_MAHARASHTRA_PUNE,Maharashtra,PUNE,Maharashtra,PUNE,Census 2001,Census 2001,326,Maharashtra,Pune,27,25,confirmed_exact_unique,confirmed,1,1.0,1.0,0,0,0,0,0,Unique exact normalized district key within confirmed boundary state
IND_MAHARASHTRA_PUNE,Maharashtra,PUNE,Maharashtra,PUNE,Census 2011,Census 2011,451,Maharashtra,Pune,27,25,confirmed_exact_unique,confirmed,1,1.0,1.0,0,0,0,0,0,Unique exact normalized district key within confirmed boundary state
IND_MAHARASHTRA_RAIGAD,Maharashtra,RAIGAD,Maharashtra,RAIGAD,Census 2001,Census 2001,439,Maharashtra,Raigarh,27,24,working_fuzzy_same_state,working_fallback,1,0.0,0.769231,0,0,0,0,1,Best ranked same-state fuzzy candidate; not historically confirmed
IND_MAHARASHTRA_RAIGAD,Maharashtra,RAIGAD,Maharashtra,RAIGAD,Census 2011,Census 2011,461,Maharashtra,Raigarh,27,24,working_fuzzy_same_state,working_fallback,1,0.0,0.769231,0,0,0,0,1,Best ranked same-state fuzzy candidate; not historically confirmed
IND_MAHARASHTRA_RATNAGIRI,Maharashtra,RATNAGIRI,Maharashtra,RATNAGIRI,Census 2001,Census 2001,437,Maharashtra,Ratnagiri,27,32,confirmed_exact_unique,confirmed,1,1.0,1.0,0,0,0,0,0,Unique exact normalized district key within confirmed boundary state
IND_MAHARASHTRA_RATNAGIRI,Maharashtra,RATNAGIRI,Maharashtra,RATNAGIRI,Census 2011,Census 2011,477,Maharashtra,Ratnagiri,27,32,confirmed_exact_unique,confirmed,1,1.0,1.0,0,0,0,0,0,Unique exact normalized district key within confirmed boundary state
IND_MAHARASHTRA_SANGLI,Maharashtra,SANGLI,Maharashtra,SANGLI,Census 2001,Census 2001,415,Maharashtra,Sangli,27,35,confirmed_exact_unique,confirmed,1,1.0,1.0,0,0,0,0,0,Unique exact normalized district key within confirmed boundary state
IND_MAHARASHTRA_SANGLI,Maharashtra,SANGLI,Maharashtra,SANGLI,Census 2011,Census 2011,498,Maharashtra,Sangli,27,35,confirmed_exact_unique,confirmed,1,1.0,1.0,0,0,0,0,0,Unique exact normalized district key within confirmed boundary state
IND_MAHARASHTRA_SATARA,Maharashtra,SATARA,Maharashtra,SATARA,Census 2001,Census 2001,418,Maharashtra,Satara,27,31,confirmed_exact_unique,confirmed,1,1.0,1.0,0,0,0,0,0,Unique exact normalized district key within confirmed boundary state
IND_MAHARASHTRA_SATARA,Maharashtra,SATARA,Maharashtra,SATARA,Census 2011,Census 2011,504,Maharashtra,Satara,27,31,confirmed_exact_unique,confirmed,1,1.0,1.0,0,0,0,0,0,Unique exact normalized district key within confirmed boundary state
IND_MAHARASHTRA_SINDHUDURG,Maharashtra,SINDHUDURG,Maharashtra,SINDHUDURG,Census 2001,Census 2001,494,Maharashtra,Sindhudurg,27,33,confirmed_exact_unique,confirmed,1,1.0,1.0,0,0,0,0,0,Unique exact normalized district key within confirmed boundary state
IND_MAHARASHTRA_SINDHUDURG,Maharashtra,SINDHUDURG,Maharashtra,SINDHUDURG,Census 2011,Census 2011,527,Maharashtra,Sindhudurg,27,33,confirmed_exact_unique,confirmed,1,1.0,1.0,0,0,0,0,0,Unique exact normalized district key within confirmed boundary state
IND_MAHARASHTRA_SOLAPUR,Maharashtra,SOLAPUR,Maharashtra,SOLAPUR,Census 2001,Census 2001,480,Maharashtra,Solapur,27,30,confirmed_exact_unique,confirmed,1,1.0,1.0,0,0,0,0,0,Unique exact normalized district key within confirmed boundary state
IND_MAHARASHTRA_SOLAPUR,Maharashtra,SOLAPUR,Maharashtra,SOLAPUR,Census 2011,Census 2011,537,Maharashtra,Solapur,27,30,confirmed_exact_unique,confirmed,1,1.0,1.0,0,0,0,0,0,Unique exact normalized district key within confirmed boundary state
IND_MAHARASHTRA_THANE,Maharashtra,THANE,Maharashtra,THANE,Census 2001,Census 2001,467,Maharashtra,Thane,27,21,confirmed_exact_unique,confirmed,1,1.0,1.0,0,0,0,0,0,Unique exact normalized district key within confirmed boundary state
IND_MAHARASHTRA_THANE,Maharashtra,THANE,Maharashtra,THANE,Census 2011,Census 2011,561,Maharashtra,Thane,27,21,confirmed_exact_unique,confirmed,1,1.0,1.0,0,0,0,0,0,Unique exact normalized district key within confirmed boundary state
IND_MAHARASHTRA_WARDHA,Maharashtra,WARDHA,Maharashtra,WARDHA,Census 2001,Census 2001,525,Maharashtra,Wardha,27,8,confirmed_exact_unique,confirmed,1,1.0,1.0,0,0,0,0,0,Unique exact normalized district key within confirmed boundary state
IND_MAHARASHTRA_WARDHA,Maharashtra,WARDHA,Maharashtra,WARDHA,Census 2011,Census 2011,608,Maharashtra,Wardha,27,8,confirmed_exact_unique,confirmed,1,1.0,1.0,0,0,0,0,0,Unique exact normalized district key within confirmed boundary state
IND_MAHARASHTRA_WASHIM,Maharashtra,WASHIM,Maharashtra,WASHIM,Census 2001,Census 2001,526,Maharashtra,Washim,27,6,confirmed_exact_unique,confirmed,1,1.0,1.0,0,0,0,0,0,Unique exact normalized district key within confirmed boundary state
IND_MAHARASHTRA_WASHIM,Maharashtra,WASHIM,Maharashtra,WASHIM,Census 2011,Census 2011,609,Maharashtra,Washim,27,6,confirmed_exact_unique,confirmed,1,1.0,1.0,0,0,0,0,0,Unique exact normalized district key within confirmed boundary state
IND_MAHARASHTRA_YAVATMAL,Maharashtra,YAVATMAL,Maharashtra,YAVATMAL,Census 2001,Census 2001,535,Maharashtra,Yavatmal,27,14,confirmed_exact_unique,confirmed,1,1.0,1.0,0,0,0,0,0,Unique exact normalized district key within confirmed boundary state
IND_MAHARASHTRA_YAVATMAL,Maharashtra,YAVATMAL,Maharashtra,YAVATMAL,Census 2011,Census 2011,622,Maharashtra,Yavatmal,27,14,confirmed_exact_unique,confirmed,1,1.0,1.0,0,0,0,0,0,Unique exact normalized district key within confirmed boundary state
IND_MANIPUR_BISHNUPUR,Manipur,BISHNUPUR,Manipur,BISHNUPUR,Census 2001,Census 2001,51,Manipur,Bishnupur,14,4,confirmed_exact_unique,confirmed,1,1.0,1.0,0,0,0,0,0,Unique exact normalized district key within confirmed boundary state
IND_MANIPUR_BISHNUPUR,Manipur,BISHNUPUR,Manipur,BISHNUPUR,Census 2011,Census 2011,88,Manipur,Bishnupur,14,4,confirmed_exact_unique,confirmed,1,1.0,1.0,0,0,0,0,0,Unique exact normalized district key within confirmed boundary state
IND_MANIPUR_CHANDEL,Manipur,CHANDEL,Manipur,CHANDEL,Census 2001,Census 2001,97,Manipur,Chandel,14,9,confirmed_exact_unique,confirmed,1,1.0,1.0,0,0,0,0,0,Unique exact normalized district key within confirmed boundary state
IND_MANIPUR_CHANDEL,Manipur,CHANDEL,Manipur,CHANDEL,Census 2011,Census 2011,105,Manipur,Chandel,14,9,confirmed_exact_unique,confirmed,1,1.0,1.0,0,0,0,0,0,Unique exact normalized district key within confirmed boundary state
IND_MANIPUR_CHURACHANDPUR,Manipur,CHURACHANDPUR,Manipur,CHURACHANDPUR,Census 2001,Census 2001,103,Manipur,Churachandpur,14,3,confirmed_exact_unique,confirmed,1,1.0,1.0,0,0,0,0,0,Unique exact normalized district key within confirmed boundary state
IND_MANIPUR_CHURACHANDPUR,Manipur,CHURACHANDPUR,Manipur,CHURACHANDPUR,Census 2011,Census 2011,120,Manipur,Churachandpur,14,3,confirmed_exact_unique,confirmed,1,1.0,1.0,0,0,0,0,0,Unique exact normalized district key within confirmed boundary state
IND_MANIPUR_IMPHAL_EAST,Manipur,IMPHAL EAST,Manipur,IMPHAL EAST,Census 2001,Census 2001,222,Manipur,Imphal East,14,7,confirmed_exact_unique,confirmed,1,1.0,1.0,0,0,0,0,0,Unique exact normalized district key within confirmed boundary state
IND_MANIPUR_IMPHAL_EAST,Manipur,IMPHAL EAST,Manipur,IMPHAL EAST,Census 2011,Census 2011,233,Manipur,Imphal East,14,7,confirmed_exact_unique,confirmed,1,1.0,1.0,0,0,0,0,0,Unique exact normalized district key within confirmed boundary state
IND_MANIPUR_IMPHAL_WEST,Manipur,IMPHAL WEST,Manipur,IMPHAL WEST,Census 2001,Census 2001,223,Manipur,Imphal West,14,6,confirmed_exact_unique,confirmed,1,1.0,1.0,0,0,0,0,0,Unique exact normalized district key within confirmed boundary state
IND_MANIPUR_IMPHAL_WEST,Manipur,IMPHAL WEST,Manipur,IMPHAL WEST,Census 2011,Census 2011,234,Manipur,Imphal West,14,6,confirmed_exact_unique,confirmed,1,1.0,1.0,0,0,0,0,0,Unique exact normalized district key within confirmed boundary state
IND_MANIPUR_SENAPATI,Manipur,SENAPATI,Manipur,SENAPATI,Census 2001,Census 2011,507,Manipur,Senapati,14,1,alternate_layer_confirmed_name,working_strong,1,1.0,1.0,0,0,1,0,1,Requested Census 2001 used confirmed name match from Census 2011
IND_MANIPUR_SENAPATI,Manipur,SENAPATI,Manipur,SENAPATI,Census 2011,Census 2011,507,Manipur,Senapati,14,1,confirmed_exact_unique,confirmed,1,1.0,1.0,0,0,0,0,0,Unique exact normalized district key within confirmed boundary state
IND_MANIPUR_TAMENGLONG,Manipur,TAMENGLONG,Manipur,TAMENGLONG,Census 2001,Census 2001,464,Manipur,Tamenglong,14,2,confirmed_exact_unique,confirmed,1,1.0,1.0,0,0,0,0,0,Unique exact normalized district key within confirmed boundary state
IND_MANIPUR_TAMENGLONG,Manipur,TAMENGLONG,Manipur,TAMENGLONG,Census 2011,Census 2011,557,Manipur,Tamenglong,14,2,confirmed_exact_unique,confirmed,1,1.0,1.0,0,0,0,0,0,Unique exact normalized district key within confirmed boundary state
IND_MANIPUR_THOUBAL,Manipur,THOUBAL,Manipur,THOUBAL,Census 2001,Census 2001,496,Manipur,Thoubal,14,5,confirmed_exact_unique,confirmed,1,1.0,1.0,0,0,0,0,0,Unique exact normalized district key within confirmed boundary state
IND_MANIPUR_THOUBAL,Manipur,THOUBAL,Manipur,THOUBAL,Census 2011,Census 2011,570,Manipur,Thoubal,14,5,confirmed_exact_unique,confirmed,1,1.0,1.0,0,0,0,0,0,Unique exact normalized district key within confirmed boundary state
IND_MANIPUR_UKHRUL,Manipur,UKHRUL,Manipur,UKHRUL,Census 2001,Census 2001,507,Manipur,Ukhrul,14,8,confirmed_exact_unique,confirmed,1,1.0,1.0,0,0,0,0,0,Unique exact normalized district key within confirmed boundary state
IND_MANIPUR_UKHRUL,Manipur,UKHRUL,Manipur,UKHRUL,Census 2011,Census 2011,588,Manipur,Ukhrul,14,8,confirmed_exact_unique,confirmed,1,1.0,1.0,0,0,0,0,0,Unique exact normalized district key within confirmed boundary state
IND_MEGHALAYA_EAST_GARO_HILLS,Meghalaya,EAST GARO HILLS,Meghalaya,EAST GARO HILLS,Census 2001,Census 2001,150,Meghalaya,East Garo Hills,17,2,confirmed_exact_unique,confirmed,1,1.0,1.0,0,0,0,0,0,Unique exact normalized district key within confirmed boundary state
IND_MEGHALAYA_EAST_GARO_HILLS,Meghalaya,EAST GARO HILLS,Meghalaya,EAST GARO HILLS,Census 2011,Census 2011,167,Meghalaya,East Garo Hills,17,2,confirmed_exact_unique,confirmed,1,1.0,1.0,0,0,0,0,0,Unique exact normalized district key within confirmed boundary state
IND_MEGHALAYA_EAST_JAINTIA_HILLS,Meghalaya,EAST JAINTIA HILLS,Meghalaya,EAST JAINTIA HILLS,Census 2001,Census 2001,225,Meghalaya,Jaintia Hills,17,7,working_fuzzy_same_state,working_fallback,1,0.666667,0.857143,0,0,0,1,1,Best ranked same-state fuzzy candidate; not historically confirmed
IND_MEGHALAYA_EAST_JAINTIA_HILLS,Meghalaya,EAST JAINTIA HILLS,Meghalaya,EAST JAINTIA HILLS,Census 2011,Census 2011,238,Meghalaya,Jaintia Hills,17,7,working_fuzzy_same_state,working_fallback,1,0.666667,0.857143,0,0,0,1,1,Best ranked same-state fuzzy candidate; not historically confirmed
IND_MEGHALAYA_EAST_KHASI_HILLS,Meghalaya,EAST KHASI HILLS,Meghalaya,EAST KHASI HILLS,Census 2001,Census 2001,156,Meghalaya,East Khasi Hills,17,6,confirmed_exact_unique,confirmed,1,1.0,1.0,0,0,0,0,0,Unique exact normalized district key within confirmed boundary state
IND_MEGHALAYA_EAST_KHASI_HILLS,Meghalaya,EAST KHASI HILLS,Meghalaya,EAST KHASI HILLS,Census 2011,Census 2011,170,Meghalaya,East Khasi Hills,17,6,confirmed_exact_unique,confirmed,1,1.0,1.0,0,0,0,0,0,Unique exact normalized district key within confirmed boundary state
IND_MEGHALAYA_NORTH_GARO_HILLS,Meghalaya,NORTH GARO HILLS,Meghalaya,NORTH GARO HILLS,Census 2001,Census 2001,487,Meghalaya,South Garo Hills,17,3,working_fuzzy_same_state,working_fallback,1,0.5,0.857143,0,0,0,1,1,Best ranked same-state fuzzy candidate; not historically confirmed
IND_MEGHALAYA_NORTH_GARO_HILLS,Meghalaya,NORTH GARO HILLS,Meghalaya,NORTH GARO HILLS,Census 2011,Census 2011,545,Meghalaya,South Garo Hills,17,3,working_fuzzy_same_state,working_fallback,1,0.5,0.857143,0,0,0,1,1,Best ranked same-state fuzzy candidate; not historically confirmed
IND_MEGHALAYA_RI_BHOI,Meghalaya,RI BHOI,Meghalaya,RI BHOI,Census 2001,Census 2001,441,Meghalaya,Ri Bhoi,17,5,confirmed_exact_unique,confirmed,1,1.0,1.0,0,0,0,0,0,Unique exact normalized district key within confirmed boundary state
IND_MEGHALAYA_RI_BHOI,Meghalaya,RI BHOI,Meghalaya,RI BHOI,Census 2011,Census 2011,482,Meghalaya,Ri Bhoi,17,5,confirmed_exact_unique,confirmed,1,1.0,1.0,0,0,0,0,0,Unique exact normalized district key within confirmed boundary state
IND_MEGHALAYA_SOUTH_GARO_HILLS,Meghalaya,SOUTH GARO HILLS,Meghalaya,SOUTH GARO HILLS,Census 2001,Census 2001,487,Meghalaya,South Garo Hills,17,3,confirmed_exact_unique,confirmed,1,1.0,1.0,0,0,0,0,0,Unique exact normalized district key within confirmed boundary state
IND_MEGHALAYA_SOUTH_GARO_HILLS,Meghalaya,SOUTH GARO HILLS,Meghalaya,SOUTH GARO HILLS,Census 2011,Census 2011,545,Meghalaya,South Garo Hills,17,3,confirmed_exact_unique,confirmed,1,1.0,1.0,0,0,0,0,0,Unique exact normalized district key within confirmed boundary state
IND_MEGHALAYA_SOUTH_WEST_GARO_HILLS,Meghalaya,SOUTH WEST GARO HILLS,Meghalaya,SOUTH WEST GARO HILLS,Census 2001,Census 2001,487,Meghalaya,South Garo Hills,17,3,working_fuzzy_same_state,working_fallback,1,0.75,0.875,0,0,0,1,1,Best ranked same-state fuzzy candidate; not historically confirmed
IND_MEGHALAYA_SOUTH_WEST_GARO_HILLS,Meghalaya,SOUTH WEST GARO HILLS,Meghalaya,SOUTH WEST GARO HILLS,Census 2011,Census 2011,545,Meghalaya,South Garo Hills,17,3,working_fuzzy_same_state,working_fallback,1,0.75,0.875,0,0,0,1,1,Best ranked same-state fuzzy candidate; not historically confirmed
IND_MEGHALAYA_SOUTH_WEST_KHASI_HILLS,Meghalaya,SOUTH WEST KHASI HILLS,Meghalaya,SOUTH WEST KHASI HILLS,Census 2001,Census 2001,502,Meghalaya,West Khasi Hills,17,4,working_fuzzy_same_state,working_fallback,1,0.75,0.848485,0,0,0,0,1,Best ranked same-state fuzzy candidate; not historically confirmed
IND_MEGHALAYA_SOUTH_WEST_KHASI_HILLS,Meghalaya,SOUTH WEST KHASI HILLS,Meghalaya,SOUTH WEST KHASI HILLS,Census 2011,Census 2011,616,Meghalaya,West Khasi Hills,17,4,working_fuzzy_same_state,working_fallback,1,0.75,0.848485,0,0,0,0,1,Best ranked same-state fuzzy candidate; not historically confirmed
IND_MEGHALAYA_WEST_GARO_HILLS,Meghalaya,WEST GARO HILLS,Meghalaya,WEST GARO HILLS,Census 2001,Census 2001,499,Meghalaya,West Garo Hills,17,1,confirmed_exact_unique,confirmed,1,1.0,1.0,0,0,0,0,0,Unique exact normalized district key within confirmed boundary state
IND_MEGHALAYA_WEST_GARO_HILLS,Meghalaya,WEST GARO HILLS,Meghalaya,WEST GARO HILLS,Census 2011,Census 2011,613,Meghalaya,West Garo Hills,17,1,confirmed_exact_unique,confirmed,1,1.0,1.0,0,0,0,0,0,Unique exact normalized district key within confirmed boundary state
IND_MEGHALAYA_WEST_JAINTIA_HILLS,Meghalaya,WEST JAINTIA HILLS,Meghalaya,WEST JAINTIA HILLS,Census 2001,Census 2001,225,Meghalaya,Jaintia Hills,17,7,working_fuzzy_same_state,working_fallback,1,0.666667,0.857143,0,0,0,1,1,Best ranked same-state fuzzy candidate; not historically confirmed
IND_MEGHALAYA_WEST_JAINTIA_HILLS,Meghalaya,WEST JAINTIA HILLS,Meghalaya,WEST JAINTIA HILLS,Census 2011,Census 2011,238,Meghalaya,Jaintia Hills,17,7,working_fuzzy_same_state,working_fallback,1,0.666667,0.857143,0,0,0,1,1,Best ranked same-state fuzzy candidate; not historically confirmed
IND_MEGHALAYA_WEST_KHASI_HILLS,Meghalaya,WEST KHASI HILLS,Meghalaya,WEST KHASI HILLS,Census 2001,Census 2001,502,Meghalaya,West Khasi Hills,17,4,confirmed_exact_unique,confirmed,1,1.0,1.0,0,0,0,0,0,Unique exact normalized district key within confirmed boundary state
IND_MEGHALAYA_WEST_KHASI_HILLS,Meghalaya,WEST KHASI HILLS,Meghalaya,WEST KHASI HILLS,Census 2011,Census 2011,616,Meghalaya,West Khasi Hills,17,4,confirmed_exact_unique,confirmed,1,1.0,1.0,0,0,0,0,0,Unique exact normalized district key within confirmed boundary state
IND_MIZORAM_AIZAWL,Mizoram,AIZAWL,Mizoram,AIZAWL,Census 2001,Census 2001,18,Mizoram,Aizawl,15,3,confirmed_exact_unique,confirmed,1,1.0,1.0,0,0,0,0,0,Unique exact normalized district key within confirmed boundary state
IND_MIZORAM_AIZAWL,Mizoram,AIZAWL,Mizoram,AIZAWL,Census 2011,Census 2011,4,Mizoram,Aizawl,15,3,confirmed_exact_unique,confirmed,1,1.0,1.0,0,0,0,0,0,Unique exact normalized district key within confirmed boundary state
IND_MIZORAM_CHAMPHAI,Mizoram,CHAMPHAI,Mizoram,CHAMPHAI,Census 2001,Census 2001,95,Mizoram,Champhai,15,4,confirmed_exact_unique,confirmed,1,1.0,1.0,0,0,0,0,0,Unique exact normalized district key within confirmed boundary state
IND_MIZORAM_CHAMPHAI,Mizoram,CHAMPHAI,Mizoram,CHAMPHAI,Census 2011,Census 2011,102,Mizoram,Champhai,15,4,confirmed_exact_unique,confirmed,1,1.0,1.0,0,0,0,0,0,Unique exact normalized district key within confirmed boundary state
IND_MIZORAM_KOLASIB,Mizoram,KOLASIB,Mizoram,KOLASIB,Census 2001,Census 2001,266,Mizoram,Kolasib,15,2,confirmed_exact_unique,confirmed,1,1.0,1.0,0,0,0,0,0,Unique exact normalized district key within confirmed boundary state
IND_MIZORAM_KOLASIB,Mizoram,KOLASIB,Mizoram,KOLASIB,Census 2011,Census 2011,311,Mizoram,Kolasib,15,2,confirmed_exact_unique,confirmed,1,1.0,1.0,0,0,0,0,0,Unique exact normalized district key within confirmed boundary state
IND_MIZORAM_LAWNGTLAI,Mizoram,LAWNGTLAI,Mizoram,LAWNGTLAI,Census 2001,Census 2001,314,Mizoram,Lawngtlai,15,7,confirmed_exact_unique,confirmed,1,1.0,1.0,0,0,0,0,0,Unique exact normalized district key within confirmed boundary state
IND_MIZORAM_LAWNGTLAI,Mizoram,LAWNGTLAI,Mizoram,LAWNGTLAI,Census 2011,Census 2001,314,Mizoram,Lawngtlai,15,7,alternate_layer_confirmed_name,working_strong,1,1.0,1.0,0,0,1,0,1,Requested Census 2011 used confirmed name match from Census 2001
IND_MIZORAM_LUNGLEI,Mizoram,LUNGLEI,Mizoram,LUNGLEI,Census 2001,Census 2001,306,Mizoram,Lunglei,15,6,confirmed_exact_unique,confirmed,1,1.0,1.0,0,0,0,0,0,Unique exact normalized district key within confirmed boundary state
IND_MIZORAM_LUNGLEI,Mizoram,LUNGLEI,Mizoram,LUNGLEI,Census 2011,Census 2011,346,Mizoram,Lunglei,15,6,confirmed_exact_unique,confirmed,1,1.0,1.0,0,0,0,0,0,Unique exact normalized district key within confirmed boundary state
IND_MIZORAM_MAMIT,Mizoram,MAMIT,Mizoram,MAMIT,Census 2001,Census 2001,273,Mizoram,Mamit,15,1,confirmed_exact_unique,confirmed,1,1.0,1.0,0,0,0,0,0,Unique exact normalized district key within confirmed boundary state
IND_MIZORAM_MAMIT,Mizoram,MAMIT,Mizoram,MAMIT,Census 2011,Census 2011,361,Mizoram,Mamit,15,1,confirmed_exact_unique,confirmed,1,1.0,1.0,0,0,0,0,0,Unique exact normalized district key within confirmed boundary state
IND_MIZORAM_SAIHA,Mizoram,SAIHA,Mizoram,SAIHA,Census 2001,Census 2001,411,Mizoram,Saiha,15,8,confirmed_exact_unique,confirmed,1,1.0,1.0,0,0,0,0,0,Unique exact normalized district key within confirmed boundary state
IND_MIZORAM_SAIHA,Mizoram,SAIHA,Mizoram,SAIHA,Census 2011,Census 2011,493,Mizoram,Saiha,15,8,confirmed_exact_unique,confirmed,1,1.0,1.0,0,0,0,0,0,Unique exact normalized district key within confirmed boundary state
IND_MIZORAM_SERCHHIP,Mizoram,SERCHHIP,Mizoram,SERCHHIP,Census 2001,Census 2001,425,Mizoram,Serchhip,15,5,confirmed_exact_unique,confirmed,1,1.0,1.0,0,0,0,0,0,Unique exact normalized district key within confirmed boundary state
IND_MIZORAM_SERCHHIP,Mizoram,SERCHHIP,Mizoram,SERCHHIP,Census 2011,Census 2011,509,Mizoram,Serchhip,15,5,confirmed_exact_unique,confirmed,1,1.0,1.0,0,0,0,0,0,Unique exact normalized district key within confirmed boundary state
IND_NAGALAND_DIMAPUR,Nagaland,DIMAPUR,Nagaland,DIMAPUR,Census 2001,Census 2001,562,Nagaland,Dimapur,13,6,confirmed_exact_unique,confirmed,1,1.0,1.0,0,0,0,0,0,Unique exact normalized district key within confirmed boundary state
IND_NAGALAND_DIMAPUR,Nagaland,DIMAPUR,Nagaland,DIMAPUR,Census 2011,Census 2011,164,Nagaland,Dimapur,13,5,confirmed_exact_unique,confirmed,1,1.0,1.0,0,0,0,0,0,Unique exact normalized district key within confirmed boundary state
IND_NAGALAND_KIPHIRE,Nagaland,KIPHIRE,Nagaland,KIPHIRE,Census 2001,Census 2011,302,Nagaland,Kiphire,13,9,alternate_layer_confirmed_name,working_strong,1,1.0,1.0,0,0,1,0,1,Requested Census 2001 used confirmed name match from Census 2011
IND_NAGALAND_KIPHIRE,Nagaland,KIPHIRE,Nagaland,KIPHIRE,Census 2011,Census 2011,302,Nagaland,Kiphire,13,9,confirmed_exact_unique,confirmed,1,1.0,1.0,0,0,0,0,0,Unique exact normalized district key within confirmed boundary state
IND_NAGALAND_KOHIMA,Nagaland,KOHIMA,Nagaland,KOHIMA,Census 2001,Census 2001,563,Nagaland,Kohima,13,7,confirmed_exact_unique,confirmed,1,1.0,1.0,0,0,0,0,0,Unique exact normalized district key within confirmed boundary state
IND_NAGALAND_KOHIMA,Nagaland,KOHIMA,Nagaland,KOHIMA,Census 2011,Census 2011,308,Nagaland,Kohima,13,10,confirmed_exact_unique,confirmed,1,1.0,1.0,0,0,0,0,0,Unique exact normalized district key within confirmed boundary state
IND_NAGALAND_LONGLENG,Nagaland,LONGLENG,Nagaland,LONGLENG,Census 2001,Census 2011,341,Nagaland,Longleng,13,8,alternate_layer_confirmed_name,working_strong,1,1.0,1.0,0,0,1,0,1,Requested Census 2001 used confirmed name match from Census 2011
IND_NAGALAND_LONGLENG,Nagaland,LONGLENG,Nagaland,LONGLENG,Census 2011,Census 2011,341,Nagaland,Longleng,13,8,confirmed_exact_unique,confirmed,1,1.0,1.0,0,0,0,0,0,Unique exact normalized district key within confirmed boundary state
IND_NAGALAND_MOKOKCHUNG,Nagaland,MOKOKCHUNG,Nagaland,MOKOKCHUNG,Census 2001,Census 2001,343,Nagaland,Mokokchung,13,3,confirmed_exact_unique,confirmed,1,1.0,1.0,0,0,0,0,0,Unique exact normalized district key within confirmed boundary state
IND_NAGALAND_MOKOKCHUNG,Nagaland,MOKOKCHUNG,Nagaland,MOKOKCHUNG,Census 2011,Census 2011,376,Nagaland,Mokokchung,13,2,confirmed_exact_unique,confirmed,1,1.0,1.0,0,0,0,0,0,Unique exact normalized district key within confirmed boundary state
IND_NAGALAND_MON,Nagaland,MON,Nagaland,MON,Census 2001,Census 2001,344,Nagaland,Mon,13,1,confirmed_exact_unique,confirmed,1,1.0,1.0,0,0,0,0,0,Unique exact normalized district key within confirmed boundary state
IND_NAGALAND_MON,Nagaland,MON,Nagaland,MON,Census 2011,Census 2011,377,Nagaland,Mon,13,1,confirmed_exact_unique,confirmed,1,1.0,1.0,0,0,0,0,0,Unique exact normalized district key within confirmed boundary state
IND_NAGALAND_PEREN,Nagaland,PEREN,Nagaland,PEREN,Census 2001,Census 2011,440,Nagaland,Peren,13,11,alternate_layer_confirmed_name,working_strong,1,1.0,1.0,0,0,1,0,1,Requested Census 2001 used confirmed name match from Census 2011
IND_NAGALAND_PEREN,Nagaland,PEREN,Nagaland,PEREN,Census 2011,Census 2011,440,Nagaland,Peren,13,11,confirmed_exact_unique,confirmed,1,1.0,1.0,0,0,0,0,0,Unique exact normalized district key within confirmed boundary state
IND_NAGALAND_PHEK,Nagaland,PHEK,Nagaland,PHEK,Census 2001,Census 2001,390,Nagaland,Phek,13,8,confirmed_exact_unique,confirmed,1,1.0,1.0,0,0,0,0,0,Unique exact normalized district key within confirmed boundary state
IND_NAGALAND_PHEK,Nagaland,PHEK,Nagaland,PHEK,Census 2011,Census 2011,441,Nagaland,Phek,13,6,confirmed_exact_unique,confirmed,1,1.0,1.0,0,0,0,0,0,Unique exact normalized district key within confirmed boundary state
IND_NAGALAND_TUENSANG,Nagaland,TUENSANG,Nagaland,TUENSANG,Census 2001,Census 2001,473,Nagaland,Tuensang,13,2,confirmed_exact_unique,confirmed,1,1.0,1.0,0,0,0,0,0,Unique exact normalized district key within confirmed boundary state
IND_NAGALAND_TUENSANG,Nagaland,TUENSANG,Nagaland,TUENSANG,Census 2011,Census 2011,580,Nagaland,Tuensang,13,7,confirmed_exact_unique,confirmed,1,1.0,1.0,0,0,0,0,0,Unique exact normalized district key within confirmed boundary state
IND_NAGALAND_WOKHA,Nagaland,WOKHA,Nagaland,WOKHA,Census 2001,Census 2001,532,Nagaland,Wokha,13,5,confirmed_exact_unique,confirmed,1,1.0,1.0,0,0,0,0,0,Unique exact normalized district key within confirmed boundary state
IND_NAGALAND_WOKHA,Nagaland,WOKHA,Nagaland,WOKHA,Census 2011,Census 2011,620,Nagaland,Wokha,13,4,confirmed_exact_unique,confirmed,1,1.0,1.0,0,0,0,0,0,Unique exact normalized district key within confirmed boundary state
IND_NAGALAND_ZUNHEBOTO,Nagaland,ZUNHEBOTO,Nagaland,ZUNHEBOTO,Census 2001,Census 2001,536,Nagaland,Zunheboto,13,4,confirmed_exact_unique,confirmed,1,1.0,1.0,0,0,0,0,0,Unique exact normalized district key within confirmed boundary state
IND_NAGALAND_ZUNHEBOTO,Nagaland,ZUNHEBOTO,Nagaland,ZUNHEBOTO,Census 2011,Census 2011,623,Nagaland,Zunheboto,13,3,confirmed_exact_unique,confirmed,1,1.0,1.0,0,0,0,0,0,Unique exact normalized district key within confirmed boundary state
IND_ODISHA_ANUGUL,Odisha,ANUGUL,Odisha,ANUGUL,Census 2001,Census 2001,3,Orissa,Anugul,21,15,confirmed_exact_unique,confirmed,1,1.0,1.0,0,0,0,0,0,Unique exact normalized district key within confirmed boundary state
IND_ODISHA_ANUGUL,Odisha,ANUGUL,Odisha,ANUGUL,Census 2011,Census 2011,22,Odisha,Anugul,21,15,confirmed_exact_unique,confirmed,1,1.0,1.0,0,0,0,0,0,Unique exact normalized district key within confirmed boundary state
IND_ODISHA_BALANGIR,Odisha,BALANGIR,Odisha,BALANGIR,Census 2001,Census 2001,68,Orissa,Balangir,21,24,confirmed_exact_unique,confirmed,1,1.0,1.0,0,0,0,0,0,Unique exact normalized district key within confirmed boundary state
IND_ODISHA_BALANGIR,Odisha,BALANGIR,Odisha,BALANGIR,Census 2011,Census 2011,38,Odisha,Balangir,21,24,confirmed_exact_unique,confirmed,1,1.0,1.0,0,0,0,0,0,Unique exact normalized district key within confirmed boundary state
IND_ODISHA_BALESHWAR,Odisha,BALESHWAR,Odisha,BALESHWAR,Census 2001,Census 2001,69,Orissa,Baleshwar,21,8,confirmed_exact_unique,confirmed,1,1.0,1.0,0,0,0,0,0,Unique exact normalized district key within confirmed boundary state
IND_ODISHA_BALESHWAR,Odisha,BALESHWAR,Odisha,BALESHWAR,Census 2011,Census 2011,39,Odisha,Baleshwar,21,8,confirmed_exact_unique,confirmed,1,1.0,1.0,0,0,0,0,0,Unique exact normalized district key within confirmed boundary state
IND_ODISHA_BARGARH,Odisha,BARGARH,Odisha,BARGARH,Census 2001,Census 2001,77,Orissa,Bargarh,21,1,confirmed_exact_unique,confirmed,1,1.0,1.0,0,0,0,0,0,Unique exact normalized district key within confirmed boundary state
IND_ODISHA_BARGARH,Odisha,BARGARH,Odisha,BARGARH,Census 2011,Census 2011,51,Odisha,Bargarh,21,1,confirmed_exact_unique,confirmed,1,1.0,1.0,0,0,0,0,0,Unique exact normalized district key within confirmed boundary state
IND_ODISHA_BHADRAK,Odisha,BHADRAK,Odisha,BHADRAK,Census 2001,Census 2001,38,Orissa,Bhadrak,21,9,confirmed_exact_unique,confirmed,1,1.0,1.0,0,0,0,0,0,Unique exact normalized district key within confirmed boundary state
IND_ODISHA_BHADRAK,Odisha,BHADRAK,Odisha,BHADRAK,Census 2011,Census 2011,68,Odisha,Bhadrak,21,9,confirmed_exact_unique,confirmed,1,1.0,1.0,0,0,0,0,0,Unique exact normalized district key within confirmed boundary state
IND_ODISHA_BOUDH,Odisha,BOUDH,Odisha,BOUDH,Census 2001,Census 2001,58,Orissa,Baudh,21,22,working_fuzzy_same_state,working_fallback,1,0.0,0.8,0,0,0,0,1,Best ranked same-state fuzzy candidate; not historically confirmed
IND_ODISHA_BOUDH,Odisha,BOUDH,Odisha,BOUDH,Census 2011,Census 2011,63,Odisha,Bauda,21,22,working_fuzzy_same_state,working_fallback,1,0.0,0.6,0,0,0,0,1,Best ranked same-state fuzzy candidate; not historically confirmed
IND_ODISHA_CUTTACK,Odisha,CUTTACK,Odisha,CUTTACK,Census 2001,Census 2001,116,Orissa,Cuttack,21,12,confirmed_exact_unique,confirmed,1,1.0,1.0,0,0,0,0,0,Unique exact normalized district key within confirmed boundary state
IND_ODISHA_CUTTACK,Odisha,CUTTACK,Odisha,CUTTACK,Census 2011,Census 2011,125,Odisha,Cuttack,21,12,confirmed_exact_unique,confirmed,1,1.0,1.0,0,0,0,0,0,Unique exact normalized district key within confirmed boundary state
IND_ODISHA_DEOGARH,Odisha,DEOGARH,Odisha,DEOGARH,Census 2001,Census 2001,112,Orissa,Debagarh,21,4,working_fuzzy_same_state,working_fallback,1,0.0,0.8,0,0,0,0,1,Best ranked same-state fuzzy candidate; not historically confirmed
IND_ODISHA_DEOGARH,Odisha,DEOGARH,Odisha,DEOGARH,Census 2011,Census 2011,138,Odisha,Debagarh,21,4,working_fuzzy_same_state,working_fallback,1,0.0,0.8,0,0,0,0,1,Best ranked same-state fuzzy candidate; not historically confirmed
IND_ODISHA_DHENKANAL,Odisha,DHENKANAL,Odisha,DHENKANAL,Census 2001,Census 2001,138,Orissa,Dhenkanal,21,14,confirmed_exact_unique,confirmed,1,1.0,1.0,0,0,0,0,0,Unique exact normalized district key within confirmed boundary state
IND_ODISHA_DHENKANAL,Odisha,DHENKANAL,Odisha,DHENKANAL,Census 2011,Census 2011,151,Odisha,Dhenkanal,21,14,confirmed_exact_unique,confirmed,1,1.0,1.0,0,0,0,0,0,Unique exact normalized district key within confirmed boundary state
IND_ODISHA_GAJAPATI,Odisha,GAJAPATI,Odisha,GAJAPATI,Census 2001,Census 2001,199,Orissa,Gajapati,21,20,confirmed_exact_unique,confirmed,1,1.0,1.0,0,0,0,0,0,Unique exact normalized district key within confirmed boundary state
IND_ODISHA_GAJAPATI,Odisha,GAJAPATI,Odisha,GAJAPATI,Census 2011,Census 2011,187,Odisha,Gajapati,21,20,confirmed_exact_unique,confirmed,1,1.0,1.0,0,0,0,0,0,Unique exact normalized district key within confirmed boundary state
IND_ODISHA_GANJAM,Odisha,GANJAM,Odisha,GANJAM,Census 2001,Census 2001,172,Orissa,Ganjam,21,19,confirmed_exact_unique,confirmed,1,1.0,1.0,0,0,0,0,0,Unique exact normalized district key within confirmed boundary state
IND_ODISHA_GANJAM,Odisha,GANJAM,Odisha,GANJAM,Census 2011,Census 2011,191,Odisha,Ganjam,21,19,confirmed_exact_unique,confirmed,1,1.0,1.0,0,0,0,0,0,Unique exact normalized district key within confirmed boundary state
IND_ODISHA_JAGATSINGHAPUR,Odisha,JAGATSINGHAPUR,Odisha,JAGATSINGHAPUR,Census 2001,Census 2001,224,Orissa,Jagatsinghapur,21,11,confirmed_exact_unique,confirmed,1,1.0,1.0,0,0,0,0,0,Unique exact normalized district key within confirmed boundary state
IND_ODISHA_JAGATSINGHAPUR,Odisha,JAGATSINGHAPUR,Odisha,JAGATSINGHAPUR,Census 2011,Census 2011,237,Odisha,Jagatsinghapur,21,11,confirmed_exact_unique,confirmed,1,1.0,1.0,0,0,0,0,0,Unique exact normalized district key within confirmed boundary state
IND_ODISHA_JAJAPUR,Odisha,JAJAPUR,Odisha,JAJAPUR,Census 2001,Census 2001,221,Orissa,Jajapur,21,13,confirmed_exact_unique,confirmed,1,1.0,1.0,0,0,0,0,0,Unique exact normalized district key within confirmed boundary state
IND_ODISHA_JAJAPUR,Odisha,JAJAPUR,Odisha,JAJAPUR,Census 2011,Census 2011,241,Odisha,Jajapur,21,13,confirmed_exact_unique,confirmed,1,1.0,1.0,0,0,0,0,0,Unique exact normalized district key within confirmed boundary state
IND_ODISHA_JHARSUGUDA,Odisha,JHARSUGUDA,Odisha,JHARSUGUDA,Census 2001,Census 2001,240,Orissa,Jharsuguda,21,2,confirmed_exact_unique,confirmed,1,1.0,1.0,0,0,0,0,0,Unique exact normalized district key within confirmed boundary state
IND_ODISHA_JHARSUGUDA,Odisha,JHARSUGUDA,Odisha,JHARSUGUDA,Census 2011,Census 2011,259,Odisha,Jharsuguda,21,2,confirmed_exact_unique,confirmed,1,1.0,1.0,0,0,0,0,0,Unique exact normalized district key within confirmed boundary state
IND_ODISHA_KALAHANDI,Odisha,KALAHANDI,Odisha,KALAHANDI,Census 2001,Census 2001,159,Orissa,Kalahandi,21,26,confirmed_exact_unique,confirmed,1,1.0,1.0,0,0,0,0,0,Unique exact normalized district key within confirmed boundary state
IND_ODISHA_KALAHANDI,Odisha,KALAHANDI,Odisha,KALAHANDI,Census 2011,Census 2011,268,Odisha,Kalahandi,21,26,confirmed_exact_unique,confirmed,1,1.0,1.0,0,0,0,0,0,Unique exact normalized district key within confirmed boundary state
IND_ODISHA_KANDHAMAL,Odisha,KANDHAMAL,Odisha,KANDHAMAL,Census 2001,Census 2001,391,Orissa,Kandhamal,21,21,confirmed_exact_unique,confirmed,1,1.0,1.0,0,0,0,0,0,Unique exact normalized district key within confirmed boundary state
IND_ODISHA_KANDHAMAL,Odisha,KANDHAMAL,Odisha,KANDHAMAL,Census 2011,Census 2011,272,Odisha,Kandhamal,21,21,confirmed_exact_unique,confirmed,1,1.0,1.0,0,0,0,0,0,Unique exact normalized district key within confirmed boundary state
IND_ODISHA_KENDRAPARA,Odisha,KENDRAPARA,Odisha,KENDRAPARA,Census 2001,Census 2001,109,Orissa,Kendrapara,21,10,confirmed_exact_unique,confirmed,1,1.0,1.0,0,0,0,0,0,Unique exact normalized district key within confirmed boundary state
IND_ODISHA_KENDRAPARA,Odisha,KENDRAPARA,Odisha,KENDRAPARA,Census 2011,Census 2011,293,Odisha,Kendrapara,21,10,confirmed_exact_unique,confirmed,1,1.0,1.0,0,0,0,0,0,Unique exact normalized district key within confirmed boundary state
IND_ODISHA_KENDUJHAR,Odisha,KENDUJHAR,Odisha,KENDUJHAR,Census 2001,Census 2001,110,Orissa,Kendujhar,21,6,confirmed_exact_unique,confirmed,1,1.0,1.0,0,0,0,0,0,Unique exact normalized district key within confirmed boundary state
IND_ODISHA_KENDUJHAR,Odisha,KENDUJHAR,Odisha,KENDUJHAR,Census 2011,Census 2011,294,Odisha,Kendujhar,21,6,confirmed_exact_unique,confirmed,1,1.0,1.0,0,0,0,0,0,Unique exact normalized district key within confirmed boundary state
IND_ODISHA_KHORDHA,Odisha,KHORDHA,Odisha,KHORDHA,Census 2001,Census 2001,260,Orissa,Khordha,21,17,confirmed_exact_unique,confirmed,1,1.0,1.0,0,0,0,0,0,Unique exact normalized district key within confirmed boundary state
IND_ODISHA_KHORDHA,Odisha,KHORDHA,Odisha,KHORDHA,Census 2011,Census 2011,299,Odisha,Khordha,21,17,confirmed_exact_unique,confirmed,1,1.0,1.0,0,0,0,0,0,Unique exact normalized district key within confirmed boundary state
IND_ODISHA_KORAPUT,Odisha,KORAPUT,Odisha,KORAPUT,Census 2001,Census 2001,287,Orissa,Koraput,21,29,confirmed_exact_unique,confirmed,1,1.0,1.0,0,0,0,0,0,Unique exact normalized district key within confirmed boundary state
IND_ODISHA_KORAPUT,Odisha,KORAPUT,Odisha,KORAPUT,Census 2011,Census 2011,316,Odisha,Koraput,21,29,confirmed_exact_unique,confirmed,1,1.0,1.0,0,0,0,0,0,Unique exact normalized district key within confirmed boundary state
IND_ODISHA_MALKANGIRI,Odisha,MALKANGIRI,Odisha,MALKANGIRI,Census 2001,Census 2001,328,Orissa,Malkangiri,21,30,confirmed_exact_unique,confirmed,1,1.0,1.0,0,0,0,0,0,Unique exact normalized district key within confirmed boundary state
IND_ODISHA_MALKANGIRI,Odisha,MALKANGIRI,Odisha,MALKANGIRI,Census 2011,Census 2011,360,Odisha,Malkangiri,21,30,confirmed_exact_unique,confirmed,1,1.0,1.0,0,0,0,0,0,Unique exact normalized district key within confirmed boundary state
IND_ODISHA_MAYURBHANJ,Odisha,MAYURBHANJ,Odisha,MAYURBHANJ,Census 2001,Census 2001,276,Orissa,Mayurbhanj,21,7,confirmed_exact_unique,confirmed,1,1.0,1.0,0,0,0,0,0,Unique exact normalized district key within confirmed boundary state
IND_ODISHA_MAYURBHANJ,Odisha,MAYURBHANJ,Odisha,MAYURBHANJ,Census 2011,Census 2011,370,Odisha,Mayurbhanj,21,7,confirmed_exact_unique,confirmed,1,1.0,1.0,0,0,0,0,0,Unique exact normalized district key within confirmed boundary state
IND_ODISHA_NABARANGPUR,Odisha,NABARANGPUR,Odisha,NABARANGPUR,Census 2001,Census 2001,331,Orissa,Nabarangapur,21,28,working_fuzzy_same_state,working_fallback,1,0.0,0.956522,0,0,0,0,1,Best ranked same-state fuzzy candidate; not historically confirmed
IND_ODISHA_NABARANGPUR,Odisha,NABARANGPUR,Odisha,NABARANGPUR,Census 2011,Census 2011,388,Odisha,Nabarangapur,21,28,working_fuzzy_same_state,working_fallback,1,0.0,0.956522,0,0,0,0,1,Best ranked same-state fuzzy candidate; not historically confirmed
IND_ODISHA_NAYAGARH,Odisha,NAYAGARH,Odisha,NAYAGARH,Census 2001,Census 2001,366,Orissa,Nayagarh,21,16,confirmed_exact_unique,confirmed,1,1.0,1.0,0,0,0,0,0,Unique exact normalized district key within confirmed boundary state
IND_ODISHA_NAYAGARH,Odisha,NAYAGARH,Odisha,NAYAGARH,Census 2011,Census 2011,406,Odisha,Nayagarh,21,16,confirmed_exact_unique,confirmed,1,1.0,1.0,0,0,0,0,0,Unique exact normalized district key within confirmed boundary state
IND_ODISHA_NUAPADA,Odisha,NUAPADA,Odisha,NUAPADA,Census 2001,Census 2001,375,Orissa,Nuapada,21,25,confirmed_exact_unique,confirmed,1,1.0,1.0,0,0,0,0,0,Unique exact normalized district key within confirmed boundary state
IND_ODISHA_NUAPADA,Odisha,NUAPADA,Odisha,NUAPADA,Census 2011,Census 2011,419,Odisha,Nuapada,21,25,confirmed_exact_unique,confirmed,1,1.0,1.0,0,0,0,0,0,Unique exact normalized district key within confirmed boundary state
IND_ODISHA_PURI,Odisha,PURI,Odisha,PURI,Census 2001,Census 2001,278,Orissa,Puri,21,18,confirmed_exact_unique,confirmed,1,1.0,1.0,0,0,0,0,0,Unique exact normalized district key within confirmed boundary state
IND_ODISHA_PURI,Odisha,PURI,Odisha,PURI,Census 2011,Census 2011,455,Odisha,Puri,21,18,confirmed_exact_unique,confirmed,1,1.0,1.0,0,0,0,0,0,Unique exact normalized district key within confirmed boundary state
IND_ODISHA_RAYAGADA,Odisha,RAYAGADA,Odisha,RAYAGADA,Census 2001,Census 2001,438,Orissa,Rayagada,21,27,confirmed_exact_unique,confirmed,1,1.0,1.0,0,0,0,0,0,Unique exact normalized district key within confirmed boundary state
IND_ODISHA_RAYAGADA,Odisha,RAYAGADA,Odisha,RAYAGADA,Census 2011,Census 2011,478,Odisha,Rayagada,21,27,confirmed_exact_unique,confirmed,1,1.0,1.0,0,0,0,0,0,Unique exact normalized district key within confirmed boundary state
IND_ODISHA_SAMBALPUR,Odisha,SAMBALPUR,Odisha,SAMBALPUR,Census 2001,Census 2001,414,Orissa,Sambalpur,21,3,confirmed_exact_unique,confirmed,1,1.0,1.0,0,0,0,0,0,Unique exact normalized district key within confirmed boundary state
IND_ODISHA_SAMBALPUR,Odisha,SAMBALPUR,Odisha,SAMBALPUR,Census 2011,Census 2011,497,Odisha,Sambalpur,21,3,confirmed_exact_unique,confirmed,1,1.0,1.0,0,0,0,0,0,Unique exact normalized district key within confirmed boundary state
IND_ODISHA_SONEPUR,Odisha,SONEPUR,Odisha,SONEPUR,Census 2001,Census 2001,481,Orissa,Sonapur,21,23,working_fuzzy_same_state,working_fallback,1,0.0,0.857143,0,0,0,0,1,Best ranked same-state fuzzy candidate; not historically confirmed
IND_ODISHA_SONEPUR,Odisha,SONEPUR,Odisha,SONEPUR,Census 2011,Census 2011,538,Odisha,Subarnapur,21,23,working_fuzzy_same_state,working_fallback,1,0.0,0.588235,0,0,0,0,1,Best ranked same-state fuzzy candidate; not historically confirmed
IND_ODISHA_SUNDARGARH,Odisha,SUNDARGARH,Odisha,SUNDARGARH,Census 2001,Census 2001,460,Orissa,Sundargarh,21,5,confirmed_exact_unique,confirmed,1,1.0,1.0,0,0,0,0,0,Unique exact normalized district key within confirmed boundary state
IND_ODISHA_SUNDARGARH,Odisha,SUNDARGARH,Odisha,SUNDARGARH,Census 2011,Census 2011,552,Odisha,Sundargarh,21,5,confirmed_exact_unique,confirmed,1,1.0,1.0,0,0,0,0,0,Unique exact normalized district key within confirmed boundary state
IND_PUDUCHERRY_KARAIKAL,Puducherry,KARAIKAL,Puducherry,KARAIKAL,Census 2001,Census 2001,586,Puducherry,Karaikal,34,4,confirmed_exact_unique,confirmed,1,1.0,1.0,0,0,0,0,0,Unique exact normalized district key within confirmed boundary state
IND_PUDUCHERRY_KARAIKAL,Puducherry,KARAIKAL,Puducherry,KARAIKAL,Census 2011,Census 2011,633,Puducherry,Karaikal,34,4,confirmed_exact_unique,confirmed,1,1.0,1.0,0,0,0,0,0,Unique exact normalized district key within confirmed boundary state
IND_PUDUCHERRY_MAHE,Puducherry,MAHE,Puducherry,MAHE,Census 2001,Census 2001,587,Puducherry,Mahe,34,3,confirmed_exact_unique,confirmed,1,1.0,1.0,0,0,0,0,0,Unique exact normalized district key within confirmed boundary state
IND_PUDUCHERRY_MAHE,Puducherry,MAHE,Puducherry,MAHE,Census 2011,Census 2011,353,Puducherry,Mahe,34,3,confirmed_exact_unique,confirmed,1,1.0,1.0,0,0,0,0,0,Unique exact normalized district key within confirmed boundary state
IND_PUDUCHERRY_PONDICHERRY,Puducherry,PONDICHERRY,Puducherry,PONDICHERRY,Census 2001,Census 2001,394,Puducherry,Pondicherry,34,2,confirmed_exact_unique,confirmed,1,1.0,1.0,0,0,0,0,0,Unique exact normalized district key within confirmed boundary state
IND_PUDUCHERRY_PONDICHERRY,Puducherry,PONDICHERRY,Puducherry,PONDICHERRY,Census 2011,Census 2001,394,Puducherry,Pondicherry,34,2,alternate_layer_confirmed_name,working_strong,1,1.0,1.0,0,0,1,0,1,Requested Census 2011 used confirmed name match from Census 2001
IND_PUDUCHERRY_YANAM,Puducherry,YANAM,Puducherry,YANAM,Census 2001,Census 2001,534,Puducherry,Yanam,34,1,confirmed_exact_unique,confirmed,1,1.0,1.0,0,0,0,0,0,Unique exact normalized district key within confirmed boundary state
IND_PUDUCHERRY_YANAM,Puducherry,YANAM,Puducherry,YANAM,Census 2011,Census 2011,635,Puducherry,Yanam,34,1,confirmed_exact_unique,confirmed,1,1.0,1.0,0,0,0,0,0,Unique exact normalized district key within confirmed boundary state
IND_PUNJAB_AMRITSAR,Punjab,AMRITSAR,Punjab,AMRITSAR,Census 2001,Census 2001,29,Punjab,Amritsar,3,2,confirmed_exact_unique,confirmed,1,1.0,1.0,0,0,0,0,0,Unique exact normalized district key within confirmed boundary state
IND_PUNJAB_AMRITSAR,Punjab,AMRITSAR,Punjab,AMRITSAR,Census 2011,Census 2011,17,Punjab,Amritsar,3,15,confirmed_exact_unique,confirmed,1,1.0,1.0,0,0,0,0,0,Unique exact normalized district key within confirmed boundary state
IND_PUNJAB_BARNALA,Punjab,BARNALA,Punjab,BARNALA,Census 2001,Census 2011,57,Punjab,Barnala,3,20,alternate_layer_confirmed_name,working_strong,1,1.0,1.0,0,0,1,0,1,Requested Census 2001 used confirmed name match from Census 2011
IND_PUNJAB_BARNALA,Punjab,BARNALA,Punjab,BARNALA,Census 2011,Census 2011,57,Punjab,Barnala,3,20,confirmed_exact_unique,confirmed,1,1.0,1.0,0,0,0,0,0,Unique exact normalized district key within confirmed boundary state
IND_PUNJAB_BATHINDA,Punjab,BATHINDA,Punjab,BATHINDA,Census 2001,Census 2001,57,Punjab,Bathinda,3,14,confirmed_exact_unique,confirmed,1,1.0,1.0,0,0,0,0,0,Unique exact normalized district key within confirmed boundary state
IND_PUNJAB_BATHINDA,Punjab,BATHINDA,Punjab,BATHINDA,Census 2011,Census 2011,62,Punjab,Bathinda,3,12,confirmed_exact_unique,confirmed,1,1.0,1.0,0,0,0,0,0,Unique exact normalized district key within confirmed boundary state
IND_PUNJAB_FARIDKOT,Punjab,FARIDKOT,Punjab,FARIDKOT,Census 2001,Census 2001,192,Punjab,Faridkot,3,13,confirmed_exact_unique,confirmed,1,1.0,1.0,0,0,0,0,0,Unique exact normalized district key within confirmed boundary state
IND_PUNJAB_FARIDKOT,Punjab,FARIDKOT,Punjab,FARIDKOT,Census 2011,Census 2011,179,Punjab,Faridkot,3,11,confirmed_exact_unique,confirmed,1,1.0,1.0,0,0,0,0,0,Unique exact normalized district key within confirmed boundary state
IND_PUNJAB_FATEHGARH_SAHIB,Punjab,FATEHGARH SAHIB,Punjab,FATEHGARH SAHIB,Census 2001,Census 2001,195,Punjab,Fatehgarh Sahib,3,8,confirmed_exact_unique,confirmed,1,1.0,1.0,0,0,0,0,0,Unique exact normalized district key within confirmed boundary state
IND_PUNJAB_FATEHGARH_SAHIB,Punjab,FATEHGARH SAHIB,Punjab,FATEHGARH SAHIB,Census 2011,Census 2011,182,Punjab,Fatehgarh Sahib,3,6,confirmed_exact_unique,confirmed,1,1.0,1.0,0,0,0,0,0,Unique exact normalized district key within confirmed boundary state
IND_PUNJAB_FAZILKA,Punjab,FAZILKA,Punjab,FAZILKA,Census 2001,Census 2001,385,Punjab,Patiala,3,17,working_fuzzy_same_state,working_fallback,1,0.0,0.571429,0,0,0,1,1,Best ranked same-state fuzzy candidate; not historically confirmed
IND_PUNJAB_FAZILKA,Punjab,FAZILKA,Punjab,FAZILKA,Census 2011,Census 2011,437,Punjab,Patiala,3,14,working_fuzzy_same_state,working_fallback,1,0.0,0.571429,0,0,0,1,1,Best ranked same-state fuzzy candidate; not historically confirmed
IND_PUNJAB_FIROZEPUR,Punjab,FIROZEPUR,Punjab,FIROZEPUR,Census 2001,Census 2001,53,Punjab,Firozpur,3,11,working_fuzzy_same_state,working_fallback,1,0.0,0.941176,0,0,0,0,1,Best ranked same-state fuzzy candidate; not historically confirmed
IND_PUNJAB_FIROZEPUR,Punjab,FIROZEPUR,Punjab,FIROZEPUR,Census 2011,Census 2011,185,Punjab,Firozpur,3,9,working_fuzzy_same_state,working_fallback,1,0.0,0.941176,0,0,0,0,1,Best ranked same-state fuzzy candidate; not historically confirmed
IND_PUNJAB_GURDASPUR,Punjab,GURDASPUR,Punjab,GURDASPUR,Census 2001,Census 2001,188,Punjab,Gurdaspur,3,1,confirmed_exact_unique,confirmed,1,1.0,1.0,0,0,0,0,0,Unique exact normalized district key within confirmed boundary state
IND_PUNJAB_GURDASPUR,Punjab,GURDASPUR,Punjab,GURDASPUR,Census 2011,Census 2011,211,Punjab,Gurdaspur,3,1,confirmed_exact_unique,confirmed,1,1.0,1.0,0,0,0,0,0,Unique exact normalized district key within confirmed boundary state
IND_PUNJAB_HOSHIARPUR,Punjab,HOSHIARPUR,Punjab,HOSHIARPUR,Census 2001,Census 2001,214,Punjab,Hoshiarpur,3,5,confirmed_exact_unique,confirmed,1,1.0,1.0,0,0,0,0,0,Unique exact normalized district key within confirmed boundary state
IND_PUNJAB_HOSHIARPUR,Punjab,HOSHIARPUR,Punjab,HOSHIARPUR,Census 2011,Census 2011,229,Punjab,Hoshiarpur,3,4,confirmed_exact_unique,confirmed,1,1.0,1.0,0,0,0,0,0,Unique exact normalized district key within confirmed boundary state
IND_PUNJAB_JALANDHAR,Punjab,JALANDHAR,Punjab,JALANDHAR,Census 2001,Census 2001,232,Punjab,Jalandhar,3,4,confirmed_exact_unique,confirmed,1,1.0,1.0,0,0,0,0,0,Unique exact normalized district key within confirmed boundary state
IND_PUNJAB_JALANDHAR,Punjab,JALANDHAR,Punjab,JALANDHAR,Census 2011,Census 2011,242,Punjab,Jalandhar,3,3,confirmed_exact_unique,confirmed,1,1.0,1.0,0,0,0,0,0,Unique exact normalized district key within confirmed boundary state
IND_PUNJAB_KAPURTHALA,Punjab,KAPURTHALA,Punjab,KAPURTHALA,Census 2001,Census 2001,251,Punjab,Kapurthala,3,3,confirmed_exact_unique,confirmed,1,1.0,1.0,0,0,0,0,0,Unique exact normalized district key within confirmed boundary state
IND_PUNJAB_KAPURTHALA,Punjab,KAPURTHALA,Punjab,KAPURTHALA,Census 2011,Census 2011,281,Punjab,Kapurthala,3,2,confirmed_exact_unique,confirmed,1,1.0,1.0,0,0,0,0,0,Unique exact normalized district key within confirmed boundary state
IND_PUNJAB_LUDHIANA,Punjab,LUDHIANA,Punjab,LUDHIANA,Census 2001,Census 2001,300,Punjab,Ludhiana,3,9,confirmed_exact_unique,confirmed,1,1.0,1.0,0,0,0,0,0,Unique exact normalized district key within confirmed boundary state
IND_PUNJAB_LUDHIANA,Punjab,LUDHIANA,Punjab,LUDHIANA,Census 2011,Census 2011,345,Punjab,Ludhiana,3,7,confirmed_exact_unique,confirmed,1,1.0,1.0,0,0,0,0,0,Unique exact normalized district key within confirmed boundary state
IND_PUNJAB_MANSA,Punjab,MANSA,Punjab,MANSA,Census 2001,Census 2001,337,Punjab,Mansa,3,15,confirmed_exact_unique,confirmed,1,1.0,1.0,0,0,0,0,0,Unique exact normalized district key within confirmed boundary state
IND_PUNJAB_MANSA,Punjab,MANSA,Punjab,MANSA,Census 2011,Census 2011,366,Punjab,Mansa,3,13,confirmed_exact_unique,confirmed,1,1.0,1.0,0,0,0,0,0,Unique exact normalized district key within confirmed boundary state
IND_PUNJAB_MOGA,Punjab,MOGA,Punjab,MOGA,Census 2001,Census 2001,342,Punjab,Moga,3,10,confirmed_exact_unique,confirmed,1,1.0,1.0,0,0,0,0,0,Unique exact normalized district key within confirmed boundary state
IND_PUNJAB_MOGA,Punjab,MOGA,Punjab,MOGA,Census 2011,Census 2011,375,Punjab,Moga,3,8,confirmed_exact_unique,confirmed,1,1.0,1.0,0,0,0,0,0,Unique exact normalized district key within confirmed boundary state
IND_PUNJAB_MUKTSAR,Punjab,MUKTSAR,Punjab,MUKTSAR,Census 2001,Census 2001,345,Punjab,Muktsar,3,12,confirmed_exact_unique,confirmed,1,1.0,1.0,0,0,0,0,0,Unique exact normalized district key within confirmed boundary state
IND_PUNJAB_MUKTSAR,Punjab,MUKTSAR,Punjab,MUKTSAR,Census 2011,Census 2011,380,Punjab,Muktsar,3,10,confirmed_exact_unique,confirmed,1,1.0,1.0,0,0,0,0,0,Unique exact normalized district key within confirmed boundary state
IND_PUNJAB_NAWANSHAHR,Punjab,NAWANSHAHR,Punjab,NAWANSHAHR,Census 2001,Census 2001,365,Punjab,Nawanshahr,3,6,confirmed_exact_unique,confirmed,1,1.0,1.0,0,0,0,0,0,Unique exact normalized district key within confirmed boundary state
IND_PUNJAB_NAWANSHAHR,Punjab,NAWANSHAHR,Punjab,NAWANSHAHR,Census 2011,Census 2001,365,Punjab,Nawanshahr,3,6,alternate_layer_confirmed_name,working_strong,1,1.0,1.0,0,0,1,0,1,Requested Census 2011 used confirmed name match from Census 2001
IND_PUNJAB_PATHANKOT,Punjab,PATHANKOT,Punjab,PATHANKOT,Census 2001,Census 2001,385,Punjab,Patiala,3,17,working_fuzzy_same_state,working_fallback,1,0.0,0.5,0,0,0,1,1,Best ranked same-state fuzzy candidate; not historically confirmed
IND_PUNJAB_PATHANKOT,Punjab,PATHANKOT,Punjab,PATHANKOT,Census 2011,Census 2011,437,Punjab,Patiala,3,14,working_fuzzy_same_state,working_fallback,1,0.0,0.5,0,0,0,1,1,Best ranked same-state fuzzy candidate; not historically confirmed
IND_PUNJAB_PATIALA,Punjab,PATIALA,Punjab,PATIALA,Census 2001,Census 2001,385,Punjab,Patiala,3,17,confirmed_exact_unique,confirmed,1,1.0,1.0,0,0,0,0,0,Unique exact normalized district key within confirmed boundary state
IND_PUNJAB_PATIALA,Punjab,PATIALA,Punjab,PATIALA,Census 2011,Census 2011,437,Punjab,Patiala,3,14,confirmed_exact_unique,confirmed,1,1.0,1.0,0,0,0,0,0,Unique exact normalized district key within confirmed boundary state
IND_PUNJAB_RUPNAGAR,Punjab,RUPNAGAR,Punjab,RUPNAGAR,Census 2001,Census 2001,444,Punjab,Rupnagar,3,7,confirmed_exact_unique,confirmed,1,1.0,1.0,0,0,0,0,0,Unique exact normalized district key within confirmed boundary state
IND_PUNJAB_RUPNAGAR,Punjab,RUPNAGAR,Punjab,RUPNAGAR,Census 2011,Census 2011,486,Punjab,Rupnagar,3,17,confirmed_exact_unique,confirmed,1,1.0,1.0,0,0,0,0,0,Unique exact normalized district key within confirmed boundary state
IND_PUNJAB_S,Punjab,S,Punjab,S.A.S NAGAR,Census 2001,Census 2011,492,Punjab,Sahibzada Ajit Singh Nagar,3,18,alternate_layer_confirmed_name,working_strong,1,1.0,1.0,1,0,1,1,1,Requested Census 2001 used confirmed name match from Census 2011
IND_PUNJAB_S,Punjab,S,Punjab,S.A.S NAGAR,Census 2011,Census 2011,492,Punjab,Sahibzada Ajit Singh Nagar,3,18,confirmed_manual_override,confirmed,1,1.0,1.0,1,0,0,1,0,Manual override canonical name uniquely matched boundary alias: Sahibzada Ajit Singh Nagar / S.A.S Nagar alias
IND_PUNJAB_S_A_S_NAGAR,Punjab,S.A.S NAGAR,Punjab,S.A.S NAGAR,Census 2001,Census 2011,492,Punjab,Sahibzada Ajit Singh Nagar,3,18,alternate_layer_confirmed_name,working_strong,1,1.0,1.0,0,0,1,1,1,Requested Census 2001 used confirmed name match from Census 2011
IND_PUNJAB_S_A_S_NAGAR,Punjab,S.A.S NAGAR,Punjab,S.A.S NAGAR,Census 2011,Census 2011,492,Punjab,Sahibzada Ajit Singh Nagar,3,18,confirmed_alias_unique,confirmed,1,1.0,1.0,0,0,0,1,0,Sahibzada Ajit Singh Nagar / S.A.S Nagar alias
IND_PUNJAB_SANGRUR,Punjab,SANGRUR,Punjab,SANGRUR,Census 2001,Census 2001,416,Punjab,Sangrur,3,16,confirmed_exact_unique,confirmed,1,1.0,1.0,0,0,0,0,0,Unique exact normalized district key within confirmed boundary state
IND_PUNJAB_SANGRUR,Punjab,SANGRUR,Punjab,SANGRUR,Census 2011,Census 2011,499,Punjab,Sangrur,3,19,confirmed_exact_unique,confirmed,1,1.0,1.0,0,0,0,0,0,Unique exact normalized district key within confirmed boundary state
IND_PUNJAB_TARN_TARAN,Punjab,TARN TARAN,Punjab,TARN TARAN,Census 2001,Census 2011,558,Punjab,Tarn Taran,3,16,alternate_layer_confirmed_name,working_strong,1,1.0,1.0,0,0,1,0,1,Requested Census 2001 used confirmed name match from Census 2011
IND_PUNJAB_TARN_TARAN,Punjab,TARN TARAN,Punjab,TARN TARAN,Census 2011,Census 2011,558,Punjab,Tarn Taran,3,16,confirmed_exact_unique,confirmed,1,1.0,1.0,0,0,0,0,0,Unique exact normalized district key within confirmed boundary state
IND_RAJASTHAN_AJMER,Rajasthan,AJMER,Rajasthan,AJMER,Census 2001,Census 2001,19,Rajasthan,Ajmer,8,21,confirmed_exact_unique,confirmed,1,1.0,1.0,0,0,0,0,0,Unique exact normalized district key within confirmed boundary state
IND_RAJASTHAN_AJMER,Rajasthan,AJMER,Rajasthan,AJMER,Census 2011,Census 2011,5,Rajasthan,Ajmer,8,21,confirmed_exact_unique,confirmed,1,1.0,1.0,0,0,0,0,0,Unique exact normalized district key within confirmed boundary state
IND_RAJASTHAN_ALWAR,Rajasthan,ALWAR,Rajasthan,ALWAR,Census 2001,Census 2001,547,Rajasthan,Alwar,8,6,confirmed_exact_unique,confirmed,1,1.0,1.0,0,0,0,0,0,Unique exact normalized district key within confirmed boundary state
IND_RAJASTHAN_ALWAR,Rajasthan,ALWAR,Rajasthan,ALWAR,Census 2011,Census 2011,12,Rajasthan,Alwar,8,6,confirmed_exact_unique,confirmed,1,1.0,1.0,0,0,0,0,0,Unique exact normalized district key within confirmed boundary state
IND_RAJASTHAN_BANSWARA,Rajasthan,BANSWARA,Rajasthan,BANSWARA,Census 2001,Census 2001,32,Rajasthan,Banswara,8,28,confirmed_exact_unique,confirmed,1,1.0,1.0,0,0,0,0,0,Unique exact normalized district key within confirmed boundary state
IND_RAJASTHAN_BANSWARA,Rajasthan,BANSWARA,Rajasthan,BANSWARA,Census 2011,Census 2011,49,Rajasthan,Banswara,8,27,confirmed_exact_unique,confirmed,1,1.0,1.0,0,0,0,0,0,Unique exact normalized district key within confirmed boundary state
IND_RAJASTHAN_BARAN,Rajasthan,BARAN,Rajasthan,BARAN,Census 2001,Census 2001,588,Rajasthan,Baran,8,31,confirmed_exact_unique,confirmed,1,1.0,1.0,0,0,0,0,0,Unique exact normalized district key within confirmed boundary state
IND_RAJASTHAN_BARAN,Rajasthan,BARAN,Rajasthan,BARAN,Census 2011,Census 2011,53,Rajasthan,Baran,8,30,confirmed_exact_unique,confirmed,1,1.0,1.0,0,0,0,0,0,Unique exact normalized district key within confirmed boundary state
IND_RAJASTHAN_BARMER,Rajasthan,BARMER,Rajasthan,BARMER,Census 2001,Census 2001,36,Rajasthan,Barmer,8,17,confirmed_exact_unique,confirmed,1,1.0,1.0,0,0,0,0,0,Unique exact normalized district key within confirmed boundary state
IND_RAJASTHAN_BARMER,Rajasthan,BARMER,Rajasthan,BARMER,Census 2011,Census 2011,56,Rajasthan,Barmer,8,17,confirmed_exact_unique,confirmed,1,1.0,1.0,0,0,0,0,0,Unique exact normalized district key within confirmed boundary state
IND_RAJASTHAN_BHARATPUR,Rajasthan,BHARATPUR,Rajasthan,BHARATPUR,Census 2001,Census 2001,64,Rajasthan,Bharatpur,8,7,confirmed_exact_unique,confirmed,1,1.0,1.0,0,0,0,0,0,Unique exact normalized district key within confirmed boundary state
IND_RAJASTHAN_BHARATPUR,Rajasthan,BHARATPUR,Rajasthan,BHARATPUR,Census 2011,Census 2011,71,Rajasthan,Bharatpur,8,7,confirmed_exact_unique,confirmed,1,1.0,1.0,0,0,0,0,0,Unique exact normalized district key within confirmed boundary state
IND_RAJASTHAN_BHILWARA,Rajasthan,BHILWARA,Rajasthan,BHILWARA,Census 2001,Census 2001,41,Rajasthan,Bhilwara,8,24,confirmed_exact_unique,confirmed,1,1.0,1.0,0,0,0,0,0,Unique exact normalized district key within confirmed boundary state
IND_RAJASTHAN_BHILWARA,Rajasthan,BHILWARA,Rajasthan,BHILWARA,Census 2011,Census 2011,74,Rajasthan,Bhilwara,8,24,confirmed_exact_unique,confirmed,1,1.0,1.0,0,0,0,0,0,Unique exact normalized district key within confirmed boundary state
IND_RAJASTHAN_BIKANER,Rajasthan,BIKANER,Rajasthan,BIKANER,Census 2001,Census 2001,48,Rajasthan,Bikaner,8,3,confirmed_exact_unique,confirmed,1,1.0,1.0,0,0,0,0,0,Unique exact normalized district key within confirmed boundary state
IND_RAJASTHAN_BIKANER,Rajasthan,BIKANER,Rajasthan,BIKANER,Census 2011,Census 2011,84,Rajasthan,Bikaner,8,3,confirmed_exact_unique,confirmed,1,1.0,1.0,0,0,0,0,0,Unique exact normalized district key within confirmed boundary state
IND_RAJASTHAN_BUNDI,Rajasthan,BUNDI,Rajasthan,BUNDI,Census 2001,Census 2001,80,Rajasthan,Bundi,8,23,confirmed_exact_unique,confirmed,1,1.0,1.0,0,0,0,0,0,Unique exact normalized district key within confirmed boundary state
IND_RAJASTHAN_BUNDI,Rajasthan,BUNDI,Rajasthan,BUNDI,Census 2011,Census 2011,94,Rajasthan,Bundi,8,23,confirmed_exact_unique,confirmed,1,1.0,1.0,0,0,0,0,0,Unique exact normalized district key within confirmed boundary state
IND_RAJASTHAN_CHITTORGARH,Rajasthan,CHITTORGARH,Rajasthan,CHITTORGARH,Census 2001,Census 2001,92,Rajasthan,Chittaurgarh,8,29,working_fuzzy_same_state,working_fallback,1,0.0,0.869565,0,0,0,0,1,Best ranked same-state fuzzy candidate; not historically confirmed
IND_RAJASTHAN_CHITTORGARH,Rajasthan,CHITTORGARH,Rajasthan,CHITTORGARH,Census 2011,Census 2011,118,Rajasthan,Chittaurgarh,8,28,working_fuzzy_same_state,working_fallback,1,0.0,0.869565,0,0,0,0,1,Best ranked same-state fuzzy candidate; not historically confirmed
IND_RAJASTHAN_CHURU,Rajasthan,CHURU,Rajasthan,CHURU,Census 2001,Census 2001,99,Rajasthan,Churu,8,4,confirmed_exact_unique,confirmed,1,1.0,1.0,0,0,0,0,0,Unique exact normalized district key within confirmed boundary state
IND_RAJASTHAN_CHURU,Rajasthan,CHURU,Rajasthan,CHURU,Census 2011,Census 2011,121,Rajasthan,Churu,8,4,confirmed_exact_unique,confirmed,1,1.0,1.0,0,0,0,0,0,Unique exact normalized district key within confirmed boundary state
IND_RAJASTHAN_DAUSA,Rajasthan,DAUSA,Rajasthan,DAUSA,Census 2001,Census 2001,128,Rajasthan,Dausa,8,11,confirmed_exact_unique,confirmed,1,1.0,1.0,0,0,0,0,0,Unique exact normalized district key within confirmed boundary state
IND_RAJASTHAN_DAUSA,Rajasthan,DAUSA,Rajasthan,DAUSA,Census 2011,Census 2011,627,Rajasthan,Dausa,8,11,confirmed_exact_unique,confirmed,1,1.0,1.0,0,0,0,0,0,Unique exact normalized district key within confirmed boundary state
IND_RAJASTHAN_DHOLPUR,Rajasthan,DHOLPUR,Rajasthan,DHOLPUR,Census 2001,Census 2001,136,Rajasthan,Dhaulpur,8,8,working_fuzzy_same_state,working_fallback,1,0.0,0.8,0,0,0,0,1,Best ranked same-state fuzzy candidate; not historically confirmed
IND_RAJASTHAN_DHOLPUR,Rajasthan,DHOLPUR,Rajasthan,DHOLPUR,Census 2011,Census 2011,149,Rajasthan,Dhaulpur,8,8,working_fuzzy_same_state,working_fallback,1,0.0,0.8,0,0,0,0,1,Best ranked same-state fuzzy candidate; not historically confirmed
IND_RAJASTHAN_DUNGARPUR,Rajasthan,DUNGARPUR,Rajasthan,DUNGARPUR,Census 2001,Census 2001,148,Rajasthan,Dungarpur,8,27,confirmed_exact_unique,confirmed,1,1.0,1.0,0,0,0,0,0,Unique exact normalized district key within confirmed boundary state
IND_RAJASTHAN_DUNGARPUR,Rajasthan,DUNGARPUR,Rajasthan,DUNGARPUR,Census 2011,Census 2011,162,Rajasthan,Dungarpur,8,26,confirmed_exact_unique,confirmed,1,1.0,1.0,0,0,0,0,0,Unique exact normalized district key within confirmed boundary state
IND_RAJASTHAN_GANGANAGAR,Rajasthan,GANGANAGAR,Rajasthan,GANGANAGAR,Census 2001,Census 2001,578,Rajasthan,Ganganagar,8,1,confirmed_exact_unique,confirmed,1,1.0,1.0,0,0,0,0,0,Unique exact normalized district key within confirmed boundary state
IND_RAJASTHAN_GANGANAGAR,Rajasthan,GANGANAGAR,Rajasthan,GANGANAGAR,Census 2011,Census 2011,190,Rajasthan,Ganganagar,8,1,confirmed_exact_unique,confirmed,1,1.0,1.0,0,0,0,0,0,Unique exact normalized district key within confirmed boundary state
IND_RAJASTHAN_HANUMANGARH,Rajasthan,HANUMANGARH,Rajasthan,HANUMANGARH,Census 2001,Census 2001,579,Rajasthan,Hanumangarh,8,2,confirmed_exact_unique,confirmed,1,1.0,1.0,0,0,0,0,0,Unique exact normalized district key within confirmed boundary state
IND_RAJASTHAN_HANUMANGARH,Rajasthan,HANUMANGARH,Rajasthan,HANUMANGARH,Census 2011,Census 2011,217,Rajasthan,Hanumangarh,8,2,confirmed_exact_unique,confirmed,1,1.0,1.0,0,0,0,0,0,Unique exact normalized district key within confirmed boundary state
IND_RAJASTHAN_JAIPUR,Rajasthan,JAIPUR,Rajasthan,JAIPUR,Census 2001,Census 2001,219,Rajasthan,Jaipur,8,12,confirmed_exact_unique,confirmed,1,1.0,1.0,0,0,0,0,0,Unique exact normalized district key within confirmed boundary state
IND_RAJASTHAN_JAIPUR,Rajasthan,JAIPUR,Rajasthan,JAIPUR,Census 2011,Census 2011,239,Rajasthan,Jaipur,8,12,confirmed_exact_unique,confirmed,1,1.0,1.0,0,0,0,0,0,Unique exact normalized district key within confirmed boundary state
IND_RAJASTHAN_JAISALMER,Rajasthan,JAISALMER,Rajasthan,JAISALMER,Census 2001,Census 2001,220,Rajasthan,Jaisalmer,8,16,confirmed_exact_unique,confirmed,1,1.0,1.0,0,0,0,0,0,Unique exact normalized district key within confirmed boundary state
IND_RAJASTHAN_JAISALMER,Rajasthan,JAISALMER,Rajasthan,JAISALMER,Census 2011,Census 2011,240,Rajasthan,Jaisalmer,8,16,confirmed_exact_unique,confirmed,1,1.0,1.0,0,0,0,0,0,Unique exact normalized district key within confirmed boundary state
IND_RAJASTHAN_JALORE,Rajasthan,JALORE,Rajasthan,JALORE,Census 2001,Census 2001,229,Rajasthan,Jalor,8,18,working_fuzzy_same_state,working_fallback,1,0.0,0.909091,0,0,0,0,1,Best ranked same-state fuzzy candidate; not historically confirmed
IND_RAJASTHAN_JALORE,Rajasthan,JALORE,Rajasthan,JALORE,Census 2011,Census 2011,246,Rajasthan,Jalor,8,18,working_fuzzy_same_state,working_fallback,1,0.0,0.909091,0,0,0,0,1,Best ranked same-state fuzzy candidate; not historically confirmed
IND_RAJASTHAN_JHALAWAR,Rajasthan,JHALAWAR,Rajasthan,JHALAWAR,Census 2001,Census 2001,238,Rajasthan,Jhalawar,8,32,confirmed_exact_unique,confirmed,1,1.0,1.0,0,0,0,0,0,Unique exact normalized district key within confirmed boundary state
IND_RAJASTHAN_JHALAWAR,Rajasthan,JHALAWAR,Rajasthan,JHALAWAR,Census 2011,Census 2011,257,Rajasthan,Jhalawar,8,31,confirmed_exact_unique,confirmed,1,1.0,1.0,0,0,0,0,0,Unique exact normalized district key within confirmed boundary state
IND_RAJASTHAN_JHUNJHUNU,Rajasthan,JHUNJHUNU,Rajasthan,JHUNJHUNU,Census 2001,Census 2001,241,Rajasthan,Jhunjhunun,8,5,working_fuzzy_same_state,working_fallback,1,0.0,0.947368,0,0,0,0,1,Best ranked same-state fuzzy candidate; not historically confirmed
IND_RAJASTHAN_JHUNJHUNU,Rajasthan,JHUNJHUNU,Rajasthan,JHUNJHUNU,Census 2011,Census 2011,260,Rajasthan,Jhunjhunun,8,5,working_fuzzy_same_state,working_fallback,1,0.0,0.947368,0,0,0,0,1,Best ranked same-state fuzzy candidate; not historically confirmed
IND_RAJASTHAN_JODHPUR,Rajasthan,JODHPUR,Rajasthan,JODHPUR,Census 2001,Census 2001,243,Rajasthan,Jodhpur,8,15,confirmed_exact_unique,confirmed,1,1.0,1.0,0,0,0,0,0,Unique exact normalized district key within confirmed boundary state
IND_RAJASTHAN_JODHPUR,Rajasthan,JODHPUR,Rajasthan,JODHPUR,Census 2011,Census 2011,261,Rajasthan,Jodhpur,8,15,confirmed_exact_unique,confirmed,1,1.0,1.0,0,0,0,0,0,Unique exact normalized district key within confirmed boundary state
IND_RAJASTHAN_KARAULI,Rajasthan,KARAULI,Rajasthan,KARAULI,Census 2001,Census 2001,164,Rajasthan,Karauli,8,9,confirmed_exact_unique,confirmed,1,1.0,1.0,0,0,0,0,0,Unique exact normalized district key within confirmed boundary state
IND_RAJASTHAN_KARAULI,Rajasthan,KARAULI,Rajasthan,KARAULI,Census 2011,Census 2011,628,Rajasthan,Karauli,8,9,confirmed_exact_unique,confirmed,1,1.0,1.0,0,0,0,0,0,Unique exact normalized district key within confirmed boundary state
IND_RAJASTHAN_KOTA,Rajasthan,KOTA,Rajasthan,KOTA,Census 2001,Census 2001,289,Rajasthan,Kota,8,30,confirmed_exact_unique,confirmed,1,1.0,1.0,0,0,0,0,0,Unique exact normalized district key within confirmed boundary state
IND_RAJASTHAN_KOTA,Rajasthan,KOTA,Rajasthan,KOTA,Census 2011,Census 2011,319,Rajasthan,Kota,8,29,confirmed_exact_unique,confirmed,1,1.0,1.0,0,0,0,0,0,Unique exact normalized district key within confirmed boundary state
IND_RAJASTHAN_NAGAUR,Rajasthan,NAGAUR,Rajasthan,NAGAUR,Census 2001,Census 2001,334,Rajasthan,Nagaur,8,14,confirmed_exact_unique,confirmed,1,1.0,1.0,0,0,0,0,0,Unique exact normalized district key within confirmed boundary state
IND_RAJASTHAN_NAGAUR,Rajasthan,NAGAUR,Rajasthan,NAGAUR,Census 2011,Census 2011,391,Rajasthan,Nagaur,8,14,confirmed_exact_unique,confirmed,1,1.0,1.0,0,0,0,0,0,Unique exact normalized district key within confirmed boundary state
IND_RAJASTHAN_PALI,Rajasthan,PALI,Rajasthan,PALI,Census 2001,Census 2001,372,Rajasthan,Pali,8,20,confirmed_exact_unique,confirmed,1,1.0,1.0,0,0,0,0,0,Unique exact normalized district key within confirmed boundary state
IND_RAJASTHAN_PALI,Rajasthan,PALI,Rajasthan,PALI,Census 2011,Census 2011,424,Rajasthan,Pali,8,20,confirmed_exact_unique,confirmed,1,1.0,1.0,0,0,0,0,0,Unique exact normalized district key within confirmed boundary state
IND_RAJASTHAN_PRATAPGARH,Rajasthan,PRATAPGARH,Rajasthan,PRATAPGARH,Census 2001,Census 2011,446,Rajasthan,Pratapgarh,8,33,alternate_layer_confirmed_name,working_strong,1,1.0,1.0,0,0,1,0,1,Requested Census 2001 used confirmed name match from Census 2011
IND_RAJASTHAN_PRATAPGARH,Rajasthan,PRATAPGARH,Rajasthan,PRATAPGARH,Census 2011,Census 2011,446,Rajasthan,Pratapgarh,8,33,confirmed_exact_unique,confirmed,1,1.0,1.0,0,0,0,0,0,Unique exact normalized district key within confirmed boundary state
IND_RAJASTHAN_RAJSAMAND,Rajasthan,RAJSAMAND,Rajasthan,RAJSAMAND,Census 2001,Census 2001,405,Rajasthan,Rajsamand,8,25,confirmed_exact_unique,confirmed,1,1.0,1.0,0,0,0,0,0,Unique exact normalized district key within confirmed boundary state
IND_RAJASTHAN_RAJSAMAND,Rajasthan,RAJSAMAND,Rajasthan,RAJSAMAND,Census 2011,Census 2011,468,Rajasthan,Rajsamand,8,25,confirmed_exact_unique,confirmed,1,1.0,1.0,0,0,0,0,0,Unique exact normalized district key within confirmed boundary state
IND_RAJASTHAN_SAWAI_MADHOPUR,Rajasthan,SAWAI MADHOPUR,Rajasthan,SAWAI MADHOPUR,Census 2001,Census 2001,421,Rajasthan,Sawai Madhopur,8,10,confirmed_exact_unique,confirmed,1,1.0,1.0,0,0,0,0,0,Unique exact normalized district key within confirmed boundary state
IND_RAJASTHAN_SAWAI_MADHOPUR,Rajasthan,SAWAI MADHOPUR,Rajasthan,SAWAI MADHOPUR,Census 2011,Census 2011,629,Rajasthan,Sawai Madhopur,8,10,confirmed_exact_unique,confirmed,1,1.0,1.0,0,0,0,0,0,Unique exact normalized district key within confirmed boundary state
IND_RAJASTHAN_SIKAR,Rajasthan,SIKAR,Rajasthan,SIKAR,Census 2001,Census 2001,493,Rajasthan,Sikar,8,13,confirmed_exact_unique,confirmed,1,1.0,1.0,0,0,0,0,0,Unique exact normalized district key within confirmed boundary state
IND_RAJASTHAN_SIKAR,Rajasthan,SIKAR,Rajasthan,SIKAR,Census 2011,Census 2011,525,Rajasthan,Sikar,8,13,confirmed_exact_unique,confirmed,1,1.0,1.0,0,0,0,0,0,Unique exact normalized district key within confirmed boundary state
IND_RAJASTHAN_SIROHI,Rajasthan,SIROHI,Rajasthan,SIROHI,Census 2001,Census 2001,451,Rajasthan,Sirohi,8,19,confirmed_exact_unique,confirmed,1,1.0,1.0,0,0,0,0,0,Unique exact normalized district key within confirmed boundary state
IND_RAJASTHAN_SIROHI,Rajasthan,SIROHI,Rajasthan,SIROHI,Census 2011,Census 2011,530,Rajasthan,Sirohi,8,19,confirmed_exact_unique,confirmed,1,1.0,1.0,0,0,0,0,0,Unique exact normalized district key within confirmed boundary state
IND_RAJASTHAN_TONK,Rajasthan,TONK,Rajasthan,TONK,Census 2001,Census 2001,471,Rajasthan,Tonk,8,22,confirmed_exact_unique,confirmed,1,1.0,1.0,0,0,0,0,0,Unique exact normalized district key within confirmed boundary state
IND_RAJASTHAN_TONK,Rajasthan,TONK,Rajasthan,TONK,Census 2011,Census 2011,579,Rajasthan,Tonk,8,22,confirmed_exact_unique,confirmed,1,1.0,1.0,0,0,0,0,0,Unique exact normalized district key within confirmed boundary state
IND_RAJASTHAN_UDAIPUR,Rajasthan,UDAIPUR,Rajasthan,UDAIPUR,Census 2001,Census 2001,554,Rajasthan,Udaipur,8,26,confirmed_exact_unique,confirmed,1,1.0,1.0,0,0,0,0,0,Unique exact normalized district key within confirmed boundary state
IND_RAJASTHAN_UDAIPUR,Rajasthan,UDAIPUR,Rajasthan,UDAIPUR,Census 2011,Census 2011,582,Rajasthan,Udaipur,8,32,confirmed_exact_unique,confirmed,1,1.0,1.0,0,0,0,0,0,Unique exact normalized district key within confirmed boundary state
IND_SIKKIM_EAST_DISTRICT,Sikkim,EAST DISTRICT,Sikkim,EAST DISTRICT,Census 2001,Census 2001,149,Sikkim,East,11,4,working_fuzzy_same_state,working_fallback,1,0.5,0.5,0,0,0,0,1,Best ranked same-state fuzzy candidate; not historically confirmed
IND_SIKKIM_EAST_DISTRICT,Sikkim,EAST DISTRICT,Sikkim,EAST DISTRICT,Census 2011,Census 2011,166,Sikkim,East,11,4,working_fuzzy_same_state,working_fallback,1,0.5,0.5,0,0,0,0,1,Best ranked same-state fuzzy candidate; not historically confirmed
IND_SIKKIM_NORTH_DISTRICT,Sikkim,NORTH DISTRICT,Sikkim,NORTH DISTRICT,Census 2001,Census 2001,360,Sikkim,North,11,1,working_fuzzy_same_state,working_fallback,1,0.5,0.555556,0,0,0,0,1,Best ranked same-state fuzzy candidate; not historically confirmed
IND_SIKKIM_NORTH_DISTRICT,Sikkim,NORTH DISTRICT,Sikkim,NORTH DISTRICT,Census 2011,Census 2011,412,Sikkim,North,11,1,working_fuzzy_same_state,working_fallback,1,0.5,0.555556,0,0,0,0,1,Best ranked same-state fuzzy candidate; not historically confirmed
IND_SIKKIM_SOUTH_DISTRICT,Sikkim,SOUTH DISTRICT,Sikkim,SOUTH DISTRICT,Census 2001,Census 2001,485,Sikkim,South,11,3,working_fuzzy_same_state,working_fallback,1,0.5,0.555556,0,0,0,0,1,Best ranked same-state fuzzy candidate; not historically confirmed
IND_SIKKIM_SOUTH_DISTRICT,Sikkim,SOUTH DISTRICT,Sikkim,SOUTH DISTRICT,Census 2011,Census 2011,543,Sikkim,South,11,3,working_fuzzy_same_state,working_fallback,1,0.5,0.555556,0,0,0,0,1,Best ranked same-state fuzzy candidate; not historically confirmed
IND_SIKKIM_WEST_DISTRICT,Sikkim,WEST DISTRICT,Sikkim,WEST DISTRICT,Census 2001,Census 2001,528,Sikkim,West,11,2,working_fuzzy_same_state,working_fallback,1,0.5,0.5,0,0,0,0,1,Best ranked same-state fuzzy candidate; not historically confirmed
IND_SIKKIM_WEST_DISTRICT,Sikkim,WEST DISTRICT,Sikkim,WEST DISTRICT,Census 2011,Census 2011,612,Sikkim,West,11,2,working_fuzzy_same_state,working_fallback,1,0.5,0.5,0,0,0,0,1,Best ranked same-state fuzzy candidate; not historically confirmed
IND_TAMIL_NADU_ARIYALUR,Tamil Nadu,ARIYALUR,Tamil Nadu,ARIYALUR,Census 2001,Census 2001,5,Tamil Nadu,Ariyalur,33,17,confirmed_exact_unique,confirmed,1,1.0,1.0,0,0,0,0,0,Unique exact normalized district key within confirmed boundary state
IND_TAMIL_NADU_ARIYALUR,Tamil Nadu,ARIYALUR,Tamil Nadu,ARIYALUR,Census 2011,Census 2011,25,Tamil Nadu,Ariyalur,33,15,confirmed_exact_unique,confirmed,1,1.0,1.0,0,0,0,0,0,Unique exact normalized district key within confirmed boundary state
IND_TAMIL_NADU_COIMBATORE,Tamil Nadu,COIMBATORE,Tamil Nadu,COIMBATORE,Census 2001,Census 2001,100,Tamil Nadu,Coimbatore,33,12,confirmed_exact_unique,confirmed,1,1.0,1.0,0,0,0,0,0,Unique exact normalized district key within confirmed boundary state
IND_TAMIL_NADU_COIMBATORE,Tamil Nadu,COIMBATORE,Tamil Nadu,COIMBATORE,Census 2011,Census 2011,122,Tamil Nadu,Coimbatore,33,31,confirmed_exact_unique,confirmed,1,1.0,1.0,0,0,0,0,0,Unique exact normalized district key within confirmed boundary state
IND_TAMIL_NADU_CUDDALORE,Tamil Nadu,CUDDALORE,Tamil Nadu,CUDDALORE,Census 2001,Census 2001,101,Tamil Nadu,Cuddalore,33,18,confirmed_exact_unique,confirmed,1,1.0,1.0,0,0,0,0,0,Unique exact normalized district key within confirmed boundary state
IND_TAMIL_NADU_CUDDALORE,Tamil Nadu,CUDDALORE,Tamil Nadu,CUDDALORE,Census 2011,Census 2011,123,Tamil Nadu,Cuddalore,33,16,confirmed_exact_unique,confirmed,1,1.0,1.0,0,0,0,0,0,Unique exact normalized district key within confirmed boundary state
IND_TAMIL_NADU_DHARMAPURI,Tamil Nadu,DHARMAPURI,Tamil Nadu,DHARMAPURI,Census 2001,Census 2001,134,Tamil Nadu,Dharmapuri,33,5,confirmed_exact_unique,confirmed,1,1.0,1.0,0,0,0,0,0,Unique exact normalized district key within confirmed boundary state
IND_TAMIL_NADU_DHARMAPURI,Tamil Nadu,DHARMAPURI,Tamil Nadu,DHARMAPURI,Census 2011,Census 2011,147,Tamil Nadu,Dharmapuri,33,29,confirmed_exact_unique,confirmed,1,1.0,1.0,0,0,0,0,0,Unique exact normalized district key within confirmed boundary state
IND_TAMIL_NADU_DINDIGUL,Tamil Nadu,DINDIGUL,Tamil Nadu,DINDIGUL,Census 2001,Census 2001,143,Tamil Nadu,Dindigul,33,13,confirmed_exact_unique,confirmed,1,1.0,1.0,0,0,0,0,0,Unique exact normalized district key within confirmed boundary state
IND_TAMIL_NADU_DINDIGUL,Tamil Nadu,DINDIGUL,Tamil Nadu,DINDIGUL,Census 2011,Census 2011,156,Tamil Nadu,Dindigul,33,11,confirmed_exact_unique,confirmed,1,1.0,1.0,0,0,0,0,0,Unique exact normalized district key within confirmed boundary state
IND_TAMIL_NADU_ERODE,Tamil Nadu,ERODE,Tamil Nadu,ERODE,Census 2001,Census 2001,153,Tamil Nadu,Erode,33,10,confirmed_exact_unique,confirmed,1,1.0,1.0,0,0,0,0,0,Unique exact normalized district key within confirmed boundary state
IND_TAMIL_NADU_ERODE,Tamil Nadu,ERODE,Tamil Nadu,ERODE,Census 2011,Census 2011,174,Tamil Nadu,Erode,33,9,confirmed_exact_unique,confirmed,1,1.0,1.0,0,0,0,0,0,Unique exact normalized district key within confirmed boundary state
IND_TAMIL_NADU_KANCHIPURAM,Tamil Nadu,KANCHIPURAM,Tamil Nadu,KANCHIPURAM,Census 2001,Census 2001,581,Tamil Nadu,Kancheepuram,33,3,working_fuzzy_same_state,working_fallback,1,0.0,0.869565,0,0,0,0,1,Best ranked same-state fuzzy candidate; not historically confirmed
IND_TAMIL_NADU_KANCHIPURAM,Tamil Nadu,KANCHIPURAM,Tamil Nadu,KANCHIPURAM,Census 2011,Census 2011,271,Tamil Nadu,Kancheepuram,33,3,working_fuzzy_same_state,working_fallback,1,0.0,0.869565,0,0,0,0,1,Best ranked same-state fuzzy candidate; not historically confirmed
IND_TAMIL_NADU_KANNIYAKUMARI,Tamil Nadu,KANNIYAKUMARI,Tamil Nadu,KANNIYAKUMARI,Census 2001,Census 2001,249,Tamil Nadu,Kanniyakumari,33,30,confirmed_exact_unique,confirmed,1,1.0,1.0,0,0,0,0,0,Unique exact normalized district key within confirmed boundary state
IND_TAMIL_NADU_KANNIYAKUMARI,Tamil Nadu,KANNIYAKUMARI,Tamil Nadu,KANNIYAKUMARI,Census 2011,Census 2011,276,Tamil Nadu,Kanniyakumari,33,28,confirmed_exact_unique,confirmed,1,1.0,1.0,0,0,0,0,0,Unique exact normalized district key within confirmed boundary state
IND_TAMIL_NADU_KARUR,Tamil Nadu,KARUR,Tamil Nadu,KARUR,Census 2001,Census 2001,255,Tamil Nadu,Karur,33,14,confirmed_exact_unique,confirmed,1,1.0,1.0,0,0,0,0,0,Unique exact normalized district key within confirmed boundary state
IND_TAMIL_NADU_KARUR,Tamil Nadu,KARUR,Tamil Nadu,KARUR,Census 2011,Census 2011,287,Tamil Nadu,Karur,33,12,confirmed_exact_unique,confirmed,1,1.0,1.0,0,0,0,0,0,Unique exact normalized district key within confirmed boundary state
IND_TAMIL_NADU_KRISHNAGIRI,Tamil Nadu,KRISHNAGIRI,Tamil Nadu,KRISHNAGIRI,Census 2001,Census 2011,323,Tamil Nadu,Krishnagiri,33,30,alternate_layer_confirmed_name,working_strong,1,1.0,1.0,0,0,1,0,1,Requested Census 2001 used confirmed name match from Census 2011
IND_TAMIL_NADU_KRISHNAGIRI,Tamil Nadu,KRISHNAGIRI,Tamil Nadu,KRISHNAGIRI,Census 2011,Census 2011,323,Tamil Nadu,Krishnagiri,33,30,confirmed_exact_unique,confirmed,1,1.0,1.0,0,0,0,0,0,Unique exact normalized district key within confirmed boundary state
IND_TAMIL_NADU_MADURAI,Tamil Nadu,MADURAI,Tamil Nadu,MADURAI,Census 2001,Census 2001,308,Tamil Nadu,Madurai,33,24,confirmed_exact_unique,confirmed,1,1.0,1.0,0,0,0,0,0,Unique exact normalized district key within confirmed boundary state
IND_TAMIL_NADU_MADURAI,Tamil Nadu,MADURAI,Tamil Nadu,MADURAI,Census 2011,Census 2011,349,Tamil Nadu,Madurai,33,22,confirmed_exact_unique,confirmed,1,1.0,1.0,0,0,0,0,0,Unique exact normalized district key within confirmed boundary state
IND_TAMIL_NADU_NAGAPATTINAM,Tamil Nadu,NAGAPATTINAM,Tamil Nadu,NAGAPATTINAM,Census 2001,Census 2001,585,Tamil Nadu,Nagapattinam,33,19,confirmed_exact_unique,confirmed,1,1.0,1.0,0,0,0,0,0,Unique exact normalized district key within confirmed boundary state
IND_TAMIL_NADU_NAGAPATTINAM,Tamil Nadu,NAGAPATTINAM,Tamil Nadu,NAGAPATTINAM,Census 2011,Census 2001,585,Tamil Nadu,Nagapattinam,33,19,alternate_layer_confirmed_name,working_strong,1,1.0,1.0,0,0,1,0,1,Requested Census 2011 used confirmed name match from Census 2001
IND_TAMIL_NADU_NAMAKKAL,Tamil Nadu,NAMAKKAL,Tamil Nadu,NAMAKKAL,Census 2001,Census 2001,352,Tamil Nadu,Namakkal,33,9,confirmed_exact_unique,confirmed,1,1.0,1.0,0,0,0,0,0,Unique exact normalized district key within confirmed boundary state
IND_TAMIL_NADU_NAMAKKAL,Tamil Nadu,NAMAKKAL,Tamil Nadu,NAMAKKAL,Census 2011,Census 2011,397,Tamil Nadu,Namakkal,33,8,confirmed_exact_unique,confirmed,1,1.0,1.0,0,0,0,0,0,Unique exact normalized district key within confirmed boundary state
IND_TAMIL_NADU_PERAMBALUR,Tamil Nadu,PERAMBALUR,Tamil Nadu,PERAMBALUR,Census 2001,Census 2001,389,Tamil Nadu,Perambalur,33,16,confirmed_exact_unique,confirmed,1,1.0,1.0,0,0,0,0,0,Unique exact normalized district key within confirmed boundary state
IND_TAMIL_NADU_PERAMBALUR,Tamil Nadu,PERAMBALUR,Tamil Nadu,PERAMBALUR,Census 2011,Census 2011,439,Tamil Nadu,Perambalur,33,14,confirmed_exact_unique,confirmed,1,1.0,1.0,0,0,0,0,0,Unique exact normalized district key within confirmed boundary state
IND_TAMIL_NADU_PUDUKKOTTAI,Tamil Nadu,PUDUKKOTTAI,Tamil Nadu,PUDUKKOTTAI,Census 2001,Census 2001,398,Tamil Nadu,Pudukkottai,33,22,confirmed_exact_unique,confirmed,1,1.0,1.0,0,0,0,0,0,Unique exact normalized district key within confirmed boundary state
IND_TAMIL_NADU_PUDUKKOTTAI,Tamil Nadu,PUDUKKOTTAI,Tamil Nadu,PUDUKKOTTAI,Census 2011,Census 2011,448,Tamil Nadu,Pudukkottai,33,20,confirmed_exact_unique,confirmed,1,1.0,1.0,0,0,0,0,0,Unique exact normalized district key within confirmed boundary state
IND_TAMIL_NADU_RAMANATHAPURAM,Tamil Nadu,RAMANATHAPURAM,Tamil Nadu,RAMANATHAPURAM,Census 2001,Census 2001,409,Tamil Nadu,Ramanathapuram,33,27,confirmed_exact_unique,confirmed,1,1.0,1.0,0,0,0,0,0,Unique exact normalized district key within confirmed boundary state
IND_TAMIL_NADU_RAMANATHAPURAM,Tamil Nadu,RAMANATHAPURAM,Tamil Nadu,RAMANATHAPURAM,Census 2011,Census 2011,470,Tamil Nadu,Ramanathapuram,33,25,confirmed_exact_unique,confirmed,1,1.0,1.0,0,0,0,0,0,Unique exact normalized district key within confirmed boundary state
IND_TAMIL_NADU_SALEM,Tamil Nadu,SALEM,Tamil Nadu,SALEM,Census 2001,Census 2001,412,Tamil Nadu,Salem,33,8,confirmed_exact_unique,confirmed,1,1.0,1.0,0,0,0,0,0,Unique exact normalized district key within confirmed boundary state
IND_TAMIL_NADU_SALEM,Tamil Nadu,SALEM,Tamil Nadu,SALEM,Census 2011,Census 2011,494,Tamil Nadu,Salem,33,7,confirmed_exact_unique,confirmed,1,1.0,1.0,0,0,0,0,0,Unique exact normalized district key within confirmed boundary state
IND_TAMIL_NADU_SIVAGANGA,Tamil Nadu,SIVAGANGA,Tamil Nadu,SIVAGANGA,Census 2001,Census 2001,455,Tamil Nadu,Sivaganga,33,23,confirmed_exact_unique,confirmed,1,1.0,1.0,0,0,0,0,0,Unique exact normalized district key within confirmed boundary state
IND_TAMIL_NADU_SIVAGANGA,Tamil Nadu,SIVAGANGA,Tamil Nadu,SIVAGANGA,Census 2011,Census 2011,534,Tamil Nadu,Sivaganga,33,21,confirmed_exact_unique,confirmed,1,1.0,1.0,0,0,0,0,0,Unique exact normalized district key within confirmed boundary state
IND_TAMIL_NADU_THANJAVUR,Tamil Nadu,THANJAVUR,Tamil Nadu,THANJAVUR,Census 2001,Census 2001,583,Tamil Nadu,Thanjavur,33,21,confirmed_exact_unique,confirmed,1,1.0,1.0,0,0,0,0,0,Unique exact normalized district key within confirmed boundary state
IND_TAMIL_NADU_THANJAVUR,Tamil Nadu,THANJAVUR,Tamil Nadu,THANJAVUR,Census 2011,Census 2011,562,Tamil Nadu,Thanjavur,33,19,confirmed_exact_unique,confirmed,1,1.0,1.0,0,0,0,0,0,Unique exact normalized district key within confirmed boundary state
IND_TAMIL_NADU_THE_NILGIRIS,Tamil Nadu,THE NILGIRIS,Tamil Nadu,THE NILGIRIS,Census 2001,Census 2001,367,Tamil Nadu,The Nilgiris,33,11,confirmed_exact_unique,confirmed,1,1.0,1.0,0,0,0,0,0,Unique exact normalized district key within confirmed boundary state
IND_TAMIL_NADU_THE_NILGIRIS,Tamil Nadu,THE NILGIRIS,Tamil Nadu,THE NILGIRIS,Census 2011,Census 2011,564,Tamil Nadu,The Nilgiris,33,10,confirmed_exact_unique,confirmed,1,1.0,1.0,0,0,0,0,0,Unique exact normalized district key within confirmed boundary state
IND_TAMIL_NADU_THENI,Tamil Nadu,THENI,Tamil Nadu,THENI,Census 2001,Census 2001,477,Tamil Nadu,Theni,33,25,confirmed_exact_unique,confirmed,1,1.0,1.0,0,0,0,0,0,Unique exact normalized district key within confirmed boundary state
IND_TAMIL_NADU_THENI,Tamil Nadu,THENI,Tamil Nadu,THENI,Census 2011,Census 2011,565,Tamil Nadu,Theni,33,23,confirmed_exact_unique,confirmed,1,1.0,1.0,0,0,0,0,0,Unique exact normalized district key within confirmed boundary state
IND_TAMIL_NADU_THIRUVALLUR,Tamil Nadu,THIRUVALLUR,Tamil Nadu,THIRUVALLUR,Census 2001,Census 2001,582,Tamil Nadu,Thiruvallur,33,1,confirmed_exact_unique,confirmed,1,1.0,1.0,0,0,0,0,0,Unique exact normalized district key within confirmed boundary state
IND_TAMIL_NADU_THIRUVALLUR,Tamil Nadu,THIRUVALLUR,Tamil Nadu,THIRUVALLUR,Census 2011,Census 2011,566,Tamil Nadu,Thiruvallur,33,1,confirmed_exact_unique,confirmed,1,1.0,1.0,0,0,0,0,0,Unique exact normalized district key within confirmed boundary state
IND_TAMIL_NADU_THIRUVARUR,Tamil Nadu,THIRUVARUR,Tamil Nadu,THIRUVARUR,Census 2001,Census 2001,584,Tamil Nadu,Thiruvarur,33,20,confirmed_exact_unique,confirmed,1,1.0,1.0,0,0,0,0,0,Unique exact normalized district key within confirmed boundary state
IND_TAMIL_NADU_THIRUVARUR,Tamil Nadu,THIRUVARUR,Tamil Nadu,THIRUVARUR,Census 2011,Census 2011,568,Tamil Nadu,Thiruvarur,33,18,confirmed_exact_unique,confirmed,1,1.0,1.0,0,0,0,0,0,Unique exact normalized district key within confirmed boundary state
IND_TAMIL_NADU_THOOTHUKUDI,Tamil Nadu,THOOTHUKUDI,Tamil Nadu,THOOTHUKUDI,Census 2001,Census 2001,475,Tamil Nadu,Thoothukkudi,33,28,working_fuzzy_same_state,working_fallback,1,0.0,0.956522,0,0,0,0,1,Best ranked same-state fuzzy candidate; not historically confirmed
IND_TAMIL_NADU_THOOTHUKUDI,Tamil Nadu,THOOTHUKUDI,Tamil Nadu,THOOTHUKUDI,Census 2011,Census 2011,569,Tamil Nadu,Thoothukkudi,33,26,working_fuzzy_same_state,working_fallback,1,0.0,0.956522,0,0,0,0,1,Best ranked same-state fuzzy candidate; not historically confirmed
IND_TAMIL_NADU_TIRUCHIRAPPALLI,Tamil Nadu,TIRUCHIRAPPALLI,Tamil Nadu,TIRUCHIRAPPALLI,Census 2001,Census 2001,468,Tamil Nadu,Tiruchirappalli,33,15,confirmed_exact_unique,confirmed,1,1.0,1.0,0,0,0,0,0,Unique exact normalized district key within confirmed boundary state
IND_TAMIL_NADU_TIRUCHIRAPPALLI,Tamil Nadu,TIRUCHIRAPPALLI,Tamil Nadu,TIRUCHIRAPPALLI,Census 2011,Census 2011,575,Tamil Nadu,Tiruchirappalli,33,13,confirmed_exact_unique,confirmed,1,1.0,1.0,0,0,0,0,0,Unique exact normalized district key within confirmed boundary state
IND_TAMIL_NADU_TIRUNELVELI,Tamil Nadu,TIRUNELVELI,Tamil Nadu,TIRUNELVELI,Census 2001,Census 2001,469,Tamil Nadu,Tirunelveli,33,29,confirmed_exact_unique,confirmed,1,1.0,1.0,0,0,0,0,0,Unique exact normalized district key within confirmed boundary state
IND_TAMIL_NADU_TIRUNELVELI,Tamil Nadu,TIRUNELVELI,Tamil Nadu,TIRUNELVELI,Census 2011,Census 2011,576,Tamil Nadu,Tirunelveli,33,27,confirmed_exact_unique,confirmed,1,1.0,1.0,0,0,0,0,0,Unique exact normalized district key within confirmed boundary state
IND_TAMIL_NADU_TIRUPPUR,Tamil Nadu,TIRUPPUR,Tamil Nadu,TIRUPPUR,Census 2001,Census 2011,577,Tamil Nadu,Tiruppur,33,32,alternate_layer_confirmed_name,working_strong,1,1.0,1.0,0,0,1,0,1,Requested Census 2001 used confirmed name match from Census 2011
IND_TAMIL_NADU_TIRUPPUR,Tamil Nadu,TIRUPPUR,Tamil Nadu,TIRUPPUR,Census 2011,Census 2011,577,Tamil Nadu,Tiruppur,33,32,confirmed_exact_unique,confirmed,1,1.0,1.0,0,0,0,0,0,Unique exact normalized district key within confirmed boundary state
IND_TAMIL_NADU_TIRUVANNAMALAI,Tamil Nadu,TIRUVANNAMALAI,Tamil Nadu,TIRUVANNAMALAI,Census 2001,Census 2001,470,Tamil Nadu,Tiruvannamalai,33,6,confirmed_exact_unique,confirmed,1,1.0,1.0,0,0,0,0,0,Unique exact normalized district key within confirmed boundary state
IND_TAMIL_NADU_TIRUVANNAMALAI,Tamil Nadu,TIRUVANNAMALAI,Tamil Nadu,TIRUVANNAMALAI,Census 2011,Census 2011,578,Tamil Nadu,Tiruvannamalai,33,5,confirmed_exact_unique,confirmed,1,1.0,1.0,0,0,0,0,0,Unique exact normalized district key within confirmed boundary state
IND_TAMIL_NADU_TUTICORIN,Tamil Nadu,TUTICORIN,Tamil Nadu,TUTICORIN,Census 2001,Census 2001,468,Tamil Nadu,Tiruchirappalli,33,15,working_fuzzy_same_state,working_fallback,1,0.0,0.416667,0,0,0,0,1,Best ranked same-state fuzzy candidate; not historically confirmed
IND_TAMIL_NADU_TUTICORIN,Tamil Nadu,TUTICORIN,Tamil Nadu,TUTICORIN,Census 2011,Census 2011,575,Tamil Nadu,Tiruchirappalli,33,13,working_fuzzy_same_state,working_fallback,1,0.0,0.416667,0,0,0,0,1,Best ranked same-state fuzzy candidate; not historically confirmed
IND_TAMIL_NADU_VELLORE,Tamil Nadu,VELLORE,Tamil Nadu,VELLORE,Census 2001,Census 2001,517,Tamil Nadu,Vellore,33,4,confirmed_exact_unique,confirmed,1,1.0,1.0,0,0,0,0,0,Unique exact normalized district key within confirmed boundary state
IND_TAMIL_NADU_VELLORE,Tamil Nadu,VELLORE,Tamil Nadu,VELLORE,Census 2011,Census 2011,601,Tamil Nadu,Vellore,33,4,confirmed_exact_unique,confirmed,1,1.0,1.0,0,0,0,0,0,Unique exact normalized district key within confirmed boundary state
IND_TAMIL_NADU_VILLUPURAM,Tamil Nadu,VILLUPURAM,Tamil Nadu,VILLUPURAM,Census 2001,Census 2001,519,Tamil Nadu,Viluppuram,33,7,working_fuzzy_same_state,working_fallback,1,0.0,0.9,0,0,0,0,1,Best ranked same-state fuzzy candidate; not historically confirmed
IND_TAMIL_NADU_VILLUPURAM,Tamil Nadu,VILLUPURAM,Tamil Nadu,VILLUPURAM,Census 2011,Census 2011,603,Tamil Nadu,Viluppuram,33,6,working_fuzzy_same_state,working_fallback,1,0.0,0.9,0,0,0,0,1,Best ranked same-state fuzzy candidate; not historically confirmed
IND_TAMIL_NADU_VIRUDHUNAGAR,Tamil Nadu,VIRUDHUNAGAR,Tamil Nadu,VIRUDHUNAGAR,Census 2001,Census 2001,520,Tamil Nadu,Virudhunagar,33,26,confirmed_exact_unique,confirmed,1,1.0,1.0,0,0,0,0,0,Unique exact normalized district key within confirmed boundary state
IND_TAMIL_NADU_VIRUDHUNAGAR,Tamil Nadu,VIRUDHUNAGAR,Tamil Nadu,VIRUDHUNAGAR,Census 2011,Census 2001,520,Tamil Nadu,Virudhunagar,33,26,alternate_layer_confirmed_name,working_strong,1,1.0,1.0,0,0,1,0,1,Requested Census 2011 used confirmed name match from Census 2001
IND_TELANGANA_ADILABAD,Telangana,ADILABAD,Telangana,ADILABAD,Census 2001,Census 2001,14,Andhra Pradesh,Adilabad,28,1,historical_state_boundary_fallback,historical_fallback,1,1.0,1.0,0,1,0,1,1,Historical cross-state boundary candidate used as working fallback
IND_TELANGANA_ADILABAD,Telangana,ADILABAD,Telangana,ADILABAD,Census 2011,Census 2011,0,Andhra Pradesh,Adilabad,28,1,historical_state_boundary_fallback,historical_fallback,1,1.0,1.0,0,1,0,1,1,Historical cross-state boundary candidate used as working fallback
IND_TELANGANA_HYDERABAD,Telangana,HYDERABAD,Telangana,HYDERABAD,Census 2001,Census 2001,215,Andhra Pradesh,Hyderabad,28,5,historical_state_boundary_fallback,historical_fallback,1,1.0,1.0,0,1,0,0,1,Historical cross-state boundary candidate used as working fallback
IND_TELANGANA_HYDERABAD,Telangana,HYDERABAD,Telangana,HYDERABAD,Census 2011,Census 2011,231,Andhra Pradesh,Hyderabad,28,5,historical_state_boundary_fallback,historical_fallback,1,1.0,1.0,0,1,0,0,1,Historical cross-state boundary candidate used as working fallback
IND_TELANGANA_KARIMNAGAR,Telangana,KARIMNAGAR,Telangana,KARIMNAGAR,Census 2001,Census 2001,166,Andhra Pradesh,Karimnagar,28,3,historical_state_boundary_fallback,historical_fallback,1,1.0,1.0,0,1,0,0,1,Historical cross-state boundary candidate used as working fallback
IND_TELANGANA_KARIMNAGAR,Telangana,KARIMNAGAR,Telangana,KARIMNAGAR,Census 2011,Census 2011,285,Andhra Pradesh,Karimnagar,28,3,historical_state_boundary_fallback,historical_fallback,1,1.0,1.0,0,1,0,0,1,Historical cross-state boundary candidate used as working fallback
IND_TELANGANA_KHAMMAM,Telangana,KHAMMAM,Telangana,KHAMMAM,Census 2001,Census 2001,258,Andhra Pradesh,Khammam,28,10,historical_state_boundary_fallback,historical_fallback,1,1.0,1.0,0,1,0,0,1,Historical cross-state boundary candidate used as working fallback
IND_TELANGANA_KHAMMAM,Telangana,KHAMMAM,Telangana,KHAMMAM,Census 2011,Census 2011,296,Andhra Pradesh,Khammam,28,10,historical_state_boundary_fallback,historical_fallback,1,1.0,1.0,0,1,0,0,1,Historical cross-state boundary candidate used as working fallback
IND_TELANGANA_MAHBUBNAGAR,Telangana,MAHBUBNAGAR,Telangana,MAHBUBNAGAR,Census 2001,Census 2001,319,Andhra Pradesh,Mahbubnagar,28,7,historical_state_boundary_fallback,historical_fallback,1,1.0,1.0,0,1,0,0,1,Historical cross-state boundary candidate used as working fallback
IND_TELANGANA_MAHBUBNAGAR,Telangana,MAHBUBNAGAR,Telangana,MAHBUBNAGAR,Census 2011,Census 2011,352,Andhra Pradesh,Mahbubnagar,28,7,historical_state_boundary_fallback,historical_fallback,1,1.0,1.0,0,1,0,0,1,Historical cross-state boundary candidate used as working fallback
IND_TELANGANA_MEDAK,Telangana,MEDAK,Telangana,MEDAK,Census 2001,Census 2001,267,Andhra Pradesh,Medak,28,4,historical_state_boundary_fallback,historical_fallback,1,1.0,1.0,0,1,0,0,1,Historical cross-state boundary candidate used as working fallback
IND_TELANGANA_MEDAK,Telangana,MEDAK,Telangana,MEDAK,Census 2011,Census 2011,371,Andhra Pradesh,Medak,28,4,historical_state_boundary_fallback,historical_fallback,1,1.0,1.0,0,1,0,0,1,Historical cross-state boundary candidate used as working fallback
IND_TELANGANA_NALGONDA,Telangana,NALGONDA,Telangana,NALGONDA,Census 2001,Census 2001,351,Andhra Pradesh,Nalgonda,28,8,historical_state_boundary_fallback,historical_fallback,1,1.0,1.0,0,1,0,0,1,Historical cross-state boundary candidate used as working fallback
IND_TELANGANA_NALGONDA,Telangana,NALGONDA,Telangana,NALGONDA,Census 2011,Census 2011,396,Andhra Pradesh,Nalgonda,28,8,historical_state_boundary_fallback,historical_fallback,1,1.0,1.0,0,1,0,0,1,Historical cross-state boundary candidate used as working fallback
IND_TELANGANA_NIZAMABAD,Telangana,NIZAMABAD,Telangana,NIZAMABAD,Census 2001,Census 2001,368,Andhra Pradesh,Nizamabad,28,2,historical_state_boundary_fallback,historical_fallback,1,1.0,1.0,0,1,0,0,1,Historical cross-state boundary candidate used as working fallback
IND_TELANGANA_NIZAMABAD,Telangana,NIZAMABAD,Telangana,NIZAMABAD,Census 2011,Census 2011,410,Andhra Pradesh,Nizamabad,28,2,historical_state_boundary_fallback,historical_fallback,1,1.0,1.0,0,1,0,0,1,Historical cross-state boundary candidate used as working fallback
IND_TELANGANA_RANGAREDDI,Telangana,RANGAREDDI,Telangana,RANGAREDDI,Census 2001,Census 2001,435,Andhra Pradesh,Rangareddi,28,6,historical_state_boundary_fallback,historical_fallback,1,1.0,1.0,0,1,0,0,1,Historical cross-state boundary candidate used as working fallback
IND_TELANGANA_RANGAREDDI,Telangana,RANGAREDDI,Telangana,RANGAREDDI,Census 2011,Census 2011,475,Andhra Pradesh,Rangareddy,28,6,historical_state_boundary_fallback,historical_fallback,1,0.0,0.9,0,1,0,0,1,Historical cross-state boundary candidate used as working fallback
IND_TELANGANA_WARANGAL,Telangana,WARANGAL,Telangana,WARANGAL,Census 2001,Census 2001,524,Andhra Pradesh,Warangal,28,9,historical_state_boundary_fallback,historical_fallback,1,1.0,1.0,0,1,0,0,1,Historical cross-state boundary candidate used as working fallback
IND_TELANGANA_WARANGAL,Telangana,WARANGAL,Telangana,WARANGAL,Census 2011,Census 2011,607,Andhra Pradesh,Warangal,28,9,historical_state_boundary_fallback,historical_fallback,1,1.0,1.0,0,1,0,0,1,Historical cross-state boundary candidate used as working fallback
IND_TRIPURA_DHALAI,Tripura,DHALAI,Tripura,DHALAI,Census 2001,Census 2001,130,Tripura,Dhalai,16,3,confirmed_exact_unique,confirmed,1,1.0,1.0,0,0,0,0,0,Unique exact normalized district key within confirmed boundary state
IND_TRIPURA_DHALAI,Tripura,DHALAI,Tripura,DHALAI,Census 2011,Census 2011,143,Tripura,Dhalai,16,3,confirmed_exact_unique,confirmed,1,1.0,1.0,0,0,0,0,0,Unique exact normalized district key within confirmed boundary state
IND_TRIPURA_GOMATI,Tripura,GOMATI,Tripura,GOMATI,Census 2001,Census 2001,130,Tripura,Dhalai,16,3,working_fuzzy_same_state,working_fallback,1,0.0,0.333333,0,0,0,1,1,Best ranked same-state fuzzy candidate; not historically confirmed
IND_TRIPURA_GOMATI,Tripura,GOMATI,Tripura,GOMATI,Census 2011,Census 2011,143,Tripura,Dhalai,16,3,working_fuzzy_same_state,working_fallback,1,0.0,0.333333,0,0,0,1,1,Best ranked same-state fuzzy candidate; not historically confirmed
IND_TRIPURA_KHOWAI,Tripura,KHOWAI,Tripura,KHOWAI,Census 2001,Census 2001,130,Tripura,Dhalai,16,3,working_fuzzy_same_state,working_fallback,1,0.0,0.5,0,0,0,1,1,Best ranked same-state fuzzy candidate; not historically confirmed
IND_TRIPURA_KHOWAI,Tripura,KHOWAI,Tripura,KHOWAI,Census 2011,Census 2011,143,Tripura,Dhalai,16,3,working_fuzzy_same_state,working_fallback,1,0.0,0.5,0,0,0,1,1,Best ranked same-state fuzzy candidate; not historically confirmed
IND_TRIPURA_NORTH_TRIPURA,Tripura,NORTH TRIPURA,Tripura,NORTH TRIPURA,Census 2001,Census 2001,374,Tripura,North Tripura,16,4,confirmed_exact_unique,confirmed,1,1.0,1.0,0,0,0,0,0,Unique exact normalized district key within confirmed boundary state
IND_TRIPURA_NORTH_TRIPURA,Tripura,NORTH TRIPURA,Tripura,NORTH TRIPURA,Census 2011,Census 2011,417,Tripura,North Tripura,16,4,confirmed_exact_unique,confirmed,1,1.0,1.0,0,0,0,0,0,Unique exact normalized district key within confirmed boundary state
IND_TRIPURA_SEPAHIJALA,Tripura,SEPAHIJALA,Tripura,SEPAHIJALA,Census 2001,Census 2001,130,Tripura,Dhalai,16,3,working_fuzzy_same_state,working_fallback,1,0.0,0.5,0,0,0,1,1,Best ranked same-state fuzzy candidate; not historically confirmed
IND_TRIPURA_SEPAHIJALA,Tripura,SEPAHIJALA,Tripura,SEPAHIJALA,Census 2011,Census 2011,143,Tripura,Dhalai,16,3,working_fuzzy_same_state,working_fallback,1,0.0,0.5,0,0,0,1,1,Best ranked same-state fuzzy candidate; not historically confirmed
IND_TRIPURA_SOUTH_TRIPURA,Tripura,SOUTH TRIPURA,Tripura,SOUTH TRIPURA,Census 2001,Census 2001,457,Tripura,South Tripura,16,2,confirmed_exact_unique,confirmed,1,1.0,1.0,0,0,0,0,0,Unique exact normalized district key within confirmed boundary state
IND_TRIPURA_SOUTH_TRIPURA,Tripura,SOUTH TRIPURA,Tripura,SOUTH TRIPURA,Census 2011,Census 2011,547,Tripura,South Tripura,16,2,confirmed_exact_unique,confirmed,1,1.0,1.0,0,0,0,0,0,Unique exact normalized district key within confirmed boundary state
IND_TRIPURA_UNAKOTI,Tripura,UNAKOTI,Tripura,UNAKOTI,Census 2001,Census 2001,130,Tripura,Dhalai,16,3,working_fuzzy_same_state,working_fallback,1,0.0,0.307692,0,0,0,1,1,Best ranked same-state fuzzy candidate; not historically confirmed
IND_TRIPURA_UNAKOTI,Tripura,UNAKOTI,Tripura,UNAKOTI,Census 2011,Census 2011,143,Tripura,Dhalai,16,3,working_fuzzy_same_state,working_fallback,1,0.0,0.307692,0,0,0,1,1,Best ranked same-state fuzzy candidate; not historically confirmed
IND_TRIPURA_WEST_TRIPURA,Tripura,WEST TRIPURA,Tripura,WEST TRIPURA,Census 2001,Census 2001,531,Tripura,West Tripura,16,1,confirmed_exact_unique,confirmed,1,1.0,1.0,0,0,0,0,0,Unique exact normalized district key within confirmed boundary state
IND_TRIPURA_WEST_TRIPURA,Tripura,WEST TRIPURA,Tripura,WEST TRIPURA,Census 2011,Census 2011,619,Tripura,West Tripura,16,1,confirmed_exact_unique,confirmed,1,1.0,1.0,0,0,0,0,0,Unique exact normalized district key within confirmed boundary state
IND_UTTAR_PRADESH_AGRA,Uttar Pradesh,AGRA,Uttar Pradesh,AGRA,Census 2001,Census 2001,15,Uttar Pradesh,Agra,9,15,confirmed_exact_unique,confirmed,1,1.0,1.0,0,0,0,0,0,Unique exact normalized district key within confirmed boundary state
IND_UTTAR_PRADESH_AGRA,Uttar Pradesh,AGRA,Uttar Pradesh,AGRA,Census 2011,Census 2011,1,Uttar Pradesh,Agra,9,15,confirmed_exact_unique,confirmed,1,1.0,1.0,0,0,0,0,0,Unique exact normalized district key within confirmed boundary state
IND_UTTAR_PRADESH_ALIGARH,Uttar Pradesh,ALIGARH,Uttar Pradesh,ALIGARH,Census 2001,Census 2001,22,Uttar Pradesh,Aligarh,9,12,confirmed_exact_unique,confirmed,1,1.0,1.0,0,0,0,0,0,Unique exact normalized district key within confirmed boundary state
IND_UTTAR_PRADESH_ALIGARH,Uttar Pradesh,ALIGARH,Uttar Pradesh,ALIGARH,Census 2011,Census 2011,8,Uttar Pradesh,Aligarh,9,12,confirmed_exact_unique,confirmed,1,1.0,1.0,0,0,0,0,0,Unique exact normalized district key within confirmed boundary state
IND_UTTAR_PRADESH_ALLAHABAD,Uttar Pradesh,ALLAHABAD,Uttar Pradesh,ALLAHABAD,Census 2001,Census 2001,23,Uttar Pradesh,Allahabad,9,45,confirmed_exact_unique,confirmed,1,1.0,1.0,0,0,0,0,0,Unique exact normalized district key within confirmed boundary state
IND_UTTAR_PRADESH_ALLAHABAD,Uttar Pradesh,ALLAHABAD,Uttar Pradesh,ALLAHABAD,Census 2011,Census 2011,10,Uttar Pradesh,Allahabad,9,44,confirmed_exact_unique,confirmed,1,1.0,1.0,0,0,0,0,0,Unique exact normalized district key within confirmed boundary state
IND_UTTAR_PRADESH_ALMORA,Uttar Pradesh,ALMORA,Uttar Pradesh,ALMORA,Census 2001,Census 2001,15,Uttar Pradesh,Agra,9,15,working_fuzzy_same_state,working_fallback,1,0.0,0.6,0,0,0,1,1,Best ranked same-state fuzzy candidate; not historically confirmed
IND_UTTAR_PRADESH_ALMORA,Uttar Pradesh,ALMORA,Uttar Pradesh,ALMORA,Census 2011,Census 2011,1,Uttar Pradesh,Agra,9,15,working_fuzzy_same_state,working_fallback,1,0.0,0.6,0,0,0,1,1,Best ranked same-state fuzzy candidate; not historically confirmed
IND_UTTAR_PRADESH_AMBEDKAR_NAGAR,Uttar Pradesh,AMBEDKAR NAGAR,Uttar Pradesh,AMBEDKAR NAGAR,Census 2001,Census 2001,26,Uttar Pradesh,Ambedkar Nagar,9,48,confirmed_exact_unique,confirmed,1,1.0,1.0,0,0,0,0,0,Unique exact normalized district key within confirmed boundary state
IND_UTTAR_PRADESH_AMBEDKAR_NAGAR,Uttar Pradesh,AMBEDKAR NAGAR,Uttar Pradesh,AMBEDKAR NAGAR,Census 2011,Census 2011,14,Uttar Pradesh,Ambedkar Nagar,9,47,confirmed_exact_unique,confirmed,1,1.0,1.0,0,0,0,0,0,Unique exact normalized district key within confirmed boundary state
IND_UTTAR_PRADESH_AMETHI,Uttar Pradesh,AMETHI,Uttar Pradesh,AMETHI,Census 2001,Census 2001,154,Uttar Pradesh,Etah,9,17,working_fuzzy_same_state,working_fallback,1,0.0,0.6,0,0,0,0,1,Best ranked same-state fuzzy candidate; not historically confirmed
IND_UTTAR_PRADESH_AMETHI,Uttar Pradesh,AMETHI,Uttar Pradesh,AMETHI,Census 2011,Census 2011,175,Uttar Pradesh,Etah,9,70,working_fuzzy_same_state,working_fallback,1,0.0,0.6,0,0,0,0,1,Best ranked same-state fuzzy candidate; not historically confirmed
IND_UTTAR_PRADESH_AMROHA,Uttar Pradesh,AMROHA,Uttar Pradesh,AMROHA,Census 2001,Census 2001,15,Uttar Pradesh,Agra,9,15,working_fuzzy_same_state,working_fallback,1,0.0,0.6,0,0,0,1,1,Best ranked same-state fuzzy candidate; not historically confirmed
IND_UTTAR_PRADESH_AMROHA,Uttar Pradesh,AMROHA,Uttar Pradesh,AMROHA,Census 2011,Census 2011,1,Uttar Pradesh,Agra,9,15,working_fuzzy_same_state,working_fallback,1,0.0,0.6,0,0,0,1,1,Best ranked same-state fuzzy candidate; not historically confirmed
IND_UTTAR_PRADESH_AURAIYA,Uttar Pradesh,AURAIYA,Uttar Pradesh,AURAIYA,Census 2001,Census 2001,6,Uttar Pradesh,Auraiya,9,32,confirmed_exact_unique,confirmed,1,1.0,1.0,0,0,0,0,0,Unique exact normalized district key within confirmed boundary state
IND_UTTAR_PRADESH_AURAIYA,Uttar Pradesh,AURAIYA,Uttar Pradesh,AURAIYA,Census 2011,Census 2011,27,Uttar Pradesh,Auraiya,9,31,confirmed_exact_unique,confirmed,1,1.0,1.0,0,0,0,0,0,Unique exact normalized district key within confirmed boundary state
IND_UTTAR_PRADESH_AZAMGARH,Uttar Pradesh,AZAMGARH,Uttar Pradesh,AZAMGARH,Census 2001,Census 2001,9,Uttar Pradesh,Azamgarh,9,61,confirmed_exact_unique,confirmed,1,1.0,1.0,0,0,0,0,0,Unique exact normalized district key within confirmed boundary state
IND_UTTAR_PRADESH_AZAMGARH,Uttar Pradesh,AZAMGARH,Uttar Pradesh,AZAMGARH,Census 2011,Census 2011,30,Uttar Pradesh,Azamgarh,9,60,confirmed_exact_unique,confirmed,1,1.0,1.0,0,0,0,0,0,Unique exact normalized district key within confirmed boundary state
IND_UTTAR_PRADESH_BAGESHWAR,Uttar Pradesh,BAGESHWAR,Uttar Pradesh,BAGESHWAR,Census 2001,Census 2001,65,Uttar Pradesh,Baghpat,9,8,working_fuzzy_same_state,working_fallback,1,0.0,0.625,0,0,0,0,1,Best ranked same-state fuzzy candidate; not historically confirmed
IND_UTTAR_PRADESH_BAGESHWAR,Uttar Pradesh,BAGESHWAR,Uttar Pradesh,BAGESHWAR,Census 2011,Census 2011,34,Uttar Pradesh,Baghpat,9,8,working_fuzzy_same_state,working_fallback,1,0.0,0.625,0,0,0,0,1,Best ranked same-state fuzzy candidate; not historically confirmed
IND_UTTAR_PRADESH_BAGHPAT,Uttar Pradesh,BAGHPAT,Uttar Pradesh,BAGHPAT,Census 2001,Census 2001,65,Uttar Pradesh,Baghpat,9,8,confirmed_exact_unique,confirmed,1,1.0,1.0,0,0,0,0,0,Unique exact normalized district key within confirmed boundary state
IND_UTTAR_PRADESH_BAGHPAT,Uttar Pradesh,BAGHPAT,Uttar Pradesh,BAGHPAT,Census 2011,Census 2011,34,Uttar Pradesh,Baghpat,9,8,confirmed_exact_unique,confirmed,1,1.0,1.0,0,0,0,0,0,Unique exact normalized district key within confirmed boundary state
IND_UTTAR_PRADESH_BAHRAICH,Uttar Pradesh,BAHRAICH,Uttar Pradesh,BAHRAICH,Census 2001,Census 2001,66,Uttar Pradesh,Bahraich,9,50,confirmed_exact_unique,confirmed,1,1.0,1.0,0,0,0,0,0,Unique exact normalized district key within confirmed boundary state
IND_UTTAR_PRADESH_BAHRAICH,Uttar Pradesh,BAHRAICH,Uttar Pradesh,BAHRAICH,Census 2011,Census 2011,35,Uttar Pradesh,Bahraich,9,49,confirmed_exact_unique,confirmed,1,1.0,1.0,0,0,0,0,0,Unique exact normalized district key within confirmed boundary state
IND_UTTAR_PRADESH_BALLIA,Uttar Pradesh,BALLIA,Uttar Pradesh,BALLIA,Census 2001,Census 2001,70,Uttar Pradesh,Ballia,9,63,confirmed_exact_unique,confirmed,1,1.0,1.0,0,0,0,0,0,Unique exact normalized district key within confirmed boundary state
IND_UTTAR_PRADESH_BALLIA,Uttar Pradesh,BALLIA,Uttar Pradesh,BALLIA,Census 2011,Census 2011,40,Uttar Pradesh,Ballia,9,62,confirmed_exact_unique,confirmed,1,1.0,1.0,0,0,0,0,0,Unique exact normalized district key within confirmed boundary state
IND_UTTAR_PRADESH_BALRAMPUR,Uttar Pradesh,BALRAMPUR,Uttar Pradesh,BALRAMPUR,Census 2001,Census 2001,71,Uttar Pradesh,Balrampur,9,52,confirmed_exact_unique,confirmed,1,1.0,1.0,0,0,0,0,0,Unique exact normalized district key within confirmed boundary state
IND_UTTAR_PRADESH_BALRAMPUR,Uttar Pradesh,BALRAMPUR,Uttar Pradesh,BALRAMPUR,Census 2011,Census 2011,41,Uttar Pradesh,Balrampur,9,51,confirmed_exact_unique,confirmed,1,1.0,1.0,0,0,0,0,0,Unique exact normalized district key within confirmed boundary state
IND_UTTAR_PRADESH_BANDA,Uttar Pradesh,BANDA,Uttar Pradesh,BANDA,Census 2001,Census 2001,73,Uttar Pradesh,Banda,9,40,confirmed_exact_unique,confirmed,1,1.0,1.0,0,0,0,0,0,Unique exact normalized district key within confirmed boundary state
IND_UTTAR_PRADESH_BANDA,Uttar Pradesh,BANDA,Uttar Pradesh,BANDA,Census 2011,Census 2011,43,Uttar Pradesh,Banda,9,39,confirmed_exact_unique,confirmed,1,1.0,1.0,0,0,0,0,0,Unique exact normalized district key within confirmed boundary state
IND_UTTAR_PRADESH_BARABANKI,Uttar Pradesh,BARABANKI,Uttar Pradesh,BARABANKI,Census 2001,Census 2001,76,Uttar Pradesh,Barabanki,9,46,confirmed_exact_unique,confirmed,1,1.0,1.0,0,0,0,0,0,Unique exact normalized district key within confirmed boundary state
IND_UTTAR_PRADESH_BARABANKI,Uttar Pradesh,BARABANKI,Uttar Pradesh,BARABANKI,Census 2011,Census 2011,50,Uttar Pradesh,Bara Banki,9,45,confirmed_exact_unique,confirmed,1,1.0,1.0,0,0,0,0,0,Unique exact normalized district key within confirmed boundary state
IND_UTTAR_PRADESH_BAREILLY,Uttar Pradesh,BAREILLY,Uttar Pradesh,BAREILLY,Census 2001,Census 2001,35,Uttar Pradesh,Bareilly,9,20,confirmed_exact_unique,confirmed,1,1.0,1.0,0,0,0,0,0,Unique exact normalized district key within confirmed boundary state
IND_UTTAR_PRADESH_BAREILLY,Uttar Pradesh,BAREILLY,Uttar Pradesh,BAREILLY,Census 2011,Census 2011,55,Uttar Pradesh,Bareilly,9,19,confirmed_exact_unique,confirmed,1,1.0,1.0,0,0,0,0,0,Unique exact normalized district key within confirmed boundary state
IND_UTTAR_PRADESH_BASTI,Uttar Pradesh,BASTI,Uttar Pradesh,BASTI,Census 2001,Census 2001,56,Uttar Pradesh,Basti,9,55,confirmed_exact_unique,confirmed,1,1.0,1.0,0,0,0,0,0,Unique exact normalized district key within confirmed boundary state
IND_UTTAR_PRADESH_BASTI,Uttar Pradesh,BASTI,Uttar Pradesh,BASTI,Census 2011,Census 2011,61,Uttar Pradesh,Basti,9,54,confirmed_exact_unique,confirmed,1,1.0,1.0,0,0,0,0,0,Unique exact normalized district key within confirmed boundary state
IND_UTTAR_PRADESH_BIJNOR,Uttar Pradesh,BIJNOR,Uttar Pradesh,BIJNOR,Census 2001,Census 2001,47,Uttar Pradesh,Bijnor,9,3,confirmed_exact_unique,confirmed,1,1.0,1.0,0,0,0,0,0,Unique exact normalized district key within confirmed boundary state
IND_UTTAR_PRADESH_BIJNOR,Uttar Pradesh,BIJNOR,Uttar Pradesh,BIJNOR,Census 2011,Census 2011,83,Uttar Pradesh,Bijnor,9,3,confirmed_exact_unique,confirmed,1,1.0,1.0,0,0,0,0,0,Unique exact normalized district key within confirmed boundary state
IND_UTTAR_PRADESH_BUDAUN,Uttar Pradesh,BUDAUN,Uttar Pradesh,BUDAUN,Census 2001,Census 2001,10,Uttar Pradesh,Budaun,9,19,confirmed_exact_unique,confirmed,1,1.0,1.0,0,0,0,0,0,Unique exact normalized district key within confirmed boundary state
IND_UTTAR_PRADESH_BUDAUN,Uttar Pradesh,BUDAUN,Uttar Pradesh,BUDAUN,Census 2011,Census 2011,91,Uttar Pradesh,Budaun,9,18,confirmed_exact_unique,confirmed,1,1.0,1.0,0,0,0,0,0,Unique exact normalized district key within confirmed boundary state
IND_UTTAR_PRADESH_BULANDSHAHR,Uttar Pradesh,BULANDSHAHR,Uttar Pradesh,BULANDSHAHR,Census 2001,Census 2001,566,Uttar Pradesh,Bulandshahr,9,11,confirmed_exact_unique,confirmed,1,1.0,1.0,0,0,0,0,0,Unique exact normalized district key within confirmed boundary state
IND_UTTAR_PRADESH_BULANDSHAHR,Uttar Pradesh,BULANDSHAHR,Uttar Pradesh,BULANDSHAHR,Census 2011,Census 2011,92,Uttar Pradesh,Bulandshahr,9,11,confirmed_exact_unique,confirmed,1,1.0,1.0,0,0,0,0,0,Unique exact normalized district key within confirmed boundary state
IND_UTTAR_PRADESH_CHAMOLI,Uttar Pradesh,CHAMOLI,Uttar Pradesh,CHAMOLI,Census 2001,Census 2001,96,Uttar Pradesh,Chandauli,9,66,working_fuzzy_same_state,working_fallback,1,0.0,0.625,0,0,0,0,1,Best ranked same-state fuzzy candidate; not historically confirmed
IND_UTTAR_PRADESH_CHAMOLI,Uttar Pradesh,CHAMOLI,Uttar Pradesh,CHAMOLI,Census 2011,Census 2011,104,Uttar Pradesh,Chandauli,9,65,working_fuzzy_same_state,working_fallback,1,0.0,0.625,0,0,0,0,1,Best ranked same-state fuzzy candidate; not historically confirmed
IND_UTTAR_PRADESH_CHAMPAWAT,Uttar Pradesh,CHAMPAWAT,Uttar Pradesh,CHAMPAWAT,Census 2001,Census 2001,433,Uttar Pradesh,Shrawasti,9,51,working_fuzzy_same_state,working_fallback,1,0.0,0.555556,0,0,0,1,1,Best ranked same-state fuzzy candidate; not historically confirmed
IND_UTTAR_PRADESH_CHAMPAWAT,Uttar Pradesh,CHAMPAWAT,Uttar Pradesh,CHAMPAWAT,Census 2011,Census 2011,520,Uttar Pradesh,Shrawasti,9,50,working_fuzzy_same_state,working_fallback,1,0.0,0.555556,0,0,0,1,1,Best ranked same-state fuzzy candidate; not historically confirmed
IND_UTTAR_PRADESH_CHANDAULI,Uttar Pradesh,CHANDAULI,Uttar Pradesh,CHANDAULI,Census 2001,Census 2001,96,Uttar Pradesh,Chandauli,9,66,confirmed_exact_unique,confirmed,1,1.0,1.0,0,0,0,0,0,Unique exact normalized district key within confirmed boundary state
IND_UTTAR_PRADESH_CHANDAULI,Uttar Pradesh,CHANDAULI,Uttar Pradesh,CHANDAULI,Census 2011,Census 2011,104,Uttar Pradesh,Chandauli,9,65,confirmed_exact_unique,confirmed,1,1.0,1.0,0,0,0,0,0,Unique exact normalized district key within confirmed boundary state
IND_UTTAR_PRADESH_CHITRAKOOT,Uttar Pradesh,CHITRAKOOT,Uttar Pradesh,CHITRAKOOT,Census 2001,Census 2001,91,Uttar Pradesh,Chitrakoot,9,41,confirmed_exact_unique,confirmed,1,1.0,1.0,0,0,0,0,0,Unique exact normalized district key within confirmed boundary state
IND_UTTAR_PRADESH_CHITRAKOOT,Uttar Pradesh,CHITRAKOOT,Uttar Pradesh,CHITRAKOOT,Census 2011,Census 2011,117,Uttar Pradesh,Chitrakoot,9,40,confirmed_exact_unique,confirmed,1,1.0,1.0,0,0,0,0,0,Unique exact normalized district key within confirmed boundary state
IND_UTTAR_PRADESH_DEHRADUN,Uttar Pradesh,DEHRADUN,Uttar Pradesh,DEHRADUN,Census 2001,Census 2001,10,Uttar Pradesh,Budaun,9,19,working_fuzzy_same_state,working_fallback,1,0.0,0.571429,0,0,0,0,1,Best ranked same-state fuzzy candidate; not historically confirmed
IND_UTTAR_PRADESH_DEHRADUN,Uttar Pradesh,DEHRADUN,Uttar Pradesh,DEHRADUN,Census 2011,Census 2011,91,Uttar Pradesh,Budaun,9,18,working_fuzzy_same_state,working_fallback,1,0.0,0.571429,0,0,0,0,1,Best ranked same-state fuzzy candidate; not historically confirmed
IND_UTTAR_PRADESH_DEORIA,Uttar Pradesh,DEORIA,Uttar Pradesh,DEORIA,Census 2001,Census 2001,113,Uttar Pradesh,Deoria,9,60,confirmed_exact_unique,confirmed,1,1.0,1.0,0,0,0,0,0,Unique exact normalized district key within confirmed boundary state
IND_UTTAR_PRADESH_DEORIA,Uttar Pradesh,DEORIA,Uttar Pradesh,DEORIA,Census 2011,Census 2011,141,Uttar Pradesh,Deoria,9,59,confirmed_exact_unique,confirmed,1,1.0,1.0,0,0,0,0,0,Unique exact normalized district key within confirmed boundary state
IND_UTTAR_PRADESH_ETAH,Uttar Pradesh,ETAH,Uttar Pradesh,ETAH,Census 2001,Census 2001,154,Uttar Pradesh,Etah,9,17,confirmed_exact_unique,confirmed,1,1.0,1.0,0,0,0,0,0,Unique exact normalized district key within confirmed boundary state
IND_UTTAR_PRADESH_ETAH,Uttar Pradesh,ETAH,Uttar Pradesh,ETAH,Census 2011,Census 2011,175,Uttar Pradesh,Etah,9,70,confirmed_exact_unique,confirmed,1,1.0,1.0,0,0,0,0,0,Unique exact normalized district key within confirmed boundary state
IND_UTTAR_PRADESH_ETAWAH,Uttar Pradesh,ETAWAH,Uttar Pradesh,ETAWAH,Census 2001,Census 2001,169,Uttar Pradesh,Etawah,9,31,confirmed_exact_unique,confirmed,1,1.0,1.0,0,0,0,0,0,Unique exact normalized district key within confirmed boundary state
IND_UTTAR_PRADESH_ETAWAH,Uttar Pradesh,ETAWAH,Uttar Pradesh,ETAWAH,Census 2011,Census 2011,176,Uttar Pradesh,Etawah,9,30,confirmed_exact_unique,confirmed,1,1.0,1.0,0,0,0,0,0,Unique exact normalized district key within confirmed boundary state
IND_UTTAR_PRADESH_FAIZABAD,Uttar Pradesh,FAIZABAD,Uttar Pradesh,FAIZABAD,Census 2001,Census 2001,170,Uttar Pradesh,Faizabad,9,47,confirmed_exact_unique,confirmed,1,1.0,1.0,0,0,0,0,0,Unique exact normalized district key within confirmed boundary state
IND_UTTAR_PRADESH_FAIZABAD,Uttar Pradesh,FAIZABAD,Uttar Pradesh,FAIZABAD,Census 2011,Census 2011,177,Uttar Pradesh,Faizabad,9,46,confirmed_exact_unique,confirmed,1,1.0,1.0,0,0,0,0,0,Unique exact normalized district key within confirmed boundary state
IND_UTTAR_PRADESH_FARRUKHABAD,Uttar Pradesh,FARRUKHABAD,Uttar Pradesh,FARRUKHABAD,Census 2001,Census 2001,193,Uttar Pradesh,Farrukhabad,9,29,confirmed_exact_unique,confirmed,1,1.0,1.0,0,0,0,0,0,Unique exact normalized district key within confirmed boundary state
IND_UTTAR_PRADESH_FARRUKHABAD,Uttar Pradesh,FARRUKHABAD,Uttar Pradesh,FARRUKHABAD,Census 2011,Census 2011,180,Uttar Pradesh,Farrukhabad,9,28,confirmed_exact_unique,confirmed,1,1.0,1.0,0,0,0,0,0,Unique exact normalized district key within confirmed boundary state
IND_UTTAR_PRADESH_FATEHPUR,Uttar Pradesh,FATEHPUR,Uttar Pradesh,FATEHPUR,Census 2001,Census 2001,196,Uttar Pradesh,Fatehpur,9,42,confirmed_exact_unique,confirmed,1,1.0,1.0,0,0,0,0,0,Unique exact normalized district key within confirmed boundary state
IND_UTTAR_PRADESH_FATEHPUR,Uttar Pradesh,FATEHPUR,Uttar Pradesh,FATEHPUR,Census 2011,Census 2011,183,Uttar Pradesh,Fatehpur,9,41,confirmed_exact_unique,confirmed,1,1.0,1.0,0,0,0,0,0,Unique exact normalized district key within confirmed boundary state
IND_UTTAR_PRADESH_FIROZABAD,Uttar Pradesh,FIROZABAD,Uttar Pradesh,FIROZABAD,Census 2001,Census 2001,197,Uttar Pradesh,Firozabad,9,16,confirmed_exact_unique,confirmed,1,1.0,1.0,0,0,0,0,0,Unique exact normalized district key within confirmed boundary state
IND_UTTAR_PRADESH_FIROZABAD,Uttar Pradesh,FIROZABAD,Uttar Pradesh,FIROZABAD,Census 2011,Census 2011,184,Uttar Pradesh,Firozabad,9,16,confirmed_exact_unique,confirmed,1,1.0,1.0,0,0,0,0,0,Unique exact normalized district key within confirmed boundary state
IND_UTTAR_PRADESH_GAUTAM_BUDDHA_NAGAR,Uttar Pradesh,GAUTAM BUDDHA NAGAR,Uttar Pradesh,GAUTAM BUDDHA NAGAR,Census 2001,Census 2001,567,Uttar Pradesh,Gautam Buddha Nagar,9,10,confirmed_exact_unique,confirmed,1,1.0,1.0,0,0,0,0,0,Unique exact normalized district key within confirmed boundary state
IND_UTTAR_PRADESH_GAUTAM_BUDDHA_NAGAR,Uttar Pradesh,GAUTAM BUDDHA NAGAR,Uttar Pradesh,GAUTAM BUDDHA NAGAR,Census 2011,Census 2011,195,Uttar Pradesh,Gautam Buddha Nagar,9,10,confirmed_exact_unique,confirmed,1,1.0,1.0,0,0,0,0,0,Unique exact normalized district key within confirmed boundary state
IND_UTTAR_PRADESH_GHAZIABAD,Uttar Pradesh,GHAZIABAD,Uttar Pradesh,GHAZIABAD,Census 2001,Census 2001,568,Uttar Pradesh,Ghaziabad,9,9,confirmed_exact_unique,confirmed,1,1.0,1.0,0,0,0,0,0,Unique exact normalized district key within confirmed boundary state
IND_UTTAR_PRADESH_GHAZIABAD,Uttar Pradesh,GHAZIABAD,Uttar Pradesh,GHAZIABAD,Census 2011,Census 2011,197,Uttar Pradesh,Ghaziabad,9,9,confirmed_exact_unique,confirmed,1,1.0,1.0,0,0,0,0,0,Unique exact normalized district key within confirmed boundary state
IND_UTTAR_PRADESH_GHAZIPUR,Uttar Pradesh,GHAZIPUR,Uttar Pradesh,GHAZIPUR,Census 2001,Census 2001,175,Uttar Pradesh,Ghazipur,9,65,confirmed_exact_unique,confirmed,1,1.0,1.0,0,0,0,0,0,Unique exact normalized district key within confirmed boundary state
IND_UTTAR_PRADESH_GHAZIPUR,Uttar Pradesh,GHAZIPUR,Uttar Pradesh,GHAZIPUR,Census 2011,Census 2011,198,Uttar Pradesh,Ghazipur,9,64,confirmed_exact_unique,confirmed,1,1.0,1.0,0,0,0,0,0,Unique exact normalized district key within confirmed boundary state
IND_UTTAR_PRADESH_GONDA,Uttar Pradesh,GONDA,Uttar Pradesh,GONDA,Census 2001,Census 2001,180,Uttar Pradesh,Gonda,9,53,confirmed_exact_unique,confirmed,1,1.0,1.0,0,0,0,0,0,Unique exact normalized district key within confirmed boundary state
IND_UTTAR_PRADESH_GONDA,Uttar Pradesh,GONDA,Uttar Pradesh,GONDA,Census 2011,Census 2011,203,Uttar Pradesh,Gonda,9,52,confirmed_exact_unique,confirmed,1,1.0,1.0,0,0,0,0,0,Unique exact normalized district key within confirmed boundary state
IND_UTTAR_PRADESH_GORAKHPUR,Uttar Pradesh,GORAKHPUR,Uttar Pradesh,GORAKHPUR,Census 2001,Census 2001,182,Uttar Pradesh,Gorakhpur,9,58,confirmed_exact_unique,confirmed,1,1.0,1.0,0,0,0,0,0,Unique exact normalized district key within confirmed boundary state
IND_UTTAR_PRADESH_GORAKHPUR,Uttar Pradesh,GORAKHPUR,Uttar Pradesh,GORAKHPUR,Census 2011,Census 2011,206,Uttar Pradesh,Gorakhpur,9,57,confirmed_exact_unique,confirmed,1,1.0,1.0,0,0,0,0,0,Unique exact normalized district key within confirmed boundary state
IND_UTTAR_PRADESH_HAMIRPUR,Uttar Pradesh,HAMIRPUR,Uttar Pradesh,HAMIRPUR,Census 2001,Census 2001,202,Uttar Pradesh,Hamirpur,9,38,confirmed_exact_unique,confirmed,1,1.0,1.0,0,0,0,0,0,Unique exact normalized district key within confirmed boundary state
IND_UTTAR_PRADESH_HAMIRPUR,Uttar Pradesh,HAMIRPUR,Uttar Pradesh,HAMIRPUR,Census 2011,Census 2011,216,Uttar Pradesh,Hamirpur,9,37,confirmed_exact_unique,confirmed,1,1.0,1.0,0,0,0,0,0,Unique exact normalized district key within confirmed boundary state
IND_UTTAR_PRADESH_HAPUR,Uttar Pradesh,HAPUR,Uttar Pradesh,HAPUR,Census 2001,Census 2001,175,Uttar Pradesh,Ghazipur,9,65,working_fuzzy_same_state,working_fallback,1,0.0,0.769231,0,0,0,0,1,Best ranked same-state fuzzy candidate; not historically confirmed
IND_UTTAR_PRADESH_HAPUR,Uttar Pradesh,HAPUR,Uttar Pradesh,HAPUR,Census 2011,Census 2011,198,Uttar Pradesh,Ghazipur,9,64,working_fuzzy_same_state,working_fallback,1,0.0,0.769231,0,0,0,0,1,Best ranked same-state fuzzy candidate; not historically confirmed
IND_UTTAR_PRADESH_HARDOI,Uttar Pradesh,HARDOI,Uttar Pradesh,HARDOI,Census 2001,Census 2001,205,Uttar Pradesh,Hardoi,9,25,confirmed_exact_unique,confirmed,1,1.0,1.0,0,0,0,0,0,Unique exact normalized district key within confirmed boundary state
IND_UTTAR_PRADESH_HARDOI,Uttar Pradesh,HARDOI,Uttar Pradesh,HARDOI,Census 2011,Census 2011,220,Uttar Pradesh,Hardoi,9,24,confirmed_exact_unique,confirmed,1,1.0,1.0,0,0,0,0,0,Unique exact normalized district key within confirmed boundary state
IND_UTTAR_PRADESH_HARIDWAR,Uttar Pradesh,HARIDWAR,Uttar Pradesh,HARIDWAR,Census 2001,Census 2001,205,Uttar Pradesh,Hardoi,9,25,working_fuzzy_same_state,working_fallback,1,0.0,0.571429,0,0,0,0,1,Best ranked same-state fuzzy candidate; not historically confirmed
IND_UTTAR_PRADESH_HARIDWAR,Uttar Pradesh,HARIDWAR,Uttar Pradesh,HARIDWAR,Census 2011,Census 2011,220,Uttar Pradesh,Hardoi,9,24,working_fuzzy_same_state,working_fallback,1,0.0,0.571429,0,0,0,0,1,Best ranked same-state fuzzy candidate; not historically confirmed
IND_UTTAR_PRADESH_HATHRAS,Uttar Pradesh,HATHRAS,Uttar Pradesh,HATHRAS,Census 2001,Census 2001,208,Uttar Pradesh,Hathras,9,13,confirmed_exact_unique,confirmed,1,1.0,1.0,0,0,0,0,0,Unique exact normalized district key within confirmed boundary state
IND_UTTAR_PRADESH_HATHRAS,Uttar Pradesh,HATHRAS,Uttar Pradesh,HATHRAS,Census 2011,Census 2001,208,Uttar Pradesh,Hathras,9,13,alternate_layer_confirmed_name,working_strong,1,1.0,1.0,0,0,1,0,1,Requested Census 2011 used confirmed name match from Census 2001
IND_UTTAR_PRADESH_JALAUN,Uttar Pradesh,JALAUN,Uttar Pradesh,JALAUN,Census 2001,Census 2001,226,Uttar Pradesh,Jalaun,9,35,confirmed_exact_unique,confirmed,1,1.0,1.0,0,0,0,0,0,Unique exact normalized district key within confirmed boundary state
IND_UTTAR_PRADESH_JALAUN,Uttar Pradesh,JALAUN,Uttar Pradesh,JALAUN,Census 2011,Census 2011,243,Uttar Pradesh,Jalaun,9,34,confirmed_exact_unique,confirmed,1,1.0,1.0,0,0,0,0,0,Unique exact normalized district key within confirmed boundary state
IND_UTTAR_PRADESH_JAUNPUR,Uttar Pradesh,JAUNPUR,Uttar Pradesh,JAUNPUR,Census 2001,Census 2001,236,Uttar Pradesh,Jaunpur,9,64,confirmed_exact_unique,confirmed,1,1.0,1.0,0,0,0,0,0,Unique exact normalized district key within confirmed boundary state
IND_UTTAR_PRADESH_JAUNPUR,Uttar Pradesh,JAUNPUR,Uttar Pradesh,JAUNPUR,Census 2011,Census 2011,254,Uttar Pradesh,Jaunpur,9,63,confirmed_exact_unique,confirmed,1,1.0,1.0,0,0,0,0,0,Unique exact normalized district key within confirmed boundary state
IND_UTTAR_PRADESH_JHANSI,Uttar Pradesh,JHANSI,Uttar Pradesh,JHANSI,Census 2001,Census 2001,239,Uttar Pradesh,Jhansi,9,36,confirmed_exact_unique,confirmed,1,1.0,1.0,0,0,0,0,0,Unique exact normalized district key within confirmed boundary state
IND_UTTAR_PRADESH_JHANSI,Uttar Pradesh,JHANSI,Uttar Pradesh,JHANSI,Census 2011,Census 2011,258,Uttar Pradesh,Jhansi,9,35,confirmed_exact_unique,confirmed,1,1.0,1.0,0,0,0,0,0,Unique exact normalized district key within confirmed boundary state
IND_UTTAR_PRADESH_KANNAUJ,Uttar Pradesh,KANNAUJ,Uttar Pradesh,KANNAUJ,Census 2001,Census 2001,248,Uttar Pradesh,Kannauj,9,30,confirmed_exact_unique,confirmed,1,1.0,1.0,0,0,0,0,0,Unique exact normalized district key within confirmed boundary state
IND_UTTAR_PRADESH_KANNAUJ,Uttar Pradesh,KANNAUJ,Uttar Pradesh,KANNAUJ,Census 2011,Census 2011,275,Uttar Pradesh,Kannauj,9,29,confirmed_exact_unique,confirmed,1,1.0,1.0,0,0,0,0,0,Unique exact normalized district key within confirmed boundary state
IND_UTTAR_PRADESH_KANPUR_DEHAT,Uttar Pradesh,KANPUR DEHAT,Uttar Pradesh,KANPUR DEHAT,Census 2001,Census 2001,163,Uttar Pradesh,Kanpur Dehat,9,33,confirmed_exact_unique,confirmed,1,1.0,1.0,0,0,0,0,0,Unique exact normalized district key within confirmed boundary state
IND_UTTAR_PRADESH_KANPUR_DEHAT,Uttar Pradesh,KANPUR DEHAT,Uttar Pradesh,KANPUR DEHAT,Census 2011,Census 2011,278,Uttar Pradesh,Kanpur Dehat,9,32,confirmed_exact_unique,confirmed,1,1.0,1.0,0,0,0,0,0,Unique exact normalized district key within confirmed boundary state
IND_UTTAR_PRADESH_KANPUR_NAGAR,Uttar Pradesh,KANPUR NAGAR,Uttar Pradesh,KANPUR NAGAR,Census 2001,Census 2001,250,Uttar Pradesh,Kanpur Nagar,9,34,confirmed_exact_unique,confirmed,1,1.0,1.0,0,0,0,0,0,Unique exact normalized district key within confirmed boundary state
IND_UTTAR_PRADESH_KANPUR_NAGAR,Uttar Pradesh,KANPUR NAGAR,Uttar Pradesh,KANPUR NAGAR,Census 2011,Census 2011,279,Uttar Pradesh,Kanpur Nagar,9,33,confirmed_exact_unique,confirmed,1,1.0,1.0,0,0,0,0,0,Unique exact normalized district key within confirmed boundary state
IND_UTTAR_PRADESH_KASGANJ,Uttar Pradesh,KASGANJ,Uttar Pradesh,KASGANJ,Census 2001,Census 2001,318,Uttar Pradesh,Mahrajganj,9,57,working_fuzzy_same_state,working_fallback,1,0.0,0.588235,0,0,0,0,1,Best ranked same-state fuzzy candidate; not historically confirmed
IND_UTTAR_PRADESH_KASGANJ,Uttar Pradesh,KASGANJ,Uttar Pradesh,KASGANJ,Census 2011,Census 2011,275,Uttar Pradesh,Kannauj,9,29,working_fuzzy_same_state,working_fallback,1,0.0,0.571429,0,0,0,0,1,Best ranked same-state fuzzy candidate; not historically confirmed
IND_UTTAR_PRADESH_KAUSHAMBI,Uttar Pradesh,KAUSHAMBI,Uttar Pradesh,KAUSHAMBI,Census 2001,Census 2001,257,Uttar Pradesh,Kaushambi,9,44,confirmed_exact_unique,confirmed,1,1.0,1.0,0,0,0,0,0,Unique exact normalized district key within confirmed boundary state
IND_UTTAR_PRADESH_KAUSHAMBI,Uttar Pradesh,KAUSHAMBI,Uttar Pradesh,KAUSHAMBI,Census 2011,Census 2011,292,Uttar Pradesh,Kaushambi,9,43,confirmed_exact_unique,confirmed,1,1.0,1.0,0,0,0,0,0,Unique exact normalized district key within confirmed boundary state
IND_UTTAR_PRADESH_KHERI,Uttar Pradesh,KHERI,Uttar Pradesh,KHERI,Census 2001,Census 2001,259,Uttar Pradesh,Kheri,9,23,confirmed_exact_unique,confirmed,1,1.0,1.0,0,0,0,0,0,Unique exact normalized district key within confirmed boundary state
IND_UTTAR_PRADESH_KHERI,Uttar Pradesh,KHERI,Uttar Pradesh,KHERI,Census 2011,Census 2011,298,Uttar Pradesh,Kheri,9,22,confirmed_exact_unique,confirmed,1,1.0,1.0,0,0,0,0,0,Unique exact normalized district key within confirmed boundary state
IND_UTTAR_PRADESH_KUSHI_NAGAR,Uttar Pradesh,KUSHI NAGAR,Uttar Pradesh,KUSHI NAGAR,Census 2001,Census 2001,292,Uttar Pradesh,Kushinagar,9,59,confirmed_exact_unique,confirmed,1,1.0,1.0,0,0,0,0,0,Unique exact normalized district key within confirmed boundary state
IND_UTTAR_PRADESH_KUSHI_NAGAR,Uttar Pradesh,KUSHI NAGAR,Uttar Pradesh,KUSHI NAGAR,Census 2011,Census 2011,330,Uttar Pradesh,Kushinagar,9,58,confirmed_exact_unique,confirmed,1,1.0,1.0,0,0,0,0,0,Unique exact normalized district key within confirmed boundary state
IND_UTTAR_PRADESH_LALITPUR,Uttar Pradesh,LALITPUR,Uttar Pradesh,LALITPUR,Census 2001,Census 2001,313,Uttar Pradesh,Lalitpur,9,37,confirmed_exact_unique,confirmed,1,1.0,1.0,0,0,0,0,0,Unique exact normalized district key within confirmed boundary state
IND_UTTAR_PRADESH_LALITPUR,Uttar Pradesh,LALITPUR,Uttar Pradesh,LALITPUR,Census 2011,Census 2011,334,Uttar Pradesh,Lalitpur,9,36,confirmed_exact_unique,confirmed,1,1.0,1.0,0,0,0,0,0,Unique exact normalized district key within confirmed boundary state
IND_UTTAR_PRADESH_LUCKNOW,Uttar Pradesh,LUCKNOW,Uttar Pradesh,LUCKNOW,Census 2001,Census 2001,297,Uttar Pradesh,Lucknow,9,27,confirmed_exact_unique,confirmed,1,1.0,1.0,0,0,0,0,0,Unique exact normalized district key within confirmed boundary state
IND_UTTAR_PRADESH_LUCKNOW,Uttar Pradesh,LUCKNOW,Uttar Pradesh,LUCKNOW,Census 2011,Census 2011,344,Uttar Pradesh,Lucknow,9,26,confirmed_exact_unique,confirmed,1,1.0,1.0,0,0,0,0,0,Unique exact normalized district key within confirmed boundary state
IND_UTTAR_PRADESH_MAHARAJGANJ,Uttar Pradesh,MAHARAJGANJ,Uttar Pradesh,MAHARAJGANJ,Census 2001,Census 2011,350,Uttar Pradesh,Maharajganj,9,56,alternate_layer_confirmed_name,working_strong,1,1.0,1.0,0,0,1,0,1,Requested Census 2001 used confirmed name match from Census 2011
IND_UTTAR_PRADESH_MAHARAJGANJ,Uttar Pradesh,MAHARAJGANJ,Uttar Pradesh,MAHARAJGANJ,Census 2011,Census 2011,350,Uttar Pradesh,Maharajganj,9,56,confirmed_exact_unique,confirmed,1,1.0,1.0,0,0,0,0,0,Unique exact normalized district key within confirmed boundary state
IND_UTTAR_PRADESH_MAHOBA,Uttar Pradesh,MAHOBA,Uttar Pradesh,MAHOBA,Census 2001,Census 2001,321,Uttar Pradesh,Mahoba,9,39,confirmed_exact_unique,confirmed,1,1.0,1.0,0,0,0,0,0,Unique exact normalized district key within confirmed boundary state
IND_UTTAR_PRADESH_MAHOBA,Uttar Pradesh,MAHOBA,Uttar Pradesh,MAHOBA,Census 2011,Census 2011,356,Uttar Pradesh,Mahoba,9,38,confirmed_exact_unique,confirmed,1,1.0,1.0,0,0,0,0,0,Unique exact normalized district key within confirmed boundary state
IND_UTTAR_PRADESH_MAINPURI,Uttar Pradesh,MAINPURI,Uttar Pradesh,MAINPURI,Census 2001,Census 2001,323,Uttar Pradesh,Mainpuri,9,18,confirmed_exact_unique,confirmed,1,1.0,1.0,0,0,0,0,0,Unique exact normalized district key within confirmed boundary state
IND_UTTAR_PRADESH_MAINPURI,Uttar Pradesh,MAINPURI,Uttar Pradesh,MAINPURI,Census 2011,Census 2011,357,Uttar Pradesh,Mainpuri,9,17,confirmed_exact_unique,confirmed,1,1.0,1.0,0,0,0,0,0,Unique exact normalized district key within confirmed boundary state
IND_UTTAR_PRADESH_MATHURA,Uttar Pradesh,MATHURA,Uttar Pradesh,MATHURA,Census 2001,Census 2001,339,Uttar Pradesh,Mathura,9,14,confirmed_exact_unique,confirmed,1,1.0,1.0,0,0,0,0,0,Unique exact normalized district key within confirmed boundary state
IND_UTTAR_PRADESH_MATHURA,Uttar Pradesh,MATHURA,Uttar Pradesh,MATHURA,Census 2011,Census 2011,368,Uttar Pradesh,Mathura,9,14,confirmed_exact_unique,confirmed,1,1.0,1.0,0,0,0,0,0,Unique exact normalized district key within confirmed boundary state
IND_UTTAR_PRADESH_MAU,Uttar Pradesh,MAU,Uttar Pradesh,MAU,Census 2001,Census 2001,340,Uttar Pradesh,Mau,9,62,confirmed_exact_unique,confirmed,1,1.0,1.0,0,0,0,0,0,Unique exact normalized district key within confirmed boundary state
IND_UTTAR_PRADESH_MAU,Uttar Pradesh,MAU,Uttar Pradesh,MAU,Census 2011,Census 2011,369,Uttar Pradesh,Mau,9,61,confirmed_exact_unique,confirmed,1,1.0,1.0,0,0,0,0,0,Unique exact normalized district key within confirmed boundary state
IND_UTTAR_PRADESH_MEERUT,Uttar Pradesh,MEERUT,Uttar Pradesh,MEERUT,Census 2001,Census 2001,341,Uttar Pradesh,Meerut,9,7,confirmed_exact_unique,confirmed,1,1.0,1.0,0,0,0,0,0,Unique exact normalized district key within confirmed boundary state
IND_UTTAR_PRADESH_MEERUT,Uttar Pradesh,MEERUT,Uttar Pradesh,MEERUT,Census 2011,Census 2011,372,Uttar Pradesh,Meerut,9,7,confirmed_exact_unique,confirmed,1,1.0,1.0,0,0,0,0,0,Unique exact normalized district key within confirmed boundary state
IND_UTTAR_PRADESH_MIRZAPUR,Uttar Pradesh,MIRZAPUR,Uttar Pradesh,MIRZAPUR,Census 2001,Census 2001,268,Uttar Pradesh,Mirzapur,9,69,confirmed_exact_unique,confirmed,1,1.0,1.0,0,0,0,0,0,Unique exact normalized district key within confirmed boundary state
IND_UTTAR_PRADESH_MIRZAPUR,Uttar Pradesh,MIRZAPUR,Uttar Pradesh,MIRZAPUR,Census 2011,Census 2011,374,Uttar Pradesh,Mirzapur,9,68,confirmed_exact_unique,confirmed,1,1.0,1.0,0,0,0,0,0,Unique exact normalized district key within confirmed boundary state
IND_UTTAR_PRADESH_MORADABAD,Uttar Pradesh,MORADABAD,Uttar Pradesh,MORADABAD,Census 2001,Census 2001,269,Uttar Pradesh,Moradabad,9,4,confirmed_exact_unique,confirmed,1,1.0,1.0,0,0,0,0,0,Unique exact normalized district key within confirmed boundary state
IND_UTTAR_PRADESH_MORADABAD,Uttar Pradesh,MORADABAD,Uttar Pradesh,MORADABAD,Census 2011,Census 2011,378,Uttar Pradesh,Moradabad,9,4,confirmed_exact_unique,confirmed,1,1.0,1.0,0,0,0,0,0,Unique exact normalized district key within confirmed boundary state
IND_UTTAR_PRADESH_MUZAFFARNAGAR,Uttar Pradesh,MUZAFFARNAGAR,Uttar Pradesh,MUZAFFARNAGAR,Census 2001,Census 2001,271,Uttar Pradesh,Muzaffarnagar,9,2,confirmed_exact_unique,confirmed,1,1.0,1.0,0,0,0,0,0,Unique exact normalized district key within confirmed boundary state
IND_UTTAR_PRADESH_MUZAFFARNAGAR,Uttar Pradesh,MUZAFFARNAGAR,Uttar Pradesh,MUZAFFARNAGAR,Census 2011,Census 2011,385,Uttar Pradesh,Muzaffarnagar,9,2,confirmed_exact_unique,confirmed,1,1.0,1.0,0,0,0,0,0,Unique exact normalized district key within confirmed boundary state
IND_UTTAR_PRADESH_NAINITAL,Uttar Pradesh,NAINITAL,Uttar Pradesh,NAINITAL,Census 2001,Census 2001,323,Uttar Pradesh,Mainpuri,9,18,working_fuzzy_same_state,working_fallback,1,0.0,0.5,0,0,0,0,1,Best ranked same-state fuzzy candidate; not historically confirmed
IND_UTTAR_PRADESH_NAINITAL,Uttar Pradesh,NAINITAL,Uttar Pradesh,NAINITAL,Census 2011,Census 2011,357,Uttar Pradesh,Mainpuri,9,17,working_fuzzy_same_state,working_fallback,1,0.0,0.5,0,0,0,0,1,Best ranked same-state fuzzy candidate; not historically confirmed
IND_UTTAR_PRADESH_PAURI_GARHWAL,Uttar Pradesh,PAURI GARHWAL,Uttar Pradesh,PAURI GARHWAL,Census 2001,Census 2001,22,Uttar Pradesh,Aligarh,9,12,working_fuzzy_same_state,working_fallback,1,0.0,0.631579,0,0,0,1,1,Best ranked same-state fuzzy candidate; not historically confirmed
IND_UTTAR_PRADESH_PAURI_GARHWAL,Uttar Pradesh,PAURI GARHWAL,Uttar Pradesh,PAURI GARHWAL,Census 2011,Census 2011,8,Uttar Pradesh,Aligarh,9,12,working_fuzzy_same_state,working_fallback,1,0.0,0.631579,0,0,0,1,1,Best ranked same-state fuzzy candidate; not historically confirmed
IND_UTTAR_PRADESH_PILIBHIT,Uttar Pradesh,PILIBHIT,Uttar Pradesh,PILIBHIT,Census 2001,Census 2001,392,Uttar Pradesh,Pilibhit,9,21,confirmed_exact_unique,confirmed,1,1.0,1.0,0,0,0,0,0,Unique exact normalized district key within confirmed boundary state
IND_UTTAR_PRADESH_PILIBHIT,Uttar Pradesh,PILIBHIT,Uttar Pradesh,PILIBHIT,Census 2011,Census 2011,442,Uttar Pradesh,Pilibhit,9,20,confirmed_exact_unique,confirmed,1,1.0,1.0,0,0,0,0,0,Unique exact normalized district key within confirmed boundary state
IND_UTTAR_PRADESH_PITHORAGARH,Uttar Pradesh,PITHORAGARH,Uttar Pradesh,PITHORAGARH,Census 2001,Census 2001,397,Uttar Pradesh,Pratapgarh,9,43,working_fuzzy_same_state,working_fallback,1,0.0,0.666667,0,0,0,0,1,Best ranked same-state fuzzy candidate; not historically confirmed
IND_UTTAR_PRADESH_PITHORAGARH,Uttar Pradesh,PITHORAGARH,Uttar Pradesh,PITHORAGARH,Census 2011,Census 2011,447,Uttar Pradesh,Pratapgarh,9,42,working_fuzzy_same_state,working_fallback,1,0.0,0.666667,0,0,0,0,1,Best ranked same-state fuzzy candidate; not historically confirmed
IND_UTTAR_PRADESH_PRATAPGARH,Uttar Pradesh,PRATAPGARH,Uttar Pradesh,PRATAPGARH,Census 2001,Census 2001,397,Uttar Pradesh,Pratapgarh,9,43,confirmed_exact_unique,confirmed,1,1.0,1.0,0,0,0,0,0,Unique exact normalized district key within confirmed boundary state
IND_UTTAR_PRADESH_PRATAPGARH,Uttar Pradesh,PRATAPGARH,Uttar Pradesh,PRATAPGARH,Census 2011,Census 2011,447,Uttar Pradesh,Pratapgarh,9,42,confirmed_exact_unique,confirmed,1,1.0,1.0,0,0,0,0,0,Unique exact normalized district key within confirmed boundary state
IND_UTTAR_PRADESH_RAE_BARELI,Uttar Pradesh,RAE BARELI,Uttar Pradesh,RAE BARELI,Census 2001,Census 2001,281,Uttar Pradesh,Rae Bareli,9,28,confirmed_exact_unique,confirmed,1,1.0,1.0,0,0,0,0,0,Unique exact normalized district key within confirmed boundary state
IND_UTTAR_PRADESH_RAE_BARELI,Uttar Pradesh,RAE BARELI,Uttar Pradesh,RAE BARELI,Census 2011,Census 2011,458,Uttar Pradesh,Rae Bareli,9,27,confirmed_exact_unique,confirmed,1,1.0,1.0,0,0,0,0,0,Unique exact normalized district key within confirmed boundary state
IND_UTTAR_PRADESH_RAMPUR,Uttar Pradesh,RAMPUR,Uttar Pradesh,RAMPUR,Census 2001,Census 2001,410,Uttar Pradesh,Rampur,9,5,confirmed_exact_unique,confirmed,1,1.0,1.0,0,0,0,0,0,Unique exact normalized district key within confirmed boundary state
IND_UTTAR_PRADESH_RAMPUR,Uttar Pradesh,RAMPUR,Uttar Pradesh,RAMPUR,Census 2011,Census 2011,473,Uttar Pradesh,Rampur,9,5,confirmed_exact_unique,confirmed,1,1.0,1.0,0,0,0,0,0,Unique exact normalized district key within confirmed boundary state
IND_UTTAR_PRADESH_RUDRA_PRAYAG,Uttar Pradesh,RUDRA PRAYAG,Uttar Pradesh,RUDRA PRAYAG,Census 2001,Census 2001,6,Uttar Pradesh,Auraiya,9,32,working_fuzzy_same_state,working_fallback,1,0.0,0.555556,0,0,0,0,1,Best ranked same-state fuzzy candidate; not historically confirmed
IND_UTTAR_PRADESH_RUDRA_PRAYAG,Uttar Pradesh,RUDRA PRAYAG,Uttar Pradesh,RUDRA PRAYAG,Census 2011,Census 2011,27,Uttar Pradesh,Auraiya,9,31,working_fuzzy_same_state,working_fallback,1,0.0,0.555556,0,0,0,0,1,Best ranked same-state fuzzy candidate; not historically confirmed
IND_UTTAR_PRADESH_SAHARANPUR,Uttar Pradesh,SAHARANPUR,Uttar Pradesh,SAHARANPUR,Census 2001,Census 2001,447,Uttar Pradesh,Saharanpur,9,1,confirmed_exact_unique,confirmed,1,1.0,1.0,0,0,0,0,0,Unique exact normalized district key within confirmed boundary state
IND_UTTAR_PRADESH_SAHARANPUR,Uttar Pradesh,SAHARANPUR,Uttar Pradesh,SAHARANPUR,Census 2011,Census 2011,489,Uttar Pradesh,Saharanpur,9,1,confirmed_exact_unique,confirmed,1,1.0,1.0,0,0,0,0,0,Unique exact normalized district key within confirmed boundary state
IND_UTTAR_PRADESH_SAMBHAL,Uttar Pradesh,SAMBHAL,Uttar Pradesh,SAMBHAL,Census 2001,Census 2001,257,Uttar Pradesh,Kaushambi,9,44,working_fuzzy_same_state,working_fallback,1,0.0,0.5,0,0,0,1,1,Best ranked same-state fuzzy candidate; not historically confirmed
IND_UTTAR_PRADESH_SAMBHAL,Uttar Pradesh,SAMBHAL,Uttar Pradesh,SAMBHAL,Census 2011,Census 2011,292,Uttar Pradesh,Kaushambi,9,43,working_fuzzy_same_state,working_fallback,1,0.0,0.5,0,0,0,1,1,Best ranked same-state fuzzy candidate; not historically confirmed
IND_UTTAR_PRADESH_SANT_KABEER_NAGAR,Uttar Pradesh,SANT KABEER NAGAR,Uttar Pradesh,SANT KABEER NAGAR,Census 2001,Census 2001,420,Uttar Pradesh,Sant Kabir Nagar,9,56,working_fuzzy_same_state,working_fallback,1,0.5,0.896552,0,0,0,0,1,Best ranked same-state fuzzy candidate; not historically confirmed
IND_UTTAR_PRADESH_SANT_KABEER_NAGAR,Uttar Pradesh,SANT KABEER NAGAR,Uttar Pradesh,SANT KABEER NAGAR,Census 2011,Census 2011,500,Uttar Pradesh,Sant Kabir Nagar,9,55,working_fuzzy_same_state,working_fallback,1,0.5,0.896552,0,0,0,1,1,Best ranked same-state fuzzy candidate; not historically confirmed
IND_UTTAR_PRADESH_SANT_RAVIDAS_NAGAR,Uttar Pradesh,SANT RAVIDAS NAGAR,Uttar Pradesh,SANT RAVIDAS NAGAR,Census 2001,Census 2001,417,Uttar Pradesh,Sant Ravidas Nagar Bhadohi,9,68,working_fuzzy_same_state,working_fallback,1,0.75,0.820513,0,0,0,0,1,Best ranked same-state fuzzy candidate; not historically confirmed
IND_UTTAR_PRADESH_SANT_RAVIDAS_NAGAR,Uttar Pradesh,SANT RAVIDAS NAGAR,Uttar Pradesh,SANT RAVIDAS NAGAR,Census 2011,Census 2011,500,Uttar Pradesh,Sant Kabir Nagar,9,55,working_fuzzy_same_state,working_fallback,1,0.5,0.666667,0,0,0,1,1,Best ranked same-state fuzzy candidate; not historically confirmed
IND_UTTAR_PRADESH_SHAHJAHANPUR,Uttar Pradesh,SHAHJAHANPUR,Uttar Pradesh,SHAHJAHANPUR,Census 2001,Census 2001,426,Uttar Pradesh,Shahjahanpur,9,22,confirmed_exact_unique,confirmed,1,1.0,1.0,0,0,0,0,0,Unique exact normalized district key within confirmed boundary state
IND_UTTAR_PRADESH_SHAHJAHANPUR,Uttar Pradesh,SHAHJAHANPUR,Uttar Pradesh,SHAHJAHANPUR,Census 2011,Census 2011,512,Uttar Pradesh,Shahjahanpur,9,21,confirmed_exact_unique,confirmed,1,1.0,1.0,0,0,0,0,0,Unique exact normalized district key within confirmed boundary state
IND_UTTAR_PRADESH_SHAMLI,Uttar Pradesh,SHAMLI,Uttar Pradesh,SHAMLI,Census 2001,Census 2001,257,Uttar Pradesh,Kaushambi,9,44,working_fuzzy_same_state,working_fallback,1,0.0,0.666667,0,0,0,1,1,Best ranked same-state fuzzy candidate; not historically confirmed
IND_UTTAR_PRADESH_SHAMLI,Uttar Pradesh,SHAMLI,Uttar Pradesh,SHAMLI,Census 2011,Census 2011,292,Uttar Pradesh,Kaushambi,9,43,working_fuzzy_same_state,working_fallback,1,0.0,0.666667,0,0,0,1,1,Best ranked same-state fuzzy candidate; not historically confirmed
IND_UTTAR_PRADESH_SHRAVASTI,Uttar Pradesh,SHRAVASTI,Uttar Pradesh,SHRAVASTI,Census 2001,Census 2001,433,Uttar Pradesh,Shrawasti,9,51,working_fuzzy_same_state,working_fallback,1,0.0,0.888889,0,0,0,1,1,Best ranked same-state fuzzy candidate; not historically confirmed
IND_UTTAR_PRADESH_SHRAVASTI,Uttar Pradesh,SHRAVASTI,Uttar Pradesh,SHRAVASTI,Census 2011,Census 2011,520,Uttar Pradesh,Shrawasti,9,50,working_fuzzy_same_state,working_fallback,1,0.0,0.888889,0,0,0,1,1,Best ranked same-state fuzzy candidate; not historically confirmed
IND_UTTAR_PRADESH_SIDDHARTH_NAGAR,Uttar Pradesh,SIDDHARTH NAGAR,Uttar Pradesh,SIDDHARTH NAGAR,Census 2001,Census 2001,491,Uttar Pradesh,Siddharthnagar,9,54,confirmed_exact_unique,confirmed,1,1.0,1.0,0,0,0,0,0,Unique exact normalized district key within confirmed boundary state
IND_UTTAR_PRADESH_SIDDHARTH_NAGAR,Uttar Pradesh,SIDDHARTH NAGAR,Uttar Pradesh,SIDDHARTH NAGAR,Census 2011,Census 2011,523,Uttar Pradesh,Siddharth Nagar,9,53,confirmed_exact_unique,confirmed,1,1.0,1.0,0,0,0,0,0,Unique exact normalized district key within confirmed boundary state
IND_UTTAR_PRADESH_SITAPUR,Uttar Pradesh,SITAPUR,Uttar Pradesh,SITAPUR,Census 2001,Census 2001,454,Uttar Pradesh,Sitapur,9,24,confirmed_exact_unique,confirmed,1,1.0,1.0,0,0,0,0,0,Unique exact normalized district key within confirmed boundary state
IND_UTTAR_PRADESH_SITAPUR,Uttar Pradesh,SITAPUR,Uttar Pradesh,SITAPUR,Census 2011,Census 2011,533,Uttar Pradesh,Sitapur,9,23,confirmed_exact_unique,confirmed,1,1.0,1.0,0,0,0,0,0,Unique exact normalized district key within confirmed boundary state
IND_UTTAR_PRADESH_SONBHADRA,Uttar Pradesh,SONBHADRA,Uttar Pradesh,SONBHADRA,Census 2001,Census 2001,482,Uttar Pradesh,Sonbhadra,9,70,confirmed_exact_unique,confirmed,1,1.0,1.0,0,0,0,0,0,Unique exact normalized district key within confirmed boundary state
IND_UTTAR_PRADESH_SONBHADRA,Uttar Pradesh,SONBHADRA,Uttar Pradesh,SONBHADRA,Census 2011,Census 2011,539,Uttar Pradesh,Sonbhadra,9,69,confirmed_exact_unique,confirmed,1,1.0,1.0,0,0,0,0,0,Unique exact normalized district key within confirmed boundary state
IND_UTTAR_PRADESH_SULTANPUR,Uttar Pradesh,SULTANPUR,Uttar Pradesh,SULTANPUR,Census 2001,Census 2001,459,Uttar Pradesh,Sultanpur,9,49,confirmed_exact_unique,confirmed,1,1.0,1.0,0,0,0,0,0,Unique exact normalized district key within confirmed boundary state
IND_UTTAR_PRADESH_SULTANPUR,Uttar Pradesh,SULTANPUR,Uttar Pradesh,SULTANPUR,Census 2011,Census 2011,551,Uttar Pradesh,Sultanpur,9,48,confirmed_exact_unique,confirmed,1,1.0,1.0,0,0,0,0,0,Unique exact normalized district key within confirmed boundary state
IND_UTTAR_PRADESH_TEHRI_GARHWAL,Uttar Pradesh,TEHRI GARHWAL,Uttar Pradesh,TEHRI GARHWAL,Census 2001,Census 2001,22,Uttar Pradesh,Aligarh,9,12,working_fuzzy_same_state,working_fallback,1,0.0,0.526316,0,0,0,1,1,Best ranked same-state fuzzy candidate; not historically confirmed
IND_UTTAR_PRADESH_TEHRI_GARHWAL,Uttar Pradesh,TEHRI GARHWAL,Uttar Pradesh,TEHRI GARHWAL,Census 2011,Census 2011,8,Uttar Pradesh,Aligarh,9,12,working_fuzzy_same_state,working_fallback,1,0.0,0.526316,0,0,0,1,1,Best ranked same-state fuzzy candidate; not historically confirmed
IND_UTTAR_PRADESH_UDAM_SINGH_NAGAR,Uttar Pradesh,UDAM SINGH NAGAR,Uttar Pradesh,UDAM SINGH NAGAR,Census 2001,Census 2001,26,Uttar Pradesh,Ambedkar Nagar,9,48,working_fuzzy_same_state,working_fallback,1,0.25,0.518519,0,0,0,0,1,Best ranked same-state fuzzy candidate; not historically confirmed
IND_UTTAR_PRADESH_UDAM_SINGH_NAGAR,Uttar Pradesh,UDAM SINGH NAGAR,Uttar Pradesh,UDAM SINGH NAGAR,Census 2011,Census 2011,523,Uttar Pradesh,Siddharth Nagar,9,53,working_fuzzy_same_state,working_fallback,1,0.25,0.571429,0,0,0,0,1,Best ranked same-state fuzzy candidate; not historically confirmed
IND_UTTAR_PRADESH_UNNAO,Uttar Pradesh,UNNAO,Uttar Pradesh,UNNAO,Census 2001,Census 2001,509,Uttar Pradesh,Unnao,9,26,confirmed_exact_unique,confirmed,1,1.0,1.0,0,0,0,0,0,Unique exact normalized district key within confirmed boundary state
IND_UTTAR_PRADESH_UNNAO,Uttar Pradesh,UNNAO,Uttar Pradesh,UNNAO,Census 2011,Census 2011,591,Uttar Pradesh,Unnao,9,25,confirmed_exact_unique,confirmed,1,1.0,1.0,0,0,0,0,0,Unique exact normalized district key within confirmed boundary state
IND_UTTAR_PRADESH_UTTAR_KASHI,Uttar Pradesh,UTTAR KASHI,Uttar Pradesh,UTTAR KASHI,Census 2001,Census 2001,516,Uttar Pradesh,Varanasi,9,67,working_fuzzy_same_state,working_fallback,1,0.0,0.555556,0,0,0,0,1,Best ranked same-state fuzzy candidate; not historically confirmed
IND_UTTAR_PRADESH_UTTAR_KASHI,Uttar Pradesh,UTTAR KASHI,Uttar Pradesh,UTTAR KASHI,Census 2011,Census 2011,600,Uttar Pradesh,Varanasi,9,66,working_fuzzy_same_state,working_fallback,1,0.0,0.555556,0,0,0,0,1,Best ranked same-state fuzzy candidate; not historically confirmed
IND_UTTAR_PRADESH_VARANASI,Uttar Pradesh,VARANASI,Uttar Pradesh,VARANASI,Census 2001,Census 2001,516,Uttar Pradesh,Varanasi,9,67,confirmed_exact_unique,confirmed,1,1.0,1.0,0,0,0,0,0,Unique exact normalized district key within confirmed boundary state
IND_UTTAR_PRADESH_VARANASI,Uttar Pradesh,VARANASI,Uttar Pradesh,VARANASI,Census 2011,Census 2011,600,Uttar Pradesh,Varanasi,9,66,confirmed_exact_unique,confirmed,1,1.0,1.0,0,0,0,0,0,Unique exact normalized district key within confirmed boundary state
IND_UTTARAKHAND_ALMORA,Uttarakhand,ALMORA,Uttarakhand,ALMORA,Census 2001,Census 2001,24,Uttarakhand,Almora,5,9,confirmed_exact_unique,confirmed,1,1.0,1.0,0,0,0,0,0,Unique exact normalized district key within confirmed boundary state
IND_UTTARAKHAND_ALMORA,Uttarakhand,ALMORA,Uttarakhand,ALMORA,Census 2011,Census 2011,11,Uttarakhand,Almora,5,9,confirmed_exact_unique,confirmed,1,1.0,1.0,0,0,0,0,0,Unique exact normalized district key within confirmed boundary state
IND_UTTARAKHAND_BAGESHWAR,Uttarakhand,BAGESHWAR,Uttarakhand,BAGESHWAR,Census 2001,Census 2001,13,Uttarakhand,Bageshwar,5,8,confirmed_exact_unique,confirmed,1,1.0,1.0,0,0,0,0,0,Unique exact normalized district key within confirmed boundary state
IND_UTTARAKHAND_BAGESHWAR,Uttarakhand,BAGESHWAR,Uttarakhand,BAGESHWAR,Census 2011,Census 2011,33,Uttarakhand,Bageshwar,5,8,confirmed_exact_unique,confirmed,1,1.0,1.0,0,0,0,0,0,Unique exact normalized district key within confirmed boundary state
IND_UTTARAKHAND_CHAMOLI,Uttarakhand,CHAMOLI,Uttarakhand,CHAMOLI,Census 2001,Census 2001,83,Uttarakhand,Chamoli,5,2,confirmed_exact_unique,confirmed,1,1.0,1.0,0,0,0,0,0,Unique exact normalized district key within confirmed boundary state
IND_UTTARAKHAND_CHAMOLI,Uttarakhand,CHAMOLI,Uttarakhand,CHAMOLI,Census 2011,Census 2011,100,Uttarakhand,Chamoli,5,2,confirmed_exact_unique,confirmed,1,1.0,1.0,0,0,0,0,0,Unique exact normalized district key within confirmed boundary state
IND_UTTARAKHAND_CHAMPAWAT,Uttarakhand,CHAMPAWAT,Uttarakhand,CHAMPAWAT,Census 2001,Census 2001,94,Uttarakhand,Champawat,5,10,confirmed_exact_unique,confirmed,1,1.0,1.0,0,0,0,0,0,Unique exact normalized district key within confirmed boundary state
IND_UTTARAKHAND_CHAMPAWAT,Uttarakhand,CHAMPAWAT,Uttarakhand,CHAMPAWAT,Census 2011,Census 2011,101,Uttarakhand,Champawat,5,10,confirmed_exact_unique,confirmed,1,1.0,1.0,0,0,0,0,0,Unique exact normalized district key within confirmed boundary state
IND_UTTARAKHAND_DEHRADUN,Uttarakhand,DEHRADUN,Uttarakhand,DEHRADUN,Census 2001,Census 2001,104,Uttarakhand,Dehradun,5,5,confirmed_exact_unique,confirmed,1,1.0,1.0,0,0,0,0,0,Unique exact normalized district key within confirmed boundary state
IND_UTTARAKHAND_DEHRADUN,Uttarakhand,DEHRADUN,Uttarakhand,DEHRADUN,Census 2011,Census 2011,139,Uttarakhand,Dehradun,5,5,confirmed_exact_unique,confirmed,1,1.0,1.0,0,0,0,0,0,Unique exact normalized district key within confirmed boundary state
IND_UTTARAKHAND_HARIDWAR,Uttarakhand,HARIDWAR,Uttarakhand,HARIDWAR,Census 2001,Census 2001,206,Uttarakhand,Hardwar,5,13,working_fuzzy_same_state,working_fallback,1,0.0,0.933333,0,0,0,0,1,Best ranked same-state fuzzy candidate; not historically confirmed
IND_UTTARAKHAND_HARIDWAR,Uttarakhand,HARIDWAR,Uttarakhand,HARIDWAR,Census 2011,Census 2011,221,Uttarakhand,Hardwar,5,13,working_fuzzy_same_state,working_fallback,1,0.0,0.933333,0,0,0,0,1,Best ranked same-state fuzzy candidate; not historically confirmed
IND_UTTARAKHAND_NAINITAL,Uttarakhand,NAINITAL,Uttarakhand,NAINITAL,Census 2001,Census 2001,336,Uttarakhand,Nainital,5,11,confirmed_exact_unique,confirmed,1,1.0,1.0,0,0,0,0,0,Unique exact normalized district key within confirmed boundary state
IND_UTTARAKHAND_NAINITAL,Uttarakhand,NAINITAL,Uttarakhand,NAINITAL,Census 2011,Census 2011,393,Uttarakhand,Nainital,5,11,confirmed_exact_unique,confirmed,1,1.0,1.0,0,0,0,0,0,Unique exact normalized district key within confirmed boundary state
IND_UTTARAKHAND_PAURI_GARHWAL,Uttarakhand,PAURI GARHWAL,Uttarakhand,PAURI GARHWAL,Census 2001,Census 2001,174,Uttarakhand,Garhwal,5,6,working_fuzzy_same_state,working_fallback,1,0.5,0.736842,0,0,0,0,1,Best ranked same-state fuzzy candidate; not historically confirmed
IND_UTTARAKHAND_PAURI_GARHWAL,Uttarakhand,PAURI GARHWAL,Uttarakhand,PAURI GARHWAL,Census 2011,Census 2011,194,Uttarakhand,Garhwal,5,6,working_fuzzy_same_state,working_fallback,1,0.5,0.736842,0,0,0,0,1,Best ranked same-state fuzzy candidate; not historically confirmed
IND_UTTARAKHAND_PITHORAGARH,Uttarakhand,PITHORAGARH,Uttarakhand,PITHORAGARH,Census 2001,Census 2001,393,Uttarakhand,Pithoragarh,5,7,confirmed_exact_unique,confirmed,1,1.0,1.0,0,0,0,0,0,Unique exact normalized district key within confirmed boundary state
IND_UTTARAKHAND_PITHORAGARH,Uttarakhand,PITHORAGARH,Uttarakhand,PITHORAGARH,Census 2011,Census 2011,443,Uttarakhand,Pithoragarh,5,7,confirmed_exact_unique,confirmed,1,1.0,1.0,0,0,0,0,0,Unique exact normalized district key within confirmed boundary state
IND_UTTARAKHAND_RUDRA_PRAYAG,Uttarakhand,RUDRA PRAYAG,Uttarakhand,RUDRA PRAYAG,Census 2001,Census 2001,443,Uttarakhand,Rudraprayag,5,3,confirmed_exact_unique,confirmed,1,1.0,1.0,0,0,0,0,0,Unique exact normalized district key within confirmed boundary state
IND_UTTARAKHAND_RUDRA_PRAYAG,Uttarakhand,RUDRA PRAYAG,Uttarakhand,RUDRA PRAYAG,Census 2011,Census 2011,485,Uttarakhand,Rudraprayag,5,3,confirmed_exact_unique,confirmed,1,1.0,1.0,0,0,0,0,0,Unique exact normalized district key within confirmed boundary state
IND_UTTARAKHAND_TEHRI_GARHWAL,Uttarakhand,TEHRI GARHWAL,Uttarakhand,TEHRI GARHWAL,Census 2001,Census 2001,466,Uttarakhand,Tehri Garhwal,5,4,confirmed_exact_unique,confirmed,1,1.0,1.0,0,0,0,0,0,Unique exact normalized district key within confirmed boundary state
IND_UTTARAKHAND_TEHRI_GARHWAL,Uttarakhand,TEHRI GARHWAL,Uttarakhand,TEHRI GARHWAL,Census 2011,Census 2011,560,Uttarakhand,Tehri Garhwal,5,4,confirmed_exact_unique,confirmed,1,1.0,1.0,0,0,0,0,0,Unique exact normalized district key within confirmed boundary state
IND_UTTARAKHAND_UDAM_SINGH_NAGAR,Uttarakhand,UDAM SINGH NAGAR,Uttarakhand,UDAM SINGH NAGAR,Census 2001,Census 2001,476,Uttarakhand,Udham Singh Nagar,5,12,working_fuzzy_same_state,working_fallback,1,0.5,0.965517,0,0,0,0,1,Best ranked same-state fuzzy candidate; not historically confirmed
IND_UTTARAKHAND_UDAM_SINGH_NAGAR,Uttarakhand,UDAM SINGH NAGAR,Uttarakhand,UDAM SINGH NAGAR,Census 2011,Census 2011,585,Uttarakhand,Udham Singh Nagar,5,12,working_fuzzy_same_state,working_fallback,1,0.5,0.965517,0,0,0,0,1,Best ranked same-state fuzzy candidate; not historically confirmed
IND_UTTARAKHAND_UTTAR_KASHI,Uttarakhand,UTTAR KASHI,Uttarakhand,UTTAR KASHI,Census 2001,Census 2001,513,Uttarakhand,Uttarkashi,5,1,confirmed_exact_unique,confirmed,1,1.0,1.0,0,0,0,0,0,Unique exact normalized district key within confirmed boundary state
IND_UTTARAKHAND_UTTAR_KASHI,Uttarakhand,UTTAR KASHI,Uttarakhand,UTTAR KASHI,Census 2011,Census 2011,596,Uttarakhand,Uttarkashi,5,1,confirmed_exact_unique,confirmed,1,1.0,1.0,0,0,0,0,0,Unique exact normalized district key within confirmed boundary state
IND_WEST_BENGAL_24_PARAGANAS_NORTH,West Bengal,24 PARAGANAS NORTH,West Bengal,24 PARAGANAS NORTH,Census 2001,Census 2001,361,West Bengal,North Twenty Four Parganas,19,11,working_fuzzy_same_state,working_fallback,1,0.166667,0.410256,0,0,0,0,1,Best ranked same-state fuzzy candidate; not historically confirmed
IND_WEST_BENGAL_24_PARAGANAS_NORTH,West Bengal,24 PARAGANAS NORTH,West Bengal,24 PARAGANAS NORTH,Census 2011,Census 2011,413,West Bengal,North 24 Parganas,19,11,working_fuzzy_same_state,working_fallback,1,0.5,0.645161,0,0,0,0,1,Best ranked same-state fuzzy candidate; not historically confirmed
IND_WEST_BENGAL_24_PARAGANAS_SOUTH,West Bengal,24 PARAGANAS SOUTH,West Bengal,24 PARAGANAS SOUTH,Census 2001,Census 2001,486,West Bengal,South  Twenty Four Parganas,19,18,working_fuzzy_same_state,working_fallback,1,0.166667,0.410256,0,0,0,0,1,Best ranked same-state fuzzy candidate; not historically confirmed
IND_WEST_BENGAL_24_PARAGANAS_SOUTH,West Bengal,24 PARAGANAS SOUTH,West Bengal,24 PARAGANAS SOUTH,Census 2011,Census 2011,544,West Bengal,South 24 Parganas,19,17,working_fuzzy_same_state,working_fallback,1,0.5,0.645161,0,0,0,0,1,Best ranked same-state fuzzy candidate; not historically confirmed
IND_WEST_BENGAL_ALIPURDUAR,West Bengal,ALIPURDUAR,West Bengal,ALIPURDUAR,Census 2001,Census 2001,280,West Bengal,Puruliya,19,14,working_fuzzy_same_state,working_fallback,1,0.0,0.555556,0,0,0,1,1,Best ranked same-state fuzzy candidate; not historically confirmed
IND_WEST_BENGAL_ALIPURDUAR,West Bengal,ALIPURDUAR,West Bengal,ALIPURDUAR,Census 2011,Census 2011,457,West Bengal,Puruliya,19,14,working_fuzzy_same_state,working_fallback,1,0.0,0.555556,0,0,0,1,1,Best ranked same-state fuzzy candidate; not historically confirmed
IND_WEST_BENGAL_BANKURA,West Bengal,BANKURA,West Bengal,BANKURA,Census 2001,Census 2001,75,West Bengal,Bankura,19,13,confirmed_exact_unique,confirmed,1,1.0,1.0,0,0,0,0,0,Unique exact normalized district key within confirmed boundary state
IND_WEST_BENGAL_BANKURA,West Bengal,BANKURA,West Bengal,BANKURA,Census 2011,Census 2011,48,West Bengal,Bankura,19,13,confirmed_exact_unique,confirmed,1,1.0,1.0,0,0,0,0,0,Unique exact normalized district key within confirmed boundary state
IND_WEST_BENGAL_BARDHAMAN,West Bengal,BARDHAMAN,West Bengal,BARDHAMAN,Census 2001,Census 2001,34,West Bengal,Barddhaman,19,9,working_fuzzy_same_state,working_fallback,1,0.0,0.947368,0,0,0,1,1,Best ranked same-state fuzzy candidate; not historically confirmed
IND_WEST_BENGAL_BARDHAMAN,West Bengal,BARDHAMAN,West Bengal,BARDHAMAN,Census 2011,Census 2011,54,West Bengal,Barddhaman,19,9,working_fuzzy_same_state,working_fallback,1,0.0,0.947368,0,0,0,0,1,Best ranked same-state fuzzy candidate; not historically confirmed
IND_WEST_BENGAL_BIRBHUM,West Bengal,BIRBHUM,West Bengal,BIRBHUM,Census 2001,Census 2001,50,West Bengal,Birbhum,19,8,confirmed_exact_unique,confirmed,1,1.0,1.0,0,0,0,0,0,Unique exact normalized district key within confirmed boundary state
IND_WEST_BENGAL_BIRBHUM,West Bengal,BIRBHUM,West Bengal,BIRBHUM,Census 2011,Census 2011,87,West Bengal,Birbhum,19,8,confirmed_exact_unique,confirmed,1,1.0,1.0,0,0,0,0,0,Unique exact normalized district key within confirmed boundary state
IND_WEST_BENGAL_COOCHBEHAR,West Bengal,COOCHBEHAR,West Bengal,COOCHBEHAR,Census 2001,Census 2001,263,West Bengal,Koch Bihar,19,3,working_fuzzy_same_state,working_fallback,1,0.0,0.736842,0,0,0,0,1,Best ranked same-state fuzzy candidate; not historically confirmed
IND_WEST_BENGAL_COOCHBEHAR,West Bengal,COOCHBEHAR,West Bengal,COOCHBEHAR,Census 2011,Census 2011,305,West Bengal,Koch Bihar,19,3,working_fuzzy_same_state,working_fallback,1,0.0,0.736842,0,0,0,0,1,Best ranked same-state fuzzy candidate; not historically confirmed
IND_WEST_BENGAL_DARJEELING,West Bengal,DARJEELING,West Bengal,DARJEELING,Census 2001,Census 2001,125,West Bengal,Darjiling,19,1,working_fuzzy_same_state,working_fallback,1,0.0,0.842105,0,0,0,0,1,Best ranked same-state fuzzy candidate; not historically confirmed
IND_WEST_BENGAL_DARJEELING,West Bengal,DARJEELING,West Bengal,DARJEELING,Census 2011,Census 2011,133,West Bengal,Darjiling,19,1,working_fuzzy_same_state,working_fallback,1,0.0,0.842105,0,0,0,0,1,Best ranked same-state fuzzy candidate; not historically confirmed
IND_WEST_BENGAL_DINAJPUR_DAKSHIN,West Bengal,DINAJPUR DAKSHIN,West Bengal,DINAJPUR DAKSHIN,Census 2001,Census 2001,119,West Bengal,Dakshin Dinajpur,19,5,working_fuzzy_same_state,working_fallback,1,1.0,0.533333,0,0,0,0,1,Best ranked same-state fuzzy candidate; not historically confirmed
IND_WEST_BENGAL_DINAJPUR_DAKSHIN,West Bengal,DINAJPUR DAKSHIN,West Bengal,DINAJPUR DAKSHIN,Census 2011,Census 2011,128,West Bengal,Dakshin Dinajpur,19,5,working_fuzzy_same_state,working_fallback,1,1.0,0.533333,0,0,0,0,1,Best ranked same-state fuzzy candidate; not historically confirmed
IND_WEST_BENGAL_DINAJPUR_UTTAR,West Bengal,DINAJPUR UTTAR,West Bengal,DINAJPUR UTTAR,Census 2001,Census 2001,529,West Bengal,Uttar Dinajpur,19,4,working_fuzzy_same_state,working_fallback,1,1.0,0.615385,0,0,0,0,1,Best ranked same-state fuzzy candidate; not historically confirmed
IND_WEST_BENGAL_DINAJPUR_UTTAR,West Bengal,DINAJPUR UTTAR,West Bengal,DINAJPUR UTTAR,Census 2011,Census 2011,594,West Bengal,Uttar Dinajpur,19,4,working_fuzzy_same_state,working_fallback,1,1.0,0.615385,0,0,0,0,1,Best ranked same-state fuzzy candidate; not historically confirmed
IND_WEST_BENGAL_HOOGHLY,West Bengal,HOOGHLY,West Bengal,HOOGHLY,Census 2001,Census 2001,212,West Bengal,Hugli,19,12,working_fuzzy_same_state,working_fallback,1,0.0,0.5,0,0,0,0,1,Best ranked same-state fuzzy candidate; not historically confirmed
IND_WEST_BENGAL_HOOGHLY,West Bengal,HOOGHLY,West Bengal,HOOGHLY,Census 2011,Census 2011,230,West Bengal,Hugli,19,12,working_fuzzy_same_state,working_fallback,1,0.0,0.5,0,0,0,0,1,Best ranked same-state fuzzy candidate; not historically confirmed
IND_WEST_BENGAL_HOWRAH,West Bengal,HOWRAH,West Bengal,HOWRAH,Census 2001,Census 2001,203,West Bengal,Haora,19,16,working_fuzzy_same_state,working_fallback,1,0.0,0.727273,0,0,0,0,1,Best ranked same-state fuzzy candidate; not historically confirmed
IND_WEST_BENGAL_HOWRAH,West Bengal,HOWRAH,West Bengal,HOWRAH,Census 2011,Census 2011,218,West Bengal,Haora,19,15,working_fuzzy_same_state,working_fallback,1,0.0,0.727273,0,0,0,0,1,Best ranked same-state fuzzy candidate; not historically confirmed
IND_WEST_BENGAL_JALPAIGURI,West Bengal,JALPAIGURI,West Bengal,JALPAIGURI,Census 2001,Census 2001,230,West Bengal,Jalpaiguri,19,2,confirmed_exact_unique,confirmed,1,1.0,1.0,0,0,0,0,0,Unique exact normalized district key within confirmed boundary state
IND_WEST_BENGAL_JALPAIGURI,West Bengal,JALPAIGURI,West Bengal,JALPAIGURI,Census 2011,Census 2011,247,West Bengal,Jalpaiguri,19,2,confirmed_exact_unique,confirmed,1,1.0,1.0,0,0,0,0,0,Unique exact normalized district key within confirmed boundary state
IND_WEST_BENGAL_MALDAH,West Bengal,MALDAH,West Bengal,MALDAH,Census 2001,Census 2001,322,West Bengal,Maldah,19,6,confirmed_exact_unique,confirmed,1,1.0,1.0,0,0,0,0,0,Unique exact normalized district key within confirmed boundary state
IND_WEST_BENGAL_MALDAH,West Bengal,MALDAH,West Bengal,MALDAH,Census 2011,Census 2011,359,West Bengal,Maldah,19,6,confirmed_exact_unique,confirmed,1,1.0,1.0,0,0,0,0,0,Unique exact normalized district key within confirmed boundary state
IND_WEST_BENGAL_MEDINIPUR_EAST,West Bengal,MEDINIPUR EAST,West Bengal,MEDINIPUR EAST,Census 2001,Census 2001,382,West Bengal,Medinipur,19,15,working_fuzzy_same_state,working_fallback,1,0.5,0.818182,0,0,0,1,1,Best ranked same-state fuzzy candidate; not historically confirmed
IND_WEST_BENGAL_MEDINIPUR_EAST,West Bengal,MEDINIPUR EAST,West Bengal,MEDINIPUR EAST,Census 2011,Census 2011,453,West Bengal,Purba Medinipur,19,19,working_fuzzy_same_state,working_fallback,1,0.333333,0.666667,0,0,0,1,1,Best ranked same-state fuzzy candidate; not historically confirmed
IND_WEST_BENGAL_MEDINIPUR_WEST,West Bengal,MEDINIPUR WEST,West Bengal,MEDINIPUR WEST,Census 2001,Census 2001,382,West Bengal,Medinipur,19,15,working_fuzzy_same_state,working_fallback,1,0.5,0.818182,0,0,0,1,1,Best ranked same-state fuzzy candidate; not historically confirmed
IND_WEST_BENGAL_MEDINIPUR_WEST,West Bengal,MEDINIPUR WEST,West Bengal,MEDINIPUR WEST,Census 2011,Census 2011,453,West Bengal,Purba Medinipur,19,19,working_fuzzy_same_state,working_fallback,1,0.333333,0.666667,0,0,0,1,1,Best ranked same-state fuzzy candidate; not historically confirmed
IND_WEST_BENGAL_MURSHIDABAD,West Bengal,MURSHIDABAD,West Bengal,MURSHIDABAD,Census 2001,Census 2001,270,West Bengal,Murshidabad,19,7,confirmed_exact_unique,confirmed,1,1.0,1.0,0,0,0,0,0,Unique exact normalized district key within confirmed boundary state
IND_WEST_BENGAL_MURSHIDABAD,West Bengal,MURSHIDABAD,West Bengal,MURSHIDABAD,Census 2011,Census 2011,384,West Bengal,Murshidabad,19,7,confirmed_exact_unique,confirmed,1,1.0,1.0,0,0,0,0,0,Unique exact normalized district key within confirmed boundary state
IND_WEST_BENGAL_NADIA,West Bengal,NADIA,West Bengal,NADIA,Census 2001,Census 2001,332,West Bengal,Nadia,19,10,confirmed_exact_unique,confirmed,1,1.0,1.0,0,0,0,0,0,Unique exact normalized district key within confirmed boundary state
IND_WEST_BENGAL_NADIA,West Bengal,NADIA,West Bengal,NADIA,Census 2011,Census 2011,389,West Bengal,Nadia,19,10,confirmed_exact_unique,confirmed,1,1.0,1.0,0,0,0,0,0,Unique exact normalized district key within confirmed boundary state
IND_WEST_BENGAL_PURBA_BARDHAMAN,West Bengal,PURBA BARDHAMAN,West Bengal,PURBA BARDHAMAN,Census 2001,Census 2001,34,West Bengal,Barddhaman,19,9,working_fuzzy_same_state,working_fallback,1,0.0,0.75,0,0,0,1,1,Best ranked same-state fuzzy candidate; not historically confirmed
IND_WEST_BENGAL_PURBA_BARDHAMAN,West Bengal,PURBA BARDHAMAN,West Bengal,PURBA BARDHAMAN,Census 2011,Census 2011,453,West Bengal,Purba Medinipur,19,19,working_fuzzy_same_state,working_fallback,1,0.333333,0.428571,0,0,0,1,1,Best ranked same-state fuzzy candidate; not historically confirmed
IND_WEST_BENGAL_PURULIA,West Bengal,PURULIA,West Bengal,PURULIA,Census 2001,Census 2001,280,West Bengal,Puruliya,19,14,working_fuzzy_same_state,working_fallback,1,0.0,0.933333,0,0,0,1,1,Best ranked same-state fuzzy candidate; not historically confirmed
IND_WEST_BENGAL_PURULIA,West Bengal,PURULIA,West Bengal,PURULIA,Census 2011,Census 2011,457,West Bengal,Puruliya,19,14,working_fuzzy_same_state,working_fallback,1,0.0,0.933333,0,0,0,1,1,Best ranked same-state fuzzy candidate; not historically confirmed
