district_id,raw_state_name,raw_district_name,canonical_state_name,canonical_district_name,valid_from,valid_to,latitude,longitude,point_method,match_method,match_status,override_type,override_confidence,override_evidence,override_review_status,geometry_source,coordinate_source,crop_rows,unique_years,unique_crops,unique_seasons,notes
IND_ANDAMAN_AND_NICOBAR_ISLANDS_ANDAMAN_AND_NICOBAR_ISLANDS,Andaman and Nicobar Islands,Andaman and Nicobar Islands,Andaman and Nicobar Islands,Andaman and Nicobar Islands,2007,2009,,,,exact_pending_boundary_check,pending_boundary_match,,,,,,,72,3,20,5,
IND_ANDAMAN_AND_NICOBAR_ISLANDS_NICOBARS,Andaman and Nicobar Islands,NICOBARS,Andaman and Nicobar Islands,NICOBARS,2000,2014,,,,exact_pending_boundary_check,pending_boundary_match,,,,,,,209,12,19,4,
IND_ANDAMAN_AND_NICOBAR_ISLANDS_NORTH_AND_MIDDLE_ANDAMAN,Andaman and Nicobar Islands,NORTH AND MIDDLE ANDAMAN,Andaman and Nicobar Islands,NORTH AND MIDDLE ANDAMAN,2000,2014,,,,exact_pending_boundary_check,pending_boundary_match,,,,,,,184,8,25,5,
IND_ANDAMAN_AND_NICOBAR_ISLANDS_SOUTH_ANDAMANS,Andaman and Nicobar Islands,SOUTH ANDAMANS,Andaman and Nicobar Islands,SOUTH ANDAMANS,2002,2014,,,,exact_pending_boundary_check,pending_boundary_match,,,,,,,225,10,24,5,
IND_ANDHRA_PRADESH_ADILABAD,Andhra Pradesh,ADILABAD,Andhra Pradesh,ADILABAD,1997,2012,,,,exact_pending_boundary_check,pending_boundary_match,,,,,,,548,16,38,3,
IND_ANDHRA_PRADESH_ANANTAPUR,Andhra Pradesh,ANANTAPUR,Andhra Pradesh,ANANTAPUR,1997,2014,,,,exact_pending_boundary_check,pending_boundary_match,,,,,,,1474,18,60,3,
IND_ANDHRA_PRADESH_CHITTOOR,Andhra Pradesh,CHITTOOR,Andhra Pradesh,CHITTOOR,1997,2014,,,,exact_pending_boundary_check,pending_boundary_match,,,,,,,1469,18,60,3,
IND_ANDHRA_PRADESH_EAST_GODAVARI,Andhra Pradesh,EAST GODAVARI,Andhra Pradesh,EAST GODAVARI,1997,2014,,,,exact_pending_boundary_check,pending_boundary_match,,,,,,,1423,18,63,3,
IND_ANDHRA_PRADESH_GUNTUR,Andhra Pradesh,GUNTUR,Andhra Pradesh,GUNTUR,1997,2014,,,,exact_pending_boundary_check,pending_boundary_match,,,,,,,1290,18,54,3,
IND_ANDHRA_PRADESH_HYDERABAD,Andhra Pradesh,HYDERABAD,Andhra Pradesh,HYDERABAD,1997,2000,,,,exact_pending_boundary_check,pending_boundary_match,,,,,,,8,4,2,2,
IND_ANDHRA_PRADESH_KADAPA,Andhra Pradesh,KADAPA,Andhra Pradesh,KADAPA,1997,2014,,,,exact_pending_boundary_check,pending_boundary_match,,,,,,,1542,18,63,3,
IND_ANDHRA_PRADESH_KARIMNAGAR,Andhra Pradesh,KARIMNAGAR,Andhra Pradesh,KARIMNAGAR,1997,2012,,,,exact_pending_boundary_check,pending_boundary_match,,,,,,,486,16,32,3,
IND_ANDHRA_PRADESH_KHAMMAM,Andhra Pradesh,KHAMMAM,Andhra Pradesh,KHAMMAM,1997,2012,,,,exact_pending_boundary_check,pending_boundary_match,,,,,,,506,16,36,3,
IND_ANDHRA_PRADESH_KRISHNA,Andhra Pradesh,KRISHNA,Andhra Pradesh,KRISHNA,1997,2014,,,,exact_pending_boundary_check,pending_boundary_match,,,,,,,1192,18,57,3,
IND_ANDHRA_PRADESH_KURNOOL,Andhra Pradesh,KURNOOL,Andhra Pradesh,KURNOOL,1997,2014,,,,exact_pending_boundary_check,pending_boundary_match,,,,,,,1553,18,62,3,
IND_ANDHRA_PRADESH_MAHBUBNAGAR,Andhra Pradesh,MAHBUBNAGAR,Andhra Pradesh,MAHBUBNAGAR,1997,2012,,,,exact_pending_boundary_check,pending_boundary_match,,,,,,,560,16,36,3,
IND_ANDHRA_PRADESH_MEDAK,Andhra Pradesh,MEDAK,Andhra Pradesh,MEDAK,1997,2012,,,,exact_pending_boundary_check,pending_boundary_match,,,,,,,597,16,40,3,
IND_ANDHRA_PRADESH_NALGONDA,Andhra Pradesh,NALGONDA,Andhra Pradesh,NALGONDA,1997,2012,,,,exact_pending_boundary_check,pending_boundary_match,,,,,,,447,16,32,3,
IND_ANDHRA_PRADESH_NIZAMABAD,Andhra Pradesh,NIZAMABAD,Andhra Pradesh,NIZAMABAD,1997,2012,,,,exact_pending_boundary_check,pending_boundary_match,,,,,,,560,16,37,3,
IND_ANDHRA_PRADESH_PRAKASAM,Andhra Pradesh,PRAKASAM,Andhra Pradesh,PRAKASAM,1997,2014,,,,exact_pending_boundary_check,pending_boundary_match,,,,,,,1514,18,60,3,
IND_ANDHRA_PRADESH_RANGAREDDI,Andhra Pradesh,RANGAREDDI,Andhra Pradesh,RANGAREDDI,1997,2012,,,,exact_pending_boundary_check,pending_boundary_match,,,,,,,580,16,39,3,
IND_ANDHRA_PRADESH_SPSR_NELLORE,Andhra Pradesh,SPSR NELLORE,Andhra Pradesh,SPSR NELLORE,1997,2014,,,,exact_pending_boundary_check,pending_boundary_match,,,,,,,1287,18,54,3,
IND_ANDHRA_PRADESH_SRIKAKULAM,Andhra Pradesh,SRIKAKULAM,Andhra Pradesh,SRIKAKULAM,1997,2014,,,,exact_pending_boundary_check,pending_boundary_match,,,,,,,1297,18,53,3,
IND_ANDHRA_PRADESH_VISAKHAPATANAM,Andhra Pradesh,VISAKHAPATANAM,Andhra Pradesh,VISAKHAPATANAM,1997,2014,,,,exact_pending_boundary_check,pending_boundary_match,,,,,,,1539,18,60,3,
IND_ANDHRA_PRADESH_VIZIANAGARAM,Andhra Pradesh,VIZIANAGARAM,Andhra Pradesh,VIZIANAGARAM,1997,2014,,,,exact_pending_boundary_check,pending_boundary_match,,,,,,,1388,18,57,3,
IND_ANDHRA_PRADESH_WARANGAL,Andhra Pradesh,WARANGAL,Andhra Pradesh,WARANGAL,1997,2012,,,,exact_pending_boundary_check,pending_boundary_match,,,,,,,485,16,30,3,
IND_ANDHRA_PRADESH_WEST_GODAVARI,Andhra Pradesh,WEST GODAVARI,Andhra Pradesh,WEST GODAVARI,1997,2014,,,,exact_pending_boundary_check,pending_boundary_match,,,,,,,1083,18,56,3,
IND_ARUNACHAL_PRADESH_ANJAW,Arunachal Pradesh,ANJAW,Arunachal Pradesh,ANJAW,2004,2014,,,,exact_pending_boundary_check,pending_boundary_match,,,,,,,204,11,11,3,
IND_ARUNACHAL_PRADESH_CHANGLANG,Arunachal Pradesh,CHANGLANG,Arunachal Pradesh,CHANGLANG,1997,2014,,,,exact_pending_boundary_check,pending_boundary_match,,,,,,,373,18,17,3,
IND_ARUNACHAL_PRADESH_DIBANG_VALLEY,Arunachal Pradesh,DIBANG VALLEY,Arunachal Pradesh,DIBANG VALLEY,1997,2014,,,,exact_pending_boundary_check,pending_boundary_match,,,,,,,289,18,17,3,
IND_ARUNACHAL_PRADESH_EAST_KAMENG,Arunachal Pradesh,EAST KAMENG,Arunachal Pradesh,EAST KAMENG,1997,2014,,,,exact_pending_boundary_check,pending_boundary_match,,,,,,,311,18,17,3,
IND_ARUNACHAL_PRADESH_EAST_SIANG,Arunachal Pradesh,EAST SIANG,Arunachal Pradesh,EAST SIANG,1997,2014,,,,exact_pending_boundary_check,pending_boundary_match,,,,,,,375,18,17,3,
IND_ARUNACHAL_PRADESH_KURUNG_KUMEY,Arunachal Pradesh,KURUNG KUMEY,Arunachal Pradesh,KURUNG KUMEY,2002,2014,,,,exact_pending_boundary_check,pending_boundary_match,,,,,,,197,13,12,3,
IND_ARUNACHAL_PRADESH_LOHIT,Arunachal Pradesh,LOHIT,Arunachal Pradesh,LOHIT,1997,2014,,,,exact_pending_boundary_check,pending_boundary_match,,,,,,,375,18,17,3,
IND_ARUNACHAL_PRADESH_LONGDING,Arunachal Pradesh,LONGDING,Arunachal Pradesh,LONGDING,2013,2014,,,,exact_pending_boundary_check,pending_boundary_match,,,,,,,26,2,8,2,
IND_ARUNACHAL_PRADESH_LOWER_DIBANG_VALLEY,Arunachal Pradesh,LOWER DIBANG VALLEY,Arunachal Pradesh,LOWER DIBANG VALLEY,2002,2014,,,,exact_pending_boundary_check,pending_boundary_match,,,,,,,259,13,12,3,
IND_ARUNACHAL_PRADESH_LOWER_SUBANSIRI,Arunachal Pradesh,LOWER SUBANSIRI,Arunachal Pradesh,LOWER SUBANSIRI,1997,2014,,,,exact_pending_boundary_check,pending_boundary_match,,,,,,,335,18,17,3,
IND_ARUNACHAL_PRADESH_NAMSAI,Arunachal Pradesh,NAMSAI,Arunachal Pradesh,NAMSAI,2014,2014,,,,exact_pending_boundary_check,pending_boundary_match,,,,,,,2,1,1,1,
IND_ARUNACHAL_PRADESH_PAPUM_PARE,Arunachal Pradesh,PAPUM PARE,Arunachal Pradesh,PAPUM PARE,1997,2014,,,,exact_pending_boundary_check,pending_boundary_match,,,,,,,361,18,17,3,
IND_ARUNACHAL_PRADESH_TAWANG,Arunachal Pradesh,TAWANG,Arunachal Pradesh,TAWANG,1997,2014,,,,exact_pending_boundary_check,pending_boundary_match,,,,,,,313,18,15,3,
IND_ARUNACHAL_PRADESH_TIRAP,Arunachal Pradesh,TIRAP,Arunachal Pradesh,TIRAP,1997,2014,,,,exact_pending_boundary_check,pending_boundary_match,,,,,,,315,18,16,3,
IND_ARUNACHAL_PRADESH_UPPER_SIANG,Arunachal Pradesh,UPPER SIANG,Arunachal Pradesh,UPPER SIANG,1997,2014,,,,exact_pending_boundary_check,pending_boundary_match,,,,,,,287,18,16,3,
IND_ARUNACHAL_PRADESH_UPPER_SUBANSIRI,Arunachal Pradesh,UPPER SUBANSIRI,Arunachal Pradesh,UPPER SUBANSIRI,1997,2014,,,,exact_pending_boundary_check,pending_boundary_match,,,,,,,333,18,17,3,
IND_ARUNACHAL_PRADESH_WEST_KAMENG,Arunachal Pradesh,WEST KAMENG,Arunachal Pradesh,WEST KAMENG,1997,2014,,,,exact_pending_boundary_check,pending_boundary_match,,,,,,,301,18,14,3,
IND_ARUNACHAL_PRADESH_WEST_SIANG,Arunachal Pradesh,WEST SIANG,Arunachal Pradesh,WEST SIANG,1997,2014,,,,exact_pending_boundary_check,pending_boundary_match,,,,,,,367,18,17,3,
IND_ASSAM_BAKSA,Assam,BAKSA,Assam,BAKSA,2005,2014,,,,exact_pending_boundary_check,pending_boundary_match,,,,,,,678,10,39,6,
IND_ASSAM_BARPETA,Assam,BARPETA,Assam,BARPETA,1997,2014,,,,exact_pending_boundary_check,pending_boundary_match,,,,,,,1153,18,40,6,
IND_ASSAM_BONGAIGAON,Assam,BONGAIGAON,Assam,BONGAIGAON,1997,2014,,,,exact_pending_boundary_check,pending_boundary_match,,,,,,,1141,18,40,6,
IND_ASSAM_CACHAR,Assam,CACHAR,Assam,CACHAR,1997,2014,,,,exact_pending_boundary_check,pending_boundary_match,,,,,,,1118,18,39,6,
IND_ASSAM_CHIRANG,Assam,CHIRANG,Assam,CHIRANG,2005,2014,,,,exact_pending_boundary_check,pending_boundary_match,,,,,,,674,10,39,6,
IND_ASSAM_DARRANG,Assam,DARRANG,Assam,DARRANG,1997,2014,,,,exact_pending_boundary_check,pending_boundary_match,,,,,,,1127,18,40,6,
IND_ASSAM_DHEMAJI,Assam,DHEMAJI,Assam,DHEMAJI,1997,2014,,,,exact_pending_boundary_check,pending_boundary_match,,,,,,,1149,18,40,6,
IND_ASSAM_DHUBRI,Assam,DHUBRI,Assam,DHUBRI,1997,2014,,,,exact_pending_boundary_check,pending_boundary_match,,,,,,,1115,18,40,6,
IND_ASSAM_DIBRUGARH,Assam,DIBRUGARH,Assam,DIBRUGARH,1997,2014,,,,exact_pending_boundary_check,pending_boundary_match,,,,,,,1047,18,40,6,
IND_ASSAM_DIMA_HASAO,Assam,DIMA HASAO,Assam,DIMA HASAO,1997,2014,,,,exact_pending_boundary_check,pending_boundary_match,,,,,,,1119,18,40,6,
IND_ASSAM_GOALPARA,Assam,GOALPARA,Assam,GOALPARA,1997,2014,,,,exact_pending_boundary_check,pending_boundary_match,,,,,,,1148,18,40,6,
IND_ASSAM_GOLAGHAT,Assam,GOLAGHAT,Assam,GOLAGHAT,1997,2014,,,,exact_pending_boundary_check,pending_boundary_match,,,,,,,1129,18,40,6,
IND_ASSAM_HAILAKANDI,Assam,HAILAKANDI,Assam,HAILAKANDI,1997,2014,,,,exact_pending_boundary_check,pending_boundary_match,,,,,,,1036,18,40,6,
IND_ASSAM_JORHAT,Assam,JORHAT,Assam,JORHAT,1997,2014,,,,exact_pending_boundary_check,pending_boundary_match,,,,,,,1071,18,40,6,
IND_ASSAM_KAMRUP,Assam,KAMRUP,Assam,KAMRUP,1997,2014,,,,exact_pending_boundary_check,pending_boundary_match,,,,,,,1151,18,40,6,
IND_ASSAM_KAMRUP_METRO,Assam,KAMRUP METRO,Assam,KAMRUP METRO,2005,2014,,,,exact_pending_boundary_check,pending_boundary_match,,,,,,,670,10,39,6,
IND_ASSAM_KARBI_ANGLONG,Assam,KARBI ANGLONG,Assam,KARBI ANGLONG,1997,2014,,,,exact_pending_boundary_check,pending_boundary_match,,,,,,,1146,18,39,6,
IND_ASSAM_KARIMGANJ,Assam,KARIMGANJ,Assam,KARIMGANJ,1997,2014,,,,exact_pending_boundary_check,pending_boundary_match,,,,,,,999,18,40,6,
IND_ASSAM_KOKRAJHAR,Assam,KOKRAJHAR,Assam,KOKRAJHAR,1997,2014,,,,exact_pending_boundary_check,pending_boundary_match,,,,,,,1151,18,40,6,
IND_ASSAM_LAKHIMPUR,Assam,LAKHIMPUR,Assam,LAKHIMPUR,1997,2014,,,,exact_pending_boundary_check,pending_boundary_match,,,,,,,1149,18,40,6,
IND_ASSAM_MARIGAON,Assam,MARIGAON,Assam,MARIGAON,1997,2014,,,,exact_pending_boundary_check,pending_boundary_match,,,,,,,1153,18,40,6,
IND_ASSAM_NAGAON,Assam,NAGAON,Assam,NAGAON,1997,2014,,,,exact_pending_boundary_check,pending_boundary_match,,,,,,,1151,18,40,6,
IND_ASSAM_NALBARI,Assam,NALBARI,Assam,NALBARI,1997,2014,,,,exact_pending_boundary_check,pending_boundary_match,,,,,,,1151,18,40,6,
IND_ASSAM_SIVASAGAR,Assam,SIVASAGAR,Assam,SIVASAGAR,1997,2014,,,,exact_pending_boundary_check,pending_boundary_match,,,,,,,1097,18,40,6,
IND_ASSAM_SONITPUR,Assam,SONITPUR,Assam,SONITPUR,1997,2014,,,,exact_pending_boundary_check,pending_boundary_match,,,,,,,1149,18,40,6,
IND_ASSAM_TINSUKIA,Assam,TINSUKIA,Assam,TINSUKIA,1997,2014,,,,exact_pending_boundary_check,pending_boundary_match,,,,,,,1107,18,40,6,
IND_ASSAM_UDALGURI,Assam,UDALGURI,Assam,UDALGURI,2005,2014,,,,exact_pending_boundary_check,pending_boundary_match,,,,,,,660,10,39,6,
IND_BIHAR_ARARIA,Bihar,ARARIA,Bihar,ARARIA,1997,2014,,,,exact_pending_boundary_check,pending_boundary_match,,,,,,,1132,18,41,6,
IND_BIHAR_ARWAL,Bihar,ARWAL,Bihar,ARWAL,2003,2014,,,,exact_pending_boundary_check,pending_boundary_match,,,,,,,594,11,37,6,
IND_BIHAR_AURANGABAD,Bihar,AURANGABAD,Bihar,AURANGABAD,1997,2014,,,,exact_pending_boundary_check,pending_boundary_match,,,,,,,892,18,39,6,
IND_BIHAR_BANKA,Bihar,BANKA,Bihar,BANKA,1997,2014,,,,exact_pending_boundary_check,pending_boundary_match,,,,,,,874,18,38,6,
IND_BIHAR_BEGUSARAI,Bihar,BEGUSARAI,Bihar,BEGUSARAI,1997,2014,,,,exact_pending_boundary_check,pending_boundary_match,,,,,,,1180,18,41,6,
IND_BIHAR_BHAGALPUR,Bihar,BHAGALPUR,Bihar,BHAGALPUR,1997,2014,,,,exact_pending_boundary_check,pending_boundary_match,,,,,,,1222,18,41,6,
IND_BIHAR_BHOJPUR,Bihar,BHOJPUR,Bihar,BHOJPUR,1997,2014,,,,exact_pending_boundary_check,pending_boundary_match,,,,,,,992,18,33,6,
IND_BIHAR_BOKARO,Bihar,BOKARO,Bihar,BOKARO,1997,1999,,,,exact_pending_boundary_check,pending_boundary_match,,,,,,,45,3,21,6,
IND_BIHAR_BUXAR,Bihar,BUXAR,Bihar,BUXAR,1997,2014,,,,exact_pending_boundary_check,pending_boundary_match,,,,,,,826,18,32,6,
IND_BIHAR_CHATRA,Bihar,CHATRA,Bihar,CHATRA,1997,1999,,,,exact_pending_boundary_check,pending_boundary_match,,,,,,,52,3,23,6,
IND_BIHAR_DARBHANGA,Bihar,DARBHANGA,Bihar,DARBHANGA,1997,2014,,,,exact_pending_boundary_check,pending_boundary_match,,,,,,,998,18,39,6,
IND_BIHAR_DEOGHAR,Bihar,DEOGHAR,Bihar,DEOGHAR,1997,1999,,,,exact_pending_boundary_check,pending_boundary_match,,,,,,,44,3,19,6,
IND_BIHAR_DHANBAD,Bihar,DHANBAD,Bihar,DHANBAD,1997,1999,,,,exact_pending_boundary_check,pending_boundary_match,,,,,,,33,3,15,6,
IND_BIHAR_DUMKA,Bihar,DUMKA,Bihar,DUMKA,1997,1999,,,,exact_pending_boundary_check,pending_boundary_match,,,,,,,59,3,24,6,
IND_BIHAR_EAST_SINGHBUM,Bihar,EAST SINGHBUM,Bihar,EAST SINGHBUM,1997,1999,,,,exact_pending_boundary_check,pending_boundary_match,,,,,,,38,3,19,6,
IND_BIHAR_GARHWA,Bihar,GARHWA,Bihar,GARHWA,1997,1999,,,,exact_pending_boundary_check,pending_boundary_match,,,,,,,67,3,29,6,
IND_BIHAR_GAYA,Bihar,GAYA,Bihar,GAYA,1997,2014,,,,exact_pending_boundary_check,pending_boundary_match,,,,,,,1150,18,41,6,
IND_BIHAR_GIRIDIH,Bihar,GIRIDIH,Bihar,GIRIDIH,1997,1999,,,,exact_pending_boundary_check,pending_boundary_match,,,,,,,52,3,22,6,
IND_BIHAR_GODDA,Bihar,GODDA,Bihar,GODDA,1997,1999,,,,exact_pending_boundary_check,pending_boundary_match,,,,,,,61,3,25,6,
IND_BIHAR_GOPALGANJ,Bihar,GOPALGANJ,Bihar,GOPALGANJ,1997,2014,,,,exact_pending_boundary_check,pending_boundary_match,,,,,,,1044,18,38,6,
IND_BIHAR_GUMLA,Bihar,GUMLA,Bihar,GUMLA,1997,1999,,,,exact_pending_boundary_check,pending_boundary_match,,,,,,,61,3,26,6,
IND_BIHAR_HAZARIBAGH,Bihar,HAZARIBAGH,Bihar,HAZARIBAGH,1997,1999,,,,exact_pending_boundary_check,pending_boundary_match,,,,,,,63,3,27,6,
IND_BIHAR_JAMUI,Bihar,JAMUI,Bihar,JAMUI,1997,2014,,,,exact_pending_boundary_check,pending_boundary_match,,,,,,,754,18,30,6,
IND_BIHAR_JEHANABAD,Bihar,JEHANABAD,Bihar,JEHANABAD,1997,2014,,,,exact_pending_boundary_check,pending_boundary_match,,,,,,,952,18,40,6,
IND_BIHAR_KAIMUR_BHABUA,Bihar,KAIMUR (BHABUA),Bihar,KAIMUR (BHABUA),1997,2014,,,,exact_pending_boundary_check,pending_boundary_match,,,,,,,806,18,37,6,
IND_BIHAR_KATIHAR,Bihar,KATIHAR,Bihar,KATIHAR,1997,2014,,,,exact_pending_boundary_check,pending_boundary_match,,,,,,,1158,18,43,6,
IND_BIHAR_KHAGARIA,Bihar,KHAGARIA,Bihar,KHAGARIA,1997,2014,,,,exact_pending_boundary_check,pending_boundary_match,,,,,,,1156,18,40,6,
IND_BIHAR_KISHANGANJ,Bihar,KISHANGANJ,Bihar,KISHANGANJ,1997,2014,,,,exact_pending_boundary_check,pending_boundary_match,,,,,,,1097,18,42,6,
IND_BIHAR_KODERMA,Bihar,KODERMA,Bihar,KODERMA,1997,1999,,,,exact_pending_boundary_check,pending_boundary_match,,,,,,,49,3,25,5,
IND_BIHAR_LAKHISARAI,Bihar,LAKHISARAI,Bihar,LAKHISARAI,1997,2014,,,,exact_pending_boundary_check,pending_boundary_match,,,,,,,548,18,28,6,
IND_BIHAR_LOHARDAGA,Bihar,LOHARDAGA,Bihar,LOHARDAGA,1997,1999,,,,exact_pending_boundary_check,pending_boundary_match,,,,,,,65,3,28,6,
IND_BIHAR_MADHEPURA,Bihar,MADHEPURA,Bihar,MADHEPURA,1997,2014,,,,exact_pending_boundary_check,pending_boundary_match,,,,,,,1078,18,42,6,
IND_BIHAR_MADHUBANI,Bihar,MADHUBANI,Bihar,MADHUBANI,1997,2014,,,,exact_pending_boundary_check,pending_boundary_match,,,,,,,1174,18,41,6,
IND_BIHAR_MUNGER,Bihar,MUNGER,Bihar,MUNGER,1997,2014,,,,exact_pending_boundary_check,pending_boundary_match,,,,,,,816,18,34,6,
IND_BIHAR_MUZAFFARPUR,Bihar,MUZAFFARPUR,Bihar,MUZAFFARPUR,1997,2014,,,,exact_pending_boundary_check,pending_boundary_match,,,,,,,1108,18,41,6,
IND_BIHAR_NALANDA,Bihar,NALANDA,Bihar,NALANDA,1997,2014,,,,exact_pending_boundary_check,pending_boundary_match,,,,,,,920,18,36,6,
IND_BIHAR_NAWADA,Bihar,NAWADA,Bihar,NAWADA,1997,2014,,,,exact_pending_boundary_check,pending_boundary_match,,,,,,,1036,18,41,6,
IND_BIHAR_PAKUR,Bihar,PAKUR,Bihar,PAKUR,1997,1999,,,,exact_pending_boundary_check,pending_boundary_match,,,,,,,53,3,23,6,
IND_BIHAR_PALAMU,Bihar,PALAMU,Bihar,PALAMU,1997,1999,,,,exact_pending_boundary_check,pending_boundary_match,,,,,,,65,3,27,6,
IND_BIHAR_PASHCHIM_CHAMPARAN,Bihar,PASHCHIM CHAMPARAN,Bihar,PASHCHIM CHAMPARAN,1997,2014,,,,exact_pending_boundary_check,pending_boundary_match,,,,,,,1148,18,40,6,
IND_BIHAR_PATNA,Bihar,PATNA,Bihar,PATNA,1997,2014,,,,exact_pending_boundary_check,pending_boundary_match,,,,,,,906,18,33,6,
IND_BIHAR_PURBI_CHAMPARAN,Bihar,PURBI CHAMPARAN,Bihar,PURBI CHAMPARAN,1997,2014,,,,exact_pending_boundary_check,pending_boundary_match,,,,,,,1099,18,39,6,
IND_BIHAR_PURNIA,Bihar,PURNIA,Bihar,PURNIA,1997,2014,,,,exact_pending_boundary_check,pending_boundary_match,,,,,,,1092,18,42,6,
IND_BIHAR_RANCHI,Bihar,RANCHI,Bihar,RANCHI,1997,1999,,,,exact_pending_boundary_check,pending_boundary_match,,,,,,,73,3,34,6,
IND_BIHAR_ROHTAS,Bihar,ROHTAS,Bihar,ROHTAS,1997,2014,,,,exact_pending_boundary_check,pending_boundary_match,,,,,,,996,18,39,6,
IND_BIHAR_SAHARSA,Bihar,SAHARSA,Bihar,SAHARSA,1997,2014,,,,exact_pending_boundary_check,pending_boundary_match,,,,,,,1010,18,39,6,
IND_BIHAR_SAHEBGANJ,Bihar,SAHEBGANJ,Bihar,SAHEBGANJ,1997,1999,,,,exact_pending_boundary_check,pending_boundary_match,,,,,,,52,3,23,6,
IND_BIHAR_SAMASTIPUR,Bihar,SAMASTIPUR,Bihar,SAMASTIPUR,1997,2014,,,,exact_pending_boundary_check,pending_boundary_match,,,,,,,1154,18,42,6,
IND_BIHAR_SARAN,Bihar,SARAN,Bihar,SARAN,1997,2014,,,,exact_pending_boundary_check,pending_boundary_match,,,,,,,1010,18,37,6,
IND_BIHAR_SHEIKHPURA,Bihar,SHEIKHPURA,Bihar,SHEIKHPURA,1997,2014,,,,exact_pending_boundary_check,pending_boundary_match,,,,,,,592,18,28,6,
IND_BIHAR_SHEOHAR,Bihar,SHEOHAR,Bihar,SHEOHAR,1997,2014,,,,exact_pending_boundary_check,pending_boundary_match,,,,,,,834,18,35,6,
IND_BIHAR_SITAMARHI,Bihar,SITAMARHI,Bihar,SITAMARHI,1997,2014,,,,exact_pending_boundary_check,pending_boundary_match,,,,,,,1059,18,41,6,
IND_BIHAR_SIWAN,Bihar,SIWAN,Bihar,SIWAN,1997,2014,,,,exact_pending_boundary_check,pending_boundary_match,,,,,,,1100,18,42,6,
IND_BIHAR_SUPAUL,Bihar,SUPAUL,Bihar,SUPAUL,1997,2014,,,,exact_pending_boundary_check,pending_boundary_match,,,,,,,1092,18,41,6,
IND_BIHAR_VAISHALI,Bihar,VAISHALI,Bihar,VAISHALI,1997,2014,,,,exact_pending_boundary_check,pending_boundary_match,,,,,,,1144,18,41,6,
IND_BIHAR_WEST_SINGHBHUM,Bihar,WEST SINGHBHUM,Bihar,WEST SINGHBHUM,1997,1999,,,,exact_pending_boundary_check,pending_boundary_match,,,,,,,57,3,25,6,
IND_CHANDIGARH_CHANDIGARH,Chandigarh,CHANDIGARH,Chandigarh,CHANDIGARH,1998,2014,,,,exact_pending_boundary_check,pending_boundary_match,,,,,,,198,17,12,3,
IND_CHHATTISGARH_BALOD,Chhattisgarh,BALOD,Chhattisgarh,BALOD,2011,2014,,,,exact_pending_boundary_check,pending_boundary_match,,,,,,,264,4,36,3,
IND_CHHATTISGARH_BALODA_BAZAR,Chhattisgarh,BALODA BAZAR,Chhattisgarh,BALODA BAZAR,2011,2014,,,,exact_pending_boundary_check,pending_boundary_match,,,,,,,296,4,38,3,
IND_CHHATTISGARH_BALRAMPUR,Chhattisgarh,BALRAMPUR,Chhattisgarh,BALRAMPUR,2011,2014,,,,exact_pending_boundary_check,pending_boundary_match,,,,,,,320,4,40,4,
IND_CHHATTISGARH_BASTAR,Chhattisgarh,BASTAR,Chhattisgarh,BASTAR,2000,2014,,,,exact_pending_boundary_check,pending_boundary_match,,,,,,,1150,15,42,3,
IND_CHHATTISGARH_BEMETARA,Chhattisgarh,BEMETARA,Chhattisgarh,BEMETARA,2011,2014,,,,exact_pending_boundary_check,pending_boundary_match,,,,,,,276,4,38,3,
IND_CHHATTISGARH_BIJAPUR,Chhattisgarh,BIJAPUR,Chhattisgarh,BIJAPUR,2006,2014,,,,exact_pending_boundary_check,pending_boundary_match,,,,,,,412,9,30,3,
IND_CHHATTISGARH_BILASPUR,Chhattisgarh,BILASPUR,Chhattisgarh,BILASPUR,2000,2014,,,,exact_pending_boundary_check,pending_boundary_match,,,,,,,1150,15,41,3,
IND_CHHATTISGARH_DANTEWADA,Chhattisgarh,DANTEWADA,Chhattisgarh,DANTEWADA,2000,2014,,,,exact_pending_boundary_check,pending_boundary_match,,,,,,,918,15,38,3,
IND_CHHATTISGARH_DHAMTARI,Chhattisgarh,DHAMTARI,Chhattisgarh,DHAMTARI,2000,2014,,,,exact_pending_boundary_check,pending_boundary_match,,,,,,,1099,15,40,3,
IND_CHHATTISGARH_DURG,Chhattisgarh,DURG,Chhattisgarh,DURG,2000,2014,,,,exact_pending_boundary_check,pending_boundary_match,,,,,,,1118,15,43,3,
IND_CHHATTISGARH_GARIYABAND,Chhattisgarh,GARIYABAND,Chhattisgarh,GARIYABAND,2011,2014,,,,exact_pending_boundary_check,pending_boundary_match,,,,,,,302,4,39,3,
IND_CHHATTISGARH_JANJGIR_CHAMPA,Chhattisgarh,JANJGIR-CHAMPA,Chhattisgarh,JANJGIR-CHAMPA,2000,2014,,,,exact_pending_boundary_check,pending_boundary_match,,,,,,,1098,15,38,3,
IND_CHHATTISGARH_JASHPUR,Chhattisgarh,JASHPUR,Chhattisgarh,JASHPUR,2000,2014,,,,exact_pending_boundary_check,pending_boundary_match,,,,,,,1124,15,41,3,
IND_CHHATTISGARH_KABIRDHAM,Chhattisgarh,KABIRDHAM,Chhattisgarh,KABIRDHAM,2000,2014,,,,exact_pending_boundary_check,pending_boundary_match,,,,,,,983,15,40,3,
IND_CHHATTISGARH_KANKER,Chhattisgarh,KANKER,Chhattisgarh,KANKER,2000,2014,,,,exact_pending_boundary_check,pending_boundary_match,,,,,,,1084,15,40,3,
IND_CHHATTISGARH_KONDAGAON,Chhattisgarh,KONDAGAON,Chhattisgarh,KONDAGAON,2011,2014,,,,exact_pending_boundary_check,pending_boundary_match,,,,,,,276,4,38,3,
IND_CHHATTISGARH_KORBA,Chhattisgarh,KORBA,Chhattisgarh,KORBA,2000,2014,,,,exact_pending_boundary_check,pending_boundary_match,,,,,,,1074,15,38,3,
IND_CHHATTISGARH_KOREA,Chhattisgarh,KOREA,Chhattisgarh,KOREA,2000,2014,,,,exact_pending_boundary_check,pending_boundary_match,,,,,,,939,15,39,3,
IND_CHHATTISGARH_MAHASAMUND,Chhattisgarh,MAHASAMUND,Chhattisgarh,MAHASAMUND,2000,2014,,,,exact_pending_boundary_check,pending_boundary_match,,,,,,,1041,15,41,3,
IND_CHHATTISGARH_MUNGELI,Chhattisgarh,MUNGELI,Chhattisgarh,MUNGELI,2011,2014,,,,exact_pending_boundary_check,pending_boundary_match,,,,,,,246,4,32,3,
IND_CHHATTISGARH_NARAYANPUR,Chhattisgarh,NARAYANPUR,Chhattisgarh,NARAYANPUR,2005,2014,,,,exact_pending_boundary_check,pending_boundary_match,,,,,,,400,10,32,3,
IND_CHHATTISGARH_RAIGARH,Chhattisgarh,RAIGARH,Chhattisgarh,RAIGARH,2000,2014,,,,exact_pending_boundary_check,pending_boundary_match,,,,,,,1157,15,41,3,
IND_CHHATTISGARH_RAIPUR,Chhattisgarh,RAIPUR,Chhattisgarh,RAIPUR,2000,2014,,,,exact_pending_boundary_check,pending_boundary_match,,,,,,,1148,15,42,3,
IND_CHHATTISGARH_RAJNANDGAON,Chhattisgarh,RAJNANDGAON,Chhattisgarh,RAJNANDGAON,2000,2014,,,,exact_pending_boundary_check,pending_boundary_match,,,,,,,1206,15,43,3,
IND_CHHATTISGARH_SUKMA,Chhattisgarh,SUKMA,Chhattisgarh,SUKMA,2011,2014,,,,exact_pending_boundary_check,pending_boundary_match,,,,,,,212,4,30,3,
IND_CHHATTISGARH_SURAJPUR,Chhattisgarh,SURAJPUR,Chhattisgarh,SURAJPUR,2011,2014,,,,exact_pending_boundary_check,pending_boundary_match,,,,,,,292,4,38,3,
IND_CHHATTISGARH_SURGUJA,Chhattisgarh,SURGUJA,Chhattisgarh,SURGUJA,2000,2014,,,,exact_pending_boundary_check,pending_boundary_match,,,,,,,1130,15,43,3,
IND_DADRA_AND_NAGAR_HAVELI_DADRA_AND_NAGAR_HAVELI,Dadra and Nagar Haveli,DADRA AND NAGAR HAVELI,Dadra and Nagar Haveli,DADRA AND NAGAR HAVELI,1998,2014,,,,exact_pending_boundary_check,pending_boundary_match,,,,,,,526,17,22,3,
IND_DAMAN_AND_DIU_DAMAN,Daman and Diu,DAMAN,Daman and Diu,DAMAN,2013,2014,,,,exact_pending_boundary_check,pending_boundary_match,,,,,,,2,2,1,1,
IND_DAMAN_AND_DIU_DIU,Daman and Diu,DIU,Daman and Diu,DIU,2013,2014,,,,exact_pending_boundary_check,pending_boundary_match,,,,,,,2,2,1,1,
IND_DAMAN_AND_DIU_DAMAN_AND_DIU,Daman and Diu,Daman and Diu,Daman and Diu,Daman and Diu,1998,2012,,,,exact_pending_boundary_check,pending_boundary_match,,,,,,,30,15,2,1,
IND_DELHI_DELHI_TOTAL,Delhi,DELHI_TOTAL,Delhi,DELHI_TOTAL,2008,2014,,,,exact_pending_boundary_check,pending_boundary_match,,,,,,,62,7,9,3,
IND_DELHI_DELHI,Delhi,Delhi,Delhi,Delhi,1998,2007,,,,exact_pending_boundary_check,pending_boundary_match,,,,,,,105,10,12,3,
IND_GOA_GOA,Goa,Goa,Goa,Goa,1998,2003,,,,exact_pending_boundary_check,pending_boundary_match,,,,,,,84,6,12,3,
IND_GOA_NORTH_GOA,Goa,NORTH GOA,Goa,NORTH GOA,1997,2014,,,,exact_pending_boundary_check,pending_boundary_match,,,,,,,206,12,16,3,
IND_GOA_SOUTH_GOA,Goa,SOUTH GOA,Goa,SOUTH GOA,1997,2014,,,,exact_pending_boundary_check,pending_boundary_match,,,,,,,192,12,16,3,
IND_GUJARAT_AHMADABAD,Gujarat,AHMADABAD,Gujarat,AHMADABAD,1997,2014,,,,exact_pending_boundary_check,pending_boundary_match,,,,,,,786,18,31,4,
IND_GUJARAT_AMRELI,Gujarat,AMRELI,Gujarat,AMRELI,1997,2014,,,,exact_pending_boundary_check,pending_boundary_match,,,,,,,734,18,32,4,
IND_GUJARAT_ANAND,Gujarat,ANAND,Gujarat,ANAND,2003,2014,,,,exact_pending_boundary_check,pending_boundary_match,,,,,,,546,12,29,4,
IND_GUJARAT_ARAVALLI,Gujarat,ARAVALLI,Gujarat,ARAVALLI,2014,2014,,,,exact_pending_boundary_check,pending_boundary_match,,,,,,,27,1,21,4,
IND_GUJARAT_BANAS_KANTHA,Gujarat,BANAS KANTHA,Gujarat,BANAS KANTHA,1997,2014,,,,exact_pending_boundary_check,pending_boundary_match,,,,,,,843,18,31,4,
IND_GUJARAT_BHARUCH,Gujarat,BHARUCH,Gujarat,BHARUCH,1997,2014,,,,exact_pending_boundary_check,pending_boundary_match,,,,,,,856,18,33,4,
IND_GUJARAT_BHAVNAGAR,Gujarat,BHAVNAGAR,Gujarat,BHAVNAGAR,1997,2014,,,,exact_pending_boundary_check,pending_boundary_match,,,,,,,731,18,31,4,
IND_GUJARAT_BOTAD,Gujarat,BOTAD,Gujarat,BOTAD,2014,2014,,,,exact_pending_boundary_check,pending_boundary_match,,,,,,,18,1,15,4,
IND_GUJARAT_CHHOTAUDEPUR,Gujarat,CHHOTAUDEPUR,Gujarat,CHHOTAUDEPUR,2014,2014,,,,exact_pending_boundary_check,pending_boundary_match,,,,,,,30,1,23,4,
IND_GUJARAT_DANG,Gujarat,DANG,Gujarat,DANG,1997,2014,,,,exact_pending_boundary_check,pending_boundary_match,,,,,,,488,18,26,4,
IND_GUJARAT_DEVBHUMI_DWARKA,Gujarat,DEVBHUMI DWARKA,Gujarat,DEVBHUMI DWARKA,2014,2014,,,,exact_pending_boundary_check,pending_boundary_match,,,,,,,20,1,16,4,
IND_GUJARAT_DOHAD,Gujarat,DOHAD,Gujarat,DOHAD,2003,2014,,,,exact_pending_boundary_check,pending_boundary_match,,,,,,,481,12,26,4,
IND_GUJARAT_GANDHINAGAR,Gujarat,GANDHINAGAR,Gujarat,GANDHINAGAR,1997,2014,,,,exact_pending_boundary_check,pending_boundary_match,,,,,,,698,18,27,4,
IND_GUJARAT_GIR_SOMNATH,Gujarat,GIR SOMNATH,Gujarat,GIR SOMNATH,2014,2014,,,,exact_pending_boundary_check,pending_boundary_match,,,,,,,23,1,18,4,
IND_GUJARAT_JAMNAGAR,Gujarat,JAMNAGAR,Gujarat,JAMNAGAR,1997,2014,,,,exact_pending_boundary_check,pending_boundary_match,,,,,,,773,18,29,4,
IND_GUJARAT_JUNAGADH,Gujarat,JUNAGADH,Gujarat,JUNAGADH,1997,2014,,,,exact_pending_boundary_check,pending_boundary_match,,,,,,,773,18,31,4,
IND_GUJARAT_KACHCHH,Gujarat,KACHCHH,Gujarat,KACHCHH,1997,2014,,,,exact_pending_boundary_check,pending_boundary_match,,,,,,,670,18,29,4,
IND_GUJARAT_KHEDA,Gujarat,KHEDA,Gujarat,KHEDA,1997,2014,,,,exact_pending_boundary_check,pending_boundary_match,,,,,,,968,18,33,4,
IND_GUJARAT_MAHESANA,Gujarat,MAHESANA,Gujarat,MAHESANA,1997,2014,,,,exact_pending_boundary_check,pending_boundary_match,,,,,,,895,18,31,4,
IND_GUJARAT_MAHISAGAR,Gujarat,MAHISAGAR,Gujarat,MAHISAGAR,2014,2014,,,,exact_pending_boundary_check,pending_boundary_match,,,,,,,33,1,25,4,
IND_GUJARAT_MORBI,Gujarat,MORBI,Gujarat,MORBI,2014,2014,,,,exact_pending_boundary_check,pending_boundary_match,,,,,,,23,1,18,4,
IND_GUJARAT_NARMADA,Gujarat,NARMADA,Gujarat,NARMADA,2003,2014,,,,exact_pending_boundary_check,pending_boundary_match,,,,,,,460,12,28,4,
IND_GUJARAT_NAVSARI,Gujarat,NAVSARI,Gujarat,NAVSARI,2003,2014,,,,exact_pending_boundary_check,pending_boundary_match,,,,,,,461,12,27,4,
IND_GUJARAT_PANCH_MAHALS,Gujarat,PANCH MAHALS,Gujarat,PANCH MAHALS,1997,2014,,,,exact_pending_boundary_check,pending_boundary_match,,,,,,,1014,18,34,4,
IND_GUJARAT_PATAN,Gujarat,PATAN,Gujarat,PATAN,2003,2014,,,,exact_pending_boundary_check,pending_boundary_match,,,,,,,446,12,28,4,
IND_GUJARAT_PORBANDAR,Gujarat,PORBANDAR,Gujarat,PORBANDAR,2003,2014,,,,exact_pending_boundary_check,pending_boundary_match,,,,,,,372,12,24,4,
IND_GUJARAT_RAJKOT,Gujarat,RAJKOT,Gujarat,RAJKOT,1997,2014,,,,exact_pending_boundary_check,pending_boundary_match,,,,,,,740,18,29,4,
IND_GUJARAT_SABAR_KANTHA,Gujarat,SABAR KANTHA,Gujarat,SABAR KANTHA,1997,2014,,,,exact_pending_boundary_check,pending_boundary_match,,,,,,,837,18,30,4,
IND_GUJARAT_SURAT,Gujarat,SURAT,Gujarat,SURAT,1997,2014,,,,exact_pending_boundary_check,pending_boundary_match,,,,,,,864,18,34,4,
IND_GUJARAT_SURENDRANAGAR,Gujarat,SURENDRANAGAR,Gujarat,SURENDRANAGAR,1997,2014,,,,exact_pending_boundary_check,pending_boundary_match,,,,,,,708,18,30,4,
IND_GUJARAT_TAPI,Gujarat,TAPI,Gujarat,TAPI,2008,2014,,,,exact_pending_boundary_check,pending_boundary_match,,,,,,,291,7,26,4,
IND_GUJARAT_VADODARA,Gujarat,VADODARA,Gujarat,VADODARA,1997,2014,,,,exact_pending_boundary_check,pending_boundary_match,,,,,,,984,18,33,4,
IND_GUJARAT_VALSAD,Gujarat,VALSAD,Gujarat,VALSAD,1997,2014,,,,exact_pending_boundary_check,pending_boundary_match,,,,,,,620,18,28,4,
IND_HARYANA_AMBALA,Haryana,AMBALA,Haryana,AMBALA,1997,2014,,,,exact_pending_boundary_check,pending_boundary_match,,,,,,,436,18,33,3,
IND_HARYANA_BHIWANI,Haryana,BHIWANI,Haryana,BHIWANI,1997,2014,,,,exact_pending_boundary_check,pending_boundary_match,,,,,,,520,18,30,3,
IND_HARYANA_CHARKI_DADRI,Haryana,CHARKI DADRI,Haryana,CHARKI DADRI,2014,2014,,,,exact_pending_boundary_check,pending_boundary_match,,,,,,,2,1,2,1,
IND_HARYANA_FARIDABAD,Haryana,FARIDABAD,Haryana,FARIDABAD,1997,2014,,,,exact_pending_boundary_check,pending_boundary_match,,,,,,,409,18,32,3,
IND_HARYANA_FATEHABAD,Haryana,FATEHABAD,Haryana,FATEHABAD,1997,2014,,,,exact_pending_boundary_check,pending_boundary_match,,,,,,,510,18,30,3,
IND_HARYANA_GURGAON,Haryana,GURGAON,Haryana,GURGAON,1997,2014,,,,exact_pending_boundary_check,pending_boundary_match,,,,,,,430,18,31,3,
IND_HARYANA_HISAR,Haryana,HISAR,Haryana,HISAR,1997,2014,,,,exact_pending_boundary_check,pending_boundary_match,,,,,,,556,18,35,3,
IND_HARYANA_JHAJJAR,Haryana,JHAJJAR,Haryana,JHAJJAR,1997,2014,,,,exact_pending_boundary_check,pending_boundary_match,,,,,,,453,18,28,3,
IND_HARYANA_JIND,Haryana,JIND,Haryana,JIND,1997,2014,,,,exact_pending_boundary_check,pending_boundary_match,,,,,,,411,18,31,3,
IND_HARYANA_KAITHAL,Haryana,KAITHAL,Haryana,KAITHAL,1997,2014,,,,exact_pending_boundary_check,pending_boundary_match,,,,,,,424,18,32,3,
IND_HARYANA_KARNAL,Haryana,KARNAL,Haryana,KARNAL,1997,2014,,,,exact_pending_boundary_check,pending_boundary_match,,,,,,,491,18,35,3,
IND_HARYANA_KURUKSHETRA,Haryana,KURUKSHETRA,Haryana,KURUKSHETRA,1997,2014,,,,exact_pending_boundary_check,pending_boundary_match,,,,,,,406,18,30,3,
IND_HARYANA_MAHENDRAGARH,Haryana,MAHENDRAGARH,Haryana,MAHENDRAGARH,1997,2014,,,,exact_pending_boundary_check,pending_boundary_match,,,,,,,349,18,28,3,
IND_HARYANA_MEWAT,Haryana,MEWAT,Haryana,MEWAT,2005,2014,,,,exact_pending_boundary_check,pending_boundary_match,,,,,,,212,10,23,3,
IND_HARYANA_PALWAL,Haryana,PALWAL,Haryana,PALWAL,2008,2014,,,,exact_pending_boundary_check,pending_boundary_match,,,,,,,134,7,20,3,
IND_HARYANA_PANCHKULA,Haryana,PANCHKULA,Haryana,PANCHKULA,1997,2014,,,,exact_pending_boundary_check,pending_boundary_match,,,,,,,496,18,35,3,
IND_HARYANA_PANIPAT,Haryana,PANIPAT,Haryana,PANIPAT,1997,2014,,,,exact_pending_boundary_check,pending_boundary_match,,,,,,,424,18,34,3,
IND_HARYANA_REWARI,Haryana,REWARI,Haryana,REWARI,1997,2014,,,,exact_pending_boundary_check,pending_boundary_match,,,,,,,407,18,29,3,
IND_HARYANA_ROHTAK,Haryana,ROHTAK,Haryana,ROHTAK,1997,2014,,,,exact_pending_boundary_check,pending_boundary_match,,,,,,,450,18,32,3,
IND_HARYANA_SIRSA,Haryana,SIRSA,Haryana,SIRSA,1997,2014,,,,exact_pending_boundary_check,pending_boundary_match,,,,,,,496,18,29,3,
IND_HARYANA_SONIPAT,Haryana,SONIPAT,Haryana,SONIPAT,1997,2014,,,,exact_pending_boundary_check,pending_boundary_match,,,,,,,483,18,33,3,
IND_HARYANA_YAMUNANAGAR,Haryana,YAMUNANAGAR,Haryana,YAMUNANAGAR,1997,2014,,,,exact_pending_boundary_check,pending_boundary_match,,,,,,,483,18,33,3,
IND_HIMACHAL_PRADESH_BILASPUR,Himachal Pradesh,BILASPUR,Himachal Pradesh,BILASPUR,1998,2014,,,,exact_pending_boundary_check,pending_boundary_match,,,,,,,528,17,34,3,
IND_HIMACHAL_PRADESH_CHAMBA,Himachal Pradesh,CHAMBA,Himachal Pradesh,CHAMBA,1998,2014,,,,exact_pending_boundary_check,pending_boundary_match,,,,,,,543,17,32,3,
IND_HIMACHAL_PRADESH_HAMIRPUR,Himachal Pradesh,HAMIRPUR,Himachal Pradesh,HAMIRPUR,1998,2014,,,,exact_pending_boundary_check,pending_boundary_match,,,,,,,455,17,32,3,
IND_HIMACHAL_PRADESH_KANGRA,Himachal Pradesh,KANGRA,Himachal Pradesh,KANGRA,1998,2014,,,,exact_pending_boundary_check,pending_boundary_match,,,,,,,649,17,35,3,
IND_HIMACHAL_PRADESH_KINNAUR,Himachal Pradesh,KINNAUR,Himachal Pradesh,KINNAUR,1998,2014,,,,exact_pending_boundary_check,pending_boundary_match,,,,,,,270,17,17,3,
IND_HIMACHAL_PRADESH_KULLU,Himachal Pradesh,KULLU,Himachal Pradesh,KULLU,1998,2014,,,,exact_pending_boundary_check,pending_boundary_match,,,,,,,532,17,28,3,
IND_HIMACHAL_PRADESH_LAHUL_AND_SPITI,Himachal Pradesh,LAHUL AND SPITI,Himachal Pradesh,LAHUL AND SPITI,1998,2014,,,,exact_pending_boundary_check,pending_boundary_match,,,,,,,191,17,10,3,
IND_HIMACHAL_PRADESH_MANDI,Himachal Pradesh,MANDI,Himachal Pradesh,MANDI,1998,2014,,,,exact_pending_boundary_check,pending_boundary_match,,,,,,,648,17,33,3,
IND_HIMACHAL_PRADESH_SHIMLA,Himachal Pradesh,SHIMLA,Himachal Pradesh,SHIMLA,1998,2014,,,,exact_pending_boundary_check,pending_boundary_match,,,,,,,633,17,31,3,
IND_HIMACHAL_PRADESH_SIRMAUR,Himachal Pradesh,SIRMAUR,Himachal Pradesh,SIRMAUR,1998,2014,,,,exact_pending_boundary_check,pending_boundary_match,,,,,,,650,17,33,3,
IND_HIMACHAL_PRADESH_SOLAN,Himachal Pradesh,SOLAN,Himachal Pradesh,SOLAN,1998,2014,,,,exact_pending_boundary_check,pending_boundary_match,,,,,,,544,17,30,3,
IND_HIMACHAL_PRADESH_UNA,Himachal Pradesh,UNA,Himachal Pradesh,UNA,1998,2014,,,,exact_pending_boundary_check,pending_boundary_match,,,,,,,503,17,31,3,
IND_JAMMU_AND_KASHMIR_ANANTNAG,Jammu and Kashmir,ANANTNAG,Jammu and Kashmir,ANANTNAG,1997,2014,,,,exact_pending_boundary_check,pending_boundary_match,,,,,,,240,17,20,3,
IND_JAMMU_AND_KASHMIR_BADGAM,Jammu and Kashmir,BADGAM,Jammu and Kashmir,BADGAM,1997,2014,,,,exact_pending_boundary_check,pending_boundary_match,,,,,,,280,17,22,3,
IND_JAMMU_AND_KASHMIR_BANDIPORA,Jammu and Kashmir,BANDIPORA,Jammu and Kashmir,BANDIPORA,2007,2014,,,,exact_pending_boundary_check,pending_boundary_match,,,,,,,95,8,17,2,
IND_JAMMU_AND_KASHMIR_BARAMULLA,Jammu and Kashmir,BARAMULLA,Jammu and Kashmir,BARAMULLA,1997,2014,,,,exact_pending_boundary_check,pending_boundary_match,,,,,,,229,17,26,3,
IND_JAMMU_AND_KASHMIR_DODA,Jammu and Kashmir,DODA,Jammu and Kashmir,DODA,1997,2014,,,,exact_pending_boundary_check,pending_boundary_match,,,,,,,300,17,27,3,
IND_JAMMU_AND_KASHMIR_GANDERBAL,Jammu and Kashmir,GANDERBAL,Jammu and Kashmir,GANDERBAL,2007,2014,,,,exact_pending_boundary_check,pending_boundary_match,,,,,,,60,8,11,2,
IND_JAMMU_AND_KASHMIR_JAMMU,Jammu and Kashmir,JAMMU,Jammu and Kashmir,JAMMU,1997,2014,,,,exact_pending_boundary_check,pending_boundary_match,,,,,,,461,17,40,3,
IND_JAMMU_AND_KASHMIR_KARGIL,Jammu and Kashmir,KARGIL,Jammu and Kashmir,KARGIL,1997,2014,,,,exact_pending_boundary_check,pending_boundary_match,,,,,,,104,16,17,3,
IND_JAMMU_AND_KASHMIR_KATHUA,Jammu and Kashmir,KATHUA,Jammu and Kashmir,KATHUA,1997,2014,,,,exact_pending_boundary_check,pending_boundary_match,,,,,,,459,17,38,3,
IND_JAMMU_AND_KASHMIR_KISHTWAR,Jammu and Kashmir,KISHTWAR,Jammu and Kashmir,KISHTWAR,2007,2014,,,,exact_pending_boundary_check,pending_boundary_match,,,,,,,118,8,18,2,
IND_JAMMU_AND_KASHMIR_KULGAM,Jammu and Kashmir,KULGAM,Jammu and Kashmir,KULGAM,2007,2014,,,,exact_pending_boundary_check,pending_boundary_match,,,,,,,99,8,15,2,
IND_JAMMU_AND_KASHMIR_KUPWARA,Jammu and Kashmir,KUPWARA,Jammu and Kashmir,KUPWARA,1997,2014,,,,exact_pending_boundary_check,pending_boundary_match,,,,,,,112,15,12,3,
IND_JAMMU_AND_KASHMIR_LEH_LADAKH,Jammu and Kashmir,LEH LADAKH,Jammu and Kashmir,LEH LADAKH,1997,2014,,,,exact_pending_boundary_check,pending_boundary_match,,,,,,,190,17,22,3,
IND_JAMMU_AND_KASHMIR_POONCH,Jammu and Kashmir,POONCH,Jammu and Kashmir,POONCH,1997,2014,,,,exact_pending_boundary_check,pending_boundary_match,,,,,,,189,17,18,3,
IND_JAMMU_AND_KASHMIR_PULWAMA,Jammu and Kashmir,PULWAMA,Jammu and Kashmir,PULWAMA,1997,2014,,,,exact_pending_boundary_check,pending_boundary_match,,,,,,,253,17,17,3,
IND_JAMMU_AND_KASHMIR_RAJAURI,Jammu and Kashmir,RAJAURI,Jammu and Kashmir,RAJAURI,1997,2014,,,,exact_pending_boundary_check,pending_boundary_match,,,,,,,296,17,35,3,
IND_JAMMU_AND_KASHMIR_RAMBAN,Jammu and Kashmir,RAMBAN,Jammu and Kashmir,RAMBAN,2007,2014,,,,exact_pending_boundary_check,pending_boundary_match,,,,,,,46,8,5,2,
IND_JAMMU_AND_KASHMIR_REASI,Jammu and Kashmir,REASI,Jammu and Kashmir,REASI,2007,2014,,,,exact_pending_boundary_check,pending_boundary_match,,,,,,,152,8,29,2,
IND_JAMMU_AND_KASHMIR_SAMBA,Jammu and Kashmir,SAMBA,Jammu and Kashmir,SAMBA,2007,2014,,,,exact_pending_boundary_check,pending_boundary_match,,,,,,,154,8,26,2,
IND_JAMMU_AND_KASHMIR_SHOPIAN,Jammu and Kashmir,SHOPIAN,Jammu and Kashmir,SHOPIAN,2007,2014,,,,exact_pending_boundary_check,pending_boundary_match,,,,,,,58,8,8,2,
IND_JAMMU_AND_KASHMIR_SRINAGAR,Jammu and Kashmir,SRINAGAR,Jammu and Kashmir,SRINAGAR,1997,2014,,,,exact_pending_boundary_check,pending_boundary_match,,,,,,,277,17,26,3,
IND_JAMMU_AND_KASHMIR_UDHAMPUR,Jammu and Kashmir,UDHAMPUR,Jammu and Kashmir,UDHAMPUR,1997,2014,,,,exact_pending_boundary_check,pending_boundary_match,,,,,,,417,17,34,3,
IND_JHARKHAND_BOKARO,Jharkhand,BOKARO,Jharkhand,BOKARO,2002,2014,,,,exact_pending_boundary_check,pending_boundary_match,,,,,,,156,13,9,3,
IND_JHARKHAND_CHATRA,Jharkhand,CHATRA,Jharkhand,CHATRA,2002,2014,,,,exact_pending_boundary_check,pending_boundary_match,,,,,,,196,13,12,5,
IND_JHARKHAND_DEOGHAR,Jharkhand,DEOGHAR,Jharkhand,DEOGHAR,2002,2014,,,,exact_pending_boundary_check,pending_boundary_match,,,,,,,166,13,10,3,
IND_JHARKHAND_DHANBAD,Jharkhand,DHANBAD,Jharkhand,DHANBAD,2002,2014,,,,exact_pending_boundary_check,pending_boundary_match,,,,,,,128,13,9,3,
IND_JHARKHAND_DUMKA,Jharkhand,DUMKA,Jharkhand,DUMKA,2002,2014,,,,exact_pending_boundary_check,pending_boundary_match,,,,,,,190,13,10,4,
IND_JHARKHAND_EAST_SINGHBUM,Jharkhand,EAST SINGHBUM,Jharkhand,EAST SINGHBUM,2002,2014,,,,exact_pending_boundary_check,pending_boundary_match,,,,,,,156,13,12,4,
IND_JHARKHAND_GARHWA,Jharkhand,GARHWA,Jharkhand,GARHWA,2002,2014,,,,exact_pending_boundary_check,pending_boundary_match,,,,,,,209,13,13,5,
IND_JHARKHAND_GIRIDIH,Jharkhand,GIRIDIH,Jharkhand,GIRIDIH,2002,2014,,,,exact_pending_boundary_check,pending_boundary_match,,,,,,,184,13,9,4,
IND_JHARKHAND_GODDA,Jharkhand,GODDA,Jharkhand,GODDA,2002,2014,,,,exact_pending_boundary_check,pending_boundary_match,,,,,,,212,13,12,5,
IND_JHARKHAND_GUMLA,Jharkhand,GUMLA,Jharkhand,GUMLA,2002,2014,,,,exact_pending_boundary_check,pending_boundary_match,,,,,,,210,13,12,5,
IND_JHARKHAND_HAZARIBAGH,Jharkhand,HAZARIBAGH,Jharkhand,HAZARIBAGH,2002,2014,,,,exact_pending_boundary_check,pending_boundary_match,,,,,,,232,13,13,5,
IND_JHARKHAND_JAMTARA,Jharkhand,JAMTARA,Jharkhand,JAMTARA,2003,2014,,,,exact_pending_boundary_check,pending_boundary_match,,,,,,,156,12,9,3,
IND_JHARKHAND_KHUNTI,Jharkhand,KHUNTI,Jharkhand,KHUNTI,2008,2014,,,,exact_pending_boundary_check,pending_boundary_match,,,,,,,82,7,11,3,
IND_JHARKHAND_KODERMA,Jharkhand,KODERMA,Jharkhand,KODERMA,2002,2014,,,,exact_pending_boundary_check,pending_boundary_match,,,,,,,189,13,12,5,
IND_JHARKHAND_LATEHAR,Jharkhand,LATEHAR,Jharkhand,LATEHAR,2003,2014,,,,exact_pending_boundary_check,pending_boundary_match,,,,,,,196,12,12,5,
IND_JHARKHAND_LOHARDAGA,Jharkhand,LOHARDAGA,Jharkhand,LOHARDAGA,2002,2014,,,,exact_pending_boundary_check,pending_boundary_match,,,,,,,200,13,12,5,
IND_JHARKHAND_PAKUR,Jharkhand,PAKUR,Jharkhand,PAKUR,2002,2014,,,,exact_pending_boundary_check,pending_boundary_match,,,,,,,176,13,11,5,
IND_JHARKHAND_PALAMU,Jharkhand,PALAMU,Jharkhand,PALAMU,2002,2014,,,,exact_pending_boundary_check,pending_boundary_match,,,,,,,222,13,13,5,
IND_JHARKHAND_RAMGARH,Jharkhand,RAMGARH,Jharkhand,RAMGARH,2008,2014,,,,exact_pending_boundary_check,pending_boundary_match,,,,,,,79,7,9,3,
IND_JHARKHAND_RANCHI,Jharkhand,RANCHI,Jharkhand,RANCHI,2002,2014,,,,exact_pending_boundary_check,pending_boundary_match,,,,,,,217,13,11,5,
IND_JHARKHAND_SAHEBGANJ,Jharkhand,SAHEBGANJ,Jharkhand,SAHEBGANJ,2002,2014,,,,exact_pending_boundary_check,pending_boundary_match,,,,,,,170,13,12,5,
IND_JHARKHAND_SARAIKELA_KHARSAWAN,Jharkhand,SARAIKELA KHARSAWAN,Jharkhand,SARAIKELA KHARSAWAN,2003,2014,,,,exact_pending_boundary_check,pending_boundary_match,,,,,,,150,12,12,5,
IND_JHARKHAND_SIMDEGA,Jharkhand,SIMDEGA,Jharkhand,SIMDEGA,2003,2014,,,,exact_pending_boundary_check,pending_boundary_match,,,,,,,179,12,12,5,
IND_JHARKHAND_WEST_SINGHBHUM,Jharkhand,WEST SINGHBHUM,Jharkhand,WEST SINGHBHUM,2002,2014,,,,exact_pending_boundary_check,pending_boundary_match,,,,,,,168,13,11,4,
IND_KARNATAKA_BAGALKOT,Karnataka,BAGALKOT,Karnataka,BAGALKOT,1998,2014,,,,exact_pending_boundary_check,pending_boundary_match,,,,,,,1445,17,52,4,
IND_KARNATAKA_BANGALORE_RURAL,Karnataka,BANGALORE RURAL,Karnataka,BANGALORE RURAL,1997,2014,,,,exact_pending_boundary_check,pending_boundary_match,,,,,,,1556,18,55,4,
IND_KARNATAKA_BELGAUM,Karnataka,BELGAUM,Karnataka,BELGAUM,1997,2014,,,,exact_pending_boundary_check,pending_boundary_match,,,,,,,1827,18,58,4,
IND_KARNATAKA_BELLARY,Karnataka,BELLARY,Karnataka,BELLARY,1997,2014,,,,exact_pending_boundary_check,pending_boundary_match,,,,,,,1752,18,55,4,
IND_KARNATAKA_BENGALURU_URBAN,Karnataka,BENGALURU URBAN,Karnataka,BENGALURU URBAN,1997,2014,,,,exact_pending_boundary_check,pending_boundary_match,,,,,,,1319,18,50,4,
IND_KARNATAKA_BIDAR,Karnataka,BIDAR,Karnataka,BIDAR,1997,2014,,,,exact_pending_boundary_check,pending_boundary_match,,,,,,,1541,18,54,4,
IND_KARNATAKA_BIJAPUR,Karnataka,BIJAPUR,Karnataka,BIJAPUR,1997,2014,,,,exact_pending_boundary_check,pending_boundary_match,,,,,,,1380,18,45,4,
IND_KARNATAKA_CHAMARAJANAGAR,Karnataka,CHAMARAJANAGAR,Karnataka,CHAMARAJANAGAR,1998,2014,,,,exact_pending_boundary_check,pending_boundary_match,,,,,,,1663,17,56,4,
IND_KARNATAKA_CHIKBALLAPUR,Karnataka,CHIKBALLAPUR,Karnataka,CHIKBALLAPUR,2007,2014,,,,exact_pending_boundary_check,pending_boundary_match,,,,,,,656,8,34,4,
IND_KARNATAKA_CHIKMAGALUR,Karnataka,CHIKMAGALUR,Karnataka,CHIKMAGALUR,1997,2014,,,,exact_pending_boundary_check,pending_boundary_match,,,,,,,1619,18,58,4,
IND_KARNATAKA_CHITRADURGA,Karnataka,CHITRADURGA,Karnataka,CHITRADURGA,1997,2014,,,,exact_pending_boundary_check,pending_boundary_match,,,,,,,1656,18,55,4,
IND_KARNATAKA_DAKSHIN_KANNAD,Karnataka,DAKSHIN KANNAD,Karnataka,DAKSHIN KANNAD,1997,2014,,,,exact_pending_boundary_check,pending_boundary_match,,,,,,,714,18,37,4,
IND_KARNATAKA_DAVANGERE,Karnataka,DAVANGERE,Karnataka,DAVANGERE,1998,2014,,,,exact_pending_boundary_check,pending_boundary_match,,,,,,,1742,17,58,4,
IND_KARNATAKA_DHARWAD,Karnataka,DHARWAD,Karnataka,DHARWAD,1997,2014,,,,exact_pending_boundary_check,pending_boundary_match,,,,,,,1624,18,57,4,
IND_KARNATAKA_GADAG,Karnataka,GADAG,Karnataka,GADAG,1998,2014,,,,exact_pending_boundary_check,pending_boundary_match,,,,,,,1493,17,52,4,
IND_KARNATAKA_GULBARGA,Karnataka,GULBARGA,Karnataka,GULBARGA,1997,2014,,,,exact_pending_boundary_check,pending_boundary_match,,,,,,,1645,18,55,4,
IND_KARNATAKA_HASSAN,Karnataka,HASSAN,Karnataka,HASSAN,1997,2014,,,,exact_pending_boundary_check,pending_boundary_match,,,,,,,1767,18,57,4,
IND_KARNATAKA_HAVERI,Karnataka,HAVERI,Karnataka,HAVERI,1998,2014,,,,exact_pending_boundary_check,pending_boundary_match,,,,,,,1714,17,57,4,
IND_KARNATAKA_KODAGU,Karnataka,KODAGU,Karnataka,KODAGU,1997,2014,,,,exact_pending_boundary_check,pending_boundary_match,,,,,,,825,18,45,4,
IND_KARNATAKA_KOLAR,Karnataka,KOLAR,Karnataka,KOLAR,1997,2014,,,,exact_pending_boundary_check,pending_boundary_match,,,,,,,1234,18,49,4,
IND_KARNATAKA_KOPPAL,Karnataka,KOPPAL,Karnataka,KOPPAL,1998,2014,,,,exact_pending_boundary_check,pending_boundary_match,,,,,,,1341,17,44,4,
IND_KARNATAKA_MANDYA,Karnataka,MANDYA,Karnataka,MANDYA,1997,2014,,,,exact_pending_boundary_check,pending_boundary_match,,,,,,,1531,18,55,4,
IND_KARNATAKA_MYSORE,Karnataka,MYSORE,Karnataka,MYSORE,1997,2014,,,,exact_pending_boundary_check,pending_boundary_match,,,,,,,1640,18,58,4,
IND_KARNATAKA_RAICHUR,Karnataka,RAICHUR,Karnataka,RAICHUR,1997,2014,,,,exact_pending_boundary_check,pending_boundary_match,,,,,,,1365,18,47,4,
IND_KARNATAKA_RAMANAGARA,Karnataka,RAMANAGARA,Karnataka,RAMANAGARA,2007,2014,,,,exact_pending_boundary_check,pending_boundary_match,,,,,,,620,8,39,4,
IND_KARNATAKA_SHIMOGA,Karnataka,SHIMOGA,Karnataka,SHIMOGA,1997,2014,,,,exact_pending_boundary_check,pending_boundary_match,,,,,,,1625,18,58,4,
IND_KARNATAKA_TUMKUR,Karnataka,TUMKUR,Karnataka,TUMKUR,1997,2014,,,,exact_pending_boundary_check,pending_boundary_match,,,,,,,1837,18,59,4,
IND_KARNATAKA_UDUPI,Karnataka,UDUPI,Karnataka,UDUPI,1998,2014,,,,exact_pending_boundary_check,pending_boundary_match,,,,,,,738,17,37,4,
IND_KARNATAKA_UTTAR_KANNAD,Karnataka,UTTAR KANNAD,Karnataka,UTTAR KANNAD,1997,2014,,,,exact_pending_boundary_check,pending_boundary_match,,,,,,,1325,18,49,4,
IND_KARNATAKA_YADGIR,Karnataka,YADGIR,Karnataka,YADGIR,2010,2014,,,,exact_pending_boundary_check,pending_boundary_match,,,,,,,420,5,29,4,
IND_KERALA_ALAPPUZHA,Kerala,ALAPPUZHA,Kerala,ALAPPUZHA,1997,2014,,,,exact_pending_boundary_check,pending_boundary_match,,,,,,,526,18,30,5,
IND_KERALA_ERNAKULAM,Kerala,ERNAKULAM,Kerala,ERNAKULAM,1997,2014,,,,exact_pending_boundary_check,pending_boundary_match,,,,,,,507,18,31,5,
IND_KERALA_IDUKKI,Kerala,IDUKKI,Kerala,IDUKKI,1997,2014,,,,exact_pending_boundary_check,pending_boundary_match,,,,,,,636,18,40,5,
IND_KERALA_KANNUR,Kerala,KANNUR,Kerala,KANNUR,1997,2014,,,,exact_pending_boundary_check,pending_boundary_match,,,,,,,500,18,31,5,
IND_KERALA_KASARAGOD,Kerala,KASARAGOD,Kerala,KASARAGOD,1997,2014,,,,exact_pending_boundary_check,pending_boundary_match,,,,,,,558,18,37,5,
IND_KERALA_KOLLAM,Kerala,KOLLAM,Kerala,KOLLAM,1997,2014,,,,exact_pending_boundary_check,pending_boundary_match,,,,,,,502,18,33,5,
IND_KERALA_KOTTAYAM,Kerala,KOTTAYAM,Kerala,KOTTAYAM,1997,2014,,,,exact_pending_boundary_check,pending_boundary_match,,,,,,,532,18,32,5,
IND_KERALA_KOZHIKODE,Kerala,KOZHIKODE,Kerala,KOZHIKODE,1997,2014,,,,exact_pending_boundary_check,pending_boundary_match,,,,,,,476,18,29,5,
IND_KERALA_MALAPPURAM,Kerala,MALAPPURAM,Kerala,MALAPPURAM,1997,2014,,,,exact_pending_boundary_check,pending_boundary_match,,,,,,,543,18,34,5,
IND_KERALA_PALAKKAD,Kerala,PALAKKAD,Kerala,PALAKKAD,1997,2014,,,,exact_pending_boundary_check,pending_boundary_match,,,,,,,710,18,42,5,
IND_KERALA_PATHANAMTHITTA,Kerala,PATHANAMTHITTA,Kerala,PATHANAMTHITTA,1997,2014,,,,exact_pending_boundary_check,pending_boundary_match,,,,,,,515,18,31,5,
IND_KERALA_THIRUVANANTHAPURAM,Kerala,THIRUVANANTHAPURAM,Kerala,THIRUVANANTHAPURAM,1997,2014,,,,exact_pending_boundary_check,pending_boundary_match,,,,,,,481,18,34,5,
IND_KERALA_THRISSUR,Kerala,THRISSUR,Kerala,THRISSUR,1997,2014,,,,exact_pending_boundary_check,pending_boundary_match,,,,,,,510,18,34,5,
IND_KERALA_WAYANAD,Kerala,WAYANAD,Kerala,WAYANAD,1997,2014,,,,exact_pending_boundary_check,pending_boundary_match,,,,,,,534,18,37,4,
IND_MADHYA_PRADESH_AGAR_MALWA,Madhya Pradesh,AGAR MALWA,Madhya Pradesh,AGAR MALWA,2013,2014,,,,exact_pending_boundary_check,pending_boundary_match,,,,,,,68,2,30,3,
IND_MADHYA_PRADESH_ALIRAJPUR,Madhya Pradesh,ALIRAJPUR,Madhya Pradesh,ALIRAJPUR,2008,2014,,,,exact_pending_boundary_check,pending_boundary_match,,,,,,,368,7,32,3,
IND_MADHYA_PRADESH_ANUPPUR,Madhya Pradesh,ANUPPUR,Madhya Pradesh,ANUPPUR,2002,2014,,,,exact_pending_boundary_check,pending_boundary_match,,,,,,,678,13,50,3,
IND_MADHYA_PRADESH_ASHOKNAGAR,Madhya Pradesh,ASHOKNAGAR,Madhya Pradesh,ASHOKNAGAR,2003,2014,,,,exact_pending_boundary_check,pending_boundary_match,,,,,,,580,12,47,3,
IND_MADHYA_PRADESH_BALAGHAT,Madhya Pradesh,BALAGHAT,Madhya Pradesh,BALAGHAT,1997,2014,,,,exact_pending_boundary_check,pending_boundary_match,,,,,,,1130,18,58,3,
IND_MADHYA_PRADESH_BARWANI,Madhya Pradesh,BARWANI,Madhya Pradesh,BARWANI,1998,2014,,,,exact_pending_boundary_check,pending_boundary_match,,,,,,,958,17,55,3,
IND_MADHYA_PRADESH_BASTAR,Madhya Pradesh,BASTAR,Madhya Pradesh,BASTAR,1997,1999,,,,exact_pending_boundary_check,pending_boundary_match,,,,,,,44,3,25,3,
IND_MADHYA_PRADESH_BETUL,Madhya Pradesh,BETUL,Madhya Pradesh,BETUL,1997,2014,,,,exact_pending_boundary_check,pending_boundary_match,,,,,,,1002,18,56,3,
IND_MADHYA_PRADESH_BHIND,Madhya Pradesh,BHIND,Madhya Pradesh,BHIND,1997,2014,,,,exact_pending_boundary_check,pending_boundary_match,,,,,,,775,18,50,3,
IND_MADHYA_PRADESH_BHOPAL,Madhya Pradesh,BHOPAL,Madhya Pradesh,BHOPAL,1997,2014,,,,exact_pending_boundary_check,pending_boundary_match,,,,,,,802,18,49,3,
IND_MADHYA_PRADESH_BILASPUR,Madhya Pradesh,BILASPUR,Madhya Pradesh,BILASPUR,1997,1999,,,,exact_pending_boundary_check,pending_boundary_match,,,,,,,44,3,25,3,
IND_MADHYA_PRADESH_BURHANPUR,Madhya Pradesh,BURHANPUR,Madhya Pradesh,BURHANPUR,2003,2014,,,,exact_pending_boundary_check,pending_boundary_match,,,,,,,662,12,51,3,
IND_MADHYA_PRADESH_CHHATARPUR,Madhya Pradesh,CHHATARPUR,Madhya Pradesh,CHHATARPUR,1997,2014,,,,exact_pending_boundary_check,pending_boundary_match,,,,,,,1018,18,54,3,
IND_MADHYA_PRADESH_CHHINDWARA,Madhya Pradesh,CHHINDWARA,Madhya Pradesh,CHHINDWARA,1997,2014,,,,exact_pending_boundary_check,pending_boundary_match,,,,,,,1131,18,58,3,
IND_MADHYA_PRADESH_DAMOH,Madhya Pradesh,DAMOH,Madhya Pradesh,DAMOH,1997,2014,,,,exact_pending_boundary_check,pending_boundary_match,,,,,,,975,18,52,3,
IND_MADHYA_PRADESH_DANTEWADA,Madhya Pradesh,DANTEWADA,Madhya Pradesh,DANTEWADA,1998,1999,,,,exact_pending_boundary_check,pending_boundary_match,,,,,,,31,2,24,3,
IND_MADHYA_PRADESH_DATIA,Madhya Pradesh,DATIA,Madhya Pradesh,DATIA,1997,2014,,,,exact_pending_boundary_check,pending_boundary_match,,,,,,,855,18,50,3,
IND_MADHYA_PRADESH_DEWAS,Madhya Pradesh,DEWAS,Madhya Pradesh,DEWAS,1997,2014,,,,exact_pending_boundary_check,pending_boundary_match,,,,,,,919,18,55,3,
IND_MADHYA_PRADESH_DHAMTARI,Madhya Pradesh,DHAMTARI,Madhya Pradesh,DHAMTARI,1998,1999,,,,exact_pending_boundary_check,pending_boundary_match,,,,,,,28,2,20,3,
IND_MADHYA_PRADESH_DHAR,Madhya Pradesh,DHAR,Madhya Pradesh,DHAR,1997,2014,,,,exact_pending_boundary_check,pending_boundary_match,,,,,,,1095,18,59,3,
IND_MADHYA_PRADESH_DINDORI,Madhya Pradesh,DINDORI,Madhya Pradesh,DINDORI,1998,2014,,,,exact_pending_boundary_check,pending_boundary_match,,,,,,,806,17,43,3,
IND_MADHYA_PRADESH_DURG,Madhya Pradesh,DURG,Madhya Pradesh,DURG,1997,1999,,,,exact_pending_boundary_check,pending_boundary_match,,,,,,,43,3,23,3,
IND_MADHYA_PRADESH_GUNA,Madhya Pradesh,GUNA,Madhya Pradesh,GUNA,1997,2014,,,,exact_pending_boundary_check,pending_boundary_match,,,,,,,880,18,50,3,
IND_MADHYA_PRADESH_GWALIOR,Madhya Pradesh,GWALIOR,Madhya Pradesh,GWALIOR,1997,2014,,,,exact_pending_boundary_check,pending_boundary_match,,,,,,,783,18,45,3,
IND_MADHYA_PRADESH_HARDA,Madhya Pradesh,HARDA,Madhya Pradesh,HARDA,1998,2014,,,,exact_pending_boundary_check,pending_boundary_match,,,,,,,928,17,55,3,
IND_MADHYA_PRADESH_HOSHANGABAD,Madhya Pradesh,HOSHANGABAD,Madhya Pradesh,HOSHANGABAD,1997,2014,,,,exact_pending_boundary_check,pending_boundary_match,,,,,,,1060,18,60,3,
IND_MADHYA_PRADESH_INDORE,Madhya Pradesh,INDORE,Madhya Pradesh,INDORE,1997,2014,,,,exact_pending_boundary_check,pending_boundary_match,,,,,,,810,18,50,3,
IND_MADHYA_PRADESH_JABALPUR,Madhya Pradesh,JABALPUR,Madhya Pradesh,JABALPUR,1997,2014,,,,exact_pending_boundary_check,pending_boundary_match,,,,,,,987,18,54,3,
IND_MADHYA_PRADESH_JANJGIR_CHAMPA,Madhya Pradesh,JANJGIR-CHAMPA,Madhya Pradesh,JANJGIR-CHAMPA,1998,1999,,,,exact_pending_boundary_check,pending_boundary_match,,,,,,,29,2,21,3,
IND_MADHYA_PRADESH_JASHPUR,Madhya Pradesh,JASHPUR,Madhya Pradesh,JASHPUR,1998,1999,,,,exact_pending_boundary_check,pending_boundary_match,,,,,,,30,2,22,3,
IND_MADHYA_PRADESH_JHABUA,Madhya Pradesh,JHABUA,Madhya Pradesh,JHABUA,1997,2014,,,,exact_pending_boundary_check,pending_boundary_match,,,,,,,942,18,54,3,
IND_MADHYA_PRADESH_KABIRDHAM,Madhya Pradesh,KABIRDHAM,Madhya Pradesh,KABIRDHAM,1998,1998,,,,exact_pending_boundary_check,pending_boundary_match,,,,,,,12,1,12,3,
IND_MADHYA_PRADESH_KANKER,Madhya Pradesh,KANKER,Madhya Pradesh,KANKER,1998,1999,,,,exact_pending_boundary_check,pending_boundary_match,,,,,,,31,2,23,3,
IND_MADHYA_PRADESH_KATNI,Madhya Pradesh,KATNI,Madhya Pradesh,KATNI,1998,2014,,,,exact_pending_boundary_check,pending_boundary_match,,,,,,,923,17,52,3,
IND_MADHYA_PRADESH_KHANDWA,Madhya Pradesh,KHANDWA,Madhya Pradesh,KHANDWA,1997,2014,,,,exact_pending_boundary_check,pending_boundary_match,,,,,,,1123,18,62,3,
IND_MADHYA_PRADESH_KHARGONE,Madhya Pradesh,KHARGONE,Madhya Pradesh,KHARGONE,1997,2014,,,,exact_pending_boundary_check,pending_boundary_match,,,,,,,1012,18,58,3,
IND_MADHYA_PRADESH_KORBA,Madhya Pradesh,KORBA,Madhya Pradesh,KORBA,1998,1999,,,,exact_pending_boundary_check,pending_boundary_match,,,,,,,29,2,21,3,
IND_MADHYA_PRADESH_KOREA,Madhya Pradesh,KOREA,Madhya Pradesh,KOREA,1998,1999,,,,exact_pending_boundary_check,pending_boundary_match,,,,,,,29,2,22,3,
IND_MADHYA_PRADESH_MAHASAMUND,Madhya Pradesh,MAHASAMUND,Madhya Pradesh,MAHASAMUND,1998,1999,,,,exact_pending_boundary_check,pending_boundary_match,,,,,,,29,2,21,3,
IND_MADHYA_PRADESH_MANDLA,Madhya Pradesh,MANDLA,Madhya Pradesh,MANDLA,1997,2014,,,,exact_pending_boundary_check,pending_boundary_match,,,,,,,953,18,48,3,
IND_MADHYA_PRADESH_MANDSAUR,Madhya Pradesh,MANDSAUR,Madhya Pradesh,MANDSAUR,1997,2014,,,,exact_pending_boundary_check,pending_boundary_match,,,,,,,866,18,55,3,
IND_MADHYA_PRADESH_MORENA,Madhya Pradesh,MORENA,Madhya Pradesh,MORENA,1997,2014,,,,exact_pending_boundary_check,pending_boundary_match,,,,,,,766,18,43,3,
IND_MADHYA_PRADESH_NARSINGHPUR,Madhya Pradesh,NARSINGHPUR,Madhya Pradesh,NARSINGHPUR,1997,2014,,,,exact_pending_boundary_check,pending_boundary_match,,,,,,,972,18,54,3,
IND_MADHYA_PRADESH_NEEMUCH,Madhya Pradesh,NEEMUCH,Madhya Pradesh,NEEMUCH,1998,2014,,,,exact_pending_boundary_check,pending_boundary_match,,,,,,,802,17,51,3,
IND_MADHYA_PRADESH_PANNA,Madhya Pradesh,PANNA,Madhya Pradesh,PANNA,1997,2014,,,,exact_pending_boundary_check,pending_boundary_match,,,,,,,956,18,55,3,
IND_MADHYA_PRADESH_RAIPUR,Madhya Pradesh,RAIPUR,Madhya Pradesh,RAIPUR,1997,1999,,,,exact_pending_boundary_check,pending_boundary_match,,,,,,,46,3,25,3,
IND_MADHYA_PRADESH_RAISEN,Madhya Pradesh,RAISEN,Madhya Pradesh,RAISEN,1997,2014,,,,exact_pending_boundary_check,pending_boundary_match,,,,,,,949,18,54,3,
IND_MADHYA_PRADESH_RAJGARH,Madhya Pradesh,RAJGARH,Madhya Pradesh,RAJGARH,1997,2014,,,,exact_pending_boundary_check,pending_boundary_match,,,,,,,835,18,58,3,
IND_MADHYA_PRADESH_RAJNANDGAON,Madhya Pradesh,RAJNANDGAON,Madhya Pradesh,RAJNANDGAON,1997,1999,,,,exact_pending_boundary_check,pending_boundary_match,,,,,,,45,3,26,3,
IND_MADHYA_PRADESH_RATLAM,Madhya Pradesh,RATLAM,Madhya Pradesh,RATLAM,1997,2014,,,,exact_pending_boundary_check,pending_boundary_match,,,,,,,976,18,57,3,
IND_MADHYA_PRADESH_REWA,Madhya Pradesh,REWA,Madhya Pradesh,REWA,1997,2014,,,,exact_pending_boundary_check,pending_boundary_match,,,,,,,996,18,56,3,
IND_MADHYA_PRADESH_SAGAR,Madhya Pradesh,SAGAR,Madhya Pradesh,SAGAR,1997,2014,,,,exact_pending_boundary_check,pending_boundary_match,,,,,,,1036,18,57,3,
IND_MADHYA_PRADESH_SATNA,Madhya Pradesh,SATNA,Madhya Pradesh,SATNA,1997,2014,,,,exact_pending_boundary_check,pending_boundary_match,,,,,,,976,18,56,3,
IND_MADHYA_PRADESH_SEHORE,Madhya Pradesh,SEHORE,Madhya Pradesh,SEHORE,1997,2014,,,,exact_pending_boundary_check,pending_boundary_match,,,,,,,886,18,51,3,
IND_MADHYA_PRADESH_SEONI,Madhya Pradesh,SEONI,Madhya Pradesh,SEONI,1997,2014,,,,exact_pending_boundary_check,pending_boundary_match,,,,,,,1067,18,58,3,
IND_MADHYA_PRADESH_SHAHDOL,Madhya Pradesh,SHAHDOL,Madhya Pradesh,SHAHDOL,1997,2014,,,,exact_pending_boundary_check,pending_boundary_match,,,,,,,1004,18,58,3,
IND_MADHYA_PRADESH_SHAJAPUR,Madhya Pradesh,SHAJAPUR,Madhya Pradesh,SHAJAPUR,1997,2014,,,,exact_pending_boundary_check,pending_boundary_match,,,,,,,882,18,54,3,
IND_MADHYA_PRADESH_SHEOPUR,Madhya Pradesh,SHEOPUR,Madhya Pradesh,SHEOPUR,1998,2014,,,,exact_pending_boundary_check,pending_boundary_match,,,,,,,736,17,42,3,
IND_MADHYA_PRADESH_SHIVPURI,Madhya Pradesh,SHIVPURI,Madhya Pradesh,SHIVPURI,1997,2014,,,,exact_pending_boundary_check,pending_boundary_match,,,,,,,948,18,54,3,
IND_MADHYA_PRADESH_SIDHI,Madhya Pradesh,SIDHI,Madhya Pradesh,SIDHI,1997,2014,,,,exact_pending_boundary_check,pending_boundary_match,,,,,,,976,18,55,3,
IND_MADHYA_PRADESH_SINGRAULI,Madhya Pradesh,SINGRAULI,Madhya Pradesh,SINGRAULI,2008,2014,,,,exact_pending_boundary_check,pending_boundary_match,,,,,,,373,7,35,3,
IND_MADHYA_PRADESH_SURGUJA,Madhya Pradesh,SURGUJA,Madhya Pradesh,SURGUJA,1997,1999,,,,exact_pending_boundary_check,pending_boundary_match,,,,,,,45,3,25,3,
IND_MADHYA_PRADESH_TIKAMGARH,Madhya Pradesh,TIKAMGARH,Madhya Pradesh,TIKAMGARH,1997,2014,,,,exact_pending_boundary_check,pending_boundary_match,,,,,,,957,18,53,3,
IND_MADHYA_PRADESH_UJJAIN,Madhya Pradesh,UJJAIN,Madhya Pradesh,UJJAIN,1997,2014,,,,exact_pending_boundary_check,pending_boundary_match,,,,,,,888,18,57,3,
IND_MADHYA_PRADESH_UMARIA,Madhya Pradesh,UMARIA,Madhya Pradesh,UMARIA,1998,2014,,,,exact_pending_boundary_check,pending_boundary_match,,,,,,,866,17,48,3,
IND_MADHYA_PRADESH_VIDISHA,Madhya Pradesh,VIDISHA,Madhya Pradesh,VIDISHA,1997,2014,,,,exact_pending_boundary_check,pending_boundary_match,,,,,,,872,18,52,3,
IND_MAHARASHTRA_AHMEDNAGAR,Maharashtra,AHMEDNAGAR,Maharashtra,AHMEDNAGAR,1997,2014,,,,exact_pending_boundary_check,pending_boundary_match,,,,,,,1010,18,35,5,
IND_MAHARASHTRA_AKOLA,Maharashtra,AKOLA,Maharashtra,AKOLA,1997,2014,,,,exact_pending_boundary_check,pending_boundary_match,,,,,,,722,18,31,4,
IND_MAHARASHTRA_AMRAVATI,Maharashtra,AMRAVATI,Maharashtra,AMRAVATI,1997,2014,,,,exact_pending_boundary_check,pending_boundary_match,,,,,,,820,18,34,4,
IND_MAHARASHTRA_AURANGABAD,Maharashtra,AURANGABAD,Maharashtra,AURANGABAD,1997,2014,,,,exact_pending_boundary_check,pending_boundary_match,,,,,,,879,18,32,4,
IND_MAHARASHTRA_BEED,Maharashtra,BEED,Maharashtra,BEED,1997,2014,,,,exact_pending_boundary_check,pending_boundary_match,,,,,,,964,18,34,4,
IND_MAHARASHTRA_BHANDARA,Maharashtra,BHANDARA,Maharashtra,BHANDARA,1997,2014,,,,exact_pending_boundary_check,pending_boundary_match,,,,,,,585,18,29,4,
IND_MAHARASHTRA_BULDHANA,Maharashtra,BULDHANA,Maharashtra,BULDHANA,1997,2014,,,,exact_pending_boundary_check,pending_boundary_match,,,,,,,826,18,34,4,
IND_MAHARASHTRA_CHANDRAPUR,Maharashtra,CHANDRAPUR,Maharashtra,CHANDRAPUR,1997,2014,,,,exact_pending_boundary_check,pending_boundary_match,,,,,,,678,18,31,4,
IND_MAHARASHTRA_DHULE,Maharashtra,DHULE,Maharashtra,DHULE,1997,2014,,,,exact_pending_boundary_check,pending_boundary_match,,,,,,,868,18,34,5,
IND_MAHARASHTRA_GADCHIROLI,Maharashtra,GADCHIROLI,Maharashtra,GADCHIROLI,1997,2014,,,,exact_pending_boundary_check,pending_boundary_match,,,,,,,629,18,28,4,
IND_MAHARASHTRA_GONDIA,Maharashtra,GONDIA,Maharashtra,GONDIA,1999,2014,,,,exact_pending_boundary_check,pending_boundary_match,,,,,,,472,16,25,4,
IND_MAHARASHTRA_HINGOLI,Maharashtra,HINGOLI,Maharashtra,HINGOLI,1999,2014,,,,exact_pending_boundary_check,pending_boundary_match,,,,,,,786,16,30,4,
IND_MAHARASHTRA_JALGAON,Maharashtra,JALGAON,Maharashtra,JALGAON,1997,2014,,,,exact_pending_boundary_check,pending_boundary_match,,,,,,,828,18,32,5,
IND_MAHARASHTRA_JALNA,Maharashtra,JALNA,Maharashtra,JALNA,1997,2014,,,,exact_pending_boundary_check,pending_boundary_match,,,,,,,883,18,34,4,
IND_MAHARASHTRA_KOLHAPUR,Maharashtra,KOLHAPUR,Maharashtra,KOLHAPUR,1997,2014,,,,exact_pending_boundary_check,pending_boundary_match,,,,,,,855,18,32,4,
IND_MAHARASHTRA_LATUR,Maharashtra,LATUR,Maharashtra,LATUR,1997,2014,,,,exact_pending_boundary_check,pending_boundary_match,,,,,,,970,18,32,4,
IND_MAHARASHTRA_MUMBAI,Maharashtra,MUMBAI,Maharashtra,MUMBAI,1997,1997,,,,exact_pending_boundary_check,pending_boundary_match,,,,,,,2,1,1,1,
IND_MAHARASHTRA_NAGPUR,Maharashtra,NAGPUR,Maharashtra,NAGPUR,1997,2014,,,,exact_pending_boundary_check,pending_boundary_match,,,,,,,789,18,32,4,
IND_MAHARASHTRA_NANDED,Maharashtra,NANDED,Maharashtra,NANDED,1997,2014,,,,exact_pending_boundary_check,pending_boundary_match,,,,,,,950,18,33,4,
IND_MAHARASHTRA_NANDURBAR,Maharashtra,NANDURBAR,Maharashtra,NANDURBAR,1999,2014,,,,exact_pending_boundary_check,pending_boundary_match,,,,,,,786,16,30,4,
IND_MAHARASHTRA_NASHIK,Maharashtra,NASHIK,Maharashtra,NASHIK,1997,2014,,,,exact_pending_boundary_check,pending_boundary_match,,,,,,,946,18,34,5,
IND_MAHARASHTRA_OSMANABAD,Maharashtra,OSMANABAD,Maharashtra,OSMANABAD,1997,2014,,,,exact_pending_boundary_check,pending_boundary_match,,,,,,,962,18,34,5,
IND_MAHARASHTRA_PALGHAR,Maharashtra,PALGHAR,Maharashtra,PALGHAR,2005,2014,,,,exact_pending_boundary_check,pending_boundary_match,,,,,,,23,3,12,3,
IND_MAHARASHTRA_PARBHANI,Maharashtra,PARBHANI,Maharashtra,PARBHANI,1997,2014,,,,exact_pending_boundary_check,pending_boundary_match,,,,,,,971,18,34,4,
IND_MAHARASHTRA_PUNE,Maharashtra,PUNE,Maharashtra,PUNE,1997,2014,,,,exact_pending_boundary_check,pending_boundary_match,,,,,,,1013,18,34,5,
IND_MAHARASHTRA_RAIGAD,Maharashtra,RAIGAD,Maharashtra,RAIGAD,1997,2014,,,,exact_pending_boundary_check,pending_boundary_match,,,,,,,492,18,22,4,
IND_MAHARASHTRA_RATNAGIRI,Maharashtra,RATNAGIRI,Maharashtra,RATNAGIRI,1997,2014,,,,exact_pending_boundary_check,pending_boundary_match,,,,,,,445,18,21,4,
IND_MAHARASHTRA_SANGLI,Maharashtra,SANGLI,Maharashtra,SANGLI,1997,2014,,,,exact_pending_boundary_check,pending_boundary_match,,,,,,,929,18,33,4,
IND_MAHARASHTRA_SATARA,Maharashtra,SATARA,Maharashtra,SATARA,1997,2014,,,,exact_pending_boundary_check,pending_boundary_match,,,,,,,985,18,34,4,
IND_MAHARASHTRA_SINDHUDURG,Maharashtra,SINDHUDURG,Maharashtra,SINDHUDURG,1997,2014,,,,exact_pending_boundary_check,pending_boundary_match,,,,,,,426,18,20,4,
IND_MAHARASHTRA_SOLAPUR,Maharashtra,SOLAPUR,Maharashtra,SOLAPUR,1997,2014,,,,exact_pending_boundary_check,pending_boundary_match,,,,,,,938,18,34,4,
IND_MAHARASHTRA_THANE,Maharashtra,THANE,Maharashtra,THANE,1997,2014,,,,exact_pending_boundary_check,pending_boundary_match,,,,,,,569,18,24,4,
IND_MAHARASHTRA_WARDHA,Maharashtra,WARDHA,Maharashtra,WARDHA,1997,2014,,,,exact_pending_boundary_check,pending_boundary_match,,,,,,,653,18,33,4,
IND_MAHARASHTRA_WASHIM,Maharashtra,WASHIM,Maharashtra,WASHIM,1999,2014,,,,exact_pending_boundary_check,pending_boundary_match,,,,,,,616,16,29,4,
IND_MAHARASHTRA_YAVATMAL,Maharashtra,YAVATMAL,Maharashtra,YAVATMAL,1997,2014,,,,exact_pending_boundary_check,pending_boundary_match,,,,,,,713,18,34,4,
IND_MANIPUR_BISHNUPUR,Manipur,BISHNUPUR,Manipur,BISHNUPUR,1997,2014,,,,exact_pending_boundary_check,pending_boundary_match,,,,,,,419,18,45,6,
IND_MANIPUR_CHANDEL,Manipur,CHANDEL,Manipur,CHANDEL,1997,2014,,,,exact_pending_boundary_check,pending_boundary_match,,,,,,,437,18,45,6,
IND_MANIPUR_CHURACHANDPUR,Manipur,CHURACHANDPUR,Manipur,CHURACHANDPUR,1997,2014,,,,exact_pending_boundary_check,pending_boundary_match,,,,,,,418,18,47,6,
IND_MANIPUR_IMPHAL_EAST,Manipur,IMPHAL EAST,Manipur,IMPHAL EAST,1997,2014,,,,exact_pending_boundary_check,pending_boundary_match,,,,,,,374,18,46,6,
IND_MANIPUR_IMPHAL_WEST,Manipur,IMPHAL WEST,Manipur,IMPHAL WEST,1997,2014,,,,exact_pending_boundary_check,pending_boundary_match,,,,,,,367,18,43,6,
IND_MANIPUR_SENAPATI,Manipur,SENAPATI,Manipur,SENAPATI,1997,2014,,,,exact_pending_boundary_check,pending_boundary_match,,,,,,,449,18,45,6,
IND_MANIPUR_TAMENGLONG,Manipur,TAMENGLONG,Manipur,TAMENGLONG,1997,2014,,,,exact_pending_boundary_check,pending_boundary_match,,,,,,,349,18,43,6,
IND_MANIPUR_THOUBAL,Manipur,THOUBAL,Manipur,THOUBAL,1997,2014,,,,exact_pending_boundary_check,pending_boundary_match,,,,,,,379,18,43,6,
IND_MANIPUR_UKHRUL,Manipur,UKHRUL,Manipur,UKHRUL,1997,2014,,,,exact_pending_boundary_check,pending_boundary_match,,,,,,,392,18,43,6,
IND_MEGHALAYA_EAST_GARO_HILLS,Meghalaya,EAST GARO HILLS,Meghalaya,EAST GARO HILLS,1997,2014,,,,exact_pending_boundary_check,pending_boundary_match,,,,,,,936,18,39,6,
IND_MEGHALAYA_EAST_JAINTIA_HILLS,Meghalaya,EAST JAINTIA HILLS,Meghalaya,EAST JAINTIA HILLS,1997,2014,,,,exact_pending_boundary_check,pending_boundary_match,,,,,,,650,18,30,6,
IND_MEGHALAYA_EAST_KHASI_HILLS,Meghalaya,EAST KHASI HILLS,Meghalaya,EAST KHASI HILLS,1997,2014,,,,exact_pending_boundary_check,pending_boundary_match,,,,,,,607,18,29,6,
IND_MEGHALAYA_NORTH_GARO_HILLS,Meghalaya,NORTH GARO HILLS,Meghalaya,NORTH GARO HILLS,2013,2014,,,,exact_pending_boundary_check,pending_boundary_match,,,,,,,117,2,30,6,
IND_MEGHALAYA_RI_BHOI,Meghalaya,RI BHOI,Meghalaya,RI BHOI,1997,2014,,,,exact_pending_boundary_check,pending_boundary_match,,,,,,,603,18,30,6,
IND_MEGHALAYA_SOUTH_GARO_HILLS,Meghalaya,SOUTH GARO HILLS,Meghalaya,SOUTH GARO HILLS,1997,2014,,,,exact_pending_boundary_check,pending_boundary_match,,,,,,,868,18,37,6,
IND_MEGHALAYA_SOUTH_WEST_GARO_HILLS,Meghalaya,SOUTH WEST GARO HILLS,Meghalaya,SOUTH WEST GARO HILLS,2013,2014,,,,exact_pending_boundary_check,pending_boundary_match,,,,,,,121,2,31,6,
IND_MEGHALAYA_SOUTH_WEST_KHASI_HILLS,Meghalaya,SOUTH WEST KHASI HILLS,Meghalaya,SOUTH WEST KHASI HILLS,2013,2014,,,,exact_pending_boundary_check,pending_boundary_match,,,,,,,73,2,19,6,
IND_MEGHALAYA_WEST_GARO_HILLS,Meghalaya,WEST GARO HILLS,Meghalaya,WEST GARO HILLS,1997,2014,,,,exact_pending_boundary_check,pending_boundary_match,,,,,,,964,18,40,6,
IND_MEGHALAYA_WEST_JAINTIA_HILLS,Meghalaya,WEST JAINTIA HILLS,Meghalaya,WEST JAINTIA HILLS,2013,2014,,,,exact_pending_boundary_check,pending_boundary_match,,,,,,,77,2,20,6,
IND_MEGHALAYA_WEST_KHASI_HILLS,Meghalaya,WEST KHASI HILLS,Meghalaya,WEST KHASI HILLS,1997,2014,,,,exact_pending_boundary_check,pending_boundary_match,,,,,,,683,18,31,6,
IND_MIZORAM_AIZAWL,Mizoram,AIZAWL,Mizoram,AIZAWL,1997,2014,,,,exact_pending_boundary_check,pending_boundary_match,,,,,,,427,18,26,4,
IND_MIZORAM_CHAMPHAI,Mizoram,CHAMPHAI,Mizoram,CHAMPHAI,1997,2014,,,,exact_pending_boundary_check,pending_boundary_match,,,,,,,348,18,21,4,
IND_MIZORAM_KOLASIB,Mizoram,KOLASIB,Mizoram,KOLASIB,1997,2014,,,,exact_pending_boundary_check,pending_boundary_match,,,,,,,437,18,24,4,
IND_MIZORAM_LAWNGTLAI,Mizoram,LAWNGTLAI,Mizoram,LAWNGTLAI,2004,2014,,,,exact_pending_boundary_check,pending_boundary_match,,,,,,,184,11,20,4,
IND_MIZORAM_LUNGLEI,Mizoram,LUNGLEI,Mizoram,LUNGLEI,1997,2014,,,,exact_pending_boundary_check,pending_boundary_match,,,,,,,449,18,25,4,
IND_MIZORAM_MAMIT,Mizoram,MAMIT,Mizoram,MAMIT,2003,2014,,,,exact_pending_boundary_check,pending_boundary_match,,,,,,,287,12,23,4,
IND_MIZORAM_SAIHA,Mizoram,SAIHA,Mizoram,SAIHA,2003,2014,,,,exact_pending_boundary_check,pending_boundary_match,,,,,,,188,12,20,4,
IND_MIZORAM_SERCHHIP,Mizoram,SERCHHIP,Mizoram,SERCHHIP,2004,2014,,,,exact_pending_boundary_check,pending_boundary_match,,,,,,,136,11,14,4,
IND_NAGALAND_DIMAPUR,Nagaland,DIMAPUR,Nagaland,DIMAPUR,2000,2014,,,,exact_pending_boundary_check,pending_boundary_match,,,,,,,822,15,44,3,
IND_NAGALAND_KIPHIRE,Nagaland,KIPHIRE,Nagaland,KIPHIRE,2008,2014,,,,exact_pending_boundary_check,pending_boundary_match,,,,,,,342,7,40,2,
IND_NAGALAND_KOHIMA,Nagaland,KOHIMA,Nagaland,KOHIMA,1997,2014,,,,exact_pending_boundary_check,pending_boundary_match,,,,,,,848,18,47,3,
IND_NAGALAND_LONGLENG,Nagaland,LONGLENG,Nagaland,LONGLENG,2008,2014,,,,exact_pending_boundary_check,pending_boundary_match,,,,,,,306,7,39,2,
IND_NAGALAND_MOKOKCHUNG,Nagaland,MOKOKCHUNG,Nagaland,MOKOKCHUNG,1997,2014,,,,exact_pending_boundary_check,pending_boundary_match,,,,,,,856,18,48,3,
IND_NAGALAND_MON,Nagaland,MON,Nagaland,MON,1997,2014,,,,exact_pending_boundary_check,pending_boundary_match,,,,,,,867,18,49,3,
IND_NAGALAND_PEREN,Nagaland,PEREN,Nagaland,PEREN,2008,2014,,,,exact_pending_boundary_check,pending_boundary_match,,,,,,,354,7,35,2,
IND_NAGALAND_PHEK,Nagaland,PHEK,Nagaland,PHEK,1997,2014,,,,exact_pending_boundary_check,pending_boundary_match,,,,,,,830,18,46,3,
IND_NAGALAND_TUENSANG,Nagaland,TUENSANG,Nagaland,TUENSANG,1997,2014,,,,exact_pending_boundary_check,pending_boundary_match,,,,,,,774,18,47,3,
IND_NAGALAND_WOKHA,Nagaland,WOKHA,Nagaland,WOKHA,1997,2014,,,,exact_pending_boundary_check,pending_boundary_match,,,,,,,898,18,48,3,
IND_NAGALAND_ZUNHEBOTO,Nagaland,ZUNHEBOTO,Nagaland,ZUNHEBOTO,1997,2014,,,,exact_pending_boundary_check,pending_boundary_match,,,,,,,808,18,45,3,
IND_ODISHA_ANUGUL,Odisha,ANUGUL,Odisha,ANUGUL,1997,2014,,,,exact_pending_boundary_check,pending_boundary_match,,,,,,,947,18,35,6,
IND_ODISHA_BALANGIR,Odisha,BALANGIR,Odisha,BALANGIR,1997,2014,,,,exact_pending_boundary_check,pending_boundary_match,,,,,,,991,18,38,6,
IND_ODISHA_BALESHWAR,Odisha,BALESHWAR,Odisha,BALESHWAR,1997,2014,,,,exact_pending_boundary_check,pending_boundary_match,,,,,,,727,18,32,6,
IND_ODISHA_BARGARH,Odisha,BARGARH,Odisha,BARGARH,1997,2014,,,,exact_pending_boundary_check,pending_boundary_match,,,,,,,879,18,34,6,
IND_ODISHA_BHADRAK,Odisha,BHADRAK,Odisha,BHADRAK,1997,2014,,,,exact_pending_boundary_check,pending_boundary_match,,,,,,,653,18,28,6,
IND_ODISHA_BOUDH,Odisha,BOUDH,Odisha,BOUDH,1997,2014,,,,exact_pending_boundary_check,pending_boundary_match,,,,,,,909,18,34,6,
IND_ODISHA_CUTTACK,Odisha,CUTTACK,Odisha,CUTTACK,1997,2014,,,,exact_pending_boundary_check,pending_boundary_match,,,,,,,927,18,33,6,
IND_ODISHA_DEOGARH,Odisha,DEOGARH,Odisha,DEOGARH,1997,2014,,,,exact_pending_boundary_check,pending_boundary_match,,,,,,,891,18,32,6,
IND_ODISHA_DHENKANAL,Odisha,DHENKANAL,Odisha,DHENKANAL,1997,2014,,,,exact_pending_boundary_check,pending_boundary_match,,,,,,,897,18,32,6,
IND_ODISHA_GAJAPATI,Odisha,GAJAPATI,Odisha,GAJAPATI,1997,2014,,,,exact_pending_boundary_check,pending_boundary_match,,,,,,,871,18,37,6,
IND_ODISHA_GANJAM,Odisha,GANJAM,Odisha,GANJAM,1997,2014,,,,exact_pending_boundary_check,pending_boundary_match,,,,,,,1001,18,38,6,
IND_ODISHA_JAGATSINGHAPUR,Odisha,JAGATSINGHAPUR,Odisha,JAGATSINGHAPUR,1997,2014,,,,exact_pending_boundary_check,pending_boundary_match,,,,,,,673,18,31,6,
IND_ODISHA_JAJAPUR,Odisha,JAJAPUR,Odisha,JAJAPUR,1997,2014,,,,exact_pending_boundary_check,pending_boundary_match,,,,,,,803,18,32,6,
IND_ODISHA_JHARSUGUDA,Odisha,JHARSUGUDA,Odisha,JHARSUGUDA,1997,2014,,,,exact_pending_boundary_check,pending_boundary_match,,,,,,,747,18,30,6,
IND_ODISHA_KALAHANDI,Odisha,KALAHANDI,Odisha,KALAHANDI,1997,2014,,,,exact_pending_boundary_check,pending_boundary_match,,,,,,,951,18,40,6,
IND_ODISHA_KANDHAMAL,Odisha,KANDHAMAL,Odisha,KANDHAMAL,1997,2014,,,,exact_pending_boundary_check,pending_boundary_match,,,,,,,845,18,36,6,
IND_ODISHA_KENDRAPARA,Odisha,KENDRAPARA,Odisha,KENDRAPARA,1997,2014,,,,exact_pending_boundary_check,pending_boundary_match,,,,,,,653,18,29,6,
IND_ODISHA_KENDUJHAR,Odisha,KENDUJHAR,Odisha,KENDUJHAR,1997,2014,,,,exact_pending_boundary_check,pending_boundary_match,,,,,,,987,18,39,6,
IND_ODISHA_KHORDHA,Odisha,KHORDHA,Odisha,KHORDHA,1997,2014,,,,exact_pending_boundary_check,pending_boundary_match,,,,,,,829,18,33,6,
IND_ODISHA_KORAPUT,Odisha,KORAPUT,Odisha,KORAPUT,1997,2014,,,,exact_pending_boundary_check,pending_boundary_match,,,,,,,979,18,39,6,
IND_ODISHA_MALKANGIRI,Odisha,MALKANGIRI,Odisha,MALKANGIRI,1997,2014,,,,exact_pending_boundary_check,pending_boundary_match,,,,,,,721,18,35,6,
IND_ODISHA_MAYURBHANJ,Odisha,MAYURBHANJ,Odisha,MAYURBHANJ,1997,2014,,,,exact_pending_boundary_check,pending_boundary_match,,,,,,,1009,18,38,6,
IND_ODISHA_NABARANGPUR,Odisha,NABARANGPUR,Odisha,NABARANGPUR,1997,2014,,,,exact_pending_boundary_check,pending_boundary_match,,,,,,,861,18,38,6,
IND_ODISHA_NAYAGARH,Odisha,NAYAGARH,Odisha,NAYAGARH,1997,2014,,,,exact_pending_boundary_check,pending_boundary_match,,,,,,,881,18,37,6,
IND_ODISHA_NUAPADA,Odisha,NUAPADA,Odisha,NUAPADA,1997,2014,,,,exact_pending_boundary_check,pending_boundary_match,,,,,,,913,18,40,6,
IND_ODISHA_PURI,Odisha,PURI,Odisha,PURI,1997,2014,,,,exact_pending_boundary_check,pending_boundary_match,,,,,,,649,18,30,6,
IND_ODISHA_RAYAGADA,Odisha,RAYAGADA,Odisha,RAYAGADA,1997,2014,,,,exact_pending_boundary_check,pending_boundary_match,,,,,,,987,18,35,6,
IND_ODISHA_SAMBALPUR,Odisha,SAMBALPUR,Odisha,SAMBALPUR,1997,2014,,,,exact_pending_boundary_check,pending_boundary_match,,,,,,,919,18,32,6,
IND_ODISHA_SONEPUR,Odisha,SONEPUR,Odisha,SONEPUR,1997,2014,,,,exact_pending_boundary_check,pending_boundary_match,,,,,,,833,18,34,6,
IND_ODISHA_SUNDARGARH,Odisha,SUNDARGARH,Odisha,SUNDARGARH,1997,2014,,,,exact_pending_boundary_check,pending_boundary_match,,,,,,,973,18,38,6,
IND_PUDUCHERRY_KARAIKAL,Puducherry,KARAIKAL,Puducherry,KARAIKAL,1998,2014,,,,exact_pending_boundary_check,pending_boundary_match,,,,,,,413,17,24,6,
IND_PUDUCHERRY_MAHE,Puducherry,MAHE,Puducherry,MAHE,1998,2011,,,,exact_pending_boundary_check,pending_boundary_match,,,,,,,174,14,15,3,
IND_PUDUCHERRY_PONDICHERRY,Puducherry,PONDICHERRY,Puducherry,PONDICHERRY,1998,2014,,,,exact_pending_boundary_check,pending_boundary_match,,,,,,,864,17,31,6,
IND_PUDUCHERRY_YANAM,Puducherry,YANAM,Puducherry,YANAM,1998,2014,,,,exact_pending_boundary_check,pending_boundary_match,,,,,,,242,17,17,6,
IND_PUNJAB_AMRITSAR,Punjab,AMRITSAR,Punjab,AMRITSAR,1997,2014,,,,exact_pending_boundary_check,pending_boundary_match,,,,,,,386,18,18,3,
IND_PUNJAB_BARNALA,Punjab,BARNALA,Punjab,BARNALA,2007,2014,,,,exact_pending_boundary_check,pending_boundary_match,,,,,,,132,8,10,3,
IND_PUNJAB_BATHINDA,Punjab,BATHINDA,Punjab,BATHINDA,1997,2014,,,,exact_pending_boundary_check,pending_boundary_match,,,,,,,367,18,15,3,
IND_PUNJAB_FARIDKOT,Punjab,FARIDKOT,Punjab,FARIDKOT,1997,2014,,,,exact_pending_boundary_check,pending_boundary_match,,,,,,,280,18,13,3,
IND_PUNJAB_FATEHGARH_SAHIB,Punjab,FATEHGARH SAHIB,Punjab,FATEHGARH SAHIB,1997,2014,,,,exact_pending_boundary_check,pending_boundary_match,,,,,,,223,18,14,3,
IND_PUNJAB_FAZILKA,Punjab,FAZILKA,Punjab,FAZILKA,2011,2014,,,,exact_pending_boundary_check,pending_boundary_match,,,,,,,51,4,10,3,
IND_PUNJAB_FIROZEPUR,Punjab,FIROZEPUR,Punjab,FIROZEPUR,1997,2014,,,,exact_pending_boundary_check,pending_boundary_match,,,,,,,384,18,19,3,
IND_PUNJAB_GURDASPUR,Punjab,GURDASPUR,Punjab,GURDASPUR,1997,2014,,,,exact_pending_boundary_check,pending_boundary_match,,,,,,,333,18,17,3,
IND_PUNJAB_HOSHIARPUR,Punjab,HOSHIARPUR,Punjab,HOSHIARPUR,1997,2014,,,,exact_pending_boundary_check,pending_boundary_match,,,,,,,409,18,18,3,
IND_PUNJAB_JALANDHAR,Punjab,JALANDHAR,Punjab,JALANDHAR,1997,2014,,,,exact_pending_boundary_check,pending_boundary_match,,,,,,,341,18,18,3,
IND_PUNJAB_KAPURTHALA,Punjab,KAPURTHALA,Punjab,KAPURTHALA,1997,2014,,,,exact_pending_boundary_check,pending_boundary_match,,,,,,,238,18,16,3,
IND_PUNJAB_LUDHIANA,Punjab,LUDHIANA,Punjab,LUDHIANA,1997,2014,,,,exact_pending_boundary_check,pending_boundary_match,,,,,,,368,18,19,3,
IND_PUNJAB_MANSA,Punjab,MANSA,Punjab,MANSA,1997,2014,,,,exact_pending_boundary_check,pending_boundary_match,,,,,,,358,18,14,3,
IND_PUNJAB_MOGA,Punjab,MOGA,Punjab,MOGA,1997,2014,,,,exact_pending_boundary_check,pending_boundary_match,,,,,,,295,18,13,3,
IND_PUNJAB_MUKTSAR,Punjab,MUKTSAR,Punjab,MUKTSAR,1997,2014,,,,exact_pending_boundary_check,pending_boundary_match,,,,,,,360,18,18,3,
IND_PUNJAB_NAWANSHAHR,Punjab,NAWANSHAHR,Punjab,NAWANSHAHR,1997,2014,,,,exact_pending_boundary_check,pending_boundary_match,,,,,,,248,18,16,3,
IND_PUNJAB_PATHANKOT,Punjab,PATHANKOT,Punjab,PATHANKOT,2011,2014,,,,exact_pending_boundary_check,pending_boundary_match,,,,,,,52,4,10,3,
IND_PUNJAB_PATIALA,Punjab,PATIALA,Punjab,PATIALA,1997,2014,,,,exact_pending_boundary_check,pending_boundary_match,,,,,,,369,18,17,3,
IND_PUNJAB_RUPNAGAR,Punjab,RUPNAGAR,Punjab,RUPNAGAR,1997,2014,,,,exact_pending_boundary_check,pending_boundary_match,,,,,,,331,18,18,3,
IND_PUNJAB_S,Punjab,S,Punjab,S.A.S NAGAR,2006,2014,,,,manual_override_strong,pending_boundary_confirmation,truncated_name,strong,73 shared Crop_Year+Season+Crop rows; 55 same Area; 0 same Production; 0 same yield; 0 exact data-row matches; ratio hits x10/x100/x1000 = 17/72/0; candidate name contains one of the requested Punjab review terms,ready_for_crosswalk_override_review,,,73,9,12,3,
IND_PUNJAB_S_A_S_NAGAR,Punjab,S.A.S NAGAR,Punjab,S.A.S NAGAR,2006,2014,,,,exact_pending_boundary_check,pending_boundary_match,,,,,,,73,9,12,3,
IND_PUNJAB_SANGRUR,Punjab,SANGRUR,Punjab,SANGRUR,1997,2014,,,,exact_pending_boundary_check,pending_boundary_match,,,,,,,425,18,20,3,
IND_PUNJAB_TARN_TARAN,Punjab,TARN TARAN,Punjab,TARN TARAN,2006,2014,,,,exact_pending_boundary_check,pending_boundary_match,,,,,,,161,9,14,3,
IND_RAJASTHAN_AJMER,Rajasthan,AJMER,Rajasthan,AJMER,1997,2014,,,,exact_pending_boundary_check,pending_boundary_match,,,,,,,887,18,41,3,
IND_RAJASTHAN_ALWAR,Rajasthan,ALWAR,Rajasthan,ALWAR,1997,2014,,,,exact_pending_boundary_check,pending_boundary_match,,,,,,,924,18,49,3,
IND_RAJASTHAN_BANSWARA,Rajasthan,BANSWARA,Rajasthan,BANSWARA,1997,2014,,,,exact_pending_boundary_check,pending_boundary_match,,,,,,,915,18,43,3,
IND_RAJASTHAN_BARAN,Rajasthan,BARAN,Rajasthan,BARAN,1997,2014,,,,exact_pending_boundary_check,pending_boundary_match,,,,,,,900,18,46,3,
IND_RAJASTHAN_BARMER,Rajasthan,BARMER,Rajasthan,BARMER,1997,2014,,,,exact_pending_boundary_check,pending_boundary_match,,,,,,,583,18,30,3,
IND_RAJASTHAN_BHARATPUR,Rajasthan,BHARATPUR,Rajasthan,BHARATPUR,1997,2014,,,,exact_pending_boundary_check,pending_boundary_match,,,,,,,950,18,45,3,
IND_RAJASTHAN_BHILWARA,Rajasthan,BHILWARA,Rajasthan,BHILWARA,1997,2014,,,,exact_pending_boundary_check,pending_boundary_match,,,,,,,976,18,45,3,
IND_RAJASTHAN_BIKANER,Rajasthan,BIKANER,Rajasthan,BIKANER,1997,2014,,,,exact_pending_boundary_check,pending_boundary_match,,,,,,,721,18,39,3,
IND_RAJASTHAN_BUNDI,Rajasthan,BUNDI,Rajasthan,BUNDI,1997,2014,,,,exact_pending_boundary_check,pending_boundary_match,,,,,,,934,18,43,3,
IND_RAJASTHAN_CHITTORGARH,Rajasthan,CHITTORGARH,Rajasthan,CHITTORGARH,1997,2014,,,,exact_pending_boundary_check,pending_boundary_match,,,,,,,1002,18,46,3,
IND_RAJASTHAN_CHURU,Rajasthan,CHURU,Rajasthan,CHURU,1997,2014,,,,exact_pending_boundary_check,pending_boundary_match,,,,,,,571,18,31,3,
IND_RAJASTHAN_DAUSA,Rajasthan,DAUSA,Rajasthan,DAUSA,1997,2014,,,,exact_pending_boundary_check,pending_boundary_match,,,,,,,849,18,41,3,
IND_RAJASTHAN_DHOLPUR,Rajasthan,DHOLPUR,Rajasthan,DHOLPUR,1997,2014,,,,exact_pending_boundary_check,pending_boundary_match,,,,,,,857,18,40,3,
IND_RAJASTHAN_DUNGARPUR,Rajasthan,DUNGARPUR,Rajasthan,DUNGARPUR,1997,2014,,,,exact_pending_boundary_check,pending_boundary_match,,,,,,,862,18,41,3,
IND_RAJASTHAN_GANGANAGAR,Rajasthan,GANGANAGAR,Rajasthan,GANGANAGAR,1997,2014,,,,exact_pending_boundary_check,pending_boundary_match,,,,,,,862,18,43,3,
IND_RAJASTHAN_HANUMANGARH,Rajasthan,HANUMANGARH,Rajasthan,HANUMANGARH,1997,2014,,,,exact_pending_boundary_check,pending_boundary_match,,,,,,,793,18,41,3,
IND_RAJASTHAN_JAIPUR,Rajasthan,JAIPUR,Rajasthan,JAIPUR,1997,2014,,,,exact_pending_boundary_check,pending_boundary_match,,,,,,,898,18,41,3,
IND_RAJASTHAN_JAISALMER,Rajasthan,JAISALMER,Rajasthan,JAISALMER,1997,2014,,,,exact_pending_boundary_check,pending_boundary_match,,,,,,,567,18,32,3,
IND_RAJASTHAN_JALORE,Rajasthan,JALORE,Rajasthan,JALORE,1997,2014,,,,exact_pending_boundary_check,pending_boundary_match,,,,,,,806,18,42,3,
IND_RAJASTHAN_JHALAWAR,Rajasthan,JHALAWAR,Rajasthan,JHALAWAR,1997,2014,,,,exact_pending_boundary_check,pending_boundary_match,,,,,,,923,18,47,3,
IND_RAJASTHAN_JHUNJHUNU,Rajasthan,JHUNJHUNU,Rajasthan,JHUNJHUNU,1997,2014,,,,exact_pending_boundary_check,pending_boundary_match,,,,,,,726,18,42,3,
IND_RAJASTHAN_JODHPUR,Rajasthan,JODHPUR,Rajasthan,JODHPUR,1997,2014,,,,exact_pending_boundary_check,pending_boundary_match,,,,,,,709,18,40,3,
IND_RAJASTHAN_KARAULI,Rajasthan,KARAULI,Rajasthan,KARAULI,1997,2014,,,,exact_pending_boundary_check,pending_boundary_match,,,,,,,877,18,41,3,
IND_RAJASTHAN_KOTA,Rajasthan,KOTA,Rajasthan,KOTA,1997,2014,,,,exact_pending_boundary_check,pending_boundary_match,,,,,,,861,18,41,3,
IND_RAJASTHAN_NAGAUR,Rajasthan,NAGAUR,Rajasthan,NAGAUR,1997,2014,,,,exact_pending_boundary_check,pending_boundary_match,,,,,,,782,18,42,3,
IND_RAJASTHAN_PALI,Rajasthan,PALI,Rajasthan,PALI,1997,2014,,,,exact_pending_boundary_check,pending_boundary_match,,,,,,,858,18,43,3,
IND_RAJASTHAN_PRATAPGARH,Rajasthan,PRATAPGARH,Rajasthan,PRATAPGARH,2008,2014,,,,exact_pending_boundary_check,pending_boundary_match,,,,,,,290,7,33,3,
IND_RAJASTHAN_RAJSAMAND,Rajasthan,RAJSAMAND,Rajasthan,RAJSAMAND,1997,2014,,,,exact_pending_boundary_check,pending_boundary_match,,,,,,,877,18,45,3,
IND_RAJASTHAN_SAWAI_MADHOPUR,Rajasthan,SAWAI MADHOPUR,Rajasthan,SAWAI MADHOPUR,1997,2014,,,,exact_pending_boundary_check,pending_boundary_match,,,,,,,925,18,39,3,
IND_RAJASTHAN_SIKAR,Rajasthan,SIKAR,Rajasthan,SIKAR,1997,2014,,,,exact_pending_boundary_check,pending_boundary_match,,,,,,,792,18,42,3,
IND_RAJASTHAN_SIROHI,Rajasthan,SIROHI,Rajasthan,SIROHI,1997,2014,,,,exact_pending_boundary_check,pending_boundary_match,,,,,,,886,18,41,3,
IND_RAJASTHAN_TONK,Rajasthan,TONK,Rajasthan,TONK,1997,2014,,,,exact_pending_boundary_check,pending_boundary_match,,,,,,,932,18,44,3,
IND_RAJASTHAN_UDAIPUR,Rajasthan,UDAIPUR,Rajasthan,UDAIPUR,1997,2014,,,,exact_pending_boundary_check,pending_boundary_match,,,,,,,1001,18,43,3,
IND_SIKKIM_EAST_DISTRICT,Sikkim,EAST DISTRICT,Sikkim,EAST DISTRICT,1997,2014,,,,exact_pending_boundary_check,pending_boundary_match,,,,,,,342,18,20,3,
IND_SIKKIM_NORTH_DISTRICT,Sikkim,NORTH DISTRICT,Sikkim,NORTH DISTRICT,1997,2014,,,,exact_pending_boundary_check,pending_boundary_match,,,,,,,330,18,19,3,
IND_SIKKIM_SOUTH_DISTRICT,Sikkim,SOUTH DISTRICT,Sikkim,SOUTH DISTRICT,1997,2014,,,,exact_pending_boundary_check,pending_boundary_match,,,,,,,352,18,20,3,
IND_SIKKIM_WEST_DISTRICT,Sikkim,WEST DISTRICT,Sikkim,WEST DISTRICT,1997,2014,,,,exact_pending_boundary_check,pending_boundary_match,,,,,,,350,18,20,3,
IND_TAMIL_NADU_ARIYALUR,Tamil Nadu,ARIYALUR,Tamil Nadu,ARIYALUR,2009,2014,,,,exact_pending_boundary_check,pending_boundary_match,,,,,,,254,6,26,3,
IND_TAMIL_NADU_COIMBATORE,Tamil Nadu,COIMBATORE,Tamil Nadu,COIMBATORE,1997,2014,,,,exact_pending_boundary_check,pending_boundary_match,,,,,,,1012,18,76,3,
IND_TAMIL_NADU_CUDDALORE,Tamil Nadu,CUDDALORE,Tamil Nadu,CUDDALORE,1997,2014,,,,exact_pending_boundary_check,pending_boundary_match,,,,,,,890,18,62,3,
IND_TAMIL_NADU_DHARMAPURI,Tamil Nadu,DHARMAPURI,Tamil Nadu,DHARMAPURI,1997,2014,,,,exact_pending_boundary_check,pending_boundary_match,,,,,,,1004,18,78,3,
IND_TAMIL_NADU_DINDIGUL,Tamil Nadu,DINDIGUL,Tamil Nadu,DINDIGUL,1997,2014,,,,exact_pending_boundary_check,pending_boundary_match,,,,,,,1123,18,84,3,
IND_TAMIL_NADU_ERODE,Tamil Nadu,ERODE,Tamil Nadu,ERODE,1997,2014,,,,exact_pending_boundary_check,pending_boundary_match,,,,,,,1047,18,77,3,
IND_TAMIL_NADU_KANCHIPURAM,Tamil Nadu,KANCHIPURAM,Tamil Nadu,KANCHIPURAM,1997,2014,,,,exact_pending_boundary_check,pending_boundary_match,,,,,,,758,18,59,3,
IND_TAMIL_NADU_KANNIYAKUMARI,Tamil Nadu,KANNIYAKUMARI,Tamil Nadu,KANNIYAKUMARI,1997,2014,,,,exact_pending_boundary_check,pending_boundary_match,,,,,,,466,18,51,3,
IND_TAMIL_NADU_KARUR,Tamil Nadu,KARUR,Tamil Nadu,KARUR,1997,2014,,,,exact_pending_boundary_check,pending_boundary_match,,,,,,,888,18,61,3,
IND_TAMIL_NADU_KRISHNAGIRI,Tamil Nadu,KRISHNAGIRI,Tamil Nadu,KRISHNAGIRI,2002,2014,,,,exact_pending_boundary_check,pending_boundary_match,,,,,,,665,13,68,3,
IND_TAMIL_NADU_MADURAI,Tamil Nadu,MADURAI,Tamil Nadu,MADURAI,1997,2014,,,,exact_pending_boundary_check,pending_boundary_match,,,,,,,930,18,70,3,
IND_TAMIL_NADU_NAGAPATTINAM,Tamil Nadu,NAGAPATTINAM,Tamil Nadu,NAGAPATTINAM,1997,2014,,,,exact_pending_boundary_check,pending_boundary_match,,,,,,,579,18,51,3,
IND_TAMIL_NADU_NAMAKKAL,Tamil Nadu,NAMAKKAL,Tamil Nadu,NAMAKKAL,1997,2014,,,,exact_pending_boundary_check,pending_boundary_match,,,,,,,1003,18,76,3,
IND_TAMIL_NADU_PERAMBALUR,Tamil Nadu,PERAMBALUR,Tamil Nadu,PERAMBALUR,1997,2014,,,,exact_pending_boundary_check,pending_boundary_match,,,,,,,906,18,58,3,
IND_TAMIL_NADU_PUDUKKOTTAI,Tamil Nadu,PUDUKKOTTAI,Tamil Nadu,PUDUKKOTTAI,1997,2014,,,,exact_pending_boundary_check,pending_boundary_match,,,,,,,817,18,58,3,
IND_TAMIL_NADU_RAMANATHAPURAM,Tamil Nadu,RAMANATHAPURAM,Tamil Nadu,RAMANATHAPURAM,1997,2014,,,,exact_pending_boundary_check,pending_boundary_match,,,,,,,723,18,46,3,
IND_TAMIL_NADU_SALEM,Tamil Nadu,SALEM,Tamil Nadu,SALEM,1997,2014,,,,exact_pending_boundary_check,pending_boundary_match,,,,,,,1062,18,82,3,
IND_TAMIL_NADU_SIVAGANGA,Tamil Nadu,SIVAGANGA,Tamil Nadu,SIVAGANGA,1997,2014,,,,exact_pending_boundary_check,pending_boundary_match,,,,,,,802,18,58,3,
IND_TAMIL_NADU_THANJAVUR,Tamil Nadu,THANJAVUR,Tamil Nadu,THANJAVUR,1997,2014,,,,exact_pending_boundary_check,pending_boundary_match,,,,,,,781,18,60,3,
IND_TAMIL_NADU_THE_NILGIRIS,Tamil Nadu,THE NILGIRIS,Tamil Nadu,THE NILGIRIS,1997,2014,,,,exact_pending_boundary_check,pending_boundary_match,,,,,,,553,18,68,3,
IND_TAMIL_NADU_THENI,Tamil Nadu,THENI,Tamil Nadu,THENI,1997,2014,,,,exact_pending_boundary_check,pending_boundary_match,,,,,,,980,18,74,3,
IND_TAMIL_NADU_THIRUVALLUR,Tamil Nadu,THIRUVALLUR,Tamil Nadu,THIRUVALLUR,1997,2014,,,,exact_pending_boundary_check,pending_boundary_match,,,,,,,762,18,60,3,
IND_TAMIL_NADU_THIRUVARUR,Tamil Nadu,THIRUVARUR,Tamil Nadu,THIRUVARUR,1997,2014,,,,exact_pending_boundary_check,pending_boundary_match,,,,,,,534,18,53,3,
IND_TAMIL_NADU_THOOTHUKUDI,Tamil Nadu,THOOTHUKUDI,Tamil Nadu,THOOTHUKUDI,1998,2014,,,,exact_pending_boundary_check,pending_boundary_match,,,,,,,420,17,31,3,
IND_TAMIL_NADU_TIRUCHIRAPPALLI,Tamil Nadu,TIRUCHIRAPPALLI,Tamil Nadu,TIRUCHIRAPPALLI,1997,2014,,,,exact_pending_boundary_check,pending_boundary_match,,,,,,,941,18,67,3,
IND_TAMIL_NADU_TIRUNELVELI,Tamil Nadu,TIRUNELVELI,Tamil Nadu,TIRUNELVELI,1997,2014,,,,exact_pending_boundary_check,pending_boundary_match,,,,,,,1012,18,70,3,
IND_TAMIL_NADU_TIRUPPUR,Tamil Nadu,TIRUPPUR,Tamil Nadu,TIRUPPUR,2009,2014,,,,exact_pending_boundary_check,pending_boundary_match,,,,,,,270,6,29,3,
IND_TAMIL_NADU_TIRUVANNAMALAI,Tamil Nadu,TIRUVANNAMALAI,Tamil Nadu,TIRUVANNAMALAI,1997,2014,,,,exact_pending_boundary_check,pending_boundary_match,,,,,,,936,18,69,3,
IND_TAMIL_NADU_TUTICORIN,Tamil Nadu,TUTICORIN,Tamil Nadu,TUTICORIN,1997,2013,,,,exact_pending_boundary_check,pending_boundary_match,,,,,,,470,17,62,3,
IND_TAMIL_NADU_VELLORE,Tamil Nadu,VELLORE,Tamil Nadu,VELLORE,1997,2014,,,,exact_pending_boundary_check,pending_boundary_match,,,,,,,953,18,72,3,
IND_TAMIL_NADU_VILLUPURAM,Tamil Nadu,VILLUPURAM,Tamil Nadu,VILLUPURAM,1997,2014,,,,exact_pending_boundary_check,pending_boundary_match,,,,,,,942,18,66,3,
IND_TAMIL_NADU_VIRUDHUNAGAR,Tamil Nadu,VIRUDHUNAGAR,Tamil Nadu,VIRUDHUNAGAR,1997,2014,,,,exact_pending_boundary_check,pending_boundary_match,,,,,,,936,18,68,3,
IND_TELANGANA_ADILABAD,Telangana,ADILABAD,Telangana,ADILABAD,1997,2014,,,,exact_pending_boundary_check,pending_boundary_match,,,,,,,726,17,57,3,
IND_TELANGANA_HYDERABAD,Telangana,HYDERABAD,Telangana,HYDERABAD,1997,2000,,,,exact_pending_boundary_check,pending_boundary_match,,,,,,,8,4,2,2,
IND_TELANGANA_KARIMNAGAR,Telangana,KARIMNAGAR,Telangana,KARIMNAGAR,1997,2014,,,,exact_pending_boundary_check,pending_boundary_match,,,,,,,645,17,49,3,
IND_TELANGANA_KHAMMAM,Telangana,KHAMMAM,Telangana,KHAMMAM,1997,2014,,,,exact_pending_boundary_check,pending_boundary_match,,,,,,,660,17,52,3,
IND_TELANGANA_MAHBUBNAGAR,Telangana,MAHBUBNAGAR,Telangana,MAHBUBNAGAR,1997,2014,,,,exact_pending_boundary_check,pending_boundary_match,,,,,,,741,17,56,3,
IND_TELANGANA_MEDAK,Telangana,MEDAK,Telangana,MEDAK,1997,2014,,,,exact_pending_boundary_check,pending_boundary_match,,,,,,,796,17,59,3,
IND_TELANGANA_NALGONDA,Telangana,NALGONDA,Telangana,NALGONDA,1997,2014,,,,exact_pending_boundary_check,pending_boundary_match,,,,,,,583,17,48,3,
IND_TELANGANA_NIZAMABAD,Telangana,NIZAMABAD,Telangana,NIZAMABAD,1997,2014,,,,exact_pending_boundary_check,pending_boundary_match,,,,,,,709,17,59,3,
IND_TELANGANA_RANGAREDDI,Telangana,RANGAREDDI,Telangana,RANGAREDDI,1997,2014,,,,exact_pending_boundary_check,pending_boundary_match,,,,,,,774,17,60,3,
IND_TELANGANA_WARANGAL,Telangana,WARANGAL,Telangana,WARANGAL,1997,2014,,,,exact_pending_boundary_check,pending_boundary_match,,,,,,,637,17,47,3,
IND_TRIPURA_DHALAI,Tripura,DHALAI,Tripura,DHALAI,1998,2014,,,,exact_pending_boundary_check,pending_boundary_match,,,,,,,581,17,23,3,
IND_TRIPURA_GOMATI,Tripura,GOMATI,Tripura,GOMATI,2012,2014,,,,exact_pending_boundary_check,pending_boundary_match,,,,,,,122,3,19,3,
IND_TRIPURA_KHOWAI,Tripura,KHOWAI,Tripura,KHOWAI,2012,2014,,,,exact_pending_boundary_check,pending_boundary_match,,,,,,,122,3,19,3,
IND_TRIPURA_NORTH_TRIPURA,Tripura,NORTH TRIPURA,Tripura,NORTH TRIPURA,1998,2014,,,,exact_pending_boundary_check,pending_boundary_match,,,,,,,583,17,23,3,
IND_TRIPURA_SEPAHIJALA,Tripura,SEPAHIJALA,Tripura,SEPAHIJALA,2012,2014,,,,exact_pending_boundary_check,pending_boundary_match,,,,,,,114,3,18,3,
IND_TRIPURA_SOUTH_TRIPURA,Tripura,SOUTH TRIPURA,Tripura,SOUTH TRIPURA,1998,2014,,,,exact_pending_boundary_check,pending_boundary_match,,,,,,,581,17,23,3,
IND_TRIPURA_UNAKOTI,Tripura,UNAKOTI,Tripura,UNAKOTI,2012,2014,,,,exact_pending_boundary_check,pending_boundary_match,,,,,,,124,3,19,3,
IND_TRIPURA_WEST_TRIPURA,Tripura,WEST TRIPURA,Tripura,WEST TRIPURA,1998,2014,,,,exact_pending_boundary_check,pending_boundary_match,,,,,,,577,17,23,3,
IND_UTTAR_PRADESH_AGRA,Uttar Pradesh,AGRA,Uttar Pradesh,AGRA,1997,2014,,,,exact_pending_boundary_check,pending_boundary_match,,,,,,,933,18,39,4,
IND_UTTAR_PRADESH_ALIGARH,Uttar Pradesh,ALIGARH,Uttar Pradesh,ALIGARH,1997,2014,,,,exact_pending_boundary_check,pending_boundary_match,,,,,,,955,18,39,4,
IND_UTTAR_PRADESH_ALLAHABAD,Uttar Pradesh,ALLAHABAD,Uttar Pradesh,ALLAHABAD,1997,2014,,,,exact_pending_boundary_check,pending_boundary_match,,,,,,,939,18,39,4,
IND_UTTAR_PRADESH_ALMORA,Uttar Pradesh,ALMORA,Uttar Pradesh,ALMORA,1997,1999,,,,exact_pending_boundary_check,pending_boundary_match,,,,,,,48,3,18,3,
IND_UTTAR_PRADESH_AMBEDKAR_NAGAR,Uttar Pradesh,AMBEDKAR NAGAR,Uttar Pradesh,AMBEDKAR NAGAR,1997,2014,,,,exact_pending_boundary_check,pending_boundary_match,,,,,,,904,18,35,4,
IND_UTTAR_PRADESH_AMETHI,Uttar Pradesh,AMETHI,Uttar Pradesh,AMETHI,2010,2014,,,,exact_pending_boundary_check,pending_boundary_match,,,,,,,270,5,28,3,
IND_UTTAR_PRADESH_AMROHA,Uttar Pradesh,AMROHA,Uttar Pradesh,AMROHA,1997,2014,,,,exact_pending_boundary_check,pending_boundary_match,,,,,,,726,18,34,4,
IND_UTTAR_PRADESH_AURAIYA,Uttar Pradesh,AURAIYA,Uttar Pradesh,AURAIYA,1997,2014,,,,exact_pending_boundary_check,pending_boundary_match,,,,,,,926,18,34,4,
IND_UTTAR_PRADESH_AZAMGARH,Uttar Pradesh,AZAMGARH,Uttar Pradesh,AZAMGARH,1997,2014,,,,exact_pending_boundary_check,pending_boundary_match,,,,,,,1045,18,40,4,
IND_UTTAR_PRADESH_BAGESHWAR,Uttar Pradesh,BAGESHWAR,Uttar Pradesh,BAGESHWAR,1998,1999,,,,exact_pending_boundary_check,pending_boundary_match,,,,,,,17,2,11,3,
IND_UTTAR_PRADESH_BAGHPAT,Uttar Pradesh,BAGHPAT,Uttar Pradesh,BAGHPAT,1997,2014,,,,exact_pending_boundary_check,pending_boundary_match,,,,,,,740,18,34,4,
IND_UTTAR_PRADESH_BAHRAICH,Uttar Pradesh,BAHRAICH,Uttar Pradesh,BAHRAICH,1997,2014,,,,exact_pending_boundary_check,pending_boundary_match,,,,,,,1062,18,42,4,
IND_UTTAR_PRADESH_BALLIA,Uttar Pradesh,BALLIA,Uttar Pradesh,BALLIA,1997,2014,,,,exact_pending_boundary_check,pending_boundary_match,,,,,,,933,18,37,4,
IND_UTTAR_PRADESH_BALRAMPUR,Uttar Pradesh,BALRAMPUR,Uttar Pradesh,BALRAMPUR,1997,2014,,,,exact_pending_boundary_check,pending_boundary_match,,,,,,,840,18,33,4,
IND_UTTAR_PRADESH_BANDA,Uttar Pradesh,BANDA,Uttar Pradesh,BANDA,1997,2014,,,,exact_pending_boundary_check,pending_boundary_match,,,,,,,943,18,38,4,
IND_UTTAR_PRADESH_BARABANKI,Uttar Pradesh,BARABANKI,Uttar Pradesh,BARABANKI,1997,2014,,,,exact_pending_boundary_check,pending_boundary_match,,,,,,,1031,18,39,4,
IND_UTTAR_PRADESH_BAREILLY,Uttar Pradesh,BAREILLY,Uttar Pradesh,BAREILLY,1997,2014,,,,exact_pending_boundary_check,pending_boundary_match,,,,,,,983,18,41,4,
IND_UTTAR_PRADESH_BASTI,Uttar Pradesh,BASTI,Uttar Pradesh,BASTI,1997,2014,,,,exact_pending_boundary_check,pending_boundary_match,,,,,,,904,18,34,4,
IND_UTTAR_PRADESH_BIJNOR,Uttar Pradesh,BIJNOR,Uttar Pradesh,BIJNOR,1997,2014,,,,exact_pending_boundary_check,pending_boundary_match,,,,,,,861,18,36,4,
IND_UTTAR_PRADESH_BUDAUN,Uttar Pradesh,BUDAUN,Uttar Pradesh,BUDAUN,1997,2014,,,,exact_pending_boundary_check,pending_boundary_match,,,,,,,1043,18,41,4,
IND_UTTAR_PRADESH_BULANDSHAHR,Uttar Pradesh,BULANDSHAHR,Uttar Pradesh,BULANDSHAHR,1997,2014,,,,exact_pending_boundary_check,pending_boundary_match,,,,,,,933,18,37,4,
IND_UTTAR_PRADESH_CHAMOLI,Uttar Pradesh,CHAMOLI,Uttar Pradesh,CHAMOLI,1997,1999,,,,exact_pending_boundary_check,pending_boundary_match,,,,,,,45,3,17,3,
IND_UTTAR_PRADESH_CHAMPAWAT,Uttar Pradesh,CHAMPAWAT,Uttar Pradesh,CHAMPAWAT,1998,1999,,,,exact_pending_boundary_check,pending_boundary_match,,,,,,,17,2,11,3,
IND_UTTAR_PRADESH_CHANDAULI,Uttar Pradesh,CHANDAULI,Uttar Pradesh,CHANDAULI,1997,2014,,,,exact_pending_boundary_check,pending_boundary_match,,,,,,,862,18,34,4,
IND_UTTAR_PRADESH_CHITRAKOOT,Uttar Pradesh,CHITRAKOOT,Uttar Pradesh,CHITRAKOOT,1997,2014,,,,exact_pending_boundary_check,pending_boundary_match,,,,,,,867,18,33,4,
IND_UTTAR_PRADESH_DEHRADUN,Uttar Pradesh,DEHRADUN,Uttar Pradesh,DEHRADUN,1997,1999,,,,exact_pending_boundary_check,pending_boundary_match,,,,,,,70,3,25,4,
IND_UTTAR_PRADESH_DEORIA,Uttar Pradesh,DEORIA,Uttar Pradesh,DEORIA,1997,2014,,,,exact_pending_boundary_check,pending_boundary_match,,,,,,,941,18,40,4,
IND_UTTAR_PRADESH_ETAH,Uttar Pradesh,ETAH,Uttar Pradesh,ETAH,1997,2014,,,,exact_pending_boundary_check,pending_boundary_match,,,,,,,1001,18,38,4,
IND_UTTAR_PRADESH_ETAWAH,Uttar Pradesh,ETAWAH,Uttar Pradesh,ETAWAH,1997,2014,,,,exact_pending_boundary_check,pending_boundary_match,,,,,,,895,18,35,4,
IND_UTTAR_PRADESH_FAIZABAD,Uttar Pradesh,FAIZABAD,Uttar Pradesh,FAIZABAD,1997,2014,,,,exact_pending_boundary_check,pending_boundary_match,,,,,,,902,18,35,4,
IND_UTTAR_PRADESH_FARRUKHABAD,Uttar Pradesh,FARRUKHABAD,Uttar Pradesh,FARRUKHABAD,1997,2014,,,,exact_pending_boundary_check,pending_boundary_match,,,,,,,971,18,36,4,
IND_UTTAR_PRADESH_FATEHPUR,Uttar Pradesh,FATEHPUR,Uttar Pradesh,FATEHPUR,1997,2014,,,,exact_pending_boundary_check,pending_boundary_match,,,,,,,1047,18,40,4,
IND_UTTAR_PRADESH_FIROZABAD,Uttar Pradesh,FIROZABAD,Uttar Pradesh,FIROZABAD,1997,2014,,,,exact_pending_boundary_check,pending_boundary_match,,,,,,,974,18,38,4,
IND_UTTAR_PRADESH_GAUTAM_BUDDHA_NAGAR,Uttar Pradesh,GAUTAM BUDDHA NAGAR,Uttar Pradesh,GAUTAM BUDDHA NAGAR,1997,2014,,,,exact_pending_boundary_check,pending_boundary_match,,,,,,,681,18,28,4,
IND_UTTAR_PRADESH_GHAZIABAD,Uttar Pradesh,GHAZIABAD,Uttar Pradesh,GHAZIABAD,1997,2014,,,,exact_pending_boundary_check,pending_boundary_match,,,,,,,757,18,35,4,
IND_UTTAR_PRADESH_GHAZIPUR,Uttar Pradesh,GHAZIPUR,Uttar Pradesh,GHAZIPUR,1997,2014,,,,exact_pending_boundary_check,pending_boundary_match,,,,,,,967,18,37,4,
IND_UTTAR_PRADESH_GONDA,Uttar Pradesh,GONDA,Uttar Pradesh,GONDA,1997,2014,,,,exact_pending_boundary_check,pending_boundary_match,,,,,,,975,18,41,4,
IND_UTTAR_PRADESH_GORAKHPUR,Uttar Pradesh,GORAKHPUR,Uttar Pradesh,GORAKHPUR,1997,2014,,,,exact_pending_boundary_check,pending_boundary_match,,,,,,,986,18,38,4,
IND_UTTAR_PRADESH_HAMIRPUR,Uttar Pradesh,HAMIRPUR,Uttar Pradesh,HAMIRPUR,1997,2014,,,,exact_pending_boundary_check,pending_boundary_match,,,,,,,925,18,37,4,
IND_UTTAR_PRADESH_HAPUR,Uttar Pradesh,HAPUR,Uttar Pradesh,HAPUR,2012,2014,,,,exact_pending_boundary_check,pending_boundary_match,,,,,,,112,3,19,3,
IND_UTTAR_PRADESH_HARDOI,Uttar Pradesh,HARDOI,Uttar Pradesh,HARDOI,1997,2014,,,,exact_pending_boundary_check,pending_boundary_match,,,,,,,1061,18,42,4,
IND_UTTAR_PRADESH_HARIDWAR,Uttar Pradesh,HARIDWAR,Uttar Pradesh,HARIDWAR,1997,1999,,,,exact_pending_boundary_check,pending_boundary_match,,,,,,,70,3,24,4,
IND_UTTAR_PRADESH_HATHRAS,Uttar Pradesh,HATHRAS,Uttar Pradesh,HATHRAS,1997,2014,,,,exact_pending_boundary_check,pending_boundary_match,,,,,,,906,18,35,4,
IND_UTTAR_PRADESH_JALAUN,Uttar Pradesh,JALAUN,Uttar Pradesh,JALAUN,1997,2014,,,,exact_pending_boundary_check,pending_boundary_match,,,,,,,899,18,39,4,
IND_UTTAR_PRADESH_JAUNPUR,Uttar Pradesh,JAUNPUR,Uttar Pradesh,JAUNPUR,1997,2014,,,,exact_pending_boundary_check,pending_boundary_match,,,,,,,967,18,39,4,
IND_UTTAR_PRADESH_JHANSI,Uttar Pradesh,JHANSI,Uttar Pradesh,JHANSI,1997,2014,,,,exact_pending_boundary_check,pending_boundary_match,,,,,,,972,18,39,4,
IND_UTTAR_PRADESH_KANNAUJ,Uttar Pradesh,KANNAUJ,Uttar Pradesh,KANNAUJ,1997,2014,,,,exact_pending_boundary_check,pending_boundary_match,,,,,,,962,18,37,4,
IND_UTTAR_PRADESH_KANPUR_DEHAT,Uttar Pradesh,KANPUR DEHAT,Uttar Pradesh,KANPUR DEHAT,1997,2014,,,,exact_pending_boundary_check,pending_boundary_match,,,,,,,812,16,35,4,
IND_UTTAR_PRADESH_KANPUR_NAGAR,Uttar Pradesh,KANPUR NAGAR,Uttar Pradesh,KANPUR NAGAR,1997,2014,,,,exact_pending_boundary_check,pending_boundary_match,,,,,,,1063,18,40,4,
IND_UTTAR_PRADESH_KASGANJ,Uttar Pradesh,KASGANJ,Uttar Pradesh,KASGANJ,2009,2014,,,,exact_pending_boundary_check,pending_boundary_match,,,,,,,350,6,27,3,
IND_UTTAR_PRADESH_KAUSHAMBI,Uttar Pradesh,KAUSHAMBI,Uttar Pradesh,KAUSHAMBI,1997,2014,,,,exact_pending_boundary_check,pending_boundary_match,,,,,,,1010,18,33,4,
IND_UTTAR_PRADESH_KHERI,Uttar Pradesh,KHERI,Uttar Pradesh,KHERI,1997,2014,,,,exact_pending_boundary_check,pending_boundary_match,,,,,,,1064,18,39,4,
IND_UTTAR_PRADESH_KUSHI_NAGAR,Uttar Pradesh,KUSHI NAGAR,Uttar Pradesh,KUSHI NAGAR,1997,2014,,,,exact_pending_boundary_check,pending_boundary_match,,,,,,,1011,18,37,4,
IND_UTTAR_PRADESH_LALITPUR,Uttar Pradesh,LALITPUR,Uttar Pradesh,LALITPUR,1997,2014,,,,exact_pending_boundary_check,pending_boundary_match,,,,,,,923,18,35,4,
IND_UTTAR_PRADESH_LUCKNOW,Uttar Pradesh,LUCKNOW,Uttar Pradesh,LUCKNOW,1997,2014,,,,exact_pending_boundary_check,pending_boundary_match,,,,,,,991,18,39,4,
IND_UTTAR_PRADESH_MAHARAJGANJ,Uttar Pradesh,MAHARAJGANJ,Uttar Pradesh,MAHARAJGANJ,1997,2014,,,,exact_pending_boundary_check,pending_boundary_match,,,,,,,954,18,37,4,
IND_UTTAR_PRADESH_MAHOBA,Uttar Pradesh,MAHOBA,Uttar Pradesh,MAHOBA,1997,2014,,,,exact_pending_boundary_check,pending_boundary_match,,,,,,,883,18,34,4,
IND_UTTAR_PRADESH_MAINPURI,Uttar Pradesh,MAINPURI,Uttar Pradesh,MAINPURI,1997,2014,,,,exact_pending_boundary_check,pending_boundary_match,,,,,,,938,18,35,4,
IND_UTTAR_PRADESH_MATHURA,Uttar Pradesh,MATHURA,Uttar Pradesh,MATHURA,1997,2014,,,,exact_pending_boundary_check,pending_boundary_match,,,,,,,853,18,37,4,
IND_UTTAR_PRADESH_MAU,Uttar Pradesh,MAU,Uttar Pradesh,MAU,1997,2014,,,,exact_pending_boundary_check,pending_boundary_match,,,,,,,896,18,37,4,
IND_UTTAR_PRADESH_MEERUT,Uttar Pradesh,MEERUT,Uttar Pradesh,MEERUT,1997,2014,,,,exact_pending_boundary_check,pending_boundary_match,,,,,,,816,18,35,4,
IND_UTTAR_PRADESH_MIRZAPUR,Uttar Pradesh,MIRZAPUR,Uttar Pradesh,MIRZAPUR,1997,2014,,,,exact_pending_boundary_check,pending_boundary_match,,,,,,,961,18,40,4,
IND_UTTAR_PRADESH_MORADABAD,Uttar Pradesh,MORADABAD,Uttar Pradesh,MORADABAD,1997,2014,,,,exact_pending_boundary_check,pending_boundary_match,,,,,,,955,18,38,4,
IND_UTTAR_PRADESH_MUZAFFARNAGAR,Uttar Pradesh,MUZAFFARNAGAR,Uttar Pradesh,MUZAFFARNAGAR,1997,2014,,,,exact_pending_boundary_check,pending_boundary_match,,,,,,,865,18,37,4,
IND_UTTAR_PRADESH_NAINITAL,Uttar Pradesh,NAINITAL,Uttar Pradesh,NAINITAL,1997,1999,,,,exact_pending_boundary_check,pending_boundary_match,,,,,,,65,3,22,4,
IND_UTTAR_PRADESH_PAURI_GARHWAL,Uttar Pradesh,PAURI GARHWAL,Uttar Pradesh,PAURI GARHWAL,1997,1999,,,,exact_pending_boundary_check,pending_boundary_match,,,,,,,53,3,21,3,
IND_UTTAR_PRADESH_PILIBHIT,Uttar Pradesh,PILIBHIT,Uttar Pradesh,PILIBHIT,1997,2014,,,,exact_pending_boundary_check,pending_boundary_match,,,,,,,908,18,40,4,
IND_UTTAR_PRADESH_PITHORAGARH,Uttar Pradesh,PITHORAGARH,Uttar Pradesh,PITHORAGARH,1997,1999,,,,exact_pending_boundary_check,pending_boundary_match,,,,,,,54,3,20,3,
IND_UTTAR_PRADESH_PRATAPGARH,Uttar Pradesh,PRATAPGARH,Uttar Pradesh,PRATAPGARH,1997,2014,,,,exact_pending_boundary_check,pending_boundary_match,,,,,,,932,18,35,4,
IND_UTTAR_PRADESH_RAE_BARELI,Uttar Pradesh,RAE BARELI,Uttar Pradesh,RAE BARELI,1997,2014,,,,exact_pending_boundary_check,pending_boundary_match,,,,,,,1059,18,40,4,
IND_UTTAR_PRADESH_RAMPUR,Uttar Pradesh,RAMPUR,Uttar Pradesh,RAMPUR,1997,2014,,,,exact_pending_boundary_check,pending_boundary_match,,,,,,,925,18,36,4,
IND_UTTAR_PRADESH_RUDRA_PRAYAG,Uttar Pradesh,RUDRA PRAYAG,Uttar Pradesh,RUDRA PRAYAG,1998,1999,,,,exact_pending_boundary_check,pending_boundary_match,,,,,,,16,2,10,3,
IND_UTTAR_PRADESH_SAHARANPUR,Uttar Pradesh,SAHARANPUR,Uttar Pradesh,SAHARANPUR,1997,2014,,,,exact_pending_boundary_check,pending_boundary_match,,,,,,,835,18,37,4,
IND_UTTAR_PRADESH_SAMBHAL,Uttar Pradesh,SAMBHAL,Uttar Pradesh,SAMBHAL,2012,2014,,,,exact_pending_boundary_check,pending_boundary_match,,,,,,,166,3,27,3,
IND_UTTAR_PRADESH_SANT_KABEER_NAGAR,Uttar Pradesh,SANT KABEER NAGAR,Uttar Pradesh,SANT KABEER NAGAR,1997,2014,,,,exact_pending_boundary_check,pending_boundary_match,,,,,,,898,18,35,4,
IND_UTTAR_PRADESH_SANT_RAVIDAS_NAGAR,Uttar Pradesh,SANT RAVIDAS NAGAR,Uttar Pradesh,SANT RAVIDAS NAGAR,1997,2014,,,,exact_pending_boundary_check,pending_boundary_match,,,,,,,786,18,33,4,
IND_UTTAR_PRADESH_SHAHJAHANPUR,Uttar Pradesh,SHAHJAHANPUR,Uttar Pradesh,SHAHJAHANPUR,1997,2014,,,,exact_pending_boundary_check,pending_boundary_match,,,,,,,1053,18,37,4,
IND_UTTAR_PRADESH_SHAMLI,Uttar Pradesh,SHAMLI,Uttar Pradesh,SHAMLI,2012,2014,,,,exact_pending_boundary_check,pending_boundary_match,,,,,,,132,3,20,3,
IND_UTTAR_PRADESH_SHRAVASTI,Uttar Pradesh,SHRAVASTI,Uttar Pradesh,SHRAVASTI,1997,2014,,,,exact_pending_boundary_check,pending_boundary_match,,,,,,,888,18,36,4,
IND_UTTAR_PRADESH_SIDDHARTH_NAGAR,Uttar Pradesh,SIDDHARTH NAGAR,Uttar Pradesh,SIDDHARTH NAGAR,1997,2014,,,,exact_pending_boundary_check,pending_boundary_match,,,,,,,802,18,35,4,
IND_UTTAR_PRADESH_SITAPUR,Uttar Pradesh,SITAPUR,Uttar Pradesh,SITAPUR,1997,2014,,,,exact_pending_boundary_check,pending_boundary_match,,,,,,,1075,18,42,4,
IND_UTTAR_PRADESH_SONBHADRA,Uttar Pradesh,SONBHADRA,Uttar Pradesh,SONBHADRA,1997,2014,,,,exact_pending_boundary_check,pending_boundary_match,,,,,,,942,18,33,4,
IND_UTTAR_PRADESH_SULTANPUR,Uttar Pradesh,SULTANPUR,Uttar Pradesh,SULTANPUR,1997,2014,,,,exact_pending_boundary_check,pending_boundary_match,,,,,,,1011,18,38,4,
IND_UTTAR_PRADESH_TEHRI_GARHWAL,Uttar Pradesh,TEHRI GARHWAL,Uttar Pradesh,TEHRI GARHWAL,1997,1999,,,,exact_pending_boundary_check,pending_boundary_match,,,,,,,49,3,19,3,
IND_UTTAR_PRADESH_UDAM_SINGH_NAGAR,Uttar Pradesh,UDAM SINGH NAGAR,Uttar Pradesh,UDAM SINGH NAGAR,1997,1999,,,,exact_pending_boundary_check,pending_boundary_match,,,,,,,70,3,22,4,
IND_UTTAR_PRADESH_UNNAO,Uttar Pradesh,UNNAO,Uttar Pradesh,UNNAO,1997,2014,,,,exact_pending_boundary_check,pending_boundary_match,,,,,,,1047,18,42,4,
IND_UTTAR_PRADESH_UTTAR_KASHI,Uttar Pradesh,UTTAR KASHI,Uttar Pradesh,UTTAR KASHI,1997,1999,,,,exact_pending_boundary_check,pending_boundary_match,,,,,,,51,3,19,3,
IND_UTTAR_PRADESH_VARANASI,Uttar Pradesh,VARANASI,Uttar Pradesh,VARANASI,1997,2014,,,,exact_pending_boundary_check,pending_boundary_match,,,,,,,900,18,35,4,
IND_UTTARAKHAND_ALMORA,Uttarakhand,ALMORA,Uttarakhand,ALMORA,2000,2014,,,,exact_pending_boundary_check,pending_boundary_match,,,,,,,684,15,31,3,
IND_UTTARAKHAND_BAGESHWAR,Uttarakhand,BAGESHWAR,Uttarakhand,BAGESHWAR,2000,2014,,,,exact_pending_boundary_check,pending_boundary_match,,,,,,,670,15,35,3,
IND_UTTARAKHAND_CHAMOLI,Uttarakhand,CHAMOLI,Uttarakhand,CHAMOLI,2000,2014,,,,exact_pending_boundary_check,pending_boundary_match,,,,,,,682,15,34,3,
IND_UTTARAKHAND_CHAMPAWAT,Uttarakhand,CHAMPAWAT,Uttarakhand,CHAMPAWAT,2000,2014,,,,exact_pending_boundary_check,pending_boundary_match,,,,,,,803,15,37,4,
IND_UTTARAKHAND_DEHRADUN,Uttarakhand,DEHRADUN,Uttarakhand,DEHRADUN,2000,2014,,,,exact_pending_boundary_check,pending_boundary_match,,,,,,,891,15,40,4,
IND_UTTARAKHAND_HARIDWAR,Uttarakhand,HARIDWAR,Uttarakhand,HARIDWAR,2000,2014,,,,exact_pending_boundary_check,pending_boundary_match,,,,,,,688,15,32,4,
IND_UTTARAKHAND_NAINITAL,Uttarakhand,NAINITAL,Uttarakhand,NAINITAL,2000,2014,,,,exact_pending_boundary_check,pending_boundary_match,,,,,,,859,15,39,4,
IND_UTTARAKHAND_PAURI_GARHWAL,Uttarakhand,PAURI GARHWAL,Uttarakhand,PAURI GARHWAL,2000,2014,,,,exact_pending_boundary_check,pending_boundary_match,,,,,,,736,15,36,3,
IND_UTTARAKHAND_PITHORAGARH,Uttarakhand,PITHORAGARH,Uttarakhand,PITHORAGARH,2000,2014,,,,exact_pending_boundary_check,pending_boundary_match,,,,,,,738,15,34,4,
IND_UTTARAKHAND_RUDRA_PRAYAG,Uttarakhand,RUDRA PRAYAG,Uttarakhand,RUDRA PRAYAG,2000,2014,,,,exact_pending_boundary_check,pending_boundary_match,,,,,,,612,15,31,3,
IND_UTTARAKHAND_TEHRI_GARHWAL,Uttarakhand,TEHRI GARHWAL,Uttarakhand,TEHRI GARHWAL,2000,2014,,,,exact_pending_boundary_check,pending_boundary_match,,,,,,,710,15,32,3,
IND_UTTARAKHAND_UDAM_SINGH_NAGAR,Uttarakhand,UDAM SINGH NAGAR,Uttarakhand,UDAM SINGH NAGAR,2000,2014,,,,exact_pending_boundary_check,pending_boundary_match,,,,,,,770,15,36,4,
IND_UTTARAKHAND_UTTAR_KASHI,Uttarakhand,UTTAR KASHI,Uttarakhand,UTTAR KASHI,2000,2014,,,,exact_pending_boundary_check,pending_boundary_match,,,,,,,696,15,33,3,
IND_WEST_BENGAL_24_PARAGANAS_NORTH,West Bengal,24 PARAGANAS NORTH,West Bengal,24 PARAGANAS NORTH,1997,2014,,,,exact_pending_boundary_check,pending_boundary_match,,,,,,,925,18,30,6,
IND_WEST_BENGAL_24_PARAGANAS_SOUTH,West Bengal,24 PARAGANAS SOUTH,West Bengal,24 PARAGANAS SOUTH,1997,2014,,,,exact_pending_boundary_check,pending_boundary_match,,,,,,,867,18,30,6,
IND_WEST_BENGAL_ALIPURDUAR,West Bengal,ALIPURDUAR,West Bengal,ALIPURDUAR,2014,2014,,,,exact_pending_boundary_check,pending_boundary_match,,,,,,,1,1,1,1,
IND_WEST_BENGAL_BANKURA,West Bengal,BANKURA,West Bengal,BANKURA,1997,2014,,,,exact_pending_boundary_check,pending_boundary_match,,,,,,,1247,18,41,6,
IND_WEST_BENGAL_BARDHAMAN,West Bengal,BARDHAMAN,West Bengal,BARDHAMAN,1997,2014,,,,exact_pending_boundary_check,pending_boundary_match,,,,,,,600,18,37,6,
IND_WEST_BENGAL_BIRBHUM,West Bengal,BIRBHUM,West Bengal,BIRBHUM,1997,2014,,,,exact_pending_boundary_check,pending_boundary_match,,,,,,,1141,18,39,6,
IND_WEST_BENGAL_COOCHBEHAR,West Bengal,COOCHBEHAR,West Bengal,COOCHBEHAR,1997,2014,,,,exact_pending_boundary_check,pending_boundary_match,,,,,,,1151,18,37,6,
IND_WEST_BENGAL_DARJEELING,West Bengal,DARJEELING,West Bengal,DARJEELING,1997,2014,,,,exact_pending_boundary_check,pending_boundary_match,,,,,,,939,18,37,6,
IND_WEST_BENGAL_DINAJPUR_DAKSHIN,West Bengal,DINAJPUR DAKSHIN,West Bengal,DINAJPUR DAKSHIN,1997,2014,,,,exact_pending_boundary_check,pending_boundary_match,,,,,,,402,18,32,6,
IND_WEST_BENGAL_DINAJPUR_UTTAR,West Bengal,DINAJPUR UTTAR,West Bengal,DINAJPUR UTTAR,1997,2014,,,,exact_pending_boundary_check,pending_boundary_match,,,,,,,602,18,34,6,
IND_WEST_BENGAL_HOOGHLY,West Bengal,HOOGHLY,West Bengal,HOOGHLY,1997,2014,,,,exact_pending_boundary_check,pending_boundary_match,,,,,,,429,18,31,6,
IND_WEST_BENGAL_HOWRAH,West Bengal,HOWRAH,West Bengal,HOWRAH,1997,2014,,,,exact_pending_boundary_check,pending_boundary_match,,,,,,,376,18,26,6,
IND_WEST_BENGAL_JALPAIGURI,West Bengal,JALPAIGURI,West Bengal,JALPAIGURI,1997,2014,,,,exact_pending_boundary_check,pending_boundary_match,,,,,,,637,18,33,6,
IND_WEST_BENGAL_MALDAH,West Bengal,MALDAH,West Bengal,MALDAH,1997,2014,,,,exact_pending_boundary_check,pending_boundary_match,,,,,,,566,18,31,6,
IND_WEST_BENGAL_MEDINIPUR_EAST,West Bengal,MEDINIPUR EAST,West Bengal,MEDINIPUR EAST,1997,2014,,,,exact_pending_boundary_check,pending_boundary_match,,,,,,,352,18,28,6,
IND_WEST_BENGAL_MEDINIPUR_WEST,West Bengal,MEDINIPUR WEST,West Bengal,MEDINIPUR WEST,1997,2014,,,,exact_pending_boundary_check,pending_boundary_match,,,,,,,640,18,38,6,
IND_WEST_BENGAL_MURSHIDABAD,West Bengal,MURSHIDABAD,West Bengal,MURSHIDABAD,1997,2014,,,,exact_pending_boundary_check,pending_boundary_match,,,,,,,595,18,33,6,
IND_WEST_BENGAL_NADIA,West Bengal,NADIA,West Bengal,NADIA,1997,2014,,,,exact_pending_boundary_check,pending_boundary_match,,,,,,,585,18,32,6,
IND_WEST_BENGAL_PURBA_BARDHAMAN,West Bengal,PURBA BARDHAMAN,West Bengal,PURBA BARDHAMAN,1997,2014,,,,exact_pending_boundary_check,pending_boundary_match,,,,,,,605,18,36,6,
IND_WEST_BENGAL_PURULIA,West Bengal,PURULIA,West Bengal,PURULIA,1997,2014,,,,exact_pending_boundary_check,pending_boundary_match,,,,,,,642,18,39,6,
